Wavelength[nm],Average,1,2,3,4,5,6,7,8,9,10,11,12,13,14,15,16,17,18,19,20,21,22,23,24,25,26,27,28,29,30
160.473,2037.9,2080,2030,2048,2046,2050,2062,2014,2029,2063,2002,2041,2037,1996,2046,2032,2027,2035,2034,2039,2060,2027,2057,2025,2035,1997,2058,2074,2038,2020,2036
160.772,2155.5,2184,2177,2130,2133,2154,2157,2196,2184,2145,2177,2122,2170,2180,2116,2159,2114,2188,2157,2129,2148,2156,2176,2138,2149,2164,2159,2151,2140,2174,2139
161.072,1975.0,1965,1930,2001,1963,1982,1959,1958,1993,1972,1972,1975,1959,2000,1977,1995,1983,1994,1950,1980,1988,1952,1974,1955,1995,1972,1968,1984,1963,2000,1991
161.372,2158.2,2157,2160,2158,2135,2166,2173,2129,2145,2142,2165,2161,2179,2183,2171,2163,2125,2179,2163,2178,2136,2111,2141,2140,2192,2152,2162,2170,2148,2175,2186
161.671,1985.6,1994,1973,2018,2028,2020,1990,2015,1965,1972,1992,1993,1993,1974,1989,1973,1954,1967,1936,1988,1992,1971,1977,1973,1992,1986,1975,2008,1979,1983,1999
161.971,2270.1,2272,2276,2228,2245,2278,2279,2258,2270,2259,2290,2250,2251,2314,2243,2273,2275,2280,2262,2255,2293,2292,2272,2258,2260,2268,2317,2244,2269,2273,2300
162.271,2045.9,2006,1989,2035,2081,2029,2053,2037,2057,2047,2056,2042,2084,2035,2042,2042,2079,2011,2043,2036,2058,2062,2032,2025,2064,2020,2091,2057,2048,2053,2062
162.571,2111.0,2110,2100,2088,2095,2086,2098,2150,2052,2155,2123,2098,2136,2099,2107,2130,2128,2159,2111,2064,2122,2152,2095,2116,2108,2093,2147,2064,2115,2130,2100
162.871,2276.0,2297,2251,2297,2243,2274,2255,2277,2280,2281,2264,2302,2295,2270,2285,2288,2294,2287,2279,2277,2276,2272,2283,2257,2274,2268,2283,2250,2289,2264,2268
163.170,2149.1,2175,2168,2140,2159,2125,2159,2145,2144,2125,2120,2147,2120,2174,2132,2165,2120,2187,2161,2138,2143,2122,2154,2133,2161,2147,2173,2169,2169,2181,2117
163.470,2095.0,2106,2067,2117,2099,2101,2107,2096,2123,2123,2099,2102,2106,2094,2095,2065,2114,2108,2125,2107,2075,2091,2114,2128,2064,2060,2058,2105,2037,2106,2059
163.771,2112.6,2112,2105,2124,2123,2086,2097,2078,2096,2169,2125,2095,2108,2132,2117,2117,2090,2168,2130,2068,2131,2120,2122,2113,2080,2108,2080,2084,2108,2158,2134
164.071,2358.4,2339,2323,2349,2365,2357,2338,2350,2366,2381,2341,2386,2355,2402,2352,2370,2372,2409,2313,2335,2350,2351,2342,2356,2365,2342,2399,2344,2372,2357,2372
164.371,2104.7,2115,2082,2110,2116,2097,2119,2117,2117,2083,2138,2096,2102,2066,2108,2099,2059,2126,2130,2079,2104,2111,2145,2105,2081,2075,2131,2106,2109,2104,2112
164.671,2235.8,2208,2232,2234,2224,2264,2284,2266,2216,2239,2236,2214,2252,2242,2239,2216,2242,2250,2245,2203,2248,2214,2273,2218,2223,2245,2257,2209,2222,2235,2225
164.971,2510.9,2529,2490,2517,2524,2489,2515,2517,2552,2530,2495,2504,2497,2522,2491,2554,2493,2539,2522,2486,2490,2493,2492,2477,2517,2486,2580,2486,2494,2515,2532
165.271,2337.4,2350,2315,2344,2329,2347,2309,2376,2333,2312,2357,2356,2358,2344,2319,2334,2362,2332,2335,2319,2310,2327,2328,2303,2382,2337,2315,2345,2330,2352,2363
165.572,2305.3,2271,2287,2265,2363,2328,2333,2325,2286,2300,2319,2324,2272,2356,2298,2309,2301,2288,2323,2287,2324,2320,2250,2322,2307,2318,2328,2294,2278,2283,2299
165.872,2202.8,2221,2208,2213,2184,2222,2218,2183,2184,2279,2232,2172,2203,2180,2151,2195,2181,2232,2175,2221,2229,2202,2216,2174,2224,2188,2223,2206,2182,2181,2206
166.172,2481.0,2492,2507,2503,2462,2449,2506,2450,2459,2498,2469,2473,2447,2484,2493,2488,2525,2486,2474,2430,2453,2448,2505,2494,2468,2476,2509,2497,2523,2474,2489
166.473,2570.1,2547,2536,2582,2626,2548,2554,2610,2576,2566,2565,2621,2571,2575,2623,2558,2569,2554,2592,2557,2570,2572,2553,2563,2549,2567,2568,2582,2582,2532,2534
166.773,2483.8,2504,2504,2542,2473,2481,2511,2452,2461,2472,2478,2474,2464,2454,2451,2511,2502,2451,2493,2482,2517,2478,2477,2509,2491,2490,2480,2422,2493,2511,2485
167.074,2549.4,2522,2572,2531,2549,2534,2538,2580,2532,2609,2539,2581,2548,2599,2555,2538,2556,2574,2546,2545,2524,2565,2520,2539,2516,2542,2539,2554,2552,2534,2550
167.374,2438.3,2456,2433,2436,2444,2444,2477,2412,2452,2429,2433,2445,2469,2420,2437,2448,2430,2421,2453,2408,2458,2435,2436,2417,2407,2471,2423,2418,2439,2465,2434
167.675,2427.2,2385,2458,2457,2418,2464,2390,2388,2420,2416,2444,2456,2456,2406,2431,2415,2415,2430,2456,2464,2411,2425,2417,2454,2424,2411,2444,2444,2423,2426,2367
167.976,2155.5,2161,2146,2163,2164,2189,2165,2197,2163,2138,2127,2152,2152,2160,2146,2180,2117,2150,2184,2190,2108,2145,2172,2159,2124,2171,2172,2148,2176,2148,2098
168.276,2711.2,2707,2688,2708,2733,2709,2750,2705,2713,2719,2726,2715,2713,2644,2687,2723,2722,2683,2753,2679,2713,2697,2730,2732,2745,2703,2760,2720,2687,2734,2637
168.577,2428.8,2411,2452,2414,2410,2440,2427,2434,2425,2390,2440,2399,2425,2431,2385,2465,2395,2413,2402,2399,2475,2427,2422,2470,2424,2465,2446,2453,2435,2448,2442
168.878,2413.1,2437,2370,2392,2366,2433,2430,2420,2397,2476,2418,2398,2398,2445,2435,2403,2388,2426,2416,2430,2403,2394,2394,2432,2427,2390,2401,2410,2433,2443,2387
169.179,2336.0,2340,2336,2316,2357,2306,2316,2368,2303,2347,2329,2349,2329,2329,2389,2347,2326,2332,2368,2324,2347,2327,2319,2356,2337,2333,2300,2334,2340,2348,2329
169.480,2425.4,2420,2446,2456,2465,2433,2390,2405,2419,2402,2413,2425,2453,2457,2398,2423,2440,2432,2390,2400,2411,2417,2441,2408,2414,2437,2441,2449,2415,2431,2432
169.780,2627.0,2643,2638,2645,2616,2624,2633,2581,2628,2632,2613,2621,2629,2636,2668,2681,2605,2598,2651,2648,2568,2628,2577,2645,2615,2628,2650,2629,2636,2642,2602
170.081,2607.2,2594,2566,2595,2596,2609,2601,2629,2607,2565,2606,2582,2622,2638,2626,2650,2589,2610,2609,2609,2615,2621,2641,2586,2622,2581,2600,2638,2602,2624,2584
170.382,2397.7,2453,2430,2369,2453,2372,2390,2402,2434,2361,2378,2417,2376,2410,2392,2368,2390,2391,2380,2403,2408,2422,2417,2369,2389,2392,2412,2396,2417,2374,2366
170.684,2550.9,2552,2517,2545,2560,2594,2528,2522,2548,2570,2550,2593,2567,2537,2524,2568,2541,2551,2536,2572,2564,2537,2581,2555,2538,2540,2585,2552,2541,2524,2536
170.985,2573.0,2564,2575,2605,2584,2600,2581,2569,2571,2569,2556,2566,2596,2558,2589,2542,2546,2618,2622,2594,2512,2552,2577,2571,2560,2590,2584,2563,2547,2567,2562
171.286,2503.8,2481,2518,2480,2501,2486,2508,2493,2493,2517,2542,2509,2515,2508,2513,2511,2501,2518,2485,2501,2510,2512,2474,2492,2503,2502,2521,2482,2488,2534,2516
171.587,2477.5,2443,2446,2460,2489,2477,2484,2494,2480,2456,2495,2467,2530,2436,2487,2466,2502,2466,2494,2462,2456,2524,2475,2480,2462,2466,2453,2527,2436,2515,2498
171.888,2522.3,2489,2509,2549,2523,2538,2552,2538,2514,2529,2474,2535,2537,2552,2546,2475,2494,2526,2545,2542,2545,2529,2524,2534,2447,2513,2545,2540,2471,2523,2531
172.189,2684.8,2682,2658,2692,2678,2665,2666,2716,2675,2712,2699,2687,2664,2656,2680,2751,2690,2646,2668,2712,2718,2708,2655,2607,2665,2691,2721,2684,2703,2701,2695
172.491,2960.3,2935,3004,2949,2964,2974,2930,2973,2912,2961,2976,2960,2969,2979,3006,2938,2984,2938,2973,2943,2914,2956,2983,2926,2952,2936,2934,2994,2948,3013,2985
172.792,2728.3,2731,2709,2706,2744,2763,2701,2745,2685,2691,2722,2664,2729,2738,2722,2745,2724,2757,2719,2738,2724,2725,2738,2761,2775,2740,2696,2748,2724,2746,2739
173.094,2735.3,2762,2722,2732,2758,2724,2739,2747,2725,2712,2700,2698,2762,2682,2726,2733,2712,2751,2723,2750,2736,2725,2744,2728,2752,2722,2735,2772,2767,2735,2784
173.395,2663.4,2634,2658,2669,2652,2686,2693,2650,2667,2672,2662,2697,2666,2684,2663,2666,2681,2670,2664,2639,2655,2614,2669,2666,2635,2685,2663,2632,2673,2665,2673
173.697,2604.0,2591,2607,2637,2611,2616,2594,2626,2635,2607,2575,2571,2582,2639,2595,2636,2643,2559,2589,2594,2609,2625,2613,2574,2607,2558,2624,2605,2606,2614,2579
173.998,2763.6,2758,2770,2762,2767,2764,2776,2751,2780,2784,2763,2771,2771,2779,2794,2773,2749,2759,2744,2744,2761,2845,2754,2730,2747,2775,2750,2740,2766,2773,2708
174.300,2254.9,2258,2281,2233,2240,2277,2238,2259,2266,2248,2272,2251,2300,2241,2275,2262,2265,2239,2275,2227,2246,2240,2262,2290,2263,2226,2243,2216,2256,2250,2249
174.601,2783.9,2739,2749,2782,2799,2787,2798,2757,2790,2778,2795,2776,2810,2786,2843,2791,2824,2775,2807,2767,2760,2731,2833,2770,2767,2789,2787,2808,2778,2761,2781
174.903,2389.8,2424,2386,2385,2406,2414,2396,2362,2390,2404,2436,2358,2378,2406,2399,2395,2459,2377,2370,2360,2365,2387,2372,2364,2350,2386,2351,2403,2416,2429,2367
175.205,2699.4,2659,2706,2738,2674,2709,2733,2672,2724,2677,2705,2750,2640,2681,2683,2699,2737,2672,2674,2745,2672,2738,2714,2688,2693,2682,2710,2708,2696,2708,2696
175.507,2462.5,2466,2468,2419,2477,2460,2477,2472,2451,2437,2450,2435,2452,2477,2477,2466,2459,2471,2467,2472,2477,2471,2499,2452,2451,2461,2436,2472,2456,2481,2465
175.808,2329.9,2344,2354,2307,2293,2315,2336,2370,2346,2342,2341,2310,2302,2342,2357,2319,2325,2304,2315,2309,2323,2349,2356,2346,2300,2326,2360,2360,2285,2325,2336
176.110,2526.1,2518,2532,2528,2526,2540,2557,2499,2546,2537,2521,2515,2538,2523,2519,2496,2535,2515,2544,2536,2490,2509,2560,2508,2532,2511,2495,2592,2552,2531,2478
176.412,2466.3,2496,2471,2499,2459,2472,2491,2452,2477,2456,2435,2475,2464,2494,2461,2472,2454,2428,2467,2474,2496,2426,2457,2459,2458,2461,2486,2450,2431,2475,2492
176.714,2530.4,2538,2534,2527,2555,2539,2529,2570,2490,2506,2553,2514,2506,2532,2554,2533,2531,2510,2534,2564,2508,2506,2533,2544,2526,2526,2552,2504,2564,2520,2510
177.016,2859.9,2866,2904,2868,2877,2804,2814,2861,2840,2835,2852,2865,2820,2872,2864,2845,2888,2842,2890,2872,2889,2857,2796,2856,2851,2888,2910,2879,2870,2853,2870
177.318,2543.7,2529,2512,2548,2585,2532,2501,2539,2517,2508,2502,2576,2560,2573,2567,2564,2582,2553,2539,2538,2537,2573,2557,2524,2559,2537,2535,2560,2564,2512,2528
177.620,2360.2,2395,2385,2376,2338,2401,2324,2362,2378,2376,2336,2365,2347,2307,2352,2360,2359,2330,2383,2352,2362,2340,2386,2360,2352,2364,2351,2376,2354,2385,2350
177.922,2467.3,2449,2484,2449,2464,2451,2516,2461,2467,2440,2424,2453,2441,2466,2459,2484,2491,2457,2473,2475,2478,2479,2445,2471,2484,2473,2489,2506,2459,2458,2474
178.224,2740.3,2745,2751,2752,2747,2718,2734,2731,2749,2734,2739,2750,2714,2710,2757,2752,2729,2730,2700,2730,2742,2749,2778,2776,2764,2709,2734,2735,2749,2733,2768
178.527,2546.3,2539,2543,2518,2583,2510,2578,2551,2563,2559,2553,2561,2538,2554,2570,2575,2540,2581,2546,2524,2587,2519,2554,2555,2518,2550,2522,2505,2535,2553,2505
178.829,2296.9,2358,2271,2288,2301,2264,2290,2301,2297,2272,2296,2335,2311,2309,2264,2310,2336,2297,2261,2279,2281,2298,2260,2302,2312,2306,2299,2294,2325,2287,2302
179.131,2982.1,2965,3024,2979,2973,2981,2971,2922,3031,2975,2954,2984,2969,2959,3013,2947,2947,2922,3024,3000,2985,2982,3032,2996,2986,3011,2993,2984,2979,2984,2990
179.434,2693.8,2682,2697,2667,2708,2672,2696,2696,2714,2702,2687,2702,2736,2738,2696,2679,2661,2706,2686,2661,2675,2687,2715,2706,2678,2687,2667,2731,2682,2681,2718
179.736,2682.1,2670,2675,2638,2757,2682,2680,2650,2693,2726,2714,2721,2699,2681,2675,2660,2641,2652,2712,2722,2656,2673,2677,2647,2686,2683,2707,2653,2700,2668,2666
180.038,2839.6,2874,2829,2837,2847,2867,2847,2822,2846,2815,2855,2840,2835,2885,2874,2813,2817,2774,2828,2868,2875,2808,2874,2805,2860,2846,2878,2805,2841,2781,2843
180.341,2565.0,2569,2531,2591,2576,2591,2534,2605,2555,2582,2607,2572,2566,2595,2576,2530,2553,2585,2553,2515,2495,2546,2559,2589,2558,2614,2596,2547,2578,2580,2503
180.643,2549.7,2557,2521,2520,2580,2520,2557,2563,2570,2544,2579,2548,2600,2570,2550,2512,2538,2548,2548,2546,2548,2598,2528,2513,2552,2552,2550,2550,2515,2587,2526
180.946,2479.2,2438,2476,2454,2505,2506,2473,2489,2465,2470,2484,2428,2514,2505,2460,2507,2453,2494,2473,2463,2515,2467,2512,2473,2499,2468,2485,2420,2506,2478,2495
181.249,2224.5,2241,2230,2201,2216,2247,2242,2211,2199,2224,2207,2173,2218,2209,2248,2224,2266,2248,2232,2181,2272,2225,2239,2204,2221,2201,2248,2238,2246,2226,2198
181.551,2953.7,2939,2987,2929,2988,2940,2994,2979,2901,2952,2920,2964,2951,2949,2963,2926,2946,2915,2932,2930,2952,2936,2980,2978,2941,2972,2957,2986,2976,2938,2989
181.854,2361.2,2358,2355,2372,2344,2360,2345,2355,2345,2374,2381,2353,2385,2355,2409,2299,2383,2390,2364,2314,2348,2376,2388,2345,2337,2350,2336,2382,2341,2414,2377
182.157,2586.5,2629,2606,2548,2625,2595,2553,2580,2609,2620,2577,2596,2581,2590,2533,2584,2568,2569,2576,2617,2574,2557,2606,2590,2575,2590,2555,2580,2633,2560,2619
182.459,3070.5,3084,3052,3043,3038,3079,3047,3116,3077,3050,3068,3056,3074,3046,3089,3061,3064,3081,3052,3087,3084,3097,3067,3047,3062,3034,3049,3110,3093,3087,3120
182.762,2578.7,2559,2597,2608,2589,2600,2580,2571,2604,2578,2587,2586,2600,2552,2584,2571,2565,2578,2549,2583,2569,2562,2562,2601,2638,2545,2559,2582,2557,2572,2572
183.065,2391.5,2369,2407,2371,2401,2366,2389,2370,2379,2370,2434,2406,2402,2392,2417,2384,2379,2381,2403,2394,2392,2371,2388,2362,2372,2425,2386,2389,2389,2429,2429
183.368,2676.1,2705,2676,2664,2664,2701,2656,2701,2651,2708,2678,2647,2667,2663,2698,2648,2696,2663,2670,2689,2662,2695,2696,2638,2672,2676,2670,2687,2689,2666,2687
183.671,2577.0,2585,2590,2575,2539,2568,2607,2591,2601,2628,2557,2610,2593,2563,2543,2545,2575,2536,2545,2584,2565,2552,2558,2606,2594,2604,2543,2610,2575,2565,2603
183.974,2618.4,2620,2613,2673,2604,2631,2609,2596,2629,2657,2619,2592,2661,2584,2615,2613,2629,2661,2570,2617,2570,2605,2622,2593,2623,2606,2602,2664,2657,2610,2608
184.277,2433.3,2422,2407,2421,2440,2428,2469,2421,2397,2425,2432,2406,2403,2459,2413,2448,2433,2467,2459,2423,2409,2470,2387,2463,2447,2424,2451,2445,2425,2448,2457
184.580,3237.8,3225,3268,3272,3266,3238,3297,3253,3232,3232,3201,3206,3277,3230,3220,3265,3245,3260,3224,3212,3246,3240,3235,3236,3202,3203,3211,3228,3256,3224,3229
184.883,2529.3,2543,2528,2526,2543,2504,2497,2552,2527,2589,2515,2519,2535,2540,2515,2513,2499,2547,2514,2538,2521,2554,2528,2526,2507,2497,2545,2566,2542,2546,2503
185.187,2637.4,2625,2605,2658,2682,2631,2599,2629,2680,2682,2602,2632,2633,2634,2610,2607,2610,2643,2682,2626,2637,2649,2635,2628,2608,2642,2670,2616,2671,2633,2662
185.490,2555.1,2572,2547,2542,2540,2550,2532,2589,2581,2514,2557,2552,2544,2565,2559,2553,2541,2563,2562,2552,2569,2536,2507,2538,2555,2604,2571,2547,2555,2614,2542
185.793,2838.7,2852,2854,2855,2832,2892,2852,2835,2836,2892,2817,2812,2826,2857,2893,2828,2836,2816,2811,2863,2848,2798,2834,2890,2833,2817,2789,2878,2800,2808,2808
186.096,2415.1,2418,2438,2419,2405,2365,2426,2464,2426,2413,2454,2420,2428,2412,2401,2397,2442,2439,2401,2424,2342,2389,2430,2404,2417,2387,2412,2408,2426,2428,2419
186.400,2712.7,2703,2729,2705,2699,2691,2708,2721,2713,2736,2734,2722,2721,2712,2698,2710,2709,2726,2714,2698,2716,2708,2708,2671,2727,2745,2717,2696,2728,2714,2703
186.703,2615.6,2601,2644,2632,2596,2654,2615,2602,2644,2617,2590,2612,2646,2598,2584,2634,2633,2614,2618,2639,2573,2616,2578,2585,2591,2660,2552,2603,2601,2641,2696
187.007,2163.9,2149,2141,2167,2149,2177,2168,2163,2185,2167,2212,2164,2135,2171,2138,2152,2170,2172,2156,2166,2111,2174,2169,2176,2168,2165,2189,2145,2194,2166,2157
187.310,2741.6,2760,2765,2751,2742,2751,2708,2757,2704,2764,2744,2753,2734,2686,2740,2742,2755,2734,2770,2744,2728,2774,2734,2688,2728,2779,2741,2731,2764,2718,2760
187.614,2512.3,2514,2549,2515,2517,2540,2523,2514,2495,2505,2516,2533,2517,2498,2522,2521,2539,2550,2430,2475,2512,2534,2521,2501,2458,2484,2515,2496,2516,2544,2516
187.917,2470.3,2488,2446,2478,2481,2465,2483,2444,2496,2440,2454,2438,2437,2490,2477,2504,2453,2484,2479,2521,2459,2439,2496,2450,2487,2484,2474,2449,2442,2481,2491
188.221,3089.2,3105,3080,3089,3063,3107,3073,3043,3099,3093,3096,3043,3076,3108,3109,3099,3032,3098,3094,3105,3088,3098,3127,3104,3122,3067,3089,3080,3055,3132,3102
188.525,2557.8,2552,2531,2575,2544,2534,2572,2603,2557,2557,2530,2570,2512,2539,2555,2578,2558,2531,2546,2574,2559,2564,2565,2539,2601,2572,2520,2559,2553,2593,2591
188.828,2432.9,2430,2431,2465,2416,2445,2406,2468,2415,2468,2425,2419,2444,2447,2430,2436,2431,2455,2438,2453,2417,2395,2417,2437,2425,2473,2424,2443,2387,2433,2414
189.132,2735.9,2739,2713,2769,2733,2701,2741,2735,2730,2762,2711,2703,2723,2788,2688,2754,2744,2759,2704,2751,2785,2724,2765,2699,2772,2771,2728,2714,2712,2719,2739
189.436,2703.1,2714,2697,2701,2717,2703,2708,2752,2705,2726,2696,2702,2727,2657,2718,2717,2702,2701,2715,2722,2721,2673,2709,2712,2692,2679,2710,2714,2687,2647,2668
189.740,2622.3,2642,2602,2600,2629,2608,2650,2612,2653,2601,2629,2605,2598,2620,2656,2641,2632,2634,2655,2634,2638,2645,2669,2632,2614,2566,2604,2634,2609,2557,2600
190.044,2691.8,2665,2678,2644,2658,2633,2680,2707,2721,2687,2696,2754,2702,2706,2661,2697,2705,2692,2712,2717,2700,2695,2730,2670,2680,2683,2683,2681,2707,2719,2692
190.348,2894.6,2921,2891,2926,2872,2878,2909,2896,2899,2905,2892,2914,2906,2903,2868,2885,2899,2915,2902,2848,2887,2878,2889,2926,2884,2872,2897,2867,2908,2883,2917
190.651,2500.4,2475,2489,2521,2514,2471,2506,2484,2479,2534,2463,2501,2503,2474,2513,2505,2545,2485,2507,2506,2517,2495,2508,2520,2506,2496,2495,2475,2502,2507,2516
190.956,2934.6,2920,2924,2933,2947,2885,2925,2926,2890,2941,2960,2925,2968,2915,2934,2897,2946,2944,2946,2864,2945,2970,2956,2962,2900,2973,2978,2914,2937,2937,2977
191.260,2302.0,2276,2298,2361,2311,2318,2318,2311,2284,2323,2304,2287,2301,2327,2303,2315,2280,2302,2267,2322,2275,2297,2280,2333,2261,2373,2315,2262,2272,2276,2308
191.564,2991.2,2995,2924,2978,3004,2983,2998,3022,2995,3047,2960,2984,3002,3005,2995,2977,3052,3014,3004,2989,2953,3000,2977,2977,2981,2974,2948,2984,3036,2994,2985
191.868,2714.4,2707,2693,2735,2697,2727,2691,2744,2731,2723,2698,2728,2700,2723,2720,2726,2667,2698,2731,2706,2736,2726,2681,2717,2706,2710,2750,2696,2757,2668,2739
192.172,2820.4,2800,2764,2776,2822,2856,2833,2811,2825,2845,2822,2839,2833,2857,2818,2831,2804,2795,2819,2846,2837,2808,2840,2790,2813,2835,2805,2803,2835,2851,2799
192.476,2415.3,2455,2424,2424,2419,2393,2381,2435,2405,2451,2411,2396,2418,2439,2399,2410,2444,2393,2409,2403,2436,2388,2416,2395,2391,2430,2445,2408,2400,2410,2430
192.781,2482.8,2478,2484,2511,2494,2486,2490,2488,2481,2462,2452,2463,2506,2510,2509,2444,2464,2469,2476,2476,2464,2528,2519,2466,2496,2479,2458,2462,2433,2493,2543
193.085,2494.5,2457,2474,2477,2515,2486,2527,2483,2451,2492,2481,2498,2515,2508,2534,2495,2493,2521,2486,2484,2450,2546,2443,2488,2497,2545,2486,2473,2496,2503,2530
193.389,2523.1,2512,2498,2521,2503,2489,2509,2534,2498,2540,2498,2518,2508,2589,2512,2542,2507,2483,2500,2550,2513,2531,2526,2560,2554,2530,2533,2540,2539,2509,2548
193.694,2764.7,2780,2761,2763,2794,2718,2763,2762,2797,2753,2776,2785,2732,2772,2701,2769,2762,2709,2800,2761,2734,2770,2774,2801,2802,2774,2734,2758,2796,2793,2748
193.998,2293.9,2288,2296,2267,2311,2305,2302,2290,2298,2283,2296,2324,2324,2273,2341,2277,2303,2289,2302,2312,2264,2287,2296,2269,2266,2300,2300,2287,2236,2330,2300
194.303,2538.3,2523,2545,2561,2534,2544,2505,2528,2544,2516,2577,2534,2545,2524,2508,2538,2524,2590,2582,2539,2504,2618,2520,2549,2511,2539,2520,2537,2517,2551,2522
194.607,2680.6,2752,2707,2673,2694,2681,2651,2657,2692,2690,2636,2689,2660,2694,2669,2700,2715,2645,2664,2668,2692,2670,2685,2693,2664,2677,2663,2708,2701,2656,2671
194.912,2954.7,2952,2971,2961,2970,2948,2939,2960,2932,2970,2968,2980,2942,2991,2951,2955,2959,2962,2945,2969,2977,2954,2944,2915,2961,2926,2978,2933,2934,2960,2935
195.216,2560.2,2547,2559,2599,2548,2550,2582,2543,2551,2581,2558,2579,2537,2572,2580,2560,2509,2539,2563,2564,2519,2559,2579,2539,2540,2569,2594,2553,2541,2621,2570
195.521,2682.4,2700,2693,2684,2674,2699,2682,2668,2685,2664,2718,2707,2670,2702,2671,2699,2692,2671,2672,2711,2669,2662,2671,2679,2664,2634,2694,2692,2681,2687,2676
195.826,2530.4,2473,2527,2546,2544,2542,2516,2526,2546,2519,2524,2563,2474,2531,2523,2527,2489,2537,2510,2521,2574,2539,2557,2554,2521,2570,2533,2534,2492,2553,2546
196.131,2489.7,2506,2500,2485,2506,2482,2467,2495,2452,2466,2463,2466,2502,2464,2516,2511,2526,2524,2521,2461,2452,2511,2460,2500,2512,2506,2492,2477,2465,2508,2496
196.435,2856.0,2857,2922,2827,2877,2878,2875,2835,2887,2849,2872,2811,2881,2826,2833,2856,2872,2804,2872,2852,2856,2865,2825,2905,2846,2841,2802,2849,2843,2890,2872
196.740,2395.8,2411,2406,2400,2401,2420,2365,2386,2381,2407,2412,2405,2354,2404,2371,2356,2406,2324,2407,2413,2413,2411,2438,2397,2408,2406,2369,2425,2387,2413,2379
197.045,2874.4,2887,2870,2880,2891,2824,2857,2878,2874,2907,2858,2862,2871,2887,2905,2852,2872,2837,2863,2880,2885,2895,2884,2859,2878,2861,2853,2903,2875,2886,2898
197.350,2378.2,2349,2403,2394,2386,2384,2366,2357,2396,2363,2332,2373,2366,2372,2332,2366,2374,2369,2386,2364,2403,2371,2378,2382,2413,2404,2397,2342,2415,2373,2436
197.655,2608.2,2624,2608,2599,2648,2561,2585,2599,2616,2631,2603,2623,2571,2597,2624,2638,2617,2568,2635,2635,2599,2624,2604,2617,2635,2586,2638,2570,2590,2589,2613
197.960,2612.8,2578,2625,2623,2580,2608,2592,2644,2624,2634,2601,2628,2584,2591,2598,2609,2600,2611,2648,2614,2643,2627,2604,2578,2632,2654,2604,2618,2648,2588,2595
198.265,2795.2,2753,2779,2774,2809,2778,2828,2794,2774,2809,2787,2778,2753,2836,2809,2801,2814,2800,2786,2796,2795,2843,2821,2758,2794,2786,2821,2830,2794,2804,2753
198.570,2564.7,2599,2552,2568,2572,2603,2532,2588,2569,2531,2587,2541,2549,2491,2574,2592,2562,2552,2560,2566,2569,2548,2578,2538,2578,2591,2584,2571,2532,2601,2563
198.876,2414.2,2373,2401,2391,2376,2456,2378,2408,2458,2406,2385,2420,2424,2415,2391,2425,2376,2463,2385,2419,2435,2407,2421,2405,2431,2470,2429,2410,2425,2431,2411
199.181,2286.0,2301,2293,2303,2301,2261,2268,2283,2303,2265,2303,2296,2263,2287,2264,2293,2298,2302,2290,2284,2284,2302,2286,2270,2264,2319,2317,2284,2260,2264,2272
199.486,2582.1,2598,2557,2591,2590,2617,2534,2613,2614,2561,2573,2581,2548,2572,2542,2575,2564,2587,2594,2594,2592,2587,2600,2612,2585,2587,2568,2569,2600,2614,2543
199.791,3059.0,3073,3014,3071,3027,3066,3034,3016,3092,3054,3048,3010,3091,3070,3067,3093,3062,3071,3053,3064,3084,3058,3084,3086,3045,3046,3080,3056,3073,3084,2998
200.097,2538.9,2553,2516,2568,2534,2535,2542,2552,2554,2492,2613,2526,2582,2502,2543,2511,2554,2548,2561,2555,2546,2489,2497,2532,2521,2536,2569,2570,2568,2505,2493
200.402,2892.0,2936,2915,2907,2913,2874,2872,2871,2837,2943,2890,2868,2868,2876,2854,2910,2896,2862,2885,2924,2894,2865,2922,2867,2899,2892,2943,2884,2864,2886,2944
200.707,2858.9,2884,2842,2864,2818,2896,2838,2863,2834,2857,2806,2821,2865,2856,2864,2886,2840,2835,2845,2862,2869,2879,2881,2885,2851,2931,2830,2825,2861,2907,2873
201.013,2716.5,2702,2716,2712,2727,2688,2723,2700,2717,2723,2761,2703,2703,2727,2725,2703,2707,2723,2735,2698,2712,2713,2690,2753,2711,2714,2726,2751,2735,2694,2704
201.318,2712.3,2724,2703,2744,2676,2683,2708,2742,2741,2703,2729,2737,2702,2718,2755,2744,2697,2697,2692,2701,2752,2715,2703,2699,2712,2718,2675,2697,2712,2681,2710
201.624,2835.7,2787,2858,2845,2866,2857,2879,2830,2810,2819,2822,2840,2912,2835,2805,2824,2829,2828,2842,2829,2824,2888,2828,2811,2812,2827,2852,2811,2820,2854,2827
201.930,2560.2,2530,2580,2561,2536,2564,2573,2561,2637,2597,2568,2548,2581,2560,2545,2539,2541,2541,2578,2568,2557,2570,2520,2516,2565,2574,2561,2561,2566,2548,2560
202.235,2804.5,2758,2824,2802,2782,2794,2793,2835,2783,2783,2803,2839,2791,2817,2843,2810,2808,2804,2796,2824,2794,2825,2812,2789,2785,2793,2806,2823,2865,2789,2764
202.541,2693.6,2747,2746,2708,2689,2719,2653,2654,2695,2700,2725,2713,2655,2729,2662,2709,2687,2647,2679,2706,2686,2712,2717,2670,2703,2712,2674,2672,2636,2700,2703
202.847,2309.8,2309,2312,2320,2281,2324,2330,2321,2329,2334,2277,2302,2318,2270,2353,2333,2275,2324,2260,2337,2313,2321,2282,2311,2284,2298,2313,2322,2337,2272,2331
203.152,2597.0,2608,2592,2643,2584,2603,2639,2622,2605,2615,2577,2643,2582,2594,2597,2549,2626,2616,2607,2559,2616,2577,2581,2590,2606,2617,2550,2596,2586,2578,2553
203.458,2880.6,2879,2884,2876,2867,2845,2871,2886,2888,2890,2847,2884,2913,2877,2877,2849,2852,2898,2887,2878,2861,2885,2850,2932,2867,2881,2862,2873,2904,2921,2935
203.764,2789.6,2809,2807,2759,2789,2825,2796,2787,2768,2770,2779,2745,2773,2781,2718,2833,2810,2805,2808,2778,2830,2807,2793,2789,2767,2815,2781,2757,2836,2777,2795
204.070,2791.9,2806,2794,2808,2795,2781,2787,2783,2796,2789,2856,2780,2776,2789,2782,2753,2818,2785,2764,2781,2810,2765,2831,2843,2749,2780,2744,2787,2772,2841,2813
204.376,2519.2,2489,2528,2517,2499,2510,2516,2519,2528,2475,2532,2547,2548,2475,2511,2507,2512,2550,2515,2528,2509,2509,2538,2529,2511,2507,2562,2520,2561,2516,2507
204.682,2277.8,2273,2297,2299,2291,2294,2297,2299,2279,2279,2285,2271,2265,2252,2268,2306,2317,2281,2268,2277,2285,2275,2233,2241,2278,2271,2272,2286,2272,2279,2244
204.988,2951.4,2974,2966,2905,2942,2915,2951,2931,2965,2959,2948,2983,2983,2927,2928,2977,2924,2934,2992,2910,2957,2936,2986,2991,2902,2946,2989,2944,2989,2966,2923
205.294,2537.9,2554,2554,2491,2508,2533,2515,2523,2584,2528,2520,2543,2545,2531,2528,2541,2539,2526,2539,2582,2558,2520,2571,2551,2561,2524,2539,2522,2513,2549,2545
205.600,2742.3,2745,2739,2762,2760,2721,2728,2785,2722,2779,2728,2698,2721,2712,2734,2719,2746,2708,2736,2728,2771,2763,2728,2773,2728,2765,2741,2744,2792,2766,2728
205.906,2853.5,2825,2836,2868,2837,2835,2845,2834,2945,2909,2875,2821,2901,2831,2800,2844,2838,2850,2853,2844,2869,2882,2892,2797,2830,2868,2864,2849,2821,2890,2853
206.212,2452.4,2483,2438,2449,2424,2437,2468,2470,2449,2418,2462,2450,2440,2399,2421,2450,2449,2444,2469,2426,2432,2473,2486,2474,2482,2476,2466,2465,2482,2455,2435
206.519,2572.0,2580,2596,2522,2589,2556,2603,2566,2572,2565,2548,2540,2594,2547,2565,2579,2568,2593,2563,2550,2573,2568,2600,2615,2577,2613,2528,2540,2557,2600,2592
206.825,2330.7,2343,2355,2261,2346,2333,2322,2303,2320,2379,2363,2340,2369,2341,2293,2320,2342,2335,2324,2334,2298,2344,2292,2296,2370,2328,2318,2342,2331,2347,2332
207.131,2670.6,2666,2616,2682,2657,2672,2625,2676,2689,2692,2684,2676,2657,2671,2635,2685,2759,2657,2667,2687,2648,2687,2656,2692,2684,2643,2696,2651,2692,2675,2642
207.438,2871.5,2818,2823,2912,2838,2880,2904,2835,2868,2863,2911,2882,2867,2876,2839,2869,2861,2872,2851,2861,2881,2881,2885,2888,2884,2887,2876,2908,2888,2864,2872
207.744,2635.9,2652,2613,2626,2625,2632,2655,2623,2655,2661,2594,2647,2634,2638,2634,2680,2678,2613,2638,2617,2581,2655,2623,2596,2606,2603,2643,2649,2667,2701,2638
208.051,2262.5,2227,2272,2276,2288,2254,2272,2309,2242,2243,2284,2246,2242,2274,2278,2263,2275,2257,2246,2247,2285,2249,2255,2264,2229,2244,2298,2257,2274,2248,2278
208.357,2448.4,2447,2430,2460,2486,2395,2435,2457,2443,2461,2442,2450,2482,2459,2467,2429,2408,2444,2405,2460,2472,2460,2494,2457,2453,2424,2461,2445,2430,2461,2435
208.664,2745.6,2750,2740,2738,2708,2737,2750,2769,2733,2714,2744,2737,2753,2733,2740,2749,2721,2748,2706,2733,2735,2771,2779,2758,2797,2734,2768,2728,2771,2748,2776
208.970,2460.1,2409,2467,2441,2444,2423,2456,2466,2438,2482,2454,2447,2453,2464,2469,2444,2442,2453,2505,2456,2474,2480,2479,2472,2436,2459,2459,2480,2469,2482,2501
209.277,2621.8,2655,2614,2621,2610,2617,2631,2613,2654,2628,2604,2637,2608,2611,2591,2629,2609,2568,2590,2639,2669,2633,2620,2597,2625,2617,2638,2638,2595,2606,2687
209.584,2849.8,2845,2866,2821,2874,2829,2800,2806,2865,2848,2842,2905,2817,2860,2843,2868,2847,2857,2835,2838,2870,2874,2831,2848,2871,2833,2878,2835,2856,2846,2886
209.890,2772.1,2760,2775,2783,2779,2760,2770,2794,2745,2748,2766,2774,2763,2770,2780,2792,2767,2784,2761,2761,2777,2778,2809,2762,2805,2739,2780,2772,2778,2779,2751
210.197,2547.2,2522,2538,2547,2572,2546,2554,2514,2556,2566,2528,2544,2558,2543,2558,2566,2565,2544,2511,2516,2578,2531,2539,2582,2550,2581,2510,2582,2557,2528,2530
210.504,2443.1,2467,2465,2495,2484,2405,2455,2399,2443,2447,2417,2420,2429,2455,2440,2423,2434,2455,2430,2414,2470,2427,2480,2435,2422,2450,2432,2464,2430,2442,2463
210.811,2677.4,2646,2704,2683,2709,2682,2662,2682,2658,2659,2661,2675,2653,2654,2676,2687,2642,2681,2709,2659,2714,2719,2675,2711,2651,2708,2694,2684,2660,2665,2660
211.118,2846.5,2816,2858,2789,2817,2881,2885,2824,2875,2836,2840,2865,2831,2816,2879,2831,2858,2851,2888,2866,2834,2836,2826,2812,2872,2892,2816,2878,2874,2835,2814
211.425,2608.7,2585,2655,2626,2535,2600,2596,2640,2616,2616,2589,2601,2613,2545,2588,2605,2600,2595,2616,2630,2610,2581,2600,2611,2642,2632,2661,2613,2629,2628,2603
211.732,2424.6,2421,2419,2427,2420,2417,2433,2433,2398,2447,2404,2433,2433,2447,2387,2435,2403,2450,2433,2442,2418,2408,2405,2445,2431,2399,2424,2434,2422,2462,2408
212.039,2723.2,2710,2678,2734,2777,2696,2650,2726,2716,2672,2712,2701,2726,2733,2742,2722,2768,2702,2685,2722,2759,2776,2771,2734,2735,2702,2732,2758,2764,2694,2699
212.346,2682.5,2677,2639,2666,2706,2682,2664,2715,2698,2684,2685,2668,2637,2680,2722,2688,2688,2668,2696,2707,2684,2664,2655,2681,2686,2684,2664,2705,2682,2681,2719
212.653,2664.5,2636,2657,2649,2664,2675,2670,2654,2622,2669,2647,2662,2690,2659,2645,2678,2693,2638,2637,2698,2713,2719,2668,2632,2639,2680,2691,2665,2646,2680,2658
212.960,2598.9,2616,2559,2597,2594,2609,2623,2597,2547,2647,2555,2612,2588,2620,2584,2592,2601,2616,2600,2587,2562,2599,2581,2630,2576,2624,2571,2631,2617,2626,2607
213.267,2732.0,2763,2710,2763,2730,2752,2690,2696,2686,2756,2727,2710,2747,2729,2728,2738,2760,2718,2711,2719,2732,2731,2706,2761,2765,2776,2736,2733,2730,2727,2729
213.574,2658.1,2655,2596,2648,2618,2703,2665,2646,2660,2664,2668,2635,2628,2664,2696,2710,2636,2662,2649,2691,2655,2657,2665,2651,2674,2670,2672,2658,2642,2648,2657
213.882,2578.0,2628,2563,2577,2591,2585,2560,2564,2585,2616,2532,2563,2618,2557,2578,2573,2616,2578,2549,2551,2574,2541,2602,2568,2620,2598,2569,2590,2584,2543,2566
214.189,2455.1,2411,2444,2500,2444,2461,2456,2486,2492,2479,2461,2430,2463,2457,2429,2433,2449,2474,2434,2418,2460,2441,2456,2490,2437,2462,2477,2470,2458,2441,2440
214.496,2513.1,2524,2453,2501,2484,2480,2492,2507,2541,2520,2554,2504,2493,2509,2481,2546,2522,2520,2560,2524,2524,2518,2532,2506,2504,2521,2488,2488,2530,2525,2542
214.804,2333.0,2357,2330,2349,2334,2328,2361,2326,2371,2335,2312,2344,2358,2341,2271,2326,2329,2360,2330,2321,2336,2300,2346,2331,2310,2314,2303,2346,2328,2340,2353
215.111,2694.3,2670,2710,2735,2689,2684,2690,2686,2672,2672,2719,2689,2689,2686,2701,2684,2721,2692,2688,2684,2714,2694,2683,2702,2687,2683,2713,2703,2689,2705,2696
215.419,2593.0,2630,2609,2616,2581,2618,2599,2583,2558,2636,2587,2566,2603,2583,2568,2605,2582,2619,2585,2559,2604,2598,2584,2591,2586,2552,2611,2609,2585,2595,2589
215.726,2767.6,2739,2772,2761,2750,2816,2753,2787,2723,2753,2786,2776,2740,2777,2781,2754,2751,2753,2753,2784,2797,2772,2742,2769,2747,2813,2783,2768,2785,2765,2777
216.034,2435.0,2450,2451,2409,2438,2433,2461,2440,2392,2449,2406,2440,2454,2438,2451,2460,2440,2444,2441,2385,2443,2464,2420,2444,2472,2422,2431,2443,2411,2402,2416
216.342,2786.0,2744,2822,2746,2773,2765,2785,2814,2790,2788,2800,2778,2777,2846,2799,2821,2774,2806,2748,2817,2779,2756,2758,2824,2793,2708,2788,2784,2796,2831,2770
216.649,2940.1,2959,2946,2894,2944,2960,2959,2972,2869,2951,2966,2941,2898,2958,2911,2922,2936,2936,2992,2955,2987,2905,2917,2957,2910,2948,2920,2976,2958,2925,2930
216.957,2606.4,2600,2594,2619,2578,2568,2595,2595,2609,2577,2606,2637,2565,2601,2598,2626,2640,2612,2627,2619,2608,2625,2665,2600,2588,2597,2597,2642,2612,2581,2612
217.265,2534.2,2565,2549,2525,2520,2549,2513,2511,2499,2576,2538,2516,2554,2527,2566,2540,2557,2543,2525,2564,2510,2540,2538,2507,2533,2544,2491,2541,2494,2534,2558
217.572,2704.6,2696,2674,2699,2714,2720,2694,2729,2661,2734,2738,2704,2692,2699,2702,2704,2708,2721,2713,2662,2716,2679,2716,2725,2693,2674,2720,2701,2725,2721,2705
217.880,2904.4,2904,2831,2890,2912,2922,2911,2913,2926,2912,2837,2870,2916,2881,2938,2947,2888,2890,2946,2915,2931,2901,2946,2890,2879,2905,2907,2928,2879,2888,2929
218.188,2749.0,2722,2737,2745,2745,2774,2758,2700,2741,2777,2744,2752,2766,2732,2776,2792,2747,2755,2752,2771,2706,2760,2755,2728,2746,2761,2760,2746,2757,2715,2749
218.496,2595.6,2591,2618,2581,2552,2598,2612,2604,2600,2589,2604,2589,2598,2596,2578,2590,2569,2606,2623,2587,2629,2607,2568,2618,2600,2556,2606,2635,2609,2600,2555
218.804,2765.2,2748,2796,2764,2755,2826,2766,2728,2800,2748,2693,2771,2782,2751,2766,2776,2767,2788,2743,2785,2728,2765,2751,2792,2792,2794,2744,2778,2772,2715,2772
219.112,2693.1,2718,2682,2648,2701,2668,2696,2675,2683,2657,2709,2736,2646,2725,2649,2728,2668,2726,2731,2728,2672,2692,2712,2693,2683,2697,2668,2702,2701,2712,2688
219.420,2797.4,2824,2798,2719,2778,2796,2786,2824,2777,2775,2817,2778,2801,2811,2815,2798,2788,2797,2814,2809,2848,2771,2810,2799,2798,2783,2829,2787,2776,2847,2769
219.728,2517.2,2494,2524,2522,2518,2519,2512,2546,2544,2545,2481,2530,2531,2526,2505,2486,2505,2532,2509,2501,2529,2556,2523,2497,2534,2507,2518,2535,2491,2481,2514
220.036,2671.3,2685,2658,2677,2617,2682,2620,2683,2640,2704,2673,2659,2705,2644,2666,2678,2675,2670,2665,2690,2651,2680,2651,2668,2714,2648,2686,2714,2696,2652,2689
220.345,2755.1,2744,2741,2783,2788,2800,2732,2749,2733,2712,2732,2754,2735,2747,2764,2717,2803,2741,2744,2768,2766,2776,2771,2713,2776,2780,2766,2772,2761,2754,2732
220.653,2822.1,2800,2831,2828,2809,2832,2832,2850,2811,2824,2819,2822,2833,2819,2830,2787,2834,2801,2799,2857,2847,2809,2856,2860,2793,2799,2812,2804,2838,2820,2808
220.961,2555.0,2533,2575,2563,2559,2581,2564,2560,2594,2563,2566,2537,2558,2546,2606,2534,2512,2575,2540,2531,2554,2538,2534,2562,2549,2575,2529,2569,2550,2581,2513
221.269,3230.7,3238,3250,3265,3256,3236,3250,3240,3229,3246,3226,3254,3251,3237,3265,3229,3199,3262,3238,3240,3222,3191,3227,3212,3140,3199,3235,3188,3278,3187,3230
221.578,2699.0,2646,2675,2722,2710,2687,2701,2696,2699,2760,2738,2699,2720,2676,2676,2720,2719,2665,2683,2717,2709,2663,2682,2671,2716,2719,2675,2720,2692,2701,2714
221.886,2538.5,2537,2555,2534,2564,2517,2552,2552,2532,2530,2523,2511,2555,2522,2541,2544,2539,2517,2517,2560,2577,2528,2524,2515,2557,2538,2542,2541,2524,2539,2568
222.195,2836.1,2843,2801,2837,2806,2852,2848,2857,2868,2854,2809,2871,2798,2848,2850,2876,2805,2873,2837,2850,2790,2861,2809,2821,2874,2838,2817,2810,2848,2765,2867
222.503,3050.0,3043,3080,3020,3086,3037,3043,2991,3068,3065,3077,3074,3023,3086,3048,3098,3068,3080,3056,3061,3024,2986,3061,3041,3009,3023,3052,3034,3084,3075,3006
222.812,2539.2,2561,2551,2513,2562,2552,2571,2526,2533,2576,2539,2539,2498,2530,2536,2571,2555,2573,2538,2541,2505,2517,2524,2524,2548,2541,2529,2508,2537,2541,2537
223.120,2731.5,2739,2754,2750,2692,2766,2704,2740,2717,2741,2782,2696,2732,2716,2766,2737,2736,2678,2714,2760,2718,2748,2723,2688,2771,2673,2741,2734,2731,2766,2733
223.429,3379.9,3389,3418,3368,3392,3370,3350,3424,3362,3327,3386,3381,3375,3364,3403,3373,3419,3387,3400,3352,3400,3413,3406,3345,3385,3367,3384,3404,3345,3334,3375
223.738,2525.3,2572,2524,2547,2494,2518,2508,2532,2489,2565,2568,2536,2521,2486,2513,2520,2483,2529,2541,2547,2553,2529,2545,2509,2493,2521,2543,2510,2537,2507,2520
224.046,2552.4,2529,2577,2550,2600,2587,2563,2576,2590,2561,2523,2569,2516,2526,2501,2567,2525,2506,2557,2549,2523,2584,2523,2566,2577,2528,2527,2563,2558,2590,2562
224.355,2568.6,2545,2587,2552,2527,2584,2559,2551,2594,2522,2587,2557,2576,2579,2585,2610,2558,2565,2541,2569,2581,2561,2561,2583,2568,2552,2585,2575,2561,2598,2584
224.664,2731.5,2726,2719,2739,2769,2724,2729,2721,2743,2748,2731,2712,2735,2719,2763,2735,2733,2734,2715,2771,2714,2772,2720,2746,2746,2691,2696,2731,2719,2709,2735
224.973,2303.7,2253,2335,2274,2308,2333,2285,2307,2312,2324,2311,2305,2320,2316,2321,2290,2292,2283,2280,2298,2274,2296,2297,2296,2353,2296,2266,2326,2257,2360,2344
225.281,3004.6,3046,2999,3035,2970,3034,3022,3000,3004,3026,2996,3027,3008,3002,2958,2993,3001,2973,3011,2970,2986,3010,3012,2977,3013,2990,3014,3033,3008,3000,3020
225.590,2594.8,2597,2564,2590,2554,2621,2582,2596,2613,2592,2589,2589,2591,2604,2585,2576,2561,2616,2579,2607,2612,2629,2571,2611,2574,2614,2594,2611,2629,2603,2589
225.899,2855.1,2854,2852,2892,2875,2881,2805,2864,2856,2842,2800,2835,2850,2919,2856,2851,2867,2850,2818,2869,2856,2864,2849,2870,2888,2870,2830,2852,2870,2839,2829
226.208,3021.3,3027,3025,3026,3004,3004,3000,3051,3020,3055,3009,2985,3025,3055,3023,3039,3018,3032,2989,3043,2997,3021,3039,3029,2990,3032,3046,3036,3030,2966,3022
226.517,2762.1,2821,2769,2748,2746,2757,2747,2744,2768,2781,2802,2772,2758,2776,2740,2771,2792,2739,2752,2814,2753,2730,2739,2739,2733,2730,2761,2746,2783,2781,2772
226.826,2802.6,2784,2791,2799,2788,2787,2856,2805,2804,2816,2804,2800,2811,2824,2802,2819,2850,2782,2795,2784,2827,2777,2820,2752,2787,2829,2803,2822,2799,2776,2785
227.136,2552.6,2506,2559,2582,2547,2575,2575,2586,2610,2542,2564,2532,2561,2542,2522,2550,2547,2573,2545,2579,2544,2549,2497,2562,2536,2557,2550,2523,2545,2562,2555
227.445,2611.6,2592,2647,2608,2604,2627,2595,2596,2609,2584,2613,2595,2637,2609,2574,2636,2604,2636,2616,2607,2619,2635,2610,2587,2596,2643,2632,2640,2596,2622,2580
227.754,2909.7,2943,2918,2945,2939,2936,2933,2913,2875,2912,2878,2883,2887,2905,2901,2908,2958,2879,2874,2900,2911,2936,2879,2917,2937,2908,2891,2930,2898,2896,2902
228.063,2513.7,2491,2532,2467,2477,2522,2461,2514,2547,2499,2527,2553,2550,2550,2506,2520,2536,2490,2517,2541,2497,2506,2511,2520,2508,2534,2521,2500,2500,2525,2488
228.373,3245.2,3246,3268,3213,3219,3232,3236,3277,3249,3281,3203,3200,3195,3259,3285,3267,3278,3230,3246,3269,3259,3259,3262,3216,3226,3257,3252,3215,3232,3275,3249
228.682,2932.2,2904,2945,2915,2955,2977,2927,2952,2902,2921,2891,2928,2907,2926,2921,3005,2958,2898,2947,2945,2903,2944,2904,2932,2956,2915,2942,2953,2933,2947,2912
228.991,2377.7,2395,2360,2373,2373,2360,2369,2428,2328,2386,2392,2412,2366,2400,2377,2373,2378,2367,2356,2408,2344,2349,2421,2388,2346,2368,2358,2397,2394,2361,2405
229.301,2741.8,2741,2737,2739,2745,2760,2710,2745,2744,2765,2724,2715,2712,2706,2776,2753,2745,2802,2751,2738,2745,2754,2727,2704,2710,2715,2750,2771,2754,2749,2767
229.610,2697.1,2741,2738,2665,2708,2669,2687,2689,2700,2710,2699,2705,2717,2707,2705,2714,2711,2701,2663,2718,2697,2681,2690,2667,2685,2682,2671,2664,2706,2723,2699
229.920,2428.7,2409,2434,2399,2449,2430,2430,2449,2427,2421,2467,2424,2420,2457,2444,2421,2404,2420,2403,2423,2443,2419,2440,2419,2469,2451,2419,2392,2412,2457,2408
230.229,2645.0,2620,2639,2616,2633,2633,2663,2693,2649,2629,2660,2638,2603,2675,2664,2644,2639,2614,2626,2674,2642,2620,2669,2662,2636,2647,2660,2668,2637,2644,2652
230.539,2716.0,2693,2711,2708,2745,2755,2741,2696,2709,2715,2733,2702,2703,2749,2696,2742,2687,2709,2702,2699,2710,2704,2740,2706,2697,2725,2674,2741,2728,2758,2701
230.848,2872.4,2884,2916,2819,2848,2865,2860,2900,2856,2900,2908,2896,2891,2877,2898,2842,2867,2891,2876,2904,2862,2830,2843,2848,2868,2852,2883,2855,2879,2920,2833
231.158,2819.7,2814,2840,2808,2789,2850,2848,2803,2831,2816,2773,2855,2846,2757,2808,2799,2857,2838,2792,2822,2861,2792,2805,2814,2856,2829,2842,2815,2786,2803,2841
231.468,2803.9,2835,2814,2804,2785,2844,2792,2808,2794,2779,2863,2792,2814,2787,2858,2795,2801,2833,2800,2783,2825,2742,2796,2785,2787,2806,2808,2802,2802,2790,2792
231.778,2957.5,2970,2978,2924,2982,2955,2960,2968,2976,2936,2955,2915,2979,2920,2965,2940,2942,2965,2999,2943,2926,2974,2972,2969,2986,2958,2953,2955,2982,2950,2927
232.087,2798.3,2792,2804,2804,2788,2797,2790,2834,2815,2828,2791,2768,2837,2827,2847,2773,2789,2793,2789,2816,2793,2760,2757,2772,2787,2778,2805,2829,2769,2812,2804
232.397,2699.0,2699,2691,2726,2729,2723,2712,2706,2658,2712,2708,2682,2714,2737,2699,2723,2674,2680,2696,2677,2707,2688,2687,2621,2679,2728,2682,2708,2712,2701,2712
232.707,2297.9,2332,2339,2276,2303,2331,2322,2244,2252,2292,2265,2346,2283,2301,2279,2300,2321,2296,2291,2302,2299,2273,2347,2296,2301,2316,2277,2301,2284,2262,2307
233.017,2438.9,2440,2420,2418,2461,2425,2453,2417,2410,2459,2456,2440,2442,2415,2453,2453,2418,2417,2413,2451,2452,2458,2431,2433,2434,2456,2426,2429,2447,2481,2460
233.327,2636.6,2625,2626,2625,2667,2620,2657,2580,2633,2648,2620,2642,2650,2573,2683,2676,2646,2639,2699,2635,2631,2645,2659,2620,2641,2651,2644,2648,2601,2580,2635
233.637,2461.7,2489,2461,2440,2482,2450,2456,2440,2500,2441,2457,2465,2472,2458,2475,2465,2479,2472,2479,2477,2482,2431,2485,2432,2448,2450,2482,2447,2508,2412,2417
233.947,2778.3,2767,2772,2805,2765,2761,2796,2780,2820,2746,2763,2793,2782,2769,2757,2761,2755,2813,2753,2761,2773,2776,2792,2778,2808,2761,2765,2774,2811,2789,2803
234.257,2757.5,2790,2794,2791,2726,2724,2779,2752,2710,2760,2784,2767,2730,2741,2774,2714,2746,2780,2745,2792,2728,2785,2717,2752,2784,2799,2761,2738,2771,2734,2756
234.567,2451.6,2454,2478,2463,2435,2469,2505,2412,2453,2449,2450,2445,2433,2492,2438,2458,2455,2444,2495,2422,2380,2442,2467,2457,2444,2434,2451,2431,2456,2481,2456
234.878,2587.0,2565,2637,2609,2589,2583,2585,2612,2552,2556,2589,2593,2583,2571,2571,2554,2575,2613,2605,2607,2605,2557,2585,2624,2547,2618,2574,2592,2605,2562,2593
235.188,2616.6,2655,2639,2610,2615,2572,2617,2569,2619,2621,2622,2579,2618,2632,2612,2621,2620,2626,2583,2620,2605,2594,2662,2608,2607,2625,2640,2595,2603,2640,2668
235.498,2632.6,2629,2664,2636,2608,2626,2630,2616,2620,2582,2639,2633,2683,2642,2664,2625,2649,2674,2643,2628,2617,2606,2643,2639,2586,2659,2612,2633,2620,2639,2634
235.808,2717.3,2713,2718,2701,2709,2728,2742,2673,2687,2702,2701,2754,2741,2708,2726,2720,2730,2759,2711,2712,2765,2681,2676,2739,2731,2712,2728,2682,2713,2726,2730
236.119,2758.4,2760,2761,2777,2786,2720,2815,2695,2753,2773,2799,2738,2760,2717,2750,2809,2723,2723,2765,2756,2781,2724,2782,2774,2756,2752,2743,2777,2746,2807,2729
236.429,2712.2,2709,2721,2709,2737,2798,2684,2703,2706,2715,2756,2712,2732,2682,2747,2668,2696,2728,2692,2681,2700,2763,2678,2722,2717,2693,2709,2677,2691,2721,2719
236.740,2547.9,2504,2513,2569,2566,2596,2495,2520,2543,2589,2568,2525,2572,2580,2542,2536,2557,2526,2528,2502,2575,2560,2519,2572,2581,2532,2559,2551,2542,2548,2566
237.050,2744.4,2767,2724,2781,2716,2761,2744,2763,2705,2757,2728,2737,2731,2758,2752,2750,2747,2734,2736,2784,2752,2790,2716,2738,2765,2730,2748,2729,2728,2725,2736
237.361,2553.3,2559,2536,2577,2537,2561,2568,2524,2576,2558,2548,2508,2567,2563,2538,2600,2542,2581,2512,2542,2541,2564,2565,2564,2528,2579,2588,2547,2545,2541,2541
237.671,2643.9,2646,2674,2659,2648,2648,2633,2648,2640,2629,2659,2660,2618,2675,2645,2645,2697,2653,2640,2630,2639,2636,2620,2620,2643,2633,2666,2600,2630,2651,2633
237.982,2265.4,2280,2269,2274,2238,2319,2268,2270,2254,2245,2251,2272,2266,2256,2285,2219,2276,2251,2262,2259,2286,2248,2325,2286,2264,2288,2227,2262,2227,2255,2281
238.293,2851.3,2826,2857,2845,2850,2824,2894,2852,2882,2872,2843,2872,2824,2825,2817,2849,2890,2895,2850,2821,2860,2852,2866,2853,2881,2845,2840,2823,2844,2821,2866
238.603,2578.6,2566,2578,2559,2563,2574,2617,2583,2587,2597,2569,2557,2555,2606,2596,2568,2599,2642,2574,2550,2603,2568,2606,2544,2526,2603,2588,2566,2552,2563,2600
238.914,2679.1,2679,2641,2692,2705,2685,2670,2644,2650,2727,2645,2663,2731,2713,2749,2696,2693,2688,2691,2676,2676,2661,2690,2686,2668,2672,2675,2603,2690,2661,2652
239.225,2536.9,2564,2547,2533,2528,2514,2504,2532,2515,2526,2539,2534,2547,2538,2534,2568,2542,2534,2505,2543,2535,2574,2568,2531,2529,2518,2561,2560,2530,2545,2510
239.536,2516.1,2509,2508,2445,2544,2518,2516,2520,2502,2550,2489,2548,2531,2541,2533,2529,2479,2512,2504,2485,2510,2497,2528,2524,2594,2472,2531,2538,2493,2507,2526
239.846,2266.6,2237,2265,2278,2281,2262,2300,2311,2264,2241,2232,2261,2294,2280,2238,2274,2268,2261,2238,2304,2240,2270,2248,2267,2274,2261,2282,2296,2254,2273,2243
240.157,2422.9,2433,2395,2412,2425,2467,2421,2422,2418,2459,2400,2399,2435,2434,2451,2424,2405,2379,2413,2452,2404,2474,2403,2401,2406,2394,2418,2440,2432,2461,2411
240.468,2667.8,2657,2671,2702,2667,2669,2661,2694,2628,2674,2707,2672,2680,2634,2653,2624,2617,2696,2681,2643,2651,2674,2691,2621,2690,2665,2664,2711,2652,2680,2704
240.779,2602.8,2632,2550,2627,2600,2598,2565,2598,2601,2608,2636,2596,2608,2637,2614,2570,2621,2617,2582,2524,2652,2605,2596,2579,2582,2622,2636,2578,2592,2608,2650
241.090,2545.4,2518,2534,2542,2563,2544,2537,2608,2558,2546,2536,2568,2552,2557,2520,2582,2560,2554,2533,2528,2561,2530,2484,2536,2555,2492,2531,2558,2561,2585,2530
241.401,2527.0,2523,2515,2532,2511,2497,2537,2511,2496,2530,2555,2517,2541,2509,2532,2529,2529,2525,2519,2539,2530,2552,2529,2508,2549,2505,2554,2537,2555,2524,2519
241.713,2643.6,2625,2638,2664,2659,2641,2632,2670,2627,2611,2647,2659,2673,2656,2609,2627,2674,2641,2667,2632,2612,2636,2638,2646,2651,2645,2624,2640,2648,2658,2657
242.024,2294.8,2300,2246,2336,2292,2274,2329,2288,2289,2273,2309,2287,2296,2298,2295,2292,2277,2262,2320,2324,2298,2306,2296,2276,2297,2287,2297,2321,2300,2296,2284
242.335,2576.7,2549,2529,2585,2585,2582,2573,2609,2607,2545,2580,2604,2578,2586,2608,2596,2574,2618,2577,2505,2622,2564,2577,2578,2605,2552,2548,2563,2553,2597,2553
242.646,2591.2,2610,2565,2575,2599,2550,2610,2562,2612,2606,2536,2597,2596,2617,2646,2613,2562,2622,2584,2558,2643,2615,2591,2552,2568,2581,2606,2593,2616,2568,2584
242.957,2413.1,2433,2408,2399,2401,2452,2431,2386,2386,2408,2422,2420,2425,2393,2408,2404,2414,2436,2411,2400,2419,2398,2418,2385,2443,2376,2426,2379,2485,2427,2400
243.269,2810.4,2844,2813,2836,2790,2782,2820,2831,2829,2821,2815,2791,2785,2805,2800,2800,2827,2822,2781,2792,2838,2757,2810,2819,2789,2828,2817,2790,2798,2834,2847
243.580,2376.2,2387,2395,2403,2409,2330,2362,2363,2399,2360,2350,2399,2351,2404,2435,2384,2409,2394,2377,2335,2333,2349,2366,2395,2376,2330,2405,2389,2340,2384,2374
243.892,2398.3,2407,2376,2429,2403,2355,2417,2436,2400,2382,2410,2398,2421,2392,2405,2394,2377,2388,2338,2376,2395,2437,2386,2387,2424,2380,2422,2437,2376,2397,2404
244.203,2801.8,2777,2784,2744,2802,2825,2789,2797,2802,2779,2795,2805,2818,2840,2779,2780,2803,2822,2821,2792,2832,2771,2815,2779,2825,2837,2804,2848,2799,2800,2789
244.514,2356.0,2343,2363,2353,2389,2363,2384,2355,2344,2351,2366,2391,2389,2369,2347,2368,2318,2365,2351,2353,2328,2335,2370,2349,2361,2311,2350,2341,2361,2319,2394
244.826,2459.0,2451,2445,2441,2473,2436,2452,2464,2454,2432,2482,2485,2483,2480,2499,2461,2493,2448,2448,2449,2462,2466,2430,2451,2440,2469,2458,2456,2432,2431,2500
245.138,2301.4,2308,2277,2280,2329,2291,2291,2296,2300,2364,2275,2308,2327,2308,2288,2315,2272,2291,2320,2276,2299,2308,2268,2304,2339,2303,2313,2288,2350,2286,2269
245.449,2958.6,2971,2949,2984,3000,2974,2990,2968,2944,2958,2944,2945,2943,2984,2973,2937,2971,2974,2946,2954,2921,2995,2962,2948,2939,2972,2961,2947,2907,2984,2912
245.761,2590.2,2584,2634,2572,2624,2612,2598,2609,2570,2572,2584,2591,2605,2570,2600,2555,2576,2547,2574,2620,2619,2616,2564,2616,2567,2567,2569,2582,2621,2648,2540
246.073,2191.3,2217,2218,2188,2200,2188,2207,2197,2178,2162,2180,2146,2177,2168,2177,2174,2201,2189,2170,2147,2197,2245,2235,2217,2228,2191,2182,2183,2201,2196,2180
246.384,2405.5,2414,2429,2415,2393,2420,2373,2416,2379,2414,2428,2396,2398,2418,2410,2412,2456,2381,2431,2421,2398,2412,2391,2421,2414,2360,2400,2403,2384,2397,2381
246.696,2413.2,2450,2387,2451,2425,2391,2413,2460,2400,2414,2408,2427,2349,2402,2416,2386,2413,2395,2445,2413,2412,2380,2407,2421,2430,2404,2399,2462,2396,2412,2429
247.008,2234.5,2238,2245,2212,2199,2193,2253,2269,2240,2209,2258,2233,2264,2229,2202,2276,2241,2201,2213,2233,2233,2224,2263,2222,2228,2217,2233,2256,2253,2262,2237
247.320,2394.4,2376,2403,2395,2403,2387,2403,2363,2453,2380,2421,2382,2315,2398,2408,2429,2367,2385,2418,2399,2393,2403,2385,2383,2387,2413,2381,2445,2392,2387,2377
247.632,2501.5,2472,2526,2464,2536,2465,2535,2490,2514,2481,2492,2499,2525,2487,2507,2516,2501,2533,2473,2494,2453,2482,2517,2547,2514,2495,2473,2508,2526,2532,2488
247.944,2411.2,2435,2414,2427,2394,2439,2430,2431,2414,2396,2427,2411,2444,2351,2394,2386,2455,2412,2402,2376,2392,2398,2406,2433,2366,2424,2408,2434,2395,2442,2399
248.256,2579.4,2559,2580,2578,2560,2605,2567,2588,2546,2589,2566,2575,2611,2617,2581,2599,2568,2529,2558,2565,2592,2624,2602,2583,2561,2546,2570,2601,2622,2557,2584
248.568,2320.7,2325,2275,2380,2302,2352,2266,2357,2287,2322,2354,2314,2325,2310,2342,2309,2306,2338,2314,2349,2332,2326,2301,2344,2316,2316,2316,2313,2321,2328,2280
248.880,2488.3,2481,2470,2424,2483,2495,2475,2475,2467,2514,2547,2469,2511,2488,2503,2479,2482,2451,2473,2530,2480,2523,2511,2495,2520,2501,2480,2505,2489,2439,2490
249.192,2413.9,2435,2356,2421,2414,2402,2409,2415,2436,2380,2399,2418,2443,2392,2433,2484,2402,2429,2445,2386,2453,2425,2395,2398,2433,2371,2423,2446,2392,2386,2395
249.504,3380.5,3347,3374,3357,3413,3426,3414,3419,3364,3366,3382,3352,3374,3367,3400,3397,3368,3367,3386,3441,3381,3372,3401,3369,3360,3368,3377,3351,3384,3364,3373
249.816,2584.5,2600,2570,2582,2599,2603,2576,2558,2601,2611,2635,2566,2587,2602,2573,2585,2593,2613,2583,2593,2593,2578,2591,2550,2541,2565,2570,2583,2580,2572,2581
250.129,2499.5,2504,2470,2511,2493,2522,2492,2475,2489,2508,2525,2508,2502,2479,2502,2494,2514,2547,2496,2475,2511,2479,2495,2486,2498,2522,2473,2494,2484,2528,2508
250.441,2205.8,2176,2201,2212,2208,2214,2189,2196,2220,2207,2208,2232,2237,2208,2169,2195,2205,2206,2220,2191,2222,2211,2229,2226,2206,2240,2183,2161,2185,2196,2222
250.753,2198.5,2187,2206,2207,2214,2179,2238,2159,2180,2173,2191,2205,2158,2253,2219,2202,2206,2197,2216,2210,2192,2161,2206,2224,2236,2201,2175,2189,2207,2201,2164
251.066,2319.1,2313,2322,2312,2314,2344,2310,2310,2299,2299,2340,2302,2328,2335,2343,2379,2316,2348,2320,2296,2302,2306,2285,2328,2323,2300,2351,2315,2321,2308,2303
251.378,2267.0,2244,2284,2253,2273,2301,2305,2268,2271,2243,2289,2247,2212,2286,2268,2267,2267,2277,2285,2245,2291,2239,2230,2281,2272,2255,2278,2257,2291,2256,2275
251.690,2228.5,2264,2205,2223,2193,2192,2206,2261,2226,2232,2203,2237,2252,2229,2265,2248,2252,2214,2265,2237,2202,2211,2259,2248,2222,2235,2227,2205,2204,2213,2226
252.003,2502.8,2499,2483,2521,2481,2484,2462,2494,2495,2500,2493,2521,2504,2520,2517,2548,2498,2541,2526,2489,2520,2509,2525,2519,2488,2482,2465,2494,2538,2447,2520
252.315,2511.5,2458,2538,2549,2550,2545,2536,2513,2496,2486,2483,2492,2497,2525,2552,2507,2469,2545,2494,2520,2518,2466,2512,2500,2504,2505,2553,2486,2495,2544,2506
252.628,2704.1,2733,2728,2637,2682,2710,2731,2720,2719,2696,2685,2693,2712,2743,2734,2718,2675,2730,2662,2681,2720,2685,2729,2739,2697,2706,2736,2688,2661,2685,2687
252.941,2486.6,2473,2498,2512,2515,2497,2438,2502,2482,2476,2452,2520,2466,2479,2458,2503,2500,2508,2478,2510,2461,2536,2477,2488,2457,2462,2463,2523,2527,2472,2464
253.253,2420.1,2400,2413,2397,2386,2437,2476,2429,2403,2407,2416,2443,2417,2433,2418,2451,2415,2372,2445,2413,2417,2397,2426,2401,2421,2417,2457,2435,2440,2416,2405
253.566,2582.5,2592,2573,2591,2578,2615,2580,2574,2571,2559,2575,2559,2578,2568,2608,2546,2603,2597,2596,2568,2610,2574,2621,2588,2594,2595,2583,2559,2568,2584,2567
253.879,2709.0,2702,2723,2710,2740,2702,2721,2728,2736,2670,2673,2698,2694,2668,2675,2681,2762,2686,2735,2701,2718,2739,2734,2739,2664,2699,2699,2721,2739,2683,2731
254.192,2504.4,2520,2497,2532,2502,2488,2483,2478,2520,2508,2456,2509,2493,2485,2488,2478,2484,2481,2488,2526,2545,2545,2539,2547,2474,2521,2513,2516,2523,2490,2503
254.504,2552.1,2550,2525,2552,2566,2575,2561,2557,2587,2530,2565,2557,2552,2551,2560,2550,2539,2535,2547,2573,2529,2522,2535,2601,2523,2565,2509,2561,2573,2568,2546
254.817,2282.0,2282,2268,2272,2290,2297,2301,2287,2313,2258,2298,2303,2280,2305,2269,2266,2275,2272,2317,2281,2291,2279,2256,2245,2257,2272,2280,2270,2331,2285,2259
255.130,2691.9,2752,2642,2627,2720,2685,2706,2706,2687,2692,2666,2740,2701,2698,2687,2739,2643,2682,2696,2700,2716,2719,2690,2635,2666,2687,2651,2711,2679,2700,2735
255.443,2444.5,2452,2441,2430,2436,2419,2453,2437,2480,2440,2450,2438,2450,2443,2463,2424,2418,2462,2431,2421,2418,2486,2438,2465,2442,2431,2434,2420,2460,2489,2464
255.756,2720.4,2716,2747,2661,2743,2685,2687,2703,2737,2729,2734,2704,2766,2732,2768,2692,2755,2760,2711,2726,2736,2728,2724,2713,2674,2711,2749,2719,2664,2724,2715
256.069,2183.0,2162,2147,2187,2193,2176,2210,2198,2172,2175,2195,2173,2156,2220,2194,2228,2189,2198,2197,2191,2192,2178,2184,2141,2181,2178,2187,2169,2171,2181,2166
256.382,2679.4,2680,2681,2680,2677,2710,2682,2678,2665,2664,2673,2692,2678,2682,2673,2701,2638,2704,2696,2657,2712,2629,2674,2671,2689,2696,2681,2707,2657,2635,2719
256.695,2681.3,2703,2680,2676,2640,2673,2674,2646,2634,2678,2734,2731,2654,2668,2664,2702,2704,2694,2709,2711,2708,2661,2687,2662,2658,2697,2703,2648,2706,2668,2667
257.009,2190.2,2195,2198,2179,2185,2174,2202,2240,2236,2209,2180,2184,2211,2178,2192,2163,2212,2211,2174,2143,2165,2178,2167,2201,2173,2198,2182,2178,2216,2190,2193
257.322,2793.4,2801,2782,2796,2832,2818,2780,2768,2795,2796,2784,2789,2762,2786,2781,2807,2822,2794,2799,2802,2793,2769,2809,2802,2741,2788,2803,2779,2816,2802,2805
257.635,2335.4,2364,2326,2375,2329,2294,2302,2342,2357,2345,2331,2340,2307,2330,2314,2333,2325,2358,2359,2365,2369,2320,2352,2287,2319,2375,2337,2340,2329,2307,2332
257.948,2686.8,2720,2694,2696,2661,2674,2714,2645,2687,2731,2725,2723,2706,2681,2700,2651,2691,2707,2634,2668,2680,2652,2665,2706,2674,2664,2682,2714,2680,2695,2684
258.262,2608.2,2574,2641,2587,2622,2626,2660,2648,2610,2582,2606,2612,2595,2588,2633,2582,2623,2606,2609,2601,2618,2628,2584,2612,2613,2610,2627,2600,2574,2594,2582
258.575,2536.1,2528,2477,2531,2563,2539,2464,2520,2554,2562,2577,2600,2494,2530,2528,2549,2543,2545,2532,2540,2557,2526,2551,2535,2518,2552,2542,2527,2523,2536,2541
258.888,2801.3,2845,2824,2803,2817,2834,2822,2815,2798,2768,2769,2822,2780,2825,2830,2758,2791,2797,2820,2813,2834,2788,2798,2814,2740,2783,2796,2782,2790,2794,2790
259.202,2097.7,2081,2096,2059,2114,2114,2097,2114,2090,2086,2059,2131,2109,2108,2111,2072,2103,2099,2052,2123,2104,2093,2100,2123,2040,2088,2123,2123,2111,2096,2113
259.515,2286.0,2299,2272,2290,2274,2263,2326,2291,2319,2293,2233,2283,2308,2280,2289,2328,2295,2300,2243,2320,2281,2289,2279,2272,2283,2281,2291,2293,2279,2268,2257
259.829,2173.6,2184,2161,2150,2184,2151,2156,2176,2168,2147,2168,2128,2212,2186,2202,2159,2157,2157,2165,2195,2166,2166,2194,2217,2161,2144,2197,2200,2158,2191,2208
260.142,2208.7,2199,2175,2230,2201,2200,2234,2226,2246,2248,2207,2199,2193,2188,2200,2201,2207,2246,2162,2204,2242,2203,2196,2210,2202,2209,2182,2207,2207,2193,2245
260.456,2359.6,2347,2369,2347,2334,2356,2373,2372,2418,2344,2367,2371,2327,2337,2384,2381,2389,2390,2355,2364,2330,2378,2324,2344,2345,2347,2368,2359,2358,2335,2376
260.770,2592.7,2620,2556,2582,2580,2600,2600,2609,2581,2578,2612,2599,2584,2606,2610,2558,2587,2572,2576,2598,2612,2556,2565,2624,2628,2577,2646,2536,2625,2594,2609
261.083,2738.8,2710,2773,2763,2744,2749,2744,2705,2741,2742,2738,2746,2746,2768,2731,2753,2748,2746,2696,2733,2730,2735,2753,2748,2715,2741,2706,2754,2738,2760,2709
261.397,2250.1,2202,2226,2229,2270,2266,2278,2221,2238,2270,2268,2289,2260,2237,2286,2284,2239,2269,2232,2246,2238,2246,2244,2225,2236,2264,2245,2233,2250,2264,2249
261.711,2250.0,2238,2264,2242,2271,2208,2268,2188,2281,2267,2254,2244,2229,2259,2291,2253,2271,2243,2255,2245,2224,2257,2240,2275,2257,2247,2237,2248,2236,2248,2261
262.025,2152.2,2142,2177,2171,2139,2121,2165,2163,2157,2200,2168,2130,2176,2197,2148,2119,2160,2130,2115,2174,2156,2160,2134,2140,2134,2135,2145,2146,2174,2184,2105
262.339,2725.5,2762,2712,2767,2731,2703,2690,2762,2703,2726,2710,2723,2737,2683,2664,2726,2748,2762,2735,2738,2758,2756,2691,2701,2728,2738,2735,2704,2733,2731,2709
262.653,2149.7,2140,2200,2150,2116,2117,2118,2137,2156,2157,2191,2192,2149,2151,2165,2144,2161,2117,2185,2158,2171,2156,2127,2174,2130,2123,2104,2162,2170,2148,2122
262.967,2526.8,2533,2517,2495,2488,2499,2531,2525,2502,2548,2538,2493,2506,2541,2540,2537,2581,2493,2520,2540,2572,2526,2552,2524,2576,2504,2514,2525,2528,2541,2515
263.281,2556.8,2576,2581,2605,2570,2549,2545,2516,2570,2520,2561,2546,2535,2555,2610,2557,2514,2543,2548,2602,2532,2531,2541,2528,2570,2578,2545,2550,2565,2588,2572
263.595,2522.2,2517,2547,2516,2515,2489,2551,2522,2516,2479,2517,2478,2506,2529,2543,2502,2583,2525,2488,2515,2535,2552,2501,2530,2496,2516,2520,2537,2536,2564,2541
263.909,2222.9,2259,2231,2206,2232,2186,2248,2217,2240,2250,2217,2216,2246,2213,2233,2195,2234,2232,2193,2190,2232,2205,2226,2240,2202,2205,2219,2222,2220,2234,2243
264.223,2331.5,2363,2361,2335,2357,2298,2301,2310,2328,2346,2316,2344,2317,2309,2361,2350,2363,2345,2303,2322,2322,2334,2320,2338,2353,2331,2299,2336,2311,2374,2299
264.537,2225.4,2229,2250,2239,2184,2243,2239,2233,2246,2253,2208,2230,2210,2210,2222,2207,2248,2206,2223,2206,2233,2237,2225,2249,2205,2203,2206,2237,2238,2202,2242
264.851,2347.2,2383,2318,2368,2350,2318,2352,2321,2312,2381,2348,2342,2337,2348,2329,2366,2351,2367,2369,2320,2345,2348,2399,2317,2340,2327,2318,2329,2412,2349,2352
265.165,2375.1,2384,2375,2377,2392,2368,2389,2407,2356,2373,2342,2335,2360,2332,2369,2395,2395,2377,2355,2397,2366,2384,2364,2363,2398,2388,2406,2360,2373,2370,2403
265.480,2395.5,2410,2408,2381,2380,2425,2402,2395,2435,2423,2420,2390,2408,2419,2410,2380,2380,2376,2381,2387,2342,2384,2401,2413,2417,2383,2401,2348,2414,2352,2400
265.794,2250.1,2264,2260,2241,2242,2237,2218,2227,2234,2271,2253,2268,2256,2245,2248,2270,2282,2254,2229,2270,2230,2265,2253,2228,2270,2265,2216,2250,2241,2274,2241
266.108,2233.8,2209,2185,2241,2193,2206,2212,2245,2229,2250,2254,2235,2233,2218,2253,2192,2264,2234,2240,2243,2251,2218,2248,2278,2228,2262,2245,2240,2219,2234,2255
266.423,2341.6,2354,2329,2331,2324,2349,2319,2360,2336,2330,2369,2336,2369,2309,2373,2344,2364,2337,2337,2392,2286,2318,2312,2359,2363,2334,2364,2315,2342,2324,2370
266.737,2486.0,2473,2474,2492,2510,2472,2463,2507,2502,2483,2469,2505,2448,2480,2495,2466,2507,2531,2500,2483,2483,2504,2466,2484,2505,2469,2447,2480,2523,2504,2456
267.052,2344.4,2328,2316,2368,2345,2331,2287,2386,2342,2355,2346,2328,2326,2365,2365,2341,2349,2358,2324,2325,2388,2357,2363,2351,2347,2332,2318,2367,2344,2330,2350
267.366,2235.4,2243,2194,2216,2235,2239,2204,2248,2249,2251,2257,2237,2250,2218,2239,2230,2252,2256,2242,2233,2250,2237,2214,2251,2217,2217,2230,2255,2252,2216,2229
267.681,2473.5,2449,2511,2506,2468,2484,2465,2500,2473,2481,2516,2459,2460,2478,2445,2473,2470,2472,2454,2452,2470,2460,2497,2473,2483,2479,2457,2439,2492,2488,2452
267.995,2740.7,2738,2712,2706,2734,2749,2709,2730,2769,2790,2756,2739,2762,2739,2751,2760,2741,2754,2742,2732,2708,2721,2733,2756,2772,2723,2745,2737,2753,2735,2724
268.310,2247.6,2220,2280,2226,2264,2216,2268,2264,2271,2272,2276,2225,2223,2284,2238,2231,2202,2239,2227,2291,2206,2263,2246,2233,2290,2221,2245,2241,2270,2251,2244
268.625,2358.1,2354,2351,2343,2349,2328,2347,2319,2347,2418,2345,2344,2330,2375,2369,2363,2390,2359,2352,2350,2388,2382,2376,2382,2365,2379,2374,2358,2333,2330,2342
268.939,2846.7,2901,2822,2849,2856,2825,2833,2827,2864,2846,2828,2838,2837,2820,2846,2858,2880,2850,2822,2854,2874,2836,2870,2849,2863,2826,2840,2839,2840,2863,2845
269.254,2317.3,2325,2335,2318,2292,2316,2323,2303,2282,2344,2309,2318,2291,2323,2308,2322,2324,2315,2353,2300,2322,2296,2335,2324,2339,2350,2308,2290,2318,2315,2322
269.569,2737.1,2715,2751,2738,2737,2725,2758,2730,2705,2733,2736,2747,2722,2724,2776,2764,2742,2751,2713,2756,2767,2769,2751,2690,2704,2762,2754,2738,2692,2721,2741
269.884,1953.7,1956,1944,1964,1996,1993,1952,1943,1926,1966,1971,1928,1931,1985,1898,1951,1963,1937,1977,1930,1962,1954,1941,1939,1957,1950,1957,1968,1975,1959,1939
270.199,2359.9,2328,2370,2348,2364,2407,2366,2344,2372,2384,2377,2367,2362,2318,2376,2346,2346,2401,2306,2376,2354,2335,2353,2337,2376,2373,2351,2366,2379,2346,2369
270.514,2388.5,2375,2398,2406,2356,2354,2386,2382,2380,2376,2395,2414,2413,2383,2384,2393,2402,2368,2419,2401,2388,2386,2386,2377,2398,2377,2410,2410,2403,2382,2353
270.829,2197.0,2262,2200,2168,2191,2186,2214,2193,2171,2165,2197,2167,2225,2178,2173,2178,2193,2187,2216,2211,2206,2184,2218,2226,2187,2199,2210,2200,2192,2212,2201
271.144,2494.2,2504,2534,2490,2507,2516,2490,2520,2468,2501,2494,2484,2456,2497,2467,2472,2492,2469,2501,2484,2497,2482,2525,2515,2510,2495,2495,2490,2493,2460,2517
271.459,2129.2,2147,2145,2124,2177,2120,2140,2106,2117,2187,2136,2088,2118,2149,2126,2090,2132,2120,2143,2114,2142,2130,2134,2085,2138,2140,2139,2111,2145,2110,2123
271.774,2565.4,2587,2537,2577,2568,2567,2568,2563,2569,2572,2574,2547,2551,2568,2531,2578,2551,2533,2568,2589,2620,2560,2589,2550,2568,2547,2580,2552,2562,2552,2585
272.089,2144.8,2161,2165,2164,2095,2140,2125,2116,2104,2176,2152,2162,2147,2149,2120,2140,2165,2181,2125,2180,2167,2100,2154,2162,2137,2154,2143,2159,2136,2134,2132
272.404,2303.6,2306,2328,2316,2286,2321,2297,2305,2311,2334,2306,2335,2252,2321,2300,2294,2320,2289,2300,2277,2313,2298,2320,2314,2299,2301,2295,2311,2291,2294,2275
272.719,2644.5,2644,2673,2632,2651,2612,2658,2627,2642,2646,2633,2637,2598,2660,2654,2645,2679,2646,2629,2662,2603,2616,2627,2668,2620,2667,2653,2700,2650,2641,2662
273.035,2041.4,2043,2052,2022,2047,2034,2067,2045,2063,2013,2033,2052,2025,2052,2064,2024,2034,2085,2035,2038,2066,2058,2042,2033,2065,2050,2042,2008,2020,2010,2021
273.350,2559.4,2545,2516,2565,2574,2631,2555,2556,2528,2591,2537,2534,2524,2548,2557,2514,2525,2512,2542,2598,2575,2578,2578,2583,2564,2624,2582,2547,2557,2579,2562
273.665,2469.2,2459,2478,2494,2488,2478,2466,2473,2462,2458,2478,2467,2465,2454,2458,2445,2477,2435,2504,2483,2450,2485,2489,2495,2432,2398,2479,2492,2493,2460,2482
273.981,2347.8,2358,2365,2338,2349,2328,2346,2369,2323,2338,2366,2364,2362,2346,2382,2347,2338,2382,2365,2323,2341,2300,2322,2353,2336,2377,2365,2352,2329,2338,2333
274.296,2314.0,2314,2325,2303,2299,2322,2266,2370,2349,2312,2269,2305,2310,2331,2312,2299,2288,2324,2312,2372,2326,2280,2294,2295,2351,2318,2320,2312,2312,2310,2319
274.612,2326.7,2323,2279,2346,2358,2294,2376,2345,2340,2348,2354,2272,2304,2333,2297,2317,2324,2283,2320,2337,2322,2335,2369,2346,2320,2305,2344,2302,2330,2350,2327
274.927,2283.9,2278,2297,2261,2244,2286,2300,2296,2333,2266,2295,2270,2291,2264,2282,2276,2246,2266,2274,2271,2285,2322,2315,2317,2299,2289,2300,2313,2280,2252,2248
275.243,2304.6,2322,2290,2310,2344,2278,2290,2269,2272,2300,2316,2281,2325,2339,2335,2294,2268,2333,2291,2280,2298,2267,2313,2318,2304,2318,2288,2324,2330,2317,2323
275.558,2267.3,2269,2228,2252,2264,2319,2245,2277,2247,2266,2277,2282,2252,2243,2270,2300,2264,2273,2260,2282,2275,2218,2232,2299,2266,2274,2268,2279,2299,2285,2254
275.874,2200.3,2221,2208,2184,2211,2189,2180,2178,2216,2194,2183,2164,2184,2182,2225,2222,2187,2241,2187,2205,2182,2176,2194,2233,2200,2196,2217,2235,2214,2161,2240
276.189,2395.9,2384,2430,2382,2392,2368,2392,2383,2400,2408,2387,2389,2412,2408,2421,2401,2393,2430,2380,2403,2380,2379,2394,2439,2338,2400,2425,2396,2393,2348,2423
276.505,2400.4,2375,2382,2349,2454,2397,2427,2401,2402,2428,2373,2419,2372,2378,2392,2455,2443,2416,2390,2401,2383,2424,2355,2389,2412,2394,2396,2430,2350,2427,2397
276.821,2694.9,2676,2701,2692,2644,2719,2686,2714,2666,2698,2700,2728,2710,2690,2701,2674,2717,2710,2698,2704,2721,2689,2668,2685,2707,2719,2664,2684,2702,2674,2706
277.137,2221.0,2211,2186,2229,2235,2228,2263,2175,2249,2196,2259,2220,2232,2206,2222,2251,2173,2241,2227,2208,2189,2228,2222,2225,2248,2235,2200,2207,2221,2221,2222
277.453,2168.9,2127,2134,2189,2149,2164,2207,2159,2170,2153,2175,2194,2187,2139,2150,2184,2180,2175,2177,2173,2158,2157,2203,2162,2184,2171,2152,2165,2197,2169,2163
277.768,2385.7,2337,2423,2353,2388,2358,2386,2333,2426,2370,2405,2365,2365,2377,2357,2386,2370,2399,2412,2382,2397,2392,2376,2434,2390,2401,2423,2406,2422,2379,2360
278.084,2157.0,2125,2174,2123,2132,2184,2159,2159,2183,2133,2150,2157,2161,2155,2134,2150,2189,2178,2161,2103,2168,2204,2155,2160,2154,2131,2161,2156,2131,2194,2187
278.400,2343.4,2350,2342,2315,2327,2366,2363,2349,2336,2379,2335,2327,2364,2392,2353,2332,2305,2327,2328,2351,2367,2367,2312,2351,2334,2357,2325,2320,2350,2333,2345
278.716,2255.0,2232,2271,2233,2238,2240,2221,2255,2267,2269,2230,2248,2250,2243,2252,2271,2206,2285,2260,2265,2245,2231,2265,2292,2301,2278,2270,2276,2257,2250,2248
279.032,2088.1,2069,2099,2084,2104,2119,2054,2078,2042,2088,2095,2072,2124,2089,2098,2082,2078,2137,2076,2047,2090,2128,2072,2052,2085,2085,2112,2098,2140,2080,2066
279.348,2338.5,2361,2330,2378,2335,2324,2290,2353,2302,2382,2371,2349,2312,2350,2271,2336,2344,2355,2371,2306,2391,2331,2328,2332,2364,2355,2336,2325,2312,2344,2317
279.664,2193.5,2193,2205,2166,2186,2166,2232,2185,2175,2186,2213,2188,2196,2220,2188,2177,2169,2206,2172,2182,2186,2210,2200,2197,2210,2218,2201,2212,2195,2192,2179
279.981,2565.4,2567,2536,2586,2560,2556,2552,2565,2580,2582,2575,2537,2550,2567,2569,2571,2581,2542,2561,2638,2551,2581,2536,2534,2602,2614,2563,2568,2552,2564,2522
280.297,2183.0,2164,2188,2134,2223,2165,2178,2169,2152,2214,2176,2184,2202,2186,2185,2191,2187,2188,2177,2156,2211,2189,2185,2209,2163,2172,2209,2156,2184,2217,2176
280.613,2122.9,2137,2120,2095,2131,2128,2107,2141,2093,2137,2139,2086,2106,2116,2123,2141,2122,2132,2124,2110,2135,2121,2113,2124,2123,2099,2127,2165,2142,2139,2111
280.929,2240.2,2191,2222,2217,2234,2262,2242,2223,2210,2248,2230,2222,2258,2223,2273,2270,2220,2279,2241,2219,2255,2261,2274,2250,2211,2251,2235,2221,2265,2246,2252
281.246,2503.9,2508,2534,2485,2501,2544,2519,2522,2471,2520,2503,2462,2498,2507,2506,2498,2523,2497,2500,2490,2494,2523,2533,2501,2446,2546,2472,2478,2517,2530,2489
281.562,2240.4,2256,2241,2213,2205,2229,2220,2267,2193,2221,2220,2241,2280,2237,2214,2207,2270,2266,2255,2248,2249,2249,2233,2252,2260,2259,2211,2246,2285,2236,2249
281.878,2113.9,2108,2129,2119,2141,2120,2120,2143,2155,2093,2135,2133,2094,2072,2088,2113,2112,2104,2082,2126,2126,2134,2068,2104,2117,2137,2093,2135,2097,2110,2108
282.195,2278.7,2277,2274,2280,2261,2328,2293,2250,2259,2304,2244,2268,2289,2261,2248,2244,2305,2243,2301,2316,2255,2276,2253,2306,2278,2289,2278,2303,2283,2283,2312
282.511,2408.0,2419,2408,2411,2464,2410,2394,2425,2435,2397,2410,2405,2405,2392,2428,2379,2411,2340,2433,2425,2405,2408,2396,2392,2396,2398,2418,2416,2426,2395,2399
282.828,2248.6,2264,2243,2242,2245,2219,2234,2254,2261,2257,2277,2259,2249,2188,2203,2227,2241,2302,2227,2258,2248,2248,2245,2258,2264,2223,2280,2267,2266,2254,2254
283.144,2372.1,2362,2378,2360,2364,2351,2362,2392,2353,2371,2333,2380,2388,2399,2361,2397,2375,2390,2369,2396,2351,2370,2371,2382,2396,2371,2340,2399,2387,2349,2366
283.461,2287.3,2280,2264,2291,2309,2297,2305,2293,2302,2274,2248,2312,2289,2236,2275,2305,2273,2308,2316,2301,2254,2269,2303,2294,2296,2281,2297,2270,2291,2299,2286
283.778,2392.0,2366,2373,2377,2394,2406,2362,2387,2426,2399,2379,2363,2417,2354,2390,2396,2410,2381,2414,2342,2397,2416,2397,2419,2367,2422,2414,2384,2403,2408,2397
284.094,2229.5,2235,2227,2213,2221,2239,2274,2278,2243,2233,2235,2232,2235,2212,2212,2215,2216,2235,2258,2253,2212,2241,2174,2227,2206,2232,2198,2234,2218,2260,2217
284.411,2229.4,2191,2225,2198,2281,2197,2233,2207,2238,2248,2267,2196,2257,2214,2211,2232,2214,2248,2239,2253,2187,2229,2258,2235,2236,2195,2228,2232,2240,2248,2246
284.728,2222.0,2218,2185,2209,2239,2217,2171,2230,2223,2221,2248,2250,2187,2197,2220,2209,2240,2236,2255,2215,2235,2250,2247,2216,2257,2219,2219,2184,2235,2230,2198
285.045,2019.6,1976,2025,1995,1998,1990,1992,2010,2042,2038,2053,2019,2049,1991,2019,2000,2041,2015,2023,2008,2040,2032,2036,2051,2046,2018,2019,1992,2031,2018,2022
285.361,2098.6,2093,2100,2089,2083,2083,2077,2144,2113,2074,2104,2088,2130,2067,2089,2096,2132,2116,2088,2111,2097,2127,2085,2088,2091,2126,2082,2109,2106,2067,2104
285.678,2248.4,2234,2267,2217,2235,2253,2291,2257,2286,2234,2257,2238,2225,2273,2250,2246,2244,2236,2275,2274,2212,2232,2265,2255,2244,2240,2246,2233,2250,2216,2266
285.995,2307.0,2265,2269,2341,2299,2324,2286,2307,2341,2338,2282,2300,2293,2336,2291,2287,2288,2277,2318,2326,2307,2337,2330,2305,2315,2313,2333,2283,2327,2288,2304
286.312,2411.6,2385,2423,2383,2422,2405,2373,2421,2440,2424,2462,2430,2376,2410,2382,2404,2424,2414,2398,2385,2378,2445,2414,2446,2448,2400,2425,2389,2431,2386,2424
286.629,2382.8,2374,2404,2402,2371,2389,2384,2375,2366,2441,2357,2399,2356,2394,2405,2398,2376,2380,2381,2343,2387,2394,2393,2389,2402,2384,2368,2377,2366,2389,2341
286.946,2874.7,2849,2882,2856,2879,2937,2863,2859,2886,2840,2885,2909,2860,2885,2864,2904,2874,2855,2883,2892,2874,2875,2872,2879,2907,2863,2875,2857,2819,2849,2908
287.263,2334.8,2314,2362,2358,2322,2333,2363,2356,2347,2334,2323,2351,2350,2311,2322,2315,2310,2351,2342,2320,2376,2346,2279,2360,2307,2332,2312,2344,2330,2335,2340
287.580,2768.9,2722,2809,2808,2725,2805,2699,2778,2766,2791,2750,2776,2783,2788,2755,2776,2791,2745,2705,2793,2768,2794,2778,2760,2754,2753,2742,2789,2795,2784,2784
287.898,2317.6,2309,2346,2328,2309,2293,2269,2335,2315,2286,2340,2322,2318,2259,2335,2285,2347,2339,2290,2308,2376,2362,2301,2328,2348,2284,2281,2325,2360,2316,2313
288.215,2066.9,2063,2061,2044,2097,2052,2054,2044,2044,2077,2029,2045,2098,2060,2080,2068,2053,2103,2097,2019,2023,2058,2048,2100,2132,2062,2062,2126,2068,2093,2048
288.532,2359.9,2342,2351,2351,2366,2375,2335,2398,2333,2352,2392,2365,2381,2387,2348,2354,2391,2383,2324,2373,2357,2351,2364,2350,2382,2372,2346,2328,2346,2370,2331
288.849,2222.3,2220,2203,2213,2245,2246,2221,2201,2232,2197,2222,2164,2204,2195,2211,2232,2207,2242,2231,2261,2196,2231,2232,2201,2211,2274,2246,2202,2223,2260,2245
289.167,2186.6,2180,2162,2201,2201,2198,2137,2187,2191,2164,2176,2205,2174,2200,2184,2178,2188,2177,2221,2173,2195,2202,2185,2171,2163,2193,2218,2155,2165,2235,2218
289.484,2281.8,2281,2296,2259,2304,2254,2292,2250,2269,2276,2256,2281,2284,2271,2315,2270,2230,2283,2287,2286,2320,2317,2305,2293,2293,2280,2289,2270,2261,2307,2275
289.801,2309.5,2302,2276,2335,2314,2298,2282,2318,2308,2298,2286,2268,2318,2318,2313,2328,2322,2270,2342,2330,2317,2288,2304,2341,2280,2306,2331,2376,2320,2307,2289
290.119,2403.2,2399,2415,2419,2411,2390,2415,2386,2408,2399,2388,2368,2409,2392,2407,2401,2400,2392,2376,2401,2429,2417,2393,2460,2386,2432,2429,2392,2412,2358,2412
290.436,2237.4,2206,2267,2246,2234,2213,2213,2259,2228,2254,2215,2240,2256,2256,2236,2226,2220,2233,2220,2230,2256,2221,2197,2271,2235,2272,2262,2238,2217,2254,2248
290.754,2495.1,2456,2484,2516,2523,2509,2500,2506,2512,2446,2501,2511,2504,2509,2433,2473,2461,2514,2474,2478,2525,2501,2520,2499,2492,2523,2508,2485,2480,2480,2530
291.071,2460.7,2454,2512,2405,2505,2512,2406,2464,2472,2478,2427,2461,2482,2474,2409,2476,2452,2458,2463,2464,2465,2444,2439,2477,2455,2444,2455,2456,2453,2482,2477
291.389,2122.2,2111,2117,2117,2098,2108,2106,2136,2123,2135,2136,2163,2101,2108,2100,2130,2127,2122,2130,2136,2105,2143,2116,2163,2137,2147,2145,2110,2117,2080,2098
291.707,2260.0,2269,2265,2273,2252,2267,2298,2266,2272,2284,2237,2213,2273,2240,2277,2245,2264,2225,2263,2268,2229,2328,2262,2249,2279,2228,2260,2252,2268,2230,2264
292.024,2194.7,2194,2227,2218,2205,2197,2180,2160,2171,2248,2219,2205,2182,2182,2180,2228,2176,2194,2216,2162,2222,2197,2193,2183,2196,2175,2207,2185,2149,2192,2198
292.342,2274.9,2258,2280,2280,2265,2288,2259,2280,2270,2307,2250,2269,2282,2270,2271,2257,2255,2278,2278,2276,2282,2310,2291,2253,2308,2286,2282,2246,2297,2233,2286
292.660,2205.1,2192,2198,2225,2213,2216,2186,2206,2184,2230,2214,2209,2215,2202,2235,2206,2204,2208,2251,2179,2184,2229,2199,2228,2180,2179,2200,2204,2213,2141,2224
292.978,2260.6,2248,2216,2307,2295,2272,2244,2274,2275,2285,2214,2262,2306,2239,2259,2227,2258,2273,2252,2255,2252,2247,2238,2266,2290,2178,2289,2290,2280,2249,2278
293.296,2386.4,2386,2384,2429,2351,2344,2389,2399,2398,2404,2374,2397,2388,2395,2420,2381,2361,2400,2402,2368,2392,2384,2394,2382,2420,2414,2374,2390,2315,2385,2373
293.613,2064.1,2102,2072,2065,2084,2077,2074,2057,2024,2078,2072,2061,2088,2065,2072,2048,2044,2040,2076,2062,2063,2064,2062,2019,2095,2063,2073,2074,2046,2069,2034
293.931,2207.1,2199,2216,2179,2213,2171,2224,2163,2195,2268,2205,2223,2206,2207,2200,2213,2204,2173,2195,2217,2224,2204,2220,2206,2232,2224,2207,2224,2211,2206,2184
294.249,2528.6,2535,2559,2555,2579,2494,2575,2499,2488,2523,2537,2485,2547,2494,2584,2526,2493,2528,2561,2531,2508,2511,2494,2514,2522,2557,2518,2563,2537,2479,2562
294.567,2262.2,2305,2324,2240,2292,2230,2266,2280,2230,2248,2273,2270,2248,2264,2262,2288,2248,2260,2268,2278,2257,2301,2251,2263,2225,2271,2228,2288,2231,2241,2237
294.885,2411.8,2387,2443,2387,2372,2415,2434,2402,2407,2405,2386,2414,2416,2424,2448,2419,2444,2421,2417,2372,2397,2445,2428,2426,2418,2411,2398,2374,2429,2399,2416
295.203,2290.9,2311,2290,2260,2296,2307,2276,2306,2288,2323,2277,2309,2308,2290,2309,2303,2266,2257,2293,2312,2304,2270,2297,2267,2281,2297,2282,2314,2279,2285,2270
295.522,2455.8,2475,2474,2500,2416,2473,2447,2465,2428,2465,2449,2420,2459,2470,2478,2463,2425,2447,2452,2468,2440,2444,2431,2449,2468,2459,2473,2469,2452,2437,2479
295.840,2260.3,2288,2269,2249,2230,2269,2233,2281,2263,2251,2289,2270,2259,2289,2243,2275,2249,2257,2234,2251,2229,2236,2307,2252,2264,2288,2236,2261,2261,2258,2269
296.158,2595.3,2590,2610,2576,2585,2603,2590,2596,2596,2637,2583,2570,2560,2616,2574,2591,2607,2599,2607,2597,2594,2589,2569,2589,2610,2639,2587,2614,2589,2600,2592
296.476,2578.9,2591,2580,2561,2552,2594,2552,2595,2561,2612,2566,2586,2585,2564,2570,2556,2555,2590,2575,2564,2580,2584,2570,2582,2580,2589,2598,2572,2579,2589,2635
296.795,2406.9,2395,2397,2399,2447,2369,2425,2422,2408,2427,2401,2408,2406,2398,2392,2378,2393,2426,2410,2412,2390,2420,2381,2409,2394,2408,2431,2432,2432,2404,2393
297.113,2146.5,2125,2161,2161,2141,2143,2142,2149,2129,2132,2143,2171,2145,2132,2145,2152,2156,2218,2147,2136,2124,2103,2156,2173,2143,2135,2155,2148,2130,2162,2137
297.431,2201.3,2236,2223,2200,2196,2159,2191,2239,2213,2199,2198,2194,2206,2175,2185,2200,2222,2236,2188,2216,2200,2215,2183,2200,2200,2180,2173,2217,2201,2175,2218
297.750,2362.8,2377,2357,2405,2378,2401,2402,2338,2348,2361,2390,2342,2395,2378,2363,2388,2366,2338,2357,2359,2299,2370,2360,2376,2314,2348,2382,2360,2323,2364,2345
298.068,2189.6,2164,2185,2177,2196,2182,2176,2185,2183,2192,2230,2188,2155,2216,2201,2205,2188,2195,2212,2178,2202,2173,2208,2179,2181,2190,2193,2200,2181,2189,2184
298.387,2237.5,2211,2232,2259,2208,2266,2241,2223,2239,2222,2258,2222,2237,2219,2248,2240,2283,2221,2214,2232,2248,2231,2226,2227,2264,2265,2240,2249,2226,2252,2222
298.705,2836.7,2846,2816,2834,2810,2798,2844,2857,2843,2850,2842,2833,2826,2857,2848,2843,2795,2878,2829,2809,2848,2792,2854,2836,2826,2864,2855,2822,2832,2847,2867
299.024,2154.1,2150,2181,2116,2162,2129,2185,2163,2179,2142,2163,2125,2148,2162,2165,2159,2167,2176,2152,2151,2127,2133,2145,2151,2136,2158,2156,2175,2148,2151,2169
299.342,2288.7,2326,2325,2301,2304,2256,2290,2277,2260,2297,2290,2318,2303,2284,2287,2294,2253,2324,2266,2289,2272,2277,2265,2294,2283,2272,2287,2305,2277,2277,2309
299.661,2131.2,2123,2125,2133,2147,2156,2147,2116,2167,2128,2127,2142,2163,2096,2146,2092,2105,2109,2117,2114,2138,2144,2102,2136,2146,2156,2154,2132,2110,2136,2129
299.980,2198.3,2172,2215,2236,2214,2200,2214,2206,2197,2190,2222,2201,2188,2230,2166,2217,2175,2183,2194,2203,2174,2228,2154,2215,2213,2196,2196,2168,2217,2193,2173
300.298,2325.1,2310,2327,2355,2328,2328,2362,2348,2309,2319,2336,2343,2294,2305,2344,2327,2301,2305,2285,2340,2329,2348,2345,2299,2334,2323,2301,2350,2325,2320,2313
300.617,2220.4,2211,2172,2221,2200,2241,2232,2261,2201,2255,2212,2232,2208,2231,2208,2247,2208,2218,2213,2182,2227,2254,2208,2236,2185,2208,2207,2248,2228,2252,2207
300.936,2145.1,2162,2144,2152,2137,2137,2135,2150,2138,2175,2137,2150,2144,2171,2186,2133,2144,2126,2152,2136,2135,2126,2152,2143,2166,2152,2122,2145,2128,2128,2147
301.255,2435.8,2468,2466,2423,2422,2454,2462,2443,2442,2479,2425,2435,2417,2420,2440,2414,2443,2422,2439,2464,2448,2460,2430,2419,2416,2441,2383,2427,2406,2410,2457
301.574,2458.8,2453,2467,2466,2408,2463,2415,2444,2492,2476,2440,2496,2473,2519,2473,2457,2427,2488,2449,2483,2431,2482,2438,2443,2450,2444,2427,2452,2510,2424,2474
301.892,2196.5,2204,2193,2213,2224,2204,2204,2205,2196,2217,2200,2168,2186,2227,2163,2172,2209,2130,2186,2193,2208,2181,2194,2194,2164,2204,2207,2207,2218,2195,2228
302.211,2240.9,2243,2255,2227,2241,2250,2233,2271,2205,2247,2246,2248,2274,2253,2213,2231,2225,2216,2268,2241,2255,2209,2205,2235,2231,2278,2246,2222,2252,2201,2305
302.530,2556.4,2543,2544,2609,2536,2529,2577,2519,2547,2568,2520,2536,2569,2591,2558,2570,2554,2568,2576,2580,2513,2578,2565,2562,2577,2552,2552,2571,2530,2520,2578
302.849,2468.9,2469,2507,2451,2474,2461,2479,2522,2454,2456,2453,2478,2466,2455,2437,2488,2462,2480,2441,2465,2497,2500,2443,2473,2436,2456,2496,2459,2446,2473,2491
303.169,2382.1,2358,2370,2412,2352,2369,2361,2374,2382,2395,2398,2379,2421,2376,2402,2378,2371,2383,2415,2385,2366,2404,2354,2390,2375,2363,2362,2394,2393,2388,2392
303.488,2376.5,2385,2404,2381,2394,2408,2336,2353,2371,2401,2379,2361,2391,2369,2401,2366,2355,2378,2341,2359,2401,2374,2402,2371,2351,2384,2349,2381,2359,2402,2389
303.807,2173.3,2169,2200,2173,2185,2171,2196,2135,2152,2164,2178,2178,2193,2207,2188,2165,2185,2168,2218,2128,2176,2177,2177,2158,2176,2135,2165,2149,2158,2194,2181
304.126,2234.7,2214,2240,2218,2248,2241,2253,2214,2238,2251,2232,2270,2255,2248,2258,2236,2240,2219,2257,2228,2228,2201,2255,2242,2244,2209,2212,2243,2205,2225,2216
304.445,2461.6,2427,2476,2470,2458,2454,2416,2480,2484,2485,2432,2430,2499,2498,2480,2497,2408,2472,2453,2464,2473,2493,2456,2449,2440,2447,2438,2479,2483,2472,2434
304.765,2467.3,2476,2474,2485,2455,2460,2474,2461,2447,2476,2459,2451,2429,2484,2474,2462,2411,2480,2475,2490,2471,2447,2464,2456,2475,2486,2446,2488,2457,2505,2500
305.084,2408.6,2388,2384,2445,2447,2413,2364,2395,2404,2401,2408,2444,2431,2404,2351,2427,2415,2425,2412,2417,2450,2347,2405,2400,2401,2416,2407,2404,2410,2396,2446
305.403,2214.4,2219,2225,2246,2257,2232,2236,2235,2186,2222,2211,2218,2212,2168,2216,2175,2229,2184,2188,2239,2212,2226,2219,2193,2221,2228,2239,2196,2192,2206,2202
305.723,2276.4,2276,2269,2260,2293,2273,2264,2282,2296,2292,2269,2298,2293,2248,2311,2309,2276,2249,2310,2270,2278,2295,2258,2264,2265,2256,2289,2269,2252,2274,2255
306.042,2341.4,2367,2351,2333,2353,2334,2348,2342,2347,2329,2385,2348,2312,2321,2318,2334,2330,2348,2339,2369,2353,2361,2370,2337,2322,2341,2305,2336,2353,2343,2313
306.361,2360.3,2373,2349,2393,2376,2354,2373,2346,2361,2346,2349,2303,2366,2355,2362,2394,2335,2364,2378,2357,2358,2357,2334,2390,2362,2336,2348,2426,2340,2360,2364
306.681,2214.3,2200,2202,2233,2229,2172,2206,2244,2221,2217,2200,2193,2197,2226,2243,2209,2225,2212,2253,2212,2217,2169,2222,2202,2225,2225,2220,2259,2193,2229,2175
307.001,2278.1,2299,2315,2262,2293,2302,2250,2300,2302,2261,2303,2271,2267,2286,2289,2285,2247,2276,2290,2328,2232,2288,2276,2265,2276,2287,2238,2263,2278,2235,2279
307.320,2411.8,2451,2386,2431,2424,2461,2432,2376,2413,2397,2452,2424,2411,2402,2412,2421,2431,2378,2421,2387,2404,2379,2410,2403,2400,2434,2388,2402,2440,2423,2361
307.640,2387.1,2393,2379,2373,2389,2357,2418,2400,2389,2413,2409,2366,2392,2403,2368,2390,2400,2416,2402,2364,2396,2349,2371,2388,2373,2378,2408,2373,2363,2419,2375
307.959,2456.0,2448,2463,2463,2474,2451,2462,2484,2443,2449,2471,2453,2478,2429,2476,2444,2432,2456,2454,2485,2450,2459,2465,2458,2393,2461,2444,2464,2483,2419,2470
308.279,2253.0,2297,2238,2219,2238,2229,2250,2240,2259,2255,2256,2281,2253,2292,2248,2245,2269,2243,2240,2258,2251,2212,2285,2237,2258,2271,2264,2221,2261,2241,2278
308.599,2445.4,2456,2465,2428,2448,2501,2437,2446,2445,2428,2448,2454,2419,2427,2472,2452,2443,2427,2439,2473,2464,2430,2397,2460,2463,2453,2425,2450,2426,2434,2451
308.919,2269.0,2249,2292,2314,2232,2272,2278,2254,2259,2275,2266,2315,2255,2267,2244,2254,2269,2296,2254,2271,2318,2237,2269,2280,2277,2241,2264,2251,2309,2259,2249
309.238,2413.3,2407,2437,2418,2395,2396,2431,2402,2365,2404,2401,2370,2431,2420,2422,2459,2399,2452,2421,2453,2406,2385,2454,2397,2417,2390,2447,2397,2392,2430,2400
309.558,2362.2,2388,2336,2355,2379,2362,2375,2372,2348,2346,2370,2371,2369,2326,2325,2366,2380,2370,2370,2390,2375,2326,2349,2360,2348,2378,2386,2361,2371,2385,2330
309.878,2255.4,2280,2253,2251,2253,2260,2278,2184,2246,2266,2233,2238,2318,2254,2249,2260,2306,2241,2238,2216,2257,2215,2309,2276,2268,2275,2234,2260,2248,2240,2256
310.198,2807.9,2814,2784,2784,2819,2741,2804,2796,2805,2810,2790,2788,2826,2803,2828,2823,2843,2798,2810,2830,2822,2809,2796,2810,2833,2859,2830,2808,2781,2797,2795
310.518,2433.1,2410,2437,2435,2421,2404,2442,2408,2427,2445,2428,2456,2494,2447,2451,2413,2393,2457,2448,2425,2475,2411,2448,2414,2415,2438,2412,2419,2434,2432,2454
310.838,2527.0,2557,2528,2521,2512,2483,2557,2522,2548,2522,2511,2501,2511,2517,2531,2532,2516,2562,2502,2513,2525,2520,2559,2506,2576,2514,2546,2546,2530,2518,2525
311.158,2519.7,2491,2502,2504,2512,2505,2548,2527,2530,2488,2493,2493,2530,2537,2526,2526,2502,2527,2481,2511,2527,2499,2560,2543,2517,2515,2524,2541,2552,2520,2561
311.478,2239.8,2258,2218,2289,2228,2210,2266,2235,2217,2246,2242,2262,2235,2255,2225,2224,2265,2256,2220,2251,2252,2240,2237,2217,2241,2214,2215,2238,2245,2231,2262
311.799,2220.9,2214,2228,2257,2203,2213,2196,2233,2226,2199,2185,2216,2229,2239,2200,2204,2206,2207,2247,2236,2239,2245,2271,2194,2230,2223,2235,2233,2200,2253,2166
312.119,2343.3,2349,2322,2340,2313,2292,2374,2360,2387,2287,2316,2371,2305,2353,2329,2338,2336,2296,2357,2306,2355,2355,2356,2355,2359,2364,2390,2364,2358,2331,2381
312.439,2535.3,2522,2540,2542,2505,2529,2565,2586,2558,2521,2538,2519,2554,2543,2563,2567,2502,2574,2536,2492,2544,2527,2520,2517,2543,2492,2510,2510,2571,2532,2537
312.759,2363.3,2371,2386,2342,2319,2346,2371,2349,2360,2378,2376,2356,2373,2376,2380,2353,2308,2389,2351,2360,2376,2357,2365,2348,2378,2360,2384,2379,2367,2393,2347
313.079,2472.4,2500,2451,2493,2456,2467,2489,2451,2474,2495,2503,2454,2453,2526,2436,2454,2452,2480,2496,2488,2463,2449,2447,2469,2459,2488,2492,2414,2502,2479,2493
313.400,2206.5,2200,2222,2209,2185,2221,2243,2201,2233,2198,2229,2210,2211,2198,2173,2226,2212,2190,2234,2204,2218,2196,2203,2204,2204,2218,2221,2203,2174,2168,2186
313.720,2114.5,2163,2087,2090,2100,2112,2066,2106,2114,2136,2153,2124,2136,2142,2123,2131,2071,2103,2096,2079,2112,2106,2100,2136,2104,2148,2139,2097,2110,2109,2142
314.041,2177.4,2135,2161,2142,2170,2148,2200,2133,2210,2189,2184,2203,2164,2168,2201,2180,2187,2194,2147,2154,2184,2206,2163,2167,2193,2180,2176,2171,2182,2206,2223
314.361,2227.0,2256,2222,2265,2216,2158,2266,2238,2226,2232,2202,2200,2230,2177,2235,2245,2209,2253,2252,2236,2243,2255,2211,2222,2216,2266,2232,2176,2222,2240,2209
314.682,2191.4,2179,2208,2198,2161,2172,2190,2186,2192,2173,2226,2175,2185,2211,2203,2203,2186,2182,2198,2166,2203,2177,2171,2206,2178,2230,2217,2189,2166,2202,2209
315.002,2304.3,2308,2318,2306,2279,2259,2318,2329,2268,2312,2284,2285,2317,2273,2317,2310,2310,2330,2332,2357,2327,2311,2294,2285,2332,2328,2309,2260,2302,2304,2265
315.323,2203.8,2215,2153,2252,2199,2236,2189,2223,2191,2183,2210,2196,2235,2218,2189,2195,2222,2177,2213,2206,2198,2163,2216,2167,2198,2198,2266,2205,2170,2206,2226
315.643,2538.7,2528,2563,2520,2539,2539,2581,2556,2541,2523,2572,2537,2528,2512,2583,2513,2477,2536,2568,2566,2529,2577,2553,2514,2499,2520,2543,2550,2544,2495,2555
315.964,2414.7,2433,2419,2425,2399,2406,2390,2401,2434,2423,2408,2388,2410,2435,2373,2430,2423,2407,2421,2387,2398,2433,2435,2404,2450,2395,2452,2428,2371,2426,2437
316.285,1977.4,2000,1980,1977,1965,1962,1993,1955,1965,1970,1987,1987,2001,1972,1930,1969,1991,1987,1991,1990,1990,1998,1970,1966,1981,1969,1964,1958,1996,1990,1968
316.605,2266.8,2269,2225,2235,2286,2319,2298,2286,2268,2296,2288,2252,2281,2250,2247,2283,2257,2250,2252,2274,2269,2289,2267,2256,2270,2247,2267,2283,2214,2252,2275
316.926,2380.2,2382,2388,2386,2373,2387,2422,2399,2360,2353,2385,2363,2371,2352,2384,2390,2376,2401,2322,2356,2376,2387,2385,2385,2384,2372,2384,2379,2366,2419,2419
317.247,2581.4,2558,2509,2580,2644,2589,2577,2571,2620,2585,2571,2611,2613,2607,2587,2583,2575,2570,2571,2580,2619,2527,2535,2592,2593,2586,2567,2602,2617,2551,2552
317.568,2473.1,2497,2436,2498,2488,2467,2464,2477,2431,2469,2398,2480,2512,2465,2510,2499,2515,2488,2488,2449,2459,2476,2443,2478,2471,2453,2469,2493,2473,2455,2492
317.889,2512.1,2512,2507,2506,2543,2500,2493,2509,2512,2492,2505,2539,2546,2525,2537,2527,2502,2544,2497,2518,2544,2493,2522,2515,2462,2504,2509,2506,2517,2473,2503
318.210,2024.3,2035,2056,2028,2004,2033,2026,2077,2006,2029,2014,1982,2047,2013,2023,2078,2015,2018,2017,1999,2040,2034,2060,2042,1975,1985,2002,2039,1984,2050,2017
318.530,2413.4,2433,2389,2395,2431,2388,2389,2429,2411,2392,2418,2436,2409,2423,2412,2406,2426,2389,2427,2380,2383,2445,2435,2414,2409,2372,2453,2454,2444,2403,2408
318.851,2276.9,2291,2269,2315,2323,2322,2273,2250,2277,2253,2267,2320,2280,2262,2264,2288,2282,2274,2249,2248,2297,2294,2239,2262,2290,2264,2236,2267,2281,2303,2268
319.173,2373.1,2348,2358,2377,2345,2352,2395,2358,2360,2375,2377,2394,2357,2327,2369,2414,2382,2402,2392,2347,2407,2397,2386,2393,2389,2321,2385,2377,2385,2328,2396
319.494,2244.8,2261,2269,2226,2265,2246,2261,2252,2248,2216,2244,2250,2241,2212,2239,2237,2194,2290,2312,2249,2254,2255,2231,2250,2264,2204,2229,2246,2261,2218,2219
319.815,2236.1,2228,2232,2217,2278,2197,2212,2252,2228,2270,2236,2223,2242,2222,2308,2177,2269,2256,2211,2178,2236,2266,2236,2265,2254,2252,2230,2195,2247,2246,2219
320.136,2532.3,2505,2507,2511,2541,2600,2531,2546,2552,2518,2575,2543,2585,2511,2516,2534,2524,2530,2576,2494,2510,2548,2508,2525,2504,2492,2559,2538,2518,2556,2513
320.457,2366.0,2424,2362,2350,2384,2386,2361,2394,2386,2375,2329,2408,2367,2360,2341,2399,2364,2298,2381,2341,2360,2368,2374,2365,2350,2336,2390,2367,2372,2336,2353
320.778,2424.9,2412,2414,2420,2468,2416,2443,2440,2414,2465,2403,2396,2440,2445,2429,2437,2427,2390,2440,2383,2435,2445,2404,2454,2419,2431,2441,2424,2405,2379,2427
321.100,2589.2,2609,2590,2572,2581,2606,2554,2603,2578,2581,2634,2570,2576,2563,2627,2593,2609,2541,2581,2590,2610,2545,2615,2574,2630,2576,2585,2589,2605,2609,2579
321.421,2027.0,2052,2020,2047,2009,2032,2022,2007,2001,2029,2008,2027,2047,2044,1976,2043,2024,2052,2034,2024,2029,2047,2024,1999,2044,2023,2019,2011,1999,2061,2056
321.742,2244.3,2234,2246,2209,2231,2225,2239,2223,2251,2239,2218,2269,2265,2203,2243,2264,2224,2296,2235,2257,2258,2285,2231,2272,2280,2249,2283,2203,2228,2235,2234
322.064,2470.4,2457,2466,2457,2476,2507,2473,2463,2495,2478,2466,2480,2437,2488,2523,2463,2453,2456,2461,2475,2464,2502,2482,2448,2407,2441,2472,2489,2485,2481,2468
322.385,2293.8,2287,2293,2270,2288,2294,2322,2278,2301,2302,2317,2294,2314,2280,2274,2310,2302,2310,2285,2289,2274,2288,2287,2297,2305,2306,2277,2311,2312,2255,2291
322.706,2416.5,2423,2390,2419,2426,2394,2446,2475,2457,2425,2435,2387,2372,2456,2385,2419,2397,2402,2388,2408,2403,2430,2406,2445,2398,2448,2416,2418,2432,2382,2414
323.028,2304.2,2301,2297,2301,2333,2287,2307,2298,2297,2335,2330,2285,2335,2281,2247,2312,2284,2302,2328,2267,2312,2316,2286,2316,2307,2301,2292,2345,2319,2290,2316
323.350,2097.8,2072,2095,2102,2129,2076,2116,2107,2105,2110,2069,2104,2083,2095,2073,2132,2106,2075,2082,2129,2131,2067,2116,2086,2105,2067,2152,2093,2105,2089,2062
323.671,2100.9,2112,2085,2105,2098,2089,2097,2072,2152,2117,2104,2110,2049,2085,2123,2110,2074,2095,2112,2105,2106,2084,2118,2080,2119,2092,2107,2111,2115,2098,2104
323.993,2253.5,2279,2235,2269,2258,2271,2280,2253,2285,2258,2267,2272,2259,2249,2241,2259,2212,2220,2267,2254,2253,2270,2253,2248,2249,2253,2259,2236,2256,2220,2221
324.314,2038.3,2056,2054,2047,2020,2041,2037,2056,2047,2016,2018,2030,2034,2051,2024,2028,2036,2076,2054,2019,2024,2052,2017,2018,2038,2040,2032,2070,2060,2014,2040
324.636,2740.8,2709,2744,2737,2732,2696,2714,2733,2765,2753,2745,2742,2722,2736,2768,2749,2726,2738,2766,2755,2730,2781,2733,2705,2780,2715,2798,2746,2715,2758,2732
324.958,2308.0,2301,2281,2301,2315,2329,2303,2291,2327,2300,2332,2277,2300,2307,2328,2298,2282,2303,2328,2317,2275,2317,2291,2328,2328,2308,2288,2321,2300,2349,2315
325.280,2413.5,2376,2423,2450,2364,2406,2364,2412,2422,2428,2406,2421,2464,2425,2416,2421,2403,2428,2428,2440,2430,2422,2409,2392,2400,2389,2433,2409,2440,2380,2404
325.601,2135.9,2188,2118,2134,2150,2147,2157,2127,2160,2133,2123,2111,2177,2141,2130,2153,2150,2155,2127,2130,2127,2122,2119,2100,2141,2099,2125,2158,2136,2131,2108
325.923,2215.6,2226,2190,2209,2285,2186,2200,2230,2160,2216,2227,2193,2202,2180,2248,2231,2235,2237,2245,2230,2235,2190,2204,2191,2214,2170,2235,2204,2229,2241,2225
326.245,2150.7,2179,2173,2147,2164,2161,2129,2116,2135,2115,2132,2156,2143,2142,2155,2190,2168,2167,2122,2184,2109,2135,2121,2195,2151,2153,2158,2174,2141,2159,2147
326.567,2202.6,2218,2200,2184,2209,2202,2214,2201,2168,2207,2199,2188,2200,2217,2280,2203,2232,2197,2210,2188,2213,2202,2142,2205,2180,2167,2200,2206,2223,2207,2217
326.889,2391.5,2428,2375,2350,2386,2370,2414,2369,2409,2403,2401,2395,2398,2390,2401,2408,2400,2356,2363,2434,2429,2407,2366,2384,2425,2357,2392,2418,2378,2388,2351
327.211,2375.7,2380,2385,2418,2359,2388,2416,2366,2354,2349,2401,2367,2338,2400,2385,2350,2355,2415,2363,2381,2373,2396,2354,2349,2340,2383,2382,2383,2387,2389,2366
327.533,2358.6,2363,2375,2339,2343,2392,2353,2382,2343,2336,2379,2348,2350,2374,2330,2301,2376,2366,2338,2352,2367,2338,2351,2371,2400,2369,2334,2352,2361,2395,2379
327.855,2339.3,2394,2337,2334,2325,2322,2357,2311,2334,2317,2344,2353,2331,2337,2348,2373,2342,2325,2335,2339,2314,2351,2306,2344,2313,2374,2370,2362,2376,2314,2297
328.177,2090.4,2075,2108,2076,2097,2095,2060,2099,2086,2110,2085,2096,2073,2065,2066,2104,2086,2082,2093,2093,2098,2057,2136,2111,2104,2116,2077,2075,2086,2119,2084
328.499,2305.7,2291,2312,2314,2306,2287,2298,2293,2316,2334,2276,2309,2300,2308,2313,2281,2304,2302,2310,2315,2295,2328,2285,2318,2335,2327,2264,2304,2297,2328,2321
328.822,3178.1,3193,3169,3160,3183,3132,3194,3134,3161,3176,3169,3155,3214,3208,3144,3169,3157,3163,3162,3176,3185,3140,3175,3252,3187,3197,3217,3180,3187,3215,3189
329.144,2318.4,2328,2345,2336,2271,2292,2314,2335,2338,2288,2346,2292,2338,2255,2322,2327,2347,2280,2322,2305,2323,2340,2324,2301,2348,2280,2305,2307,2381,2312,2350
329.466,2282.3,2280,2285,2263,2266,2270,2288,2292,2296,2273,2261,2293,2325,2288,2300,2278,2269,2281,2277,2296,2316,2296,2338,2295,2248,2272,2286,2243,2260,2283,2252
329.788,2228.9,2248,2190,2206,2249,2251,2286,2241,2207,2191,2239,2228,2228,2260,2276,2182,2222,2228,2236,2198,2270,2205,2189,2205,2231,2225,2244,2257,2232,2245,2197
330.111,2535.3,2525,2591,2561,2519,2521,2536,2518,2565,2540,2545,2569,2561,2525,2535,2537,2539,2542,2521,2532,2545,2519,2514,2528,2484,2524,2572,2515,2520,2541,2514
330.433,2545.8,2519,2572,2538,2609,2534,2550,2531,2606,2502,2564,2523,2571,2521,2526,2527,2563,2558,2561,2589,2552,2508,2538,2528,2524,2489,2570,2583,2548,2538,2531
330.756,2151.3,2159,2145,2138,2127,2151,2124,2150,2178,2118,2156,2126,2108,2150,2128,2149,2161,2161,2143,2160,2158,2184,2165,2187,2171,2157,2149,2144,2137,2173,2182
331.078,2056.9,2072,2042,2076,2061,2053,2058,2071,2021,2065,2078,2077,2039,2064,2077,2046,2067,2080,2049,2002,2058,2031,2056,2078,2044,2063,2059,2045,2089,2045,2042
331.401,2420.9,2423,2453,2405,2397,2442,2392,2401,2412,2418,2369,2438,2430,2451,2451,2425,2435,2381,2423,2415,2442,2415,2437,2384,2406,2397,2433,2427,2427,2454,2443
331.723,2240.7,2216,2216,2233,2265,2257,2258,2263,2233,2262,2214,2267,2249,2223,2196,2220,2239,2240,2198,2246,2246,2235,2252,2235,2255,2221,2232,2240,2277,2274,2260
332.046,2077.3,2049,2114,2089,2049,2076,2049,2082,2086,2027,2068,2080,2103,2104,2077,2053,2064,2069,2075,2071,2047,2075,2107,2096,2074,2081,2095,2088,2104,2073,2093
332.368,2503.1,2479,2548,2548,2491,2482,2482,2484,2514,2517,2497,2483,2493,2533,2491,2505,2515,2462,2522,2548,2495,2508,2498,2521,2500,2513,2484,2483,2495,2479,2523
332.691,2223.2,2203,2239,2236,2220,2232,2223,2187,2245,2170,2197,2219,2230,2218,2171,2201,2206,2246,2292,2225,2238,2232,2259,2208,2207,2252,2219,2251,2196,2248,2225
333.014,2536.0,2518,2518,2564,2572,2508,2521,2546,2585,2477,2549,2562,2552,2531,2527,2546,2557,2530,2502,2563,2518,2519,2530,2572,2535,2505,2555,2534,2555,2491,2538
333.336,2394.0,2361,2402,2417,2388,2395,2390,2376,2345,2409,2415,2412,2390,2398,2462,2421,2365,2366,2427,2401,2358,2417,2398,2408,2374,2373,2386,2371,2408,2374,2412
333.659,2601.6,2564,2607,2584,2609,2611,2569,2602,2617,2567,2587,2575,2621,2596,2594,2615,2584,2601,2614,2609,2635,2629,2612,2604,2622,2559,2610,2608,2626,2616,2600
333.982,2451.3,2453,2437,2470,2433,2441,2453,2457,2460,2451,2482,2404,2450,2429,2442,2460,2475,2437,2473,2482,2402,2449,2433,2460,2433,2425,2499,2453,2461,2487,2447
334.305,2594.8,2614,2566,2601,2594,2611,2586,2601,2634,2659,2607,2605,2590,2615,2577,2569,2585,2590,2600,2561,2627,2601,2590,2552,2582,2562,2586,2568,2635,2578,2598
334.628,2068.1,2070,2060,2057,2071,2061,2024,2104,2064,2069,2081,2099,1996,2081,2049,2053,2041,2082,2038,2034,2106,2045,2107,2089,2059,2076,2070,2084,2092,2079,2101
334.951,2329.6,2310,2313,2347,2310,2316,2295,2299,2311,2328,2313,2326,2377,2342,2303,2376,2345,2358,2294,2329,2269,2369,2327,2339,2335,2371,2316,2337,2314,2347,2371
335.274,2111.6,2112,2074,2117,2089,2122,2126,2095,2097,2122,2118,2118,2104,2095,2133,2109,2116,2098,2088,2120,2070,2085,2123,2123,2151,2106,2136,2112,2165,2106,2117
335.597,2384.2,2348,2353,2381,2388,2403,2361,2415,2362,2397,2372,2405,2368,2433,2411,2350,2388,2398,2381,2415,2400,2353,2361,2363,2382,2367,2373,2381,2384,2422,2412
335.920,2422.3,2416,2372,2446,2436,2381,2395,2390,2423,2440,2459,2430,2433,2422,2402,2415,2427,2395,2403,2438,2415,2408,2431,2427,2442,2415,2436,2440,2451,2449,2431
336.243,2449.2,2418,2478,2454,2473,2458,2458,2419,2424,2458,2456,2465,2458,2433,2457,2463,2420,2432,2451,2447,2487,2436,2444,2453,2458,2411,2462,2419,2486,2468,2430
336.566,2289.9,2251,2313,2305,2283,2303,2268,2266,2286,2296,2298,2274,2282,2299,2278,2246,2330,2301,2300,2298,2291,2288,2290,2297,2285,2298,2273,2284,2312,2309,2294
336.889,2226.3,2231,2207,2199,2256,2224,2243,2216,2202,2217,2241,2210,2249,2234,2249,2236,2225,2212,2230,2216,2212,2239,2214,2193,2205,2240,2248,2226,2231,2213,2271
337.212,2084.6,2109,2075,2075,2075,2055,2085,2069,2123,2070,2117,2070,2117,2083,2079,2072,2066,2080,2096,2047,2088,2067,2095,2080,2088,2094,2086,2068,2098,2110,2101
337.535,2109.7,2112,2104,2153,2099,2130,2101,2112,2090,2130,2064,2137,2112,2095,2097,2088,2124,2112,2075,2173,2123,2137,2095,2097,2135,2097,2105,2091,2091,2106,2107
337.859,2213.4,2223,2208,2234,2204,2189,2217,2244,2203,2227,2218,2189,2159,2250,2200,2206,2197,2214,2196,2226,2220,2209,2194,2244,2214,2197,2264,2215,2248,2193,2200
338.182,2207.5,2197,2221,2225,2210,2198,2208,2237,2196,2247,2193,2194,2186,2188,2188,2171,2189,2191,2200,2218,2234,2209,2226,2197,2196,2229,2208,2228,2211,2213,2216
338.505,2766.3,2761,2720,2751,2759,2745,2739,2736,2736,2780,2798,2760,2786,2763,2798,2791,2767,2829,2788,2724,2757,2762,2775,2754,2797,2774,2758,2718,2815,2755,2794
338.829,2397.6,2382,2401,2374,2401,2388,2409,2392,2405,2403,2419,2406,2408,2375,2416,2399,2386,2430,2384,2408,2382,2393,2381,2417,2437,2386,2391,2361,2399,2406,2390
339.152,2295.5,2304,2284,2308,2301,2314,2312,2318,2264,2302,2274,2319,2286,2329,2323,2315,2305,2265,2279,2280,2265,2316,2281,2301,2299,2307,2305,2278,2289,2260,2281
339.476,2245.2,2218,2265,2250,2249,2286,2272,2214,2229,2238,2244,2243,2233,2216,2243,2223,2184,2238,2264,2270,2284,2261,2271,2214,2251,2234,2252,2252,2210,2284,2264
339.799,2476.3,2486,2458,2484,2493,2493,2480,2473,2479,2457,2504,2480,2450,2466,2495,2441,2451,2475,2432,2486,2483,2513,2481,2480,2498,2475,2460,2482,2458,2495,2481
340.123,2176.9,2160,2192,2200,2225,2179,2161,2166,2192,2148,2184,2170,2164,2192,2168,2134,2187,2197,2149,2155,2171,2209,2198,2149,2195,2156,2197,2168,2191,2174,2177
340.446,2395.7,2394,2359,2369,2392,2377,2381,2427,2376,2413,2376,2371,2367,2409,2361,2390,2417,2403,2416,2374,2392,2429,2384,2414,2421,2446,2407,2424,2380,2373,2430
340.770,2156.7,2141,2158,2181,2151,2157,2185,2147,2152,2141,2145,2137,2149,2193,2154,2092,2151,2174,2122,2161,2167,2213,2167,2156,2149,2188,2146,2177,2172,2149,2125
341.093,2354.6,2349,2354,2354,2348,2352,2319,2349,2363,2371,2388,2350,2338,2360,2368,2350,2368,2355,2345,2340,2348,2328,2360,2319,2336,2387,2342,2357,2352,2381,2406
341.417,2248.0,2216,2288,2269,2252,2248,2236,2268,2249,2198,2257,2268,2259,2239,2261,2246,2255,2233,2244,2214,2222,2256,2262,2253,2249,2250,2221,2244,2257,2241,2284
341.741,2381.8,2382,2383,2394,2377,2396,2384,2383,2372,2408,2360,2417,2376,2387,2334,2378,2383,2383,2375,2358,2386,2401,2404,2380,2387,2383,2374,2340,2411,2390,2369
342.065,2235.5,2223,2228,2247,2270,2290,2232,2245,2251,2212,2267,2228,2224,2209,2242,2222,2268,2224,2191,2229,2233,2261,2232,2260,2213,2207,2233,2200,2272,2213,2238
342.388,2262.9,2250,2247,2252,2290,2246,2275,2259,2250,2245,2286,2268,2261,2279,2240,2267,2241,2240,2259,2258,2246,2261,2266,2232,2296,2264,2309,2306,2224,2278,2293
342.712,2513.3,2543,2523,2479,2544,2517,2544,2511,2487,2523,2491,2554,2536,2478,2509,2466,2531,2522,2516,2532,2497,2495,2485,2509,2472,2559,2528,2505,2518,2526,2498
343.036,2145.4,2126,2158,2160,2159,2163,2147,2131,2133,2131,2121,2152,2145,2131,2146,2204,2123,2192,2108,2132,2114,2141,2181,2161,2153,2141,2183,2168,2139,2092,2128
343.360,2654.8,2654,2652,2643,2655,2644,2692,2671,2626,2663,2667,2648,2653,2682,2675,2605,2647,2607,2661,2709,2607,2678,2631,2717,2651,2664,2647,2644,2603,2666,2681
343.684,2268.3,2252,2264,2282,2281,2276,2293,2256,2275,2309,2284,2249,2257,2253,2237,2276,2250,2300,2290,2257,2266,2274,2220,2249,2264,2221,2282,2258,2282,2323,2268
344.008,2180.9,2217,2203,2185,2180,2182,2203,2199,2177,2167,2198,2161,2162,2140,2200,2170,2218,2128,2164,2179,2215,2173,2186,2191,2195,2144,2174,2181,2172,2198,2166
344.332,2359.7,2330,2371,2360,2335,2327,2350,2350,2344,2381,2377,2388,2344,2346,2396,2318,2352,2355,2361,2362,2358,2384,2381,2348,2363,2328,2354,2398,2402,2370,2358
344.656,2067.2,2056,2041,2062,2072,2056,2079,2069,2088,2078,2034,2059,2068,2054,2059,2081,2073,2053,2094,2104,2068,2097,2056,2047,2082,2064,2069,2054,2063,2076,2060
344.980,2273.0,2249,2285,2257,2272,2245,2313,2263,2241,2232,2244,2273,2261,2262,2263,2252,2302,2275,2268,2281,2304,2329,2278,2266,2326,2305,2298,2232,2260,2274,2281
345.304,2650.4,2661,2680,2658,2655,2675,2696,2638,2641,2598,2655,2670,2650,2669,2629,2679,2647,2655,2622,2622,2633,2680,2662,2637,2644,2661,2605,2649,2649,2636,2657
345.628,2477.8,2465,2483,2471,2464,2536,2456,2496,2452,2482,2461,2445,2522,2470,2491,2456,2482,2497,2467,2441,2487,2517,2489,2485,2464,2457,2479,2495,2508,2483,2434
345.953,2415.8,2436,2424,2417,2386,2407,2415,2404,2424,2438,2401,2436,2386,2419,2436,2407,2408,2368,2431,2449,2435,2405,2412,2427,2369,2436,2441,2430,2417,2395,2414
346.277,2511.9,2497,2524,2516,2498,2513,2502,2508,2486,2529,2521,2530,2500,2491,2532,2503,2530,2506,2536,2479,2515,2502,2479,2513,2506,2525,2504,2508,2520,2546,2538
346.601,2432.5,2408,2430,2450,2415,2441,2405,2422,2416,2405,2433,2438,2444,2462,2418,2419,2446,2446,2428,2421,2445,2456,2414,2423,2406,2436,2448,2447,2475,2432,2446
346.925,2378.3,2350,2364,2406,2380,2373,2417,2339,2388,2386,2415,2351,2343,2376,2404,2398,2390,2364,2371,2344,2361,2386,2392,2392,2366,2401,2373,2396,2386,2391,2347
347.250,1947.2,1973,1935,1944,1956,1956,1958,1957,1904,1948,1959,1948,1922,1964,1936,1963,1962,1947,1924,1947,1961,1966,1958,1935,1933,1958,1918,1944,1946,1950,1945
347.574,2293.8,2279,2276,2270,2268,2282,2312,2288,2334,2265,2319,2294,2278,2302,2300,2303,2265,2292,2248,2288,2290,2280,2293,2313,2319,2357,2274,2291,2284,2324,2325
347.899,2296.9,2290,2310,2287,2287,2321,2310,2293,2290,2300,2265,2296,2306,2259,2291,2318,2307,2294,2294,2305,2290,2301,2298,2310,2299,2290,2335,2323,2281,2282,2276
348.223,2342.8,2376,2331,2352,2338,2311,2313,2350,2369,2298,2347,2363,2332,2318,2369,2342,2345,2360,2344,2337,2328,2371,2373,2325,2316,2324,2312,2360,2360,2371,2349
348.548,2504.8,2495,2519,2518,2498,2471,2518,2529,2517,2497,2475,2492,2512,2534,2502,2517,2496,2494,2530,2489,2511,2478,2497,2497,2522,2483,2541,2537,2500,2495,2481
348.872,2256.9,2245,2226,2275,2238,2250,2255,2256,2276,2275,2258,2299,2253,2259,2263,2303,2287,2297,2243,2277,2264,2256,2271,2214,2222,2234,2270,2240,2204,2274,2224
349.197,2311.1,2303,2303,2329,2308,2320,2304,2337,2312,2287,2280,2326,2341,2324,2315,2296,2305,2306,2324,2286,2296,2304,2309,2289,2321,2310,2344,2277,2335,2297,2344
349.521,2979.8,2987,2989,2964,2917,2944,2930,2951,2991,2987,2972,2983,2935,2977,2969,3025,2996,2967,2992,3023,3013,2980,3021,3001,2930,2970,3010,2995,2974,2986,3014
349.846,2276.0,2294,2305,2316,2264,2252,2244,2271,2277,2328,2273,2272,2302,2269,2280,2243,2316,2274,2303,2248,2282,2272,2296,2286,2224,2255,2243,2278,2268,2242,2303
350.171,2491.6,2486,2507,2506,2447,2507,2483,2488,2459,2515,2468,2485,2512,2471,2490,2485,2469,2485,2471,2487,2522,2516,2488,2504,2511,2469,2440,2555,2491,2502,2530
350.495,2224.7,2230,2246,2237,2219,2244,2197,2213,2210,2237,2223,2186,2213,2208,2191,2246,2229,2233,2194,2258,2220,2243,2242,2258,2190,2219,2202,2223,2255,2218,2257
350.820,2395.0,2424,2377,2422,2339,2363,2393,2372,2364,2420,2395,2417,2381,2386,2392,2412,2424,2409,2394,2389,2382,2387,2405,2403,2401,2394,2381,2397,2392,2406,2430
351.145,2185.7,2200,2154,2175,2226,2155,2161,2206,2202,2179,2216,2184,2180,2171,2174,2168,2200,2180,2196,2195,2149,2191,2180,2176,2210,2191,2189,2210,2176,2211,2165
351.470,2207.7,2222,2227,2230,2172,2221,2219,2220,2182,2192,2237,2198,2264,2182,2209,2216,2222,2153,2197,2205,2199,2175,2218,2220,2204,2175,2185,2209,2227,2225,2227
351.795,2422.7,2410,2403,2412,2449,2383,2463,2456,2390,2473,2432,2430,2430,2418,2437,2414,2481,2414,2397,2420,2371,2395,2389,2409,2405,2454,2433,2424,2417,2466,2405
352.120,2259.8,2254,2281,2251,2259,2301,2259,2259,2261,2260,2274,2237,2238,2244,2240,2310,2261,2267,2257,2241,2271,2256,2269,2258,2224,2271,2281,2274,2229,2250,2257
352.445,2558.7,2552,2584,2563,2529,2564,2557,2522,2588,2580,2542,2527,2548,2568,2547,2562,2556,2570,2516,2538,2541,2610,2576,2597,2616,2544,2554,2569,2540,2538,2562
352.770,2346.0,2358,2365,2370,2355,2334,2312,2370,2366,2329,2315,2366,2329,2355,2358,2316,2331,2396,2367,2299,2349,2311,2348,2354,2321,2350,2379,2368,2356,2337,2315
353.095,2278.2,2299,2278,2262,2270,2259,2267,2271,2295,2289,2275,2257,2267,2306,2279,2245,2274,2256,2256,2254,2290,2292,2312,2259,2287,2271,2258,2288,2303,2347,2281
353.420,2431.8,2422,2415,2462,2386,2417,2420,2403,2454,2443,2434,2452,2429,2450,2418,2408,2423,2440,2410,2448,2452,2407,2445,2440,2460,2431,2406,2427,2464,2453,2434
353.745,2576.6,2564,2556,2576,2612,2554,2584,2570,2600,2600,2577,2618,2585,2578,2612,2532,2557,2556,2576,2550,2571,2609,2587,2538,2574,2590,2544,2595,2618,2541,2574
354.070,2300.5,2285,2283,2319,2300,2322,2328,2274,2287,2321,2283,2304,2305,2252,2331,2283,2328,2305,2319,2296,2302,2276,2298,2326,2290,2302,2288,2318,2280,2266,2344
354.395,2185.2,2159,2172,2160,2205,2179,2154,2205,2190,2157,2173,2164,2224,2177,2200,2136,2179,2160,2189,2142,2172,2204,2187,2215,2199,2243,2209,2201,2204,2161,2236
354.720,2183.1,2180,2190,2131,2187,2131,2195,2179,2198,2178,2159,2175,2210,2201,2205,2186,2202,2189,2189,2124,2207,2169,2196,2184,2197,2196,2168,2185,2174,2201,2208
355.046,2112.8,2143,2138,2143,2095,2095,2089,2133,2111,2092,2119,2083,2106,2104,2144,2145,2092,2069,2157,2124,2127,2122,2108,2078,2102,2082,2090,2133,2126,2114,2120
355.371,2368.3,2380,2380,2384,2360,2372,2356,2324,2373,2338,2360,2377,2350,2361,2358,2365,2376,2354,2389,2388,2371,2387,2346,2320,2389,2389,2379,2395,2351,2409,2369
355.696,2067.3,2032,2054,2041,2078,2109,2060,2064,2041,2051,2062,2084,2053,2078,2077,2068,2095,2126,2066,2058,2081,2085,2057,2037,2077,2079,2056,2029,2088,2057,2076
356.022,2138.4,2140,2142,2139,2163,2133,2149,2173,2154,2156,2146,2135,2141,2107,2161,2122,2165,2137,2148,2114,2128,2138,2115,2150,2153,2142,2117,2133,2102,2121,2127
356.347,2470.4,2459,2456,2448,2430,2490,2473,2448,2501,2463,2451,2447,2493,2455,2475,2451,2450,2509,2489,2449,2488,2517,2449,2514,2464,2516,2477,2497,2441,2467,2446
356.673,2307.9,2296,2287,2330,2339,2326,2340,2310,2316,2304,2328,2310,2320,2298,2360,2296,2280,2289,2295,2300,2285,2343,2294,2318,2296,2302,2289,2299,2307,2295,2284
356.998,2214.7,2195,2242,2195,2186,2234,2204,2221,2173,2227,2232,2194,2187,2174,2251,2280,2254,2240,2191,2231,2207,2261,2186,2195,2213,2230,2186,2212,2188,2210,2241
357.324,2471.2,2459,2421,2466,2494,2457,2483,2463,2470,2466,2462,2484,2440,2436,2481,2443,2504,2468,2490,2477,2485,2486,2470,2464,2451,2491,2495,2457,2496,2497,2479
357.649,2513.2,2494,2515,2537,2517,2504,2494,2493,2525,2527,2584,2555,2505,2497,2484,2520,2482,2527,2527,2497,2491,2477,2504,2566,2546,2537,2450,2518,2490,2495,2537
357.975,2440.1,2469,2392,2461,2446,2431,2415,2505,2435,2462,2470,2427,2472,2451,2426,2393,2427,2404,2463,2427,2449,2454,2435,2447,2451,2431,2387,2419,2460,2455,2438
358.300,2109.9,2117,2151,2048,2121,2124,2105,2157,2116,2140,2087,2106,2099,2050,2121,2138,2133,2133,2100,2112,2097,2102,2115,2065,2126,2136,2105,2092,2099,2089,2114
358.626,2711.6,2646,2742,2674,2718,2697,2715,2752,2688,2704,2690,2732,2683,2707,2723,2739,2710,2712,2752,2713,2720,2681,2735,2713,2725,2701,2716,2756,2681,2728,2696
358.952,2334.6,2380,2312,2287,2303,2376,2344,2354,2347,2329,2365,2349,2305,2316,2290,2324,2346,2290,2366,2329,2328,2330,2274,2341,2343,2340,2350,2319,2390,2356,2354
359.277,2318.3,2333,2286,2260,2332,2344,2341,2302,2322,2328,2320,2344,2332,2314,2282,2323,2312,2281,2329,2361,2310,2302,2289,2296,2338,2309,2316,2330,2361,2306,2345
359.603,2175.2,2191,2156,2155,2217,2193,2171,2200,2186,2173,2162,2152,2169,2143,2176,2157,2179,2169,2169,2171,2185,2152,2184,2189,2217,2200,2184,2210,2135,2142,2169
359.929,2308.1,2307,2339,2285,2327,2285,2276,2296,2333,2287,2312,2314,2328,2300,2280,2332,2319,2317,2328,2331,2296,2332,2294,2299,2296,2311,2307,2312,2303,2287,2311
360.255,2383.7,2421,2392,2401,2381,2409,2382,2371,2385,2381,2360,2360,2394,2376,2371,2348,2376,2372,2385,2365,2399,2393,2368,2376,2375,2404,2391,2394,2388,2396,2398
360.581,2779.9,2805,2773,2760,2800,2770,2744,2772,2776,2780,2783,2778,2779,2793,2809,2750,2816,2732,2787,2792,2829,2794,2783,2776,2780,2813,2774,2776,2739,2765,2769
360.907,2339.7,2321,2335,2358,2329,2329,2303,2360,2329,2352,2342,2342,2328,2329,2364,2335,2380,2325,2362,2347,2333,2346,2360,2302,2342,2344,2346,2322,2327,2332,2367
361.233,2218.7,2220,2219,2188,2224,2224,2227,2211,2219,2174,2234,2206,2252,2195,2254,2193,2213,2240,2227,2262,2203,2258,2245,2200,2202,2214,2207,2202,2222,2234,2193
361.559,2033.7,2038,2023,2045,2045,2022,2025,2059,2068,1997,2029,2031,2050,2024,2003,2076,2010,2008,2003,2032,2045,2048,2086,2031,2060,2038,2044,2037,2016,2008,2009
361.885,2291.3,2261,2290,2278,2264,2286,2249,2286,2280,2291,2278,2305,2328,2285,2304,2290,2286,2328,2291,2291,2287,2275,2297,2282,2318,2314,2282,2304,2300,2321,2289
362.211,2331.2,2312,2307,2329,2324,2344,2300,2326,2337,2348,2370,2336,2318,2366,2327,2323,2306,2320,2344,2314,2332,2333,2325,2321,2333,2333,2315,2371,2340,2319,2364
362.537,2141.0,2140,2132,2114,2098,2115,2132,2113,2125,2128,2127,2159,2160,2169,2130,2152,2153,2161,2161,2146,2133,2111,2157,2142,2132,2153,2186,2161,2165,2152,2123
362.863,2235.2,2226,2200,2237,2275,2214,2228,2227,2216,2242,2286,2218,2235,2235,2241,2210,2224,2262,2238,2217,2270,2204,2243,2259,2236,2234,2234,2181,2227,2270,2268
363.189,2697.5,2685,2701,2690,2671,2739,2692,2719,2720,2676,2726,2685,2690,2715,2677,2735,2686,2666,2715,2686,2743,2691,2687,2668,2667,2689,2686,2719,2704,2721,2677
363.516,2396.7,2410,2431,2341,2400,2410,2398,2384,2411,2426,2363,2424,2397,2452,2408,2385,2399,2408,2384,2378,2369,2390,2373,2413,2407,2414,2404,2366,2376,2397,2382
363.842,2549.8,2555,2528,2541,2570,2537,2528,2506,2578,2568,2555,2529,2562,2537,2571,2584,2504,2575,2590,2553,2564,2563,2498,2572,2557,2559,2528,2540,2565,2532,2546
364.168,2528.7,2511,2529,2550,2532,2588,2476,2532,2525,2516,2474,2539,2522,2528,2487,2563,2526,2493,2570,2518,2526,2557,2491,2498,2527,2528,2552,2509,2576,2566,2552
364.494,2422.7,2379,2389,2432,2434,2429,2426,2410,2447,2431,2397,2464,2456,2444,2449,2423,2420,2461,2382,2445,2416,2372,2414,2409,2446,2407,2436,2413,2419,2412,2420
364.821,2146.1,2145,2136,2129,2159,2158,2173,2141,2122,2147,2128,2141,2137,2130,2180,2142,2105,2143,2165,2166,2144,2170,2157,2147,2099,2114,2154,2191,2161,2149,2149
365.147,2367.1,2331,2336,2358,2341,2361,2398,2410,2338,2365,2394,2344,2344,2329,2366,2333,2348,2398,2376,2422,2360,2340,2358,2350,2402,2370,2346,2379,2441,2383,2393
365.474,2071.4,2078,2034,2079,2088,2063,2074,2074,2070,2081,2052,2054,2094,2077,2057,2058,2063,2101,2085,2113,2072,2072,2080,2081,2097,2056,2070,2050,2049,2057,2062
365.800,2531.0,2514,2488,2511,2497,2511,2509,2538,2547,2570,2525,2521,2529,2504,2540,2512,2546,2563,2521,2546,2520,2529,2569,2518,2578,2521,2535,2542,2547,2556,2523
366.127,2416.3,2364,2398,2406,2415,2429,2381,2400,2422,2398,2460,2393,2420,2383,2401,2442,2392,2446,2416,2429,2434,2457,2405,2451,2410,2441,2400,2434,2417,2381,2464
366.453,2465.1,2481,2487,2472,2479,2492,2461,2454,2480,2458,2403,2466,2440,2439,2479,2455,2465,2486,2449,2455,2461,2501,2470,2412,2466,2460,2485,2486,2497,2466,2448
366.780,2378.4,2386,2361,2326,2385,2429,2381,2382,2376,2412,2367,2321,2382,2365,2385,2355,2422,2386,2389,2402,2372,2335,2411,2344,2349,2381,2395,2410,2390,2364,2389
367.106,2485.4,2502,2465,2463,2487,2486,2494,2499,2483,2538,2444,2467,2512,2513,2478,2450,2475,2453,2495,2499,2489,2517,2504,2476,2475,2467,2482,2490,2432,2492,2534
367.433,2372.4,2360,2364,2387,2381,2375,2381,2390,2330,2353,2342,2401,2394,2371,2379,2355,2360,2372,2348,2365,2395,2370,2360,2379,2364,2350,2390,2396,2402,2367,2391
367.760,2024.7,2010,2026,2022,2042,2048,2033,2014,2049,2048,2027,1981,2031,2038,1993,2034,1966,2012,2009,2009,2005,2011,2045,2034,2059,2028,2005,2052,2056,2043,2011
368.086,2431.2,2459,2434,2430,2435,2445,2427,2449,2434,2416,2426,2456,2444,2429,2445,2430,2402,2437,2434,2424,2417,2471,2401,2450,2434,2386,2388,2420,2440,2451,2423
368.413,2191.4,2171,2173,2209,2199,2203,2156,2198,2215,2197,2178,2169,2216,2193,2171,2187,2205,2208,2192,2160,2227,2191,2209,2222,2167,2164,2187,2183,2192,2200,2201
368.740,2515.4,2533,2521,2521,2512,2471,2507,2515,2504,2524,2538,2520,2505,2520,2495,2487,2551,2520,2508,2537,2490,2550,2550,2505,2533,2507,2511,2491,2490,2520,2527
369.067,2146.4,2169,2132,2177,2163,2129,2152,2149,2141,2185,2153,2158,2131,2134,2175,2109,2143,2162,2157,2169,2124,2163,2163,2065,2133,2136,2169,2114,2167,2161,2108
369.394,2706.3,2641,2767,2702,2675,2740,2722,2715,2691,2691,2702,2694,2711,2729,2688,2719,2696,2683,2694,2705,2754,2699,2755,2720,2706,2749,2646,2689,2721,2656,2730
369.721,2511.1,2517,2501,2498,2486,2543,2522,2501,2510,2511,2521,2508,2516,2520,2505,2493,2484,2503,2537,2516,2524,2552,2538,2491,2525,2521,2528,2492,2484,2493,2493
370.048,6510.0,6476,6591,6546,6501,6434,6456,6464,6515,6478,6602,6597,6488,6467,6486,6494,6511,6489,6573,6557,6429,6535,6577,6558,6520,6542,6591,6447,6455,6437,6483
370.375,2202.4,2218,2178,2150,2220,2214,2176,2232,2218,2200,2204,2206,2196,2219,2206,2245,2182,2202,2210,2232,2206,2181,2178,2192,2200,2205,2190,2217,2191,2208,2195
370.702,2160.3,2152,2169,2167,2172,2164,2165,2088,2128,2155,2133,2176,2169,2182,2217,2171,2155,2171,2185,2156,2143,2158,2158,2149,2129,2181,2177,2168,2173,2142,2157
371.029,2028.2,2047,2020,2051,2025,1993,2062,2025,1990,2045,2050,2019,2004,2012,2026,2053,2069,2042,2030,2028,2032,2008,2066,2020,2030,2022,1990,2022,2021,1998,2047
371.356,2299.6,2299,2292,2327,2284,2326,2287,2274,2285,2296,2330,2282,2310,2284,2305,2320,2284,2311,2344,2336,2300,2309,2295,2274,2298,2303,2279,2282,2289,2290,2294
371.683,2280.1,2250,2272,2290,2291,2236,2296,2232,2256,2311,2305,2282,2282,2283,2271,2263,2325,2310,2288,2298,2283,2277,2248,2286,2268,2282,2252,2299,2309,2283,2274
372.010,2610.7,2600,2596,2593,2620,2647,2634,2603,2591,2587,2629,2591,2632,2637,2590,2629,2558,2616,2609,2661,2552,2616,2600,2631,2624,2658,2600,2585,2609,2639,2585
372.337,2023.6,2029,1999,2030,2021,2024,2014,2006,2032,2024,2016,2015,2057,2013,2037,1987,2030,2030,2067,2042,2015,2021,2011,2021,2031,1988,2038,2036,1998,1992,2085
372.665,2623.6,2625,2637,2643,2623,2651,2568,2645,2616,2621,2606,2638,2616,2600,2642,2620,2654,2600,2612,2674,2611,2590,2632,2650,2612,2622,2601,2613,2620,2625,2641
372.992,2360.2,2379,2347,2315,2368,2372,2399,2350,2347,2362,2376,2328,2360,2393,2364,2379,2364,2368,2336,2374,2380,2328,2398,2328,2369,2344,2371,2382,2311,2342,2372
373.319,2122.8,2118,2124,2152,2136,2092,2107,2074,2121,2111,2120,2156,2120,2150,2145,2128,2115,2123,2100,2098,2131,2136,2135,2117,2112,2133,2123,2133,2152,2126,2097
373.647,2112.3,2138,2117,2065,2109,2107,2089,2092,2114,2139,2126,2132,2088,2115,2153,2137,2112,2084,2072,2125,2113,2066,2119,2112,2162,2089,2112,2154,2100,2084,2143
373.974,2231.2,2242,2233,2222,2213,2266,2237,2222,2194,2217,2205,2230,2244,2248,2267,2228,2275,2236,2235,2184,2203,2216,2236,2245,2243,2216,2230,2232,2217,2245,2255
374.301,2294.2,2278,2301,2352,2294,2321,2263,2288,2280,2302,2314,2314,2308,2311,2307,2320,2273,2277,2290,2273,2299,2313,2250,2304,2296,2273,2293,2282,2306,2276,2268
374.629,2336.9,2314,2314,2354,2346,2320,2347,2351,2356,2340,2336,2324,2297,2335,2341,2340,2374,2338,2351,2318,2351,2368,2337,2332,2335,2312,2362,2368,2318,2294,2333
374.956,2474.1,2448,2484,2460,2443,2463,2472,2456,2480,2445,2495,2511,2466,2472,2472,2480,2492,2465,2490,2475,2463,2482,2482,2479,2467,2443,2460,2509,2474,2514,2482
375.284,2235.2,2239,2228,2257,2252,2274,2254,2184,2249,2223,2235,2250,2233,2227,2258,2217,2222,2227,2220,2203,2220,2266,2264,2248,2209,2246,2223,2223,2243,2241,2221
375.612,2368.7,2412,2368,2365,2358,2397,2326,2364,2357,2353,2384,2394,2384,2322,2392,2374,2339,2325,2349,2402,2363,2374,2378,2388,2423,2370,2353,2397,2328,2345,2376
375.939,2665.4,2656,2674,2664,2693,2683,2674,2661,2674,2642,2650,2664,2656,2695,2665,2701,2681,2628,2657,2664,2628,2677,2672,2643,2664,2690,2678,2648,2678,2627,2676
376.267,2011.8,2002,2034,2027,2020,2030,2005,2019,2016,1993,2022,1989,2019,2014,1994,2006,2050,2046,1985,2001,1999,2044,2014,1997,2010,2019,1974,1986,2024,1978,2037
376.594,1857.1,1887,1829,1896,1893,1833,1866,1839,1888,1881,1842,1850,1856,1835,1808,1880,1850,1823,1854,1865,1851,1888,1816,1818,1863,1887,1883,1867,1855,1869,1841
376.922,2460.2,2451,2488,2466,2473,2495,2460,2444,2463,2425,2479,2461,2447,2466,2456,2467,2405,2415,2490,2490,2447,2440,2464,2507,2410,2442,2417,2472,2512,2489,2466
377.250,2305.8,2305,2298,2300,2293,2308,2327,2301,2287,2316,2303,2318,2277,2303,2332,2313,2309,2283,2296,2328,2295,2313,2320,2305,2288,2314,2318,2248,2310,2316,2349
377.578,2374.5,2385,2322,2383,2385,2385,2394,2355,2335,2396,2371,2392,2403,2401,2384,2390,2380,2394,2381,2373,2363,2377,2420,2371,2365,2340,2329,2380,2372,2333,2376
377.906,2295.5,2277,2310,2341,2316,2290,2276,2330,2300,2276,2320,2257,2299,2306,2291,2305,2307,2345,2258,2275,2266,2310,2257,2296,2352,2285,2298,2286,2272,2289,2276
378.233,2467.6,2473,2420,2463,2492,2435,2457,2464,2444,2445,2459,2460,2479,2506,2453,2493,2457,2461,2473,2469,2453,2462,2481,2504,2462,2467,2425,2460,2524,2492,2495
378.561,2242.3,2237,2282,2253,2285,2243,2240,2222,2196,2229,2234,2255,2232,2258,2251,2232,2200,2203,2260,2246,2198,2243,2227,2213,2247,2305,2246,2291,2243,2253,2246
378.889,2140.5,2149,2136,2138,2171,2157,2085,2125,2127,2146,2123,2139,2146,2164,2189,2128,2099,2162,2143,2160,2167,2131,2131,2143,2145,2115,2139,2112,2125,2166,2154
379.217,2251.6,2190,2251,2218,2230,2265,2240,2249,2274,2217,2271,2265,2238,2261,2259,2265,2261,2275,2229,2227,2273,2250,2240,2261,2253,2292,2255,2234,2306,2225,2273
379.545,2513.2,2514,2545,2520,2525,2530,2497,2513,2495,2548,2497,2501,2527,2544,2500,2513,2522,2466,2518,2504,2506,2499,2485,2527,2554,2488,2500,2522,2493,2544,2499
379.873,2390.3,2436,2451,2418,2386,2383,2408,2432,2405,2350,2382,2375,2363,2395,2396,2390,2397,2384,2385,2394,2429,2351,2375,2336,2394,2358,2377,2404,2363,2382,2411
380.201,2024.8,2020,2052,2032,2004,2055,2023,2039,2034,2065,2029,2035,2010,1982,1997,2014,2034,2010,2001,2024,2027,2046,2050,2047,1999,2012,1985,2023,2037,2009,2048
380.529,2318.0,2355,2298,2284,2353,2305,2300,2342,2328,2284,2336,2329,2324,2334,2324,2306,2316,2302,2323,2304,2312,2302,2310,2320,2316,2304,2341,2316,2318,2331,2322
380.858,2343.2,2297,2345,2386,2354,2362,2317,2323,2325,2350,2394,2359,2314,2320,2339,2375,2360,2348,2376,2341,2336,2328,2315,2326,2344,2350,2350,2365,2325,2331,2341
381.186,2226.6,2198,2221,2243,2232,2190,2221,2220,2216,2262,2246,2225,2257,2254,2211,2240,2182,2226,2236,2228,2236,2239,2210,2209,2239,2240,2225,2252,2213,2231,2195
381.514,2181.3,2190,2185,2181,2172,2181,2182,2211,2197,2195,2142,2175,2190,2165,2206,2181,2199,2167,2224,2168,2146,2194,2183,2233,2161,2154,2163,2175,2159,2187,2172
381.842,2191.6,2186,2174,2218,2212,2191,2184,2198,2193,2194,2185,2178,2202,2148,2183,2209,2171,2205,2239,2202,2220,2178,2174,2168,2209,2200,2160,2174,2194,2198,2201
382.171,2230.1,2218,2220,2197,2241,2228,2245,2234,2246,2185,2213,2201,2245,2269,2238,2183,2213,2214,2290,2228,2228,2233,2210,2242,2261,2240,2224,2275,2205,2214,2264
382.499,2259.9,2213,2257,2242,2275,2321,2255,2252,2250,2247,2261,2238,2252,2288,2261,2286,2277,2221,2251,2267,2252,2266,2233,2301,2304,2279,2241,2233,2206,2265,2303
382.827,2363.1,2369,2416,2377,2415,2348,2346,2359,2377,2377,2366,2360,2359,2347,2355,2398,2322,2323,2399,2344,2392,2328,2362,2344,2394,2295,2357,2383,2370,2394,2316
383.156,2197.8,2193,2226,2180,2204,2189,2203,2171,2185,2202,2205,2181,2193,2201,2192,2171,2191,2189,2188,2206,2235,2200,2231,2174,2221,2211,2179,2214,2182,2226,2191
383.484,2089.6,2084,2102,2075,2103,2094,2108,2078,2090,2094,2102,2091,2094,2112,2086,2060,2056,2112,2099,2079,2076,2101,2075,2088,2104,2075,2090,2080,2093,2106,2082
383.813,2470.7,2523,2459,2475,2474,2467,2475,2485,2495,2465,2451,2478,2447,2415,2501,2459,2464,2458,2476,2481,2474,2450,2450,2472,2504,2494,2476,2463,2422,2478,2491
384.141,3573.1,3561,3566,3585,3614,3622,3591,3563,3622,3600,3532,3593,3573,3515,3557,3571,3574,3556,3576,3592,3544,3545,3594,3567,3549,3586,3541,3599,3560,3548,3596
384.470,2442.9,2429,2455,2408,2419,2455,2446,2435,2445,2481,2440,2461,2421,2385,2454,2433,2447,2433,2478,2449,2442,2417,2430,2437,2456,2435,2444,2449,2457,2472,2473
384.798,2044.8,1985,2022,2071,2069,2024,2066,2049,2065,2062,2019,2023,2076,2047,2048,2050,2020,2042,2034,2031,2048,2030,2051,2077,2057,2051,2017,2030,2049,2038,2092
385.127,2245.0,2230,2270,2237,2233,2261,2257,2281,2240,2277,2249,2235,2210,2240,2236,2249,2230,2270,2246,2221,2226,2229,2271,2224,2261,2260,2255,2252,2230,2232,2239
385.456,2506.1,2488,2488,2570,2480,2510,2479,2548,2506,2501,2539,2501,2522,2514,2479,2539,2492,2437,2469,2485,2516,2510,2511,2524,2538,2513,2545,2446,2511,2500,2521
385.784,2434.1,2453,2418,2420,2399,2380,2439,2438,2450,2480,2432,2436,2421,2411,2446,2426,2443,2413,2460,2434,2456,2424,2450,2447,2443,2430,2447,2449,2433,2406,2440
386.113,2497.0,2462,2480,2489,2501,2497,2480,2491,2500,2475,2497,2484,2506,2532,2480,2464,2511,2507,2521,2520,2539,2504,2457,2483,2480,2528,2523,2511,2471,2493,2525
386.442,2337.6,2383,2307,2374,2339,2365,2328,2365,2335,2342,2337,2344,2335,2325,2327,2317,2345,2345,2379,2338,2309,2274,2339,2357,2356,2332,2344,2313,2328,2311,2336
386.771,2144.5,2132,2154,2186,2151,2097,2189,2138,2152,2155,2160,2094,2140,2149,2163,2097,2116,2154,2141,2123,2120,2138,2122,2165,2146,2144,2182,2159,2166,2151,2150
387.099,2119.5,2113,2158,2120,2147,2130,2127,2099,2087,2083,2114,2129,2156,2128,2131,2141,2116,2114,2114,2134,2152,2095,2091,2087,2121,2123,2150,2084,2102,2136,2102
387.428,2225.9,2230,2211,2232,2193,2229,2245,2203,2232,2233,2208,2232,2194,2210,2236,2211,2265,2216,2237,2258,2239,2207,2229,2230,2207,2213,2228,2226,2201,2270,2252
387.757,2251.2,2208,2257,2290,2239,2261,2243,2197,2229,2238,2300,2303,2265,2233,2241,2262,2248,2258,2218,2276,2270,2206,2274,2192,2271,2263,2220,2284,2276,2251,2263
388.086,2704.2,2718,2712,2732,2716,2685,2728,2664,2724,2698,2719,2705,2651,2686,2694,2732,2680,2699,2687,2696,2723,2678,2733,2710,2704,2664,2696,2747,2722,2686,2737
388.415,2373.2,2360,2434,2371,2370,2344,2306,2348,2361,2387,2355,2368,2384,2388,2355,2367,2366,2379,2353,2388,2380,2377,2409,2348,2380,2394,2390,2384,2385,2369,2397
388.744,2448.8,2451,2438,2484,2486,2440,2487,2409,2421,2507,2425,2421,2458,2454,2413,2427,2417,2494,2447,2452,2429,2450,2431,2462,2421,2479,2472,2433,2463,2463,2430
389.073,2351.7,2382,2342,2312,2309,2315,2335,2272,2366,2344,2381,2319,2363,2382,2380,2338,2329,2373,2360,2329,2337,2388,2339,2368,2365,2395,2363,2363,2355,2388,2358
389.402,2182.7,2198,2200,2184,2169,2194,2193,2136,2198,2212,2169,2149,2185,2207,2198,2189,2161,2174,2181,2207,2230,2148,2178,2154,2218,2155,2161,2139,2211,2181,2202
389.731,2325.7,2334,2347,2309,2343,2310,2284,2318,2307,2286,2337,2370,2389,2337,2350,2318,2337,2312,2357,2345,2338,2358,2268,2326,2323,2317,2346,2294,2297,2325,2290
390.061,2528.5,2566,2554,2529,2537,2542,2513,2488,2529,2517,2548,2511,2507,2534,2523,2561,2530,2561,2549,2507,2541,2513,2534,2527,2510,2549,2534,2483,2523,2543,2493
390.390,2293.2,2302,2280,2323,2260,2314,2292,2264,2264,2293,2272,2308,2291,2281,2334,2268,2320,2328,2280,2329,2255,2276,2318,2300,2285,2285,2324,2278,2277,2314,2281
390.719,2271.1,2291,2233,2263,2274,2276,2298,2261,2269,2288,2279,2280,2264,2304,2256,2220,2278,2231,2274,2295,2276,2267,2282,2266,2280,2252,2291,2262,2271,2245,2306
391.048,2346.1,2341,2377,2322,2355,2336,2413,2311,2325,2332,2358,2319,2303,2381,2325,2331,2313,2362,2365,2380,2359,2393,2321,2366,2328,2337,2330,2373,2349,2357,2322
391.377,2154.1,2148,2157,2160,2114,2128,2200,2158,2177,2158,2146,2138,2161,2144,2136,2184,2161,2164,2169,2164,2176,2169,2137,2141,2144,2125,2161,2132,2163,2153,2156
391.707,2258.6,2238,2264,2249,2271,2255,2260,2295,2280,2254,2271,2239,2258,2268,2232,2302,2230,2243,2266,2242,2264,2259,2266,2260,2268,2267,2270,2269,2240,2253,2225
392.036,2165.3,2168,2190,2160,2155,2126,2181,2156,2146,2168,2120,2175,2154,2168,2217,2188,2178,2180,2169,2165,2154,2207,2189,2183,2160,2172,2168,2158,2153,2135,2117
392.366,2308.1,2286,2334,2308,2253,2312,2334,2338,2344,2256,2294,2273,2347,2310,2344,2330,2297,2340,2301,2289,2303,2338,2292,2307,2310,2348,2290,2300,2282,2310,2273
392.695,2154.1,2166,2154,2158,2137,2180,2142,2123,2152,2172,2176,2147,2165,2143,2170,2184,2137,2160,2139,2132,2149,2121,2146,2102,2193,2130,2179,2165,2145,2200,2156
393.025,2458.6,2472,2458,2435,2491,2454,2455,2452,2476,2435,2436,2470,2462,2488,2464,2488,2436,2462,2459,2456,2489,2451,2446,2445,2469,2442,2451,2436,2425,2495,2461
393.354,2382.2,2382,2403,2375,2381,2360,2354,2372,2403,2381,2328,2377,2370,2390,2373,2397,2359,2409,2419,2366,2415,2400,2385,2385,2346,2382,2361,2374,2412,2397,2410
393.684,2105.5,2129,2091,2145,2132,2110,2072,2099,2117,2113,2142,2100,2065,2144,2104,2102,2073,2134,2099,2136,2110,2081,2161,2060,2083,2073,2099,2093,2101,2086,2111
394.013,2484.1,2480,2506,2524,2460,2478,2498,2517,2510,2475,2482,2470,2458,2460,2460,2443,2481,2495,2509,2459,2499,2504,2488,2460,2497,2449,2441,2498,2515,2511,2496
394.343,2189.2,2188,2164,2213,2176,2192,2186,2167,2181,2223,2204,2169,2167,2201,2147,2155,2188,2216,2189,2181,2202,2229,2240,2182,2214,2144,2222,2188,2178,2175,2194
394.672,2096.0,2104,2050,2105,2153,2066,2108,2132,2083,2075,2083,2105,2092,2073,2116,2077,2088,2087,2134,2095,2070,2121,2097,2070,2102,2094,2118,2093,2088,2114,2088
395.002,1985.6,1996,1962,2012,1965,1982,2013,1964,1993,1979,1989,1985,1942,1990,1994,1990,1984,1990,1978,2019,1991,1980,1972,1942,2014,1981,2024,1998,1963,1987,1989
395.332,2277.0,2275,2256,2306,2338,2290,2285,2280,2305,2300,2289,2296,2275,2243,2271,2261,2246,2264,2233,2270,2311,2232,2283,2321,2260,2272,2280,2245,2259,2299,2264
395.662,1962.8,1934,1964,2013,1994,1970,1965,1964,1941,1960,1988,1970,1954,1982,1950,1984,1991,1932,1942,1921,1956,1967,1962,1924,1972,1949,1989,1963,1974,1968,1941
395.991,2322.5,2316,2329,2296,2356,2328,2367,2310,2323,2306,2278,2294,2302,2326,2330,2343,2302,2306,2329,2303,2342,2297,2328,2329,2357,2327,2344,2333,2301,2321,2351
396.321,2331.9,2346,2336,2330,2355,2328,2332,2299,2331,2371,2322,2324,2344,2273,2340,2378,2325,2293,2336,2296,2359,2326,2329,2365,2335,2332,2318,2308,2359,2328,2340
396.651,2415.8,2408,2399,2416,2391,2389,2473,2422,2421,2428,2405,2401,2377,2378,2442,2440,2408,2421,2415,2415,2420,2389,2448,2427,2432,2454,2463,2390,2447,2393,2363
396.981,2117.1,2125,2081,2113,2157,2131,2139,2128,2133,2099,2126,2139,2126,2090,2102,2098,2157,2109,2148,2073,2089,2106,2122,2084,2122,2125,2104,2146,2088,2114,2139
397.311,2508.0,2538,2488,2497,2477,2502,2494,2479,2505,2491,2493,2528,2500,2549,2521,2498,2515,2527,2535,2462,2534,2515,2522,2500,2525,2495,2527,2511,2530,2498,2484
397.641,2352.3,2328,2373,2377,2372,2394,2329,2338,2321,2345,2346,2367,2376,2350,2341,2390,2330,2354,2340,2338,2342,2376,2331,2329,2348,2353,2333,2360,2380,2350,2358
397.971,2164.5,2183,2182,2188,2184,2168,2189,2184,2197,2160,2166,2157,2165,2167,2152,2160,2170,2142,2156,2121,2176,2171,2127,2172,2209,2155,2191,2131,2163,2091,2159
398.301,2142.1,2163,2132,2125,2159,2133,2164,2122,2131,2159,2123,2151,2158,2130,2165,2141,2139,2126,2110,2131,2152,2125,2140,2146,2154,2160,2144,2138,2144,2116,2181
398.631,2114.4,2113,2108,2099,2131,2110,2128,2109,2093,2128,2108,2134,2119,2112,2121,2134,2123,2154,2092,2118,2131,2134,2117,2112,2120,2098,2065,2090,2147,2080,2103
398.961,2184.2,2239,2192,2202,2186,2140,2209,2180,2190,2162,2162,2180,2213,2232,2177,2169,2191,2178,2184,2168,2184,2166,2174,2191,2180,2189,2205,2144,2162,2204,2173
399.291,2240.5,2232,2217,2204,2218,2246,2273,2270,2208,2233,2248,2226,2297,2235,2242,2265,2240,2223,2248,2249,2232,2235,2251,2251,2224,2267,2217,2281,2230,2229,2223
399.621,2073.6,2073,2086,2066,2078,2089,2094,2057,2084,2040,2072,2073,2078,2079,2073,2067,2094,2052,2072,2057,2095,2068,2084,2072,2088,2104,2094,2100,2067,2014,2037
399.952,2334.1,2339,2290,2358,2335,2350,2343,2301,2341,2331,2366,2331,2342,2353,2365,2316,2346,2317,2338,2359,2369,2337,2336,2317,2336,2349,2311,2338,2311,2294,2304
400.282,2055.3,2065,2054,2016,2096,2059,2075,2032,2058,2069,2034,2047,2108,2021,2062,2038,2084,2051,2077,2083,2060,2026,2064,2027,2047,2024,2048,2041,2031,2095,2066
400.612,2311.3,2301,2316,2298,2285,2305,2311,2293,2279,2314,2304,2315,2372,2306,2294,2301,2326,2286,2291,2274,2309,2319,2344,2366,2323,2328,2282,2314,2329,2347,2307
400.943,2243.1,2288,2220,2254,2275,2236,2257,2205,2275,2245,2271,2217,2264,2271,2237,2259,2268,2248,2243,2280,2239,2217,2185,2232,2206,2248,2237,2222,2264,2218,2211
401.273,2179.9,2155,2163,2199,2189,2191,2189,2147,2181,2222,2145,2178,2168,2195,2181,2191,2173,2185,2179,2196,2208,2168,2177,2165,2175,2154,2189,2171,2177,2196,2191
401.603,2384.2,2405,2335,2416,2379,2425,2372,2376,2341,2383,2340,2414,2372,2373,2373,2381,2392,2357,2427,2364,2380,2369,2387,2390,2411,2414,2403,2385,2403,2379,2381
401.934,2116.8,2114,2136,2114,2138,2126,2109,2123,2086,2139,2115,2094,2154,2110,2133,2084,2134,2115,2093,2141,2100,2079,2115,2112,2124,2102,2110,2148,2093,2127,2136
402.264,2189.4,2186,2202,2200,2181,2176,2183,2154,2173,2193,2180,2223,2180,2194,2134,2216,2194,2220,2219,2196,2202,2188,2172,2208,2189,2187,2169,2186,2159,2239,2178
402.595,2060.8,2067,2073,2057,2049,2008,2061,2079,2029,2056,2077,2052,2050,2056,2088,2084,2071,2044,2073,2073,2078,2037,2076,2077,2042,2039,2092,2054,2081,2053,2049
402.925,2124.5,2098,2149,2093,2138,2127,2125,2104,2128,2094,2128,2123,2107,2120,2155,2108,2124,2121,2113,2105,2113,2154,2116,2132,2143,2127,2106,2134,2176,2130,2143
403.256,2188.8,2160,2204,2216,2227,2186,2161,2168,2196,2195,2163,2203,2199,2184,2207,2235,2197,2186,2228,2179,2191,2152,2153,2174,2189,2194,2174,2183,2177,2200,2184
403.586,2840.0,2849,2825,2834,2826,2843,2819,2815,2837,2855,2859,2806,2888,2854,2868,2786,2823,2805,2835,2826,2842,2865,2864,2856,2793,2856,2873,2809,2864,2890,2834
403.917,2302.4,2321,2298,2307,2327,2297,2271,2307,2250,2283,2341,2337,2282,2302,2300,2264,2338,2296,2296,2285,2288,2242,2284,2288,2366,2324,2324,2326,2330,2313,2284
404.248,2180.8,2162,2193,2203,2180,2161,2144,2155,2166,2169,2148,2186,2194,2161,2195,2213,2157,2206,2181,2189,2198,2183,2181,2163,2190,2203,2201,2217,2176,2159,2189
404.578,2327.1,2336,2342,2280,2310,2316,2332,2341,2330,2313,2345,2314,2324,2367,2306,2341,2357,2265,2303,2357,2365,2363,2338,2320,2307,2308,2303,2355,2332,2320,2324
404.909,2424.1,2444,2396,2408,2446,2387,2436,2466,2464,2382,2408,2432,2424,2452,2414,2450,2369,2417,2399,2428,2456,2391,2425,2403,2424,2465,2385,2444,2443,2424,2440
405.240,2523.8,2526,2518,2535,2517,2558,2528,2511,2520,2491,2488,2542,2548,2525,2555,2509,2489,2515,2508,2533,2565,2465,2543,2563,2513,2524,2539,2521,2542,2502,2522
405.571,2177.6,2197,2183,2178,2161,2176,2173,2209,2147,2169,2193,2181,2189,2193,2186,2205,2232,2159,2154,2179,2168,2166,2163,2185,2173,2143,2193,2151,2173,2159,2190
405.902,2311.8,2348,2294,2329,2323,2290,2345,2313,2274,2341,2313,2308,2329,2281,2318,2316,2287,2311,2291,2307,2300,2306,2341,2328,2279,2276,2321,2308,2320,2305,2352
406.232,1970.1,1980,1982,1967,1968,1953,1936,1935,1988,1983,2010,1993,1981,1952,2001,1930,1981,1952,1983,1974,1993,1958,1997,1941,1957,1965,1970,1939,1967,1969,1999
406.563,2117.6,2114,2126,2128,2123,2152,2154,2137,2138,2076,2102,2126,2131,2119,2105,2086,2133,2125,2116,2121,2145,2111,2104,2121,2078,2123,2104,2118,2091,2110,2112
406.894,2214.3,2233,2233,2232,2210,2157,2217,2190,2185,2204,2186,2223,2191,2225,2186,2193,2218,2209,2213,2222,2237,2274,2249,2223,2211,2210,2212,2243,2227,2208,2207
407.225,2532.3,2556,2517,2524,2568,2563,2534,2563,2524,2532,2517,2510,2518,2502,2512,2532,2524,2536,2539,2546,2538,2541,2555,2527,2505,2542,2550,2538,2550,2495,2510
407.556,2288.0,2281,2290,2265,2265,2301,2289,2292,2326,2270,2277,2258,2287,2293,2298,2294,2299,2254,2305,2325,2304,2298,2255,2258,2293,2282,2307,2282,2313,2284,2296
407.887,2009.2,2030,2018,2023,1984,2024,2001,2031,1999,2013,2034,1973,2047,2023,2014,2009,2022,2018,1986,2009,1992,2010,2011,2024,1949,2030,1982,1975,2018,2030,1997
408.218,2322.9,2325,2347,2337,2295,2336,2299,2340,2291,2289,2328,2320,2345,2368,2297,2303,2323,2337,2319,2358,2274,2317,2345,2354,2292,2317,2353,2307,2323,2314,2333
408.550,2368.9,2364,2380,2397,2358,2398,2386,2386,2363,2355,2316,2341,2397,2368,2360,2403,2363,2406,2353,2337,2389,2352,2374,2388,2304,2351,2410,2352,2325,2388,2402
408.881,2300.7,2292,2316,2313,2288,2303,2286,2272,2301,2294,2292,2369,2312,2274,2270,2297,2317,2265,2301,2298,2290,2304,2294,2303,2319,2311,2320,2303,2314,2293,2310
409.212,2278.3,2239,2259,2274,2260,2292,2276,2284,2248,2274,2299,2296,2297,2289,2277,2259,2282,2252,2310,2279,2292,2310,2322,2250,2256,2287,2262,2282,2289,2278,2274
409.543,2337.7,2352,2347,2337,2296,2356,2324,2316,2349,2355,2325,2319,2296,2328,2312,2374,2312,2370,2366,2333,2356,2326,2345,2352,2328,2356,2325,2349,2360,2351,2316
409.874,2285.7,2282,2278,2235,2293,2296,2269,2321,2300,2293,2290,2285,2297,2301,2299,2253,2267,2305,2273,2280,2260,2299,2282,2240,2276,2288,2275,2289,2317,2331,2296
410.206,2070.0,2046,2102,2057,2072,2056,2072,2100,2058,2044,2098,2082,2064,2074,2017,2079,2048,2079,2064,2044,2058,2088,2055,2080,2085,2071,2110,2075,2051,2073,2097
410.537,2139.0,2173,2122,2133,2139,2150,2142,2152,2128,2147,2066,2143,2147,2129,2139,2116,2126,2140,2117,2157,2152,2137,2155,2153,2140,2123,2181,2146,2167,2126,2125
410.868,2255.2,2242,2289,2242,2258,2258,2233,2277,2268,2267,2235,2240,2239,2271,2265,2268,2265,2234,2259,2254,2260,2245,2274,2243,2253,2279,2222,2248,2261,2256,2252
411.200,2329.4,2303,2336,2286,2347,2347,2323,2313,2326,2358,2344,2315,2346,2331,2330,2321,2342,2355,2372,2339,2335,2349,2309,2338,2319,2313,2309,2330,2251,2368,2328
411.531,2440.4,2441,2428,2436,2416,2424,2425,2478,2425,2437,2436,2437,2449,2490,2442,2464,2439,2421,2468,2453,2429,2412,2454,2448,2436,2462,2433,2451,2436,2427,2416
411.863,2117.2,2123,2099,2113,2078,2136,2120,2144,2120,2101,2111,2130,2085,2132,2150,2136,2088,2082,2112,2119,2129,2072,2120,2116,2125,2138,2116,2134,2152,2114,2121
412.194,2324.7,2333,2320,2290,2300,2317,2301,2328,2334,2347,2344,2366,2366,2309,2355,2273,2337,2313,2285,2340,2322,2359,2338,2349,2298,2355,2319,2313,2308,2294,2329
412.526,2336.9,2345,2351,2308,2392,2374,2359,2351,2297,2344,2326,2312,2326,2320,2331,2331,2302,2345,2290,2318,2340,2333,2363,2369,2326,2334,2361,2331,2353,2342,2334
412.857,2271.4,2284,2259,2304,2263,2260,2245,2311,2279,2288,2275,2238,2248,2320,2274,2285,2276,2263,2252,2265,2278,2268,2212,2278,2249,2278,2280,2273,2266,2276,2294
413.189,2259.2,2261,2309,2251,2230,2302,2281,2258,2255,2255,2225,2200,2265,2273,2254,2268,2250,2288,2251,2272,2264,2245,2261,2257,2285,2221,2301,2269,2248,2246,2231
413.521,2439.6,2480,2421,2445,2447,2440,2449,2471,2411,2410,2440,2414,2443,2442,2430,2408,2442,2445,2432,2418,2478,2428,2435,2438,2402,2437,2433,2472,2476,2428,2474
413.852,2166.9,2184,2186,2161,2176,2200,2180,2165,2180,2139,2122,2196,2212,2164,2175,2153,2155,2190,2126,2178,2158,2196,2200,2156,2135,2159,2170,2171,2130,2133,2158
414.184,2408.4,2418,2456,2433,2389,2422,2398,2367,2392,2399,2393,2416,2396,2376,2431,2442,2405,2405,2370,2430,2401,2395,2366,2457,2393,2382,2412,2430,2425,2425,2429
414.516,2355.5,2344,2373,2366,2361,2334,2331,2345,2361,2363,2372,2363,2338,2376,2376,2377,2401,2344,2325,2347,2341,2322,2360,2347,2344,2352,2315,2367,2366,2386,2368
414.847,2317.7,2310,2340,2308,2317,2336,2378,2326,2300,2328,2302,2308,2313,2289,2342,2291,2315,2312,2283,2313,2315,2280,2337,2309,2340,2321,2335,2313,2292,2337,2340
415.179,2309.3,2303,2328,2280,2320,2272,2295,2307,2310,2314,2328,2325,2277,2296,2309,2355,2307,2330,2300,2309,2304,2309,2334,2292,2291,2342,2310,2299,2305,2338,2291
415.511,2538.4,2541,2504,2532,2565,2579,2518,2520,2522,2557,2561,2536,2557,2584,2549,2572,2537,2552,2545,2548,2539,2550,2513,2525,2546,2513,2514,2521,2524,2534,2495
415.843,2297.4,2329,2278,2299,2312,2290,2321,2249,2290,2267,2299,2338,2317,2323,2274,2266,2264,2301,2296,2301,2296,2327,2322,2272,2303,2295,2268,2284,2337,2258,2346
416.175,2619.5,2655,2632,2581,2605,2654,2605,2634,2591,2590,2633,2607,2605,2656,2663,2610,2605,2634,2608,2630,2625,2608,2628,2620,2646,2597,2615,2620,2629,2587,2611
416.507,2070.2,2066,2062,2106,2083,2059,2052,2083,2079,2098,2069,2086,2092,2075,2053,2052,2055,2040,2050,2083,2024,2049,2070,2074,2077,2068,2082,2123,2077,2049,2069
416.839,2206.7,2203,2200,2204,2189,2196,2219,2192,2215,2188,2209,2212,2213,2222,2181,2203,2210,2202,2216,2247,2173,2219,2182,2193,2235,2181,2205,2206,2223,2215,2248
417.171,2361.2,2355,2378,2375,2371,2360,2346,2401,2368,2355,2377,2372,2350,2380,2360,2321,2360,2370,2355,2349,2364,2370,2370,2392,2383,2345,2353,2337,2305,2390,2325
417.503,2283.5,2293,2302,2267,2310,2267,2272,2301,2257,2286,2266,2268,2251,2308,2288,2245,2294,2250,2255,2291,2298,2309,2288,2309,2308,2291,2319,2283,2308,2251,2270
417.835,2123.4,2086,2146,2136,2119,2125,2162,2168,2094,2104,2137,2140,2051,2107,2097,2140,2079,2139,2115,2112,2149,2153,2108,2124,2110,2114,2163,2131,2138,2143,2111
418.167,2578.9,2580,2596,2558,2550,2552,2539,2580,2582,2551,2602,2619,2544,2590,2558,2569,2601,2577,2561,2586,2582,2603,2586,2549,2575,2612,2590,2600,2563,2594,2619
418.499,2120.1,2141,2132,2145,2100,2112,2110,2157,2140,2094,2089,2122,2107,2090,2099,2129,2092,2111,2121,2113,2120,2132,2139,2120,2096,2136,2111,2129,2140,2138,2138
418.832,2471.1,2459,2479,2501,2460,2498,2518,2485,2439,2489,2487,2473,2429,2465,2418,2433,2474,2478,2444,2486,2466,2476,2483,2454,2464,2497,2452,2469,2478,2476,2503
419.164,2560.1,2557,2566,2552,2596,2542,2585,2542,2561,2545,2572,2577,2538,2549,2537,2550,2558,2607,2568,2596,2559,2550,2533,2529,2553,2563,2547,2565,2543,2556,2607
419.496,2077.2,2070,2068,2091,2074,2071,2079,2072,2114,2039,2067,2098,2093,2080,2068,2040,2074,2111,2068,2091,2035,2054,2107,2085,2093,2066,2066,2062,2107,2080,2092
419.828,2064.0,2040,2062,2058,2073,2081,2062,2033,2081,2087,2073,2069,2084,2022,2078,2067,2055,2092,2085,2057,2041,2066,2058,2076,2090,2022,2077,2064,2046,2056,2065
420.161,2094.5,2080,2129,2073,2099,2062,2123,2117,2076,2096,2076,2106,2081,2090,2128,2128,2110,2081,2082,2106,2114,2102,2111,2079,2106,2104,2030,2082,2076,2092,2095
420.493,2364.1,2347,2355,2376,2390,2345,2347,2375,2383,2381,2386,2392,2364,2393,2383,2350,2312,2376,2374,2357,2397,2360,2366,2373,2352,2333,2355,2299,2358,2339,2405
420.825,2059.4,2043,2053,2044,2037,2069,2064,2047,2074,2026,2072,2050,2061,2049,2038,2027,2047,2081,2070,2062,2101,2095,2012,2057,2060,2059,2095,2068,2107,2049,2065
421.158,2438.9,2435,2429,2431,2430,2421,2494,2456,2438,2428,2420,2429,2400,2441,2439,2455,2434,2449,2414,2464,2388,2468,2455,2447,2427,2430,2408,2440,2440,2473,2483
421.490,2240.4,2230,2242,2225,2206,2240,2218,2247,2214,2267,2261,2227,2202,2223,2226,2225,2237,2236,2224,2261,2270,2247,2227,2266,2257,2311,2223,2283,2238,2238,2242
421.823,2200.2,2200,2230,2196,2174,2216,2197,2213,2215,2147,2208,2172,2221,2192,2179,2176,2204,2216,2192,2208,2203,2238,2189,2211,2202,2178,2213,2191,2202,2201,2221
422.155,2094.3,2105,2079,2124,2092,2077,2090,2067,2135,2102,2041,2119,2066,2062,2123,2088,2088,2069,2136,2092,2120,2090,2094,2091,2088,2093,2092,2093,2131,2101,2082
422.488,2259.1,2254,2233,2258,2230,2281,2289,2274,2228,2280,2251,2266,2267,2264,2312,2266,2262,2257,2264,2236,2212,2222,2289,2260,2270,2269,2257,2269,2232,2248,2272
422.820,2052.3,2040,2057,2042,2019,2058,2030,2088,2077,2059,2051,2046,2062,2025,2054,2041,2016,2084,2029,2052,2031,2061,2077,2095,2094,2017,2056,2060,2084,2026,2037
423.153,2217.8,2231,2204,2218,2196,2243,2192,2237,2228,2224,2204,2205,2198,2205,2236,2248,2229,2203,2216,2205,2182,2230,2226,2224,2196,2233,2249,2225,2205,2216,2226
423.486,2053.5,2040,2033,2037,2060,2040,2081,2071,2056,2018,2069,2028,2066,2079,2060,2068,2054,2052,2068,2072,2054,2056,2071,2050,2000,2047,2098,2024,2066,2051,2035
423.818,1928.3,1928,1897,1940,1923,1898,1947,1914,1923,1886,1906,1965,1913,1962,1918,1948,1918,1946,1965,1915,1899,1894,1951,1933,1930,1938,1936,1934,1922,1959,1941
424.151,2349.7,2320,2373,2338,2357,2330,2377,2367,2384,2283,2394,2323,2355,2354,2392,2360,2353,2301,2361,2319,2325,2376,2323,2391,2354,2299,2341,2337,2340,2397,2367
424.484,2076.3,2062,2054,2049,2085,2072,2117,2077,2093,2068,2068,2077,2071,2074,2090,2077,2093,2091,2084,2091,2044,2069,2049,2015,2070,2115,2108,2074,2034,2088,2130
424.817,2501.5,2484,2493,2481,2514,2486,2506,2526,2552,2466,2509,2488,2545,2478,2482,2511,2491,2488,2532,2508,2507,2506,2476,2507,2525,2451,2549,2456,2515,2533,2481
425.150,2027.5,1992,2037,2054,2014,2066,2023,2010,2051,2060,2019,2040,2032,2015,2012,1994,2031,2005,2021,2040,2025,2019,2029,1999,2041,2032,1996,2039,2032,2042,2056
425.483,2151.7,2153,2124,2145,2150,2158,2150,2159,2138,2122,2172,2166,2146,2160,2153,2146,2174,2132,2138,2129,2177,2107,2122,2172,2177,2181,2138,2167,2166,2154,2174
425.815,2509.9,2509,2511,2470,2526,2493,2515,2529,2554,2489,2494,2510,2509,2496,2495,2517,2512,2506,2527,2487,2524,2543,2493,2506,2511,2506,2530,2545,2499,2497,2493
426.148,2171.0,2129,2164,2226,2180,2178,2160,2166,2167,2187,2200,2177,2152,2184,2166,2134,2154,2160,2169,2160,2130,2131,2193,2181,2198,2180,2165,2185,2165,2212,2176
426.481,2053.5,2041,2069,2021,2036,2045,2056,2084,2058,2088,2079,2026,2043,2014,2052,2040,2073,2075,2061,2059,2060,2051,2060,2022,2040,2035,2063,2098,2055,2064,2036
426.814,2169.2,2192,2158,2170,2166,2156,2136,2166,2150,2194,2196,2155,2142,2161,2146,2155,2202,2155,2188,2203,2164,2143,2188,2160,2192,2166,2158,2189,2194,2171,2160
427.147,2272.9,2243,2242,2286,2260,2286,2275,2276,2278,2300,2271,2305,2296,2257,2274,2288,2312,2256,2272,2272,2268,2278,2294,2267,2265,2270,2253,2218,2252,2324,2250
427.480,2013.2,2019,2014,2046,2053,1982,1990,2020,2035,2048,2049,2030,2045,2030,1987,2021,2011,1999,1985,2003,2040,2029,1969,2008,2020,2013,2019,1980,1983,1971,1998
427.814,2298.1,2298,2284,2316,2321,2267,2304,2275,2316,2286,2327,2281,2305,2299,2331,2289,2325,2322,2302,2284,2288,2317,2310,2293,2301,2257,2278,2285,2267,2260,2355
428.147,2218.0,2217,2195,2229,2245,2200,2239,2209,2251,2208,2204,2187,2215,2189,2210,2255,2189,2238,2202,2199,2228,2226,2203,2204,2218,2248,2224,2207,2246,2245,2211
428.480,2348.7,2338,2325,2329,2361,2311,2354,2370,2306,2350,2363,2360,2355,2315,2344,2357,2370,2302,2318,2382,2341,2393,2356,2334,2381,2365,2351,2372,2390,2338,2331
428.813,2438.7,2435,2444,2418,2407,2434,2434,2472,2421,2382,2435,2432,2433,2424,2452,2398,2436,2418,2473,2454,2444,2436,2408,2444,2456,2465,2468,2424,2448,2474,2493
429.146,2845.8,2877,2837,2865,2825,2847,2854,2831,2813,2805,2873,2874,2837,2842,2833,2872,2866,2837,2840,2838,2839,2864,2837,2809,2870,2883,2915,2830,2868,2795,2799
429.480,2117.6,2118,2121,2118,2125,2125,2092,2119,2119,2112,2091,2155,2113,2108,2136,2124,2091,2093,2108,2125,2152,2096,2141,2094,2092,2128,2143,2101,2128,2121,2139
429.813,2106.1,2062,2092,2129,2085,2095,2118,2080,2127,2094,2114,2156,2090,2142,2130,2070,2090,2097,2140,2088,2161,2094,2111,2083,2091,2128,2089,2117,2086,2107,2118
430.146,2427.2,2431,2423,2456,2430,2428,2433,2421,2436,2462,2412,2446,2403,2427,2383,2416,2401,2442,2449,2401,2432,2461,2416,2428,2412,2424,2440,2430,2429,2432,2411
430.480,2382.6,2400,2380,2341,2406,2397,2380,2393,2380,2398,2379,2387,2400,2392,2385,2396,2378,2370,2340,2354,2378,2394,2392,2341,2374,2379,2403,2401,2375,2376,2410
430.813,2319.3,2275,2332,2327,2348,2325,2323,2325,2321,2321,2305,2316,2328,2356,2332,2300,2263,2317,2338,2342,2343,2293,2285,2314,2326,2362,2296,2298,2312,2353,2303
431.146,2526.3,2506,2507,2552,2536,2527,2492,2493,2552,2547,2516,2533,2520,2541,2522,2554,2512,2513,2535,2538,2490,2570,2489,2507,2506,2521,2534,2537,2518,2547,2573
431.480,2190.6,2222,2184,2176,2189,2165,2225,2243,2186,2250,2199,2224,2185,2185,2168,2222,2155,2199,2168,2204,2190,2141,2206,2148,2171,2189,2174,2201,2176,2155,2217
431.813,2128.5,2106,2115,2128,2119,2114,2134,2132,2103,2141,2155,2145,2129,2128,2158,2133,2120,2132,2095,2153,2155,2137,2132,2128,2118,2126,2127,2118,2121,2133,2119
432.147,2361.9,2365,2355,2385,2365,2348,2390,2360,2314,2302,2348,2383,2347,2386,2372,2366,2372,2387,2355,2342,2339,2329,2390,2378,2368,2347,2360,2369,2366,2389,2381
432.481,2040.2,2047,2056,2040,2036,2041,2035,2055,2056,2038,2069,2039,2049,2070,2040,2066,2023,2052,2076,2002,2045,2048,2017,2033,1989,2044,2015,2033,2023,2048,2020
432.814,2387.7,2360,2414,2365,2406,2426,2349,2406,2386,2421,2356,2370,2429,2390,2409,2392,2345,2405,2405,2377,2358,2413,2393,2392,2393,2339,2363,2383,2414,2393,2380
433.148,2191.3,2205,2197,2203,2173,2208,2216,2208,2169,2200,2203,2156,2202,2177,2131,2223,2175,2174,2210,2199,2226,2168,2175,2200,2219,2156,2208,2159,2211,2211,2178
433.482,2283.8,2322,2266,2291,2298,2263,2291,2268,2289,2289,2286,2256,2254,2248,2296,2310,2285,2293,2274,2293,2285,2254,2291,2274,2297,2264,2300,2301,2249,2326,2300
433.815,2043.5,2046,2073,2045,2052,2057,2058,2022,2031,2034,2063,1998,2062,2005,2041,2063,2032,1984,2026,2043,2030,2047,2056,2050,2089,2073,2030,2059,2045,2033,2058
434.149,1976.8,1940,1960,1997,1979,1990,1964,1974,2013,1951,1968,2004,1992,1953,1997,1978,1967,1984,1958,1965,2020,2001,1942,1979,1983,1954,1982,1950,1997,1989,1974
434.483,2176.7,2136,2210,2145,2198,2199,2204,2164,2168,2202,2169,2200,2182,2113,2194,2181,2175,2171,2165,2171,2168,2179,2172,2152,2214,2198,2192,2168,2177,2164,2169
434.817,2130.5,2119,2132,2124,2110,2150,2124,2189,2166,2131,2161,2130,2120,2100,2125,2104,2166,2128,2125,2081,2106,2142,2133,2125,2120,2139,2111,2127,2156,2124,2147
435.150,2350.8,2376,2347,2332,2347,2345,2375,2358,2353,2335,2380,2345,2324,2367,2364,2370,2368,2321,2313,2379,2328,2316,2298,2368,2372,2342,2377,2353,2378,2354,2338
435.484,2114.5,2144,2088,2074,2118,2138,2100,2148,2111,2131,2129,2121,2117,2104,2086,2143,2110,2134,2157,2095,2120,2114,2083,2111,2086,2151,2075,2107,2106,2110,2124
435.818,1989.9,1987,2008,1968,2028,1978,1967,2020,2010,1977,1996,1981,1977,1964,1996,1987,1986,1992,2008,1988,1986,1998,2007,1981,2012,1976,1969,1992,1970,1979,2008
436.152,2334.3,2333,2345,2363,2370,2318,2321,2302,2364,2347,2308,2356,2361,2310,2349,2338,2364,2329,2301,2346,2347,2364,2341,2342,2320,2324,2303,2310,2329,2321,2304
436.486,2155.2,2119,2156,2158,2139,2196,2132,2152,2181,2184,2183,2164,2174,2165,2149,2129,2165,2136,2185,2145,2168,2152,2164,2156,2152,2163,2137,2154,2110,2149,2138
436.820,2268.1,2243,2267,2264,2279,2279,2241,2257,2211,2260,2252,2226,2302,2293,2297,2270,2276,2228,2278,2264,2260,2260,2308,2304,2259,2288,2282,2280,2302,2236,2278
437.154,2446.8,2449,2420,2468,2451,2430,2435,2459,2459,2406,2469,2408,2448,2458,2415,2468,2450,2425,2464,2476,2464,2403,2448,2437,2467,2440,2456,2469,2465,2417,2481
437.488,2330.4,2338,2328,2314,2339,2338,2335,2346,2322,2332,2300,2308,2314,2328,2290,2312,2357,2347,2304,2352,2342,2357,2300,2331,2349,2309,2338,2361,2342,2351,2329
437.822,2344.1,2313,2341,2327,2314,2406,2335,2366,2373,2390,2341,2331,2389,2355,2366,2350,2307,2331,2350,2364,2320,2345,2305,2315,2344,2318,2325,2360,2300,2360,2381
438.157,2535.8,2518,2529,2509,2547,2533,2499,2529,2514,2530,2513,2528,2539,2495,2541,2531,2580,2577,2558,2565,2578,2557,2560,2516,2513,2514,2570,2562,2527,2565,2478
438.491,2469.4,2470,2416,2477,2491,2513,2434,2502,2461,2473,2447,2465,2490,2477,2475,2482,2493,2477,2473,2439,2484,2458,2441,2438,2452,2478,2481,2470,2461,2499,2466
438.825,2164.6,2137,2170,2182,2187,2138,2156,2123,2182,2123,2157,2192,2163,2177,2178,2172,2188,2169,2160,2152,2176,2174,2137,2141,2155,2157,2200,2141,2189,2135,2226
439.159,2056.7,2052,2041,2072,2022,2053,2004,2075,2060,2051,2071,2033,2045,2077,2059,2063,2005,2060,2046,2073,2075,2107,2066,2035,2076,2072,2052,2063,2036,2069,2087
439.493,2327.3,2309,2350,2337,2360,2331,2333,2289,2358,2299,2323,2349,2305,2318,2318,2320,2326,2330,2325,2370,2306,2294,2315,2297,2325,2331,2345,2328,2332,2347,2348
439.828,2034.4,2003,2034,2061,2018,2015,2003,2028,2046,2036,2066,2048,2028,2057,2031,2025,2030,2040,2034,2043,2036,2056,1981,2036,2038,2049,2025,2058,2042,2056,2009
440.162,2252.1,2243,2288,2217,2258,2272,2261,2270,2248,2257,2263,2280,2259,2254,2280,2235,2278,2244,2239,2242,2237,2233,2275,2259,2214,2253,2232,2272,2248,2232,2220
440.497,2533.6,2540,2538,2561,2532,2527,2525,2529,2540,2546,2523,2533,2497,2541,2534,2566,2519,2505,2536,2525,2577,2542,2487,2547,2553,2527,2538,2529,2510,2561,2520
440.831,2142.7,2123,2129,2158,2128,2140,2144,2127,2148,2143,2121,2170,2157,2154,2169,2162,2136,2154,2129,2120,2139,2108,2132,2138,2127,2155,2144,2144,2163,2152,2168
441.165,2082.6,2108,2067,2025,2051,2074,2088,2102,2122,2094,2047,2106,2095,2074,2049,2081,2071,2060,2104,2104,2083,2086,2072,2110,2093,2063,2107,2105,2072,2060,2106
441.500,2026.8,2026,2024,2025,2019,2041,2007,2026,2037,1992,2043,2016,2059,2030,2022,2021,2000,2062,2003,2021,2061,2036,2000,2025,2022,2023,2038,2015,2045,2031,2035
441.834,2322.8,2315,2337,2357,2328,2309,2316,2320,2320,2356,2282,2314,2296,2318,2284,2309,2301,2319,2301,2353,2339,2323,2313,2351,2335,2299,2338,2318,2368,2321,2345
442.169,2314.2,2313,2316,2316,2270,2345,2349,2298,2320,2334,2303,2307,2318,2299,2309,2327,2306,2331,2291,2316,2288,2331,2344,2297,2270,2330,2317,2331,2321,2329,2299
442.503,2324.4,2318,2287,2325,2352,2307,2315,2329,2318,2313,2334,2324,2341,2378,2306,2332,2309,2301,2328,2321,2308,2363,2285,2314,2361,2306,2343,2309,2322,2366,2316
442.838,2346.3,2298,2340,2355,2336,2366,2344,2355,2354,2357,2335,2348,2382,2344,2380,2376,2332,2326,2303,2350,2335,2318,2405,2344,2331,2365,2331,2297,2368,2363,2352
443.173,1982.9,1969,1985,1972,1993,1992,1987,1994,1990,2009,1971,1974,1978,1940,1986,1936,1989,1972,2010,1999,1933,2019,1979,1977,1967,1964,2018,2009,2001,1979,1995
443.507,2183.8,2188,2187,2189,2177,2191,2175,2208,2190,2145,2167,2157,2178,2164,2213,2235,2191,2174,2212,2218,2168,2146,2180,2152,2175,2176,2206,2170,2213,2186,2182
443.842,2366.8,2362,2360,2338,2355,2389,2351,2387,2345,2391,2376,2391,2387,2352,2402,2378,2380,2349,2339,2326,2347,2370,2358,2392,2362,2396,2355,2380,2361,2371,2353
444.177,2124.4,2102,2102,2130,2099,2136,2111,2114,2154,2137,2160,2080,2155,2114,2083,2124,2105,2097,2181,2152,2141,2124,2123,2093,2130,2120,2136,2134,2109,2164,2121
444.512,2043.4,2051,2057,2038,1999,2076,2063,2034,2024,2045,2065,2024,2009,2025,2012,2020,2045,2038,2045,2066,2072,2040,2073,2054,2029,2039,2050,2045,2072,2061,2030
444.846,1933.7,1960,1920,1902,1892,1945,1949,1947,1916,1971,1936,1939,1948,1942,1931,1922,1944,1928,1900,1942,1931,1932,1955,1889,1909,1999,1948,1935,1942,1914,1922
445.181,2182.2,2145,2177,2208,2161,2180,2145,2179,2181,2196,2163,2174,2208,2184,2176,2218,2176,2211,2165,2203,2198,2175,2213,2169,2166,2166,2202,2205,2171,2160,2191
445.516,2206.2,2205,2204,2227,2228,2230,2217,2205,2188,2231,2184,2186,2156,2214,2211,2227,2224,2184,2196,2257,2218,2166,2190,2230,2180,2198,2219,2215,2198,2204,2194
445.851,2103.1,2098,2074,2094,2122,2099,2144,2090,2113,2128,2096,2096,2089,2108,2068,2094,2090,2123,2125,2102,2088,2116,2088,2106,2099,2090,2088,2128,2089,2106,2142
446.186,2149.5,2196,2179,2161,2145,2153,2167,2117,2182,2093,2128,2118,2129,2158,2137,2186,2142,2198,2114,2147,2120,2141,2167,2133,2154,2108,2175,2179,2164,2153,2142
446.521,2083.0,2046,2066,2084,2092,2100,2095,2050,2112,2073,2098,2102,2098,2077,2081,2077,2106,2053,2058,2085,2053,2075,2072,2108,2095,2107,2074,2083,2100,2058,2113
446.856,2542.5,2532,2514,2542,2563,2541,2552,2527,2519,2564,2537,2564,2579,2548,2552,2513,2506,2530,2541,2516,2558,2521,2543,2554,2568,2552,2571,2550,2543,2544,2531
447.191,2269.2,2236,2282,2271,2275,2302,2318,2314,2261,2280,2242,2252,2298,2305,2215,2217,2298,2265,2268,2275,2285,2213,2316,2235,2256,2283,2259,2241,2265,2273,2277
447.526,2263.8,2277,2252,2227,2251,2273,2278,2295,2254,2228,2264,2230,2270,2248,2299,2261,2312,2264,2244,2271,2262,2274,2232,2257,2277,2266,2289,2297,2239,2267,2255
447.861,2122.2,2149,2126,2120,2099,2149,2123,2137,2088,2108,2113,2120,2148,2127,2124,2113,2150,2103,2127,2103,2134,2103,2152,2110,2147,2098,2106,2140,2120,2111,2119
448.196,2295.4,2283,2276,2291,2296,2332,2298,2299,2296,2308,2273,2293,2268,2278,2355,2280,2293,2286,2279,2322,2294,2316,2305,2280,2296,2313,2279,2282,2267,2304,2321
448.531,2504.0,2498,2506,2480,2480,2499,2541,2513,2507,2460,2529,2526,2526,2524,2488,2542,2497,2509,2499,2486,2445,2516,2515,2525,2500,2487,2510,2495,2542,2472,2503
448.867,2414.7,2392,2394,2401,2396,2430,2434,2415,2353,2439,2460,2456,2418,2394,2435,2439,2408,2399,2417,2390,2397,2452,2378,2441,2386,2438,2465,2388,2390,2376,2459
449.202,1997.1,1996,2012,2051,2025,2005,1977,2000,1999,2006,1974,1983,1985,1976,2017,2007,1988,1996,2024,1967,2002,2029,1998,1978,1990,1988,1972,1960,2014,1989,2004
449.537,2666.0,2616,2708,2659,2672,2669,2654,2696,2684,2664,2641,2687,2673,2626,2634,2719,2696,2688,2698,2651,2664,2689,2646,2678,2648,2648,2662,2624,2681,2658,2648
449.872,2484.3,2456,2487,2462,2448,2483,2504,2528,2489,2546,2509,2521,2486,2487,2489,2469,2464,2460,2499,2470,2474,2456,2473,2516,2475,2491,2441,2501,2497,2433,2515
450.208,2450.8,2489,2496,2470,2440,2450,2421,2399,2421,2514,2482,2430,2453,2430,2458,2429,2470,2472,2434,2426,2467,2444,2450,2472,2407,2456,2447,2445,2459,2433,2459
450.543,2520.3,2468,2517,2514,2560,2527,2532,2516,2517,2519,2543,2495,2481,2489,2547,2520,2560,2521,2502,2501,2541,2539,2559,2513,2554,2480,2502,2532,2526,2501,2532
450.879,2244.2,2248,2284,2260,2235,2241,2249,2231,2235,2237,2248,2220,2266,2234,2225,2251,2244,2238,2264,2272,2237,2236,2217,2248,2267,2226,2226,2260,2253,2212,2263
451.214,2157.2,2152,2123,2154,2187,2152,2184,2161,2130,2169,2162,2144,2141,2173,2137,2130,2152,2196,2184,2169,2126,2143,2156,2162,2147,2161,2165,2200,2152,2157,2147
451.549,2177.4,2176,2166,2192,2161,2157,2171,2180,2218,2160,2189,2167,2161,2149,2165,2208,2184,2182,2168,2174,2167,2154,2207,2163,2180,2162,2195,2223,2159,2198,2186
451.885,2262.2,2285,2270,2245,2254,2266,2225,2252,2261,2238,2245,2238,2236,2243,2274,2265,2275,2241,2283,2259,2287,2244,2290,2314,2286,2241,2262,2308,2280,2220,2280
452.220,2217.6,2253,2207,2201,2191,2217,2238,2200,2216,2180,2205,2244,2201,2202,2237,2254,2216,2205,2180,2233,2212,2242,2215,2230,2224,2211,2240,2233,2218,2203,2221
452.556,2350.8,2397,2290,2366,2359,2343,2357,2359,2364,2347,2347,2342,2292,2357,2358,2370,2363,2395,2381,2332,2351,2373,2361,2315,2356,2395,2322,2382,2305,2309,2335
452.892,2458.7,2452,2440,2466,2435,2470,2477,2473,2468,2486,2458,2455,2482,2414,2485,2478,2454,2450,2445,2463,2483,2462,2408,2422,2446,2445,2449,2453,2489,2497,2457
453.227,2464.7,2471,2471,2473,2452,2481,2479,2455,2476,2475,2461,2493,2456,2472,2429,2456,2462,2467,2477,2440,2449,2507,2478,2460,2416,2470,2422,2471,2465,2497,2460
453.563,2449.6,2480,2437,2479,2439,2454,2471,2481,2454,2455,2426,2415,2400,2429,2473,2457,2449,2430,2444,2460,2401,2440,2450,2468,2447,2446,2395,2509,2473,2454,2471
453.899,2416.0,2433,2420,2388,2395,2421,2406,2423,2428,2415,2443,2405,2377,2441,2384,2443,2416,2402,2400,2446,2408,2439,2429,2394,2443,2441,2388,2427,2413,2419,2392
454.234,2334.2,2343,2334,2300,2335,2361,2260,2347,2339,2355,2325,2333,2301,2336,2342,2336,2347,2323,2331,2351,2338,2356,2353,2333,2337,2360,2337,2328,2351,2351,2284
454.570,2134.9,2137,2155,2096,2131,2097,2156,2128,2135,2110,2116,2130,2144,2161,2131,2126,2180,2126,2180,2122,2081,2127,2158,2171,2153,2122,2132,2153,2120,2132,2137
454.906,2469.7,2453,2438,2460,2497,2501,2471,2522,2481,2441,2463,2450,2387,2474,2475,2467,2451,2491,2445,2478,2492,2477,2460,2483,2489,2486,2422,2476,2501,2489,2471
455.242,2123.1,2128,2121,2136,2105,2107,2127,2096,2134,2097,2145,2129,2134,2146,2149,2133,2080,2146,2135,2083,2092,2100,2090,2134,2168,2102,2072,2173,2137,2153,2140
455.577,2073.3,2108,2051,2072,2079,2076,2051,2094,2125,2106,2072,2052,2097,2016,2101,2062,2020,2085,2093,2062,2077,2077,2053,2085,2048,2082,2045,2053,2079,2088,2091
455.913,2024.5,2041,2006,2007,2036,2009,2043,2004,2036,2031,2058,2015,1978,2009,2040,2023,2044,1986,2039,2022,2024,2034,1979,2057,2068,2005,2000,2042,2049,2018,2032
456.249,2340.3,2331,2353,2341,2336,2326,2340,2347,2318,2344,2325,2328,2344,2345,2349,2320,2351,2361,2380,2352,2349,2349,2328,2355,2368,2347,2303,2324,2332,2293,2370
456.585,1928.8,1922,1943,1908,1914,1921,1943,1904,1917,1933,1935,1943,1913,1923,1914,1931,1932,1918,1959,1910,1922,1934,1918,1921,1952,1963,1900,1952,1952,1935,1933
456.921,2207.7,2190,2248,2192,2196,2252,2220,2223,2203,2224,2158,2221,2190,2210,2203,2170,2214,2255,2215,2181,2213,2225,2212,2209,2189,2180,2176,2252,2203,2200,2206
457.257,2404.9,2391,2407,2454,2388,2404,2434,2401,2397,2416,2369,2415,2368,2368,2442,2401,2416,2390,2411,2392,2408,2423,2393,2408,2437,2403,2362,2430,2428,2408,2382
457.593,2137.1,2162,2155,2148,2142,2177,2147,2161,2133,2150,2160,2092,2138,2089,2123,2168,2177,2127,2164,2099,2146,2103,2090,2123,2156,2131,2098,2098,2178,2127,2150
457.929,2200.9,2195,2153,2203,2204,2187,2224,2181,2209,2193,2221,2220,2194,2187,2205,2243,2223,2202,2200,2218,2194,2193,2209,2178,2204,2213,2186,2183,2198,2199,2209
458.265,2372.0,2343,2396,2370,2428,2385,2379,2384,2376,2359,2408,2373,2360,2333,2363,2367,2358,2325,2403,2377,2363,2371,2393,2349,2376,2358,2368,2386,2382,2390,2338
458.602,2164.7,2160,2143,2165,2156,2159,2146,2137,2172,2178,2142,2147,2206,2182,2190,2184,2160,2166,2147,2202,2184,2197,2145,2141,2192,2164,2159,2175,2130,2174,2138
458.938,3012.0,3051,2992,2986,2993,2962,3000,3016,3002,3040,2992,3039,3001,3000,3006,3016,3029,3005,2998,3002,3012,3064,3008,2992,3007,2976,3023,3038,3047,3036,3028
459.274,2179.4,2223,2180,2184,2186,2141,2160,2154,2179,2145,2173,2147,2190,2160,2202,2217,2118,2216,2204,2212,2168,2157,2182,2178,2178,2187,2192,2222,2174,2198,2154
459.610,2212.2,2200,2216,2216,2209,2232,2200,2163,2232,2203,2207,2219,2190,2220,2213,2246,2213,2179,2248,2216,2206,2184,2207,2215,2214,2194,2228,2234,2206,2222,2234
459.946,2633.9,2621,2648,2650,2651,2585,2640,2625,2639,2645,2653,2622,2634,2639,2634,2650,2577,2649,2659,2629,2635,2609,2656,2683,2633,2616,2629,2590,2664,2619,2633
460.283,2221.6,2211,2230,2180,2252,2204,2209,2225,2225,2186,2262,2259,2201,2219,2192,2233,2207,2225,2210,2218,2199,2207,2220,2239,2228,2260,2204,2222,2246,2250,2226
460.619,2278.2,2270,2309,2296,2309,2311,2270,2278,2257,2284,2264,2290,2267,2255,2262,2277,2304,2262,2246,2282,2269,2264,2267,2285,2269,2293,2278,2279,2313,2268,2267
460.955,2465.0,2445,2472,2467,2472,2469,2467,2484,2475,2429,2469,2473,2460,2448,2444,2478,2436,2497,2476,2498,2467,2463,2479,2444,2466,2434,2486,2467,2445,2483,2456
461.292,2212.2,2240,2238,2232,2205,2204,2252,2169,2207,2229,2207,2231,2193,2241,2219,2208,2156,2203,2186,2194,2207,2221,2225,2221,2212,2213,2200,2194,2188,2244,2228
461.628,2372.6,2376,2381,2357,2421,2388,2370,2368,2362,2361,2339,2347,2400,2356,2397,2362,2387,2380,2401,2377,2364,2331,2384,2387,2353,2371,2365,2386,2373,2385,2350
461.965,2126.2,2130,2136,2125,2116,2119,2117,2161,2173,2117,2102,2168,2086,2154,2088,2128,2184,2111,2126,2142,2113,2080,2082,2147,2160,2126,2122,2111,2119,2107,2135
462.301,2505.6,2464,2453,2545,2518,2471,2507,2526,2509,2489,2512,2492,2491,2520,2508,2506,2481,2503,2508,2534,2539,2481,2506,2495,2532,2533,2483,2504,2548,2492,2517
462.638,1987.7,1968,2001,2001,2002,1951,1999,1986,1996,2024,1951,1968,1987,2030,1940,2004,2038,1998,2000,1977,2001,1970,1968,2013,1991,1963,1950,1992,1991,1997,1973
462.974,2008.6,2011,2041,2004,1972,2011,2006,1995,2022,2022,2021,2025,1995,2014,1997,2025,2025,1987,2024,2010,2002,1989,2024,1988,1977,2009,2022,2013,2017,2009,2002
463.311,2691.7,2728,2666,2680,2655,2655,2706,2696,2709,2701,2713,2748,2726,2678,2684,2671,2650,2695,2689,2684,2701,2666,2708,2672,2689,2672,2712,2696,2670,2714,2717
463.648,2346.1,2328,2334,2392,2365,2352,2331,2323,2303,2288,2328,2357,2349,2360,2320,2358,2378,2356,2378,2406,2345,2314,2361,2373,2362,2355,2320,2317,2377,2322,2331
463.984,2191.8,2191,2213,2138,2202,2157,2224,2163,2193,2220,2210,2211,2174,2208,2169,2179,2193,2184,2207,2196,2195,2151,2217,2216,2207,2187,2177,2243,2189,2184,2157
464.321,2177.8,2175,2179,2162,2167,2173,2161,2156,2181,2200,2158,2174,2201,2172,2201,2186,2188,2180,2178,2178,2192,2155,2180,2171,2169,2212,2169,2158,2180,2201,2178
464.658,2291.3,2278,2356,2292,2313,2285,2307,2292,2305,2285,2262,2294,2319,2262,2301,2290,2301,2233,2263,2284,2298,2276,2274,2296,2312,2269,2277,2305,2292,2312,2305
464.994,2143.4,2113,2150,2155,2133,2115,2108,2148,2134,2146,2155,2173,2136,2146,2152,2167,2149,2152,2132,2163,2161,2154,2154,2116,2137,2141,2127,2147,2127,2185,2126
465.331,2075.7,2044,2109,2109,2061,2054,2091,2077,2025,2076,2114,2096,2051,2070,2048,2088,2074,2108,2074,2062,2079,2058,2091,2139,2086,2124,2043,2053,2049,2069,2050
465.668,2278.9,2233,2309,2272,2265,2295,2290,2256,2246,2261,2292,2257,2320,2304,2280,2309,2243,2313,2265,2229,2287,2270,2291,2252,2273,2292,2309,2288,2296,2287,2283
466.005,2565.5,2569,2587,2586,2578,2574,2536,2559,2552,2579,2574,2568,2564,2608,2525,2537,2552,2544,2529,2530,2583,2597,2541,2556,2585,2605,2536,2592,2594,2538,2586
466.342,2217.1,2193,2203,2204,2257,2228,2267,2204,2207,2274,2195,2171,2259,2218,2204,2228,2168,2211,2250,2207,2226,2201,2224,2182,2198,2239,2245,2203,2208,2188,2252
466.679,2071.5,2081,2060,2071,2063,2062,2084,2063,2080,2097,2049,2072,2064,2088,2079,2047,2089,2066,2048,2066,2049,2107,2081,2088,2104,2077,2093,2035,2058,2054,2071
467.016,2293.0,2312,2328,2269,2288,2260,2306,2283,2293,2273,2291,2313,2273,2302,2313,2259,2257,2276,2294,2298,2273,2311,2314,2335,2294,2268,2314,2269,2351,2268,2304
467.352,2395.3,2401,2420,2393,2386,2424,2427,2365,2409,2406,2382,2422,2423,2445,2380,2382,2389,2385,2404,2384,2364,2380,2386,2395,2375,2398,2410,2371,2368,2375,2411
467.689,2233.5,2243,2252,2233,2200,2190,2234,2237,2248,2236,2248,2211,2230,2228,2232,2243,2213,2219,2268,2237,2267,2240,2211,2219,2230,2261,2224,2252,2203,2232,2264
468.027,2418.7,2403,2438,2453,2412,2371,2411,2412,2425,2440,2390,2419,2412,2428,2417,2385,2431,2435,2397,2376,2425,2404,2438,2412,2411,2456,2450,2417,2424,2413,2456
468.364,2345.9,2333,2381,2398,2310,2352,2386,2353,2360,2298,2357,2341,2324,2327,2375,2360,2348,2345,2346,2325,2349,2325,2335,2321,2323,2379,2336,2325,2340,2385,2341
468.701,2251.2,2270,2273,2198,2264,2253,2263,2242,2244,2243,2262,2258,2236,2270,2249,2250,2281,2250,2251,2259,2261,2267,2257,2269,2216,2203,2241,2237,2272,2259,2239
469.038,2176.9,2214,2153,2177,2136,2161,2210,2155,2175,2205,2181,2169,2178,2141,2181,2169,2195,2200,2173,2171,2192,2168,2192,2185,2210,2178,2157,2167,2152,2188,2173
469.375,2300.7,2308,2312,2288,2275,2271,2322,2236,2290,2307,2303,2274,2320,2296,2283,2304,2301,2331,2305,2294,2322,2328,2307,2324,2295,2325,2267,2320,2274,2315,2324
469.712,2473.8,2500,2463,2510,2441,2478,2495,2478,2455,2469,2475,2442,2486,2414,2458,2468,2458,2476,2459,2506,2463,2486,2476,2435,2485,2509,2530,2466,2456,2532,2444
470.049,2338.0,2357,2344,2324,2330,2346,2314,2352,2339,2335,2336,2309,2294,2305,2357,2310,2363,2385,2369,2365,2344,2334,2363,2326,2314,2351,2328,2355,2316,2336,2339
470.387,2424.8,2445,2397,2455,2394,2414,2414,2421,2467,2473,2425,2402,2400,2407,2454,2403,2428,2441,2422,2406,2393,2433,2460,2400,2392,2417,2448,2449,2440,2417,2427
470.724,2411.8,2396,2396,2400,2396,2378,2420,2404,2388,2415,2438,2437,2444,2416,2421,2405,2394,2454,2420,2420,2421,2432,2425,2394,2360,2401,2416,2404,2384,2440,2436
471.061,2094.9,2047,2080,2082,2097,2079,2117,2094,2126,2115,2088,2125,2118,2080,2074,2061,2112,2074,2080,2105,2124,2095,2104,2078,2116,2091,2109,2080,2093,2138,2066
471.399,2134.6,2121,2076,2132,2146,2146,2147,2175,2118,2141,2142,2134,2153,2143,2163,2122,2114,2120,2144,2121,2145,2149,2106,2139,2172,2102,2125,2147,2112,2148,2136
471.736,2518.0,2532,2534,2557,2511,2515,2508,2481,2539,2537,2507,2492,2538,2542,2525,2488,2495,2549,2521,2535,2529,2540,2550,2487,2524,2525,2507,2453,2472,2515,2533
472.073,2112.9,2131,2097,2151,2097,2102,2153,2064,2093,2054,2110,2117,2087,2127,2125,2160,2112,2168,2084,2115,2129,2091,2152,2083,2144,2075,2087,2122,2121,2104,2133
472.411,2247.7,2277,2225,2224,2232,2225,2228,2243,2216,2265,2288,2230,2267,2264,2253,2258,2255,2306,2244,2246,2233,2266,2212,2238,2247,2230,2264,2246,2228,2254,2266
472.748,2261.6,2244,2265,2275,2264,2270,2282,2237,2227,2247,2292,2248,2272,2248,2286,2272,2272,2259,2275,2232,2281,2257,2250,2224,2259,2246,2261,2287,2249,2282,2285
473.086,2343.8,2342,2379,2355,2333,2358,2325,2377,2309,2320,2355,2351,2347,2342,2353,2408,2338,2331,2309,2309,2344,2351,2363,2346,2332,2332,2339,2323,2350,2366,2328
473.423,2126.7,2094,2105,2171,2136,2088,2136,2131,2153,2145,2120,2148,2138,2161,2121,2085,2134,2116,2120,2112,2141,2125,2131,2101,2129,2134,2132,2098,2153,2121,2121
473.761,2175.7,2155,2152,2147,2179,2190,2198,2186,2139,2169,2171,2185,2173,2194,2192,2174,2206,2215,2227,2155,2171,2167,2123,2185,2180,2182,2150,2198,2131,2209,2169
474.099,2099.5,2105,2063,2083,2130,2111,2102,2086,2099,2082,2100,2143,2099,2098,2055,2104,2070,2073,2130,2122,2118,2098,2118,2064,2122,2123,2116,2082,2095,2068,2125
474.436,2655.4,2674,2633,2618,2623,2716,2665,2669,2654,2638,2641,2663,2662,2688,2645,2643,2643,2674,2681,2666,2661,2637,2656,2633,2654,2620,2660,2630,2665,2669,2680
474.774,2102.1,2105,2104,2115,2111,2108,2123,2138,2116,2106,2086,2092,2051,2109,2105,2123,2099,2092,2113,2073,2045,2143,2106,2099,2118,2084,2089,2115,2122,2104,2069
475.112,2101.6,2111,2100,2122,2098,2091,2097,2063,2100,2077,2119,2092,2118,2064,2117,2086,2104,2122,2122,2061,2122,2083,2155,2095,2101,2106,2091,2077,2111,2130,2112
475.449,2214.4,2176,2215,2228,2210,2211,2228,2221,2248,2239,2241,2180,2206,2236,2247,2191,2236,2179,2228,2182,2219,2238,2233,2190,2223,2217,2196,2220,2205,2216,2172
475.787,2350.5,2330,2346,2339,2366,2395,2359,2361,2349,2301,2332,2342,2317,2376,2337,2358,2352,2344,2338,2367,2349,2360,2349,2336,2349,2346,2357,2354,2329,2384,2394
476.125,2367.9,2392,2375,2372,2393,2368,2367,2358,2342,2356,2372,2406,2380,2398,2370,2362,2392,2378,2353,2358,2394,2352,2370,2371,2360,2314,2301,2396,2372,2368,2346
476.463,2190.7,2218,2178,2163,2234,2216,2201,2204,2189,2176,2200,2172,2159,2176,2172,2200,2210,2139,2187,2205,2163,2236,2165,2184,2211,2175,2191,2192,2222,2221,2162
476.800,2159.9,2165,2133,2141,2177,2141,2185,2146,2139,2189,2152,2178,2115,2178,2142,2159,2180,2135,2195,2151,2097,2136,2139,2168,2215,2191,2165,2201,2176,2176,2133
477.138,2480.9,2529,2515,2483,2485,2479,2469,2521,2515,2488,2462,2497,2469,2464,2451,2472,2524,2488,2496,2450,2501,2446,2485,2461,2492,2451,2437,2465,2498,2484,2450
477.476,2577.5,2580,2568,2584,2588,2585,2578,2609,2587,2560,2584,2521,2587,2567,2565,2581,2598,2555,2586,2547,2555,2568,2597,2618,2547,2609,2604,2568,2590,2554,2585
477.814,2464.8,2484,2467,2457,2466,2483,2479,2498,2450,2466,2462,2446,2465,2447,2493,2481,2437,2449,2486,2492,2457,2459,2463,2462,2450,2457,2458,2465,2438,2477,2450
478.152,2078.9,2076,2102,2071,2061,2077,2076,2048,2136,2033,2077,2053,2102,2083,2088,2075,2089,2107,2114,2089,2100,2097,2072,2079,2054,2074,2051,2080,2065,2094,2044
478.490,2319.6,2308,2296,2314,2342,2291,2350,2346,2322,2335,2301,2309,2301,2321,2296,2315,2341,2312,2338,2272,2346,2286,2309,2286,2358,2347,2337,2370,2287,2338,2314
478.828,2252.5,2247,2223,2220,2269,2255,2268,2254,2258,2264,2225,2254,2244,2208,2265,2282,2250,2242,2226,2272,2286,2229,2270,2238,2269,2269,2291,2238,2257,2266,2235
479.166,2092.7,2090,2068,2122,2076,2125,2121,2090,2123,2063,2093,2089,2078,2114,2051,2107,2100,2113,2107,2099,2062,2056,2082,2097,2085,2133,2082,2113,2081,2111,2050
479.504,2346.6,2354,2357,2355,2352,2356,2307,2315,2387,2329,2324,2376,2322,2388,2336,2368,2330,2326,2357,2365,2346,2366,2348,2362,2322,2344,2365,2327,2338,2317,2360
479.843,2313.8,2311,2290,2331,2323,2335,2310,2297,2349,2257,2309,2303,2353,2289,2382,2310,2325,2323,2297,2322,2273,2268,2354,2293,2320,2310,2335,2346,2301,2338,2261
480.181,2498.1,2470,2507,2504,2491,2511,2530,2480,2514,2502,2510,2498,2524,2505,2492,2482,2469,2517,2513,2497,2514,2494,2479,2515,2479,2472,2497,2494,2486,2497,2501
480.519,2453.5,2455,2425,2435,2438,2445,2468,2433,2432,2482,2431,2460,2442,2471,2473,2430,2443,2441,2451,2480,2451,2478,2435,2459,2480,2472,2457,2453,2471,2481,2432
480.857,2366.5,2389,2366,2388,2364,2411,2398,2366,2363,2400,2346,2404,2367,2365,2378,2355,2379,2349,2323,2361,2359,2373,2342,2347,2346,2336,2412,2287,2405,2408,2309
481.195,2313.6,2279,2331,2299,2300,2324,2287,2340,2317,2368,2302,2308,2295,2288,2322,2320,2316,2335,2333,2326,2312,2343,2300,2309,2335,2304,2302,2310,2311,2326,2266
481.534,2254.6,2224,2285,2274,2247,2259,2261,2226,2263,2297,2259,2249,2246,2263,2274,2258,2238,2267,2254,2284,2219,2238,2272,2251,2232,2233,2236,2233,2240,2271,2286
481.872,2144.4,2140,2179,2144,2107,2123,2114,2150,2111,2132,2131,2123,2149,2165,2128,2149,2154,2147,2148,2124,2144,2160,2161,2134,2203,2179,2158,2146,2153,2155,2122
482.210,2344.7,2352,2326,2349,2344,2309,2360,2370,2342,2330,2358,2305,2337,2368,2341,2330,2338,2320,2395,2332,2342,2325,2360,2358,2346,2360,2321,2354,2340,2364,2365
482.549,2045.3,2040,2053,2073,2055,2074,2048,2054,2056,2025,2033,2050,2042,2040,2061,2064,2063,2073,2018,2023,2044,2023,2035,2048,2041,2040,2030,2018,2048,2029,2057
482.887,2430.2,2430,2434,2447,2431,2418,2420,2390,2446,2429,2431,2404,2446,2401,2452,2444,2483,2442,2407,2398,2383,2408,2440,2404,2447,2448,2435,2425,2495,2443,2424
483.226,2381.5,2391,2361,2380,2374,2351,2347,2378,2384,2377,2425,2395,2414,2354,2350,2404,2427,2431,2354,2384,2387,2367,2393,2398,2401,2394,2338,2390,2397,2367,2333
483.564,2226.6,2230,2218,2265,2238,2244,2178,2275,2218,2217,2241,2235,2221,2259,2231,2190,2212,2214,2219,2214,2219,2271,2233,2226,2211,2217,2225,2220,2238,2230,2189
483.903,2086.2,2086,2066,2094,2078,2081,2072,2119,2084,2095,2088,2140,2105,2116,2085,2099,2109,2092,2040,2082,2093,2053,2067,2106,2059,2088,2065,2062,2107,2091,2065
484.241,2183.4,2186,2199,2183,2193,2158,2221,2187,2190,2143,2165,2178,2171,2161,2179,2160,2184,2195,2155,2155,2166,2248,2197,2204,2184,2210,2213,2183,2182,2174,2178
484.580,2233.7,2224,2225,2220,2219,2279,2228,2238,2250,2242,2223,2258,2221,2191,2260,2233,2253,2239,2225,2228,2210,2244,2215,2207,2239,2250,2238,2257,2223,2220,2253
484.918,2174.2,2153,2178,2189,2144,2168,2186,2152,2166,2160,2187,2181,2178,2191,2179,2167,2163,2170,2176,2182,2193,2152,2176,2201,2189,2178,2165,2196,2184,2174,2147
485.257,2145.5,2133,2163,2160,2140,2113,2158,2183,2173,2152,2145,2143,2138,2161,2143,2138,2149,2145,2142,2163,2168,2161,2149,2150,2097,2133,2134,2115,2121,2160,2134
485.596,2757.2,2770,2743,2805,2745,2769,2750,2764,2755,2765,2739,2793,2735,2757,2745,2748,2737,2775,2732,2767,2748,2796,2757,2754,2711,2761,2768,2797,2751,2735,2744
485.934,2440.8,2446,2445,2497,2456,2420,2460,2437,2453,2432,2415,2434,2444,2443,2439,2410,2478,2421,2418,2472,2460,2440,2454,2440,2422,2436,2407,2441,2433,2425,2446
486.273,2187.8,2200,2182,2175,2180,2200,2176,2180,2146,2180,2242,2207,2187,2204,2176,2202,2215,2173,2203,2182,2188,2216,2179,2152,2203,2178,2184,2168,2166,2216,2174
486.612,2174.3,2198,2172,2167,2211,2200,2192,2167,2170,2150,2206,2132,2197,2195,2178,2188,2168,2160,2181,2200,2203,2184,2161,2174,2114,2144,2156,2144,2177,2169,2172
486.950,2206.9,2176,2202,2211,2226,2252,2257,2194,2184,2179,2232,2240,2211,2201,2206,2213,2176,2195,2193,2181,2211,2222,2182,2188,2194,2227,2213,2216,2232,2187,2207
487.289,2381.4,2355,2373,2398,2388,2370,2412,2368,2383,2402,2392,2340,2373,2399,2420,2356,2356,2442,2351,2357,2389,2393,2375,2393,2379,2393,2388,2371,2393,2369,2363
487.628,1900.0,1893,1924,1938,1910,1908,1888,1933,1853,1884,1932,1885,1909,1859,1901,1898,1901,1917,1895,1901,1870,1896,1919,1896,1912,1903,1888,1894,1898,1898,1898
487.967,2233.2,2238,2244,2275,2204,2197,2220,2201,2267,2202,2203,2229,2248,2220,2239,2272,2252,2261,2260,2221,2207,2230,2271,2220,2185,2251,2226,2259,2258,2216,2220
488.306,2263.3,2208,2251,2239,2283,2266,2265,2289,2252,2273,2294,2263,2245,2296,2308,2237,2277,2250,2275,2309,2252,2297,2259,2218,2228,2252,2244,2210,2290,2289,2280
488.645,2264.4,2286,2272,2254,2314,2227,2273,2296,2222,2244,2232,2290,2285,2246,2275,2274,2274,2283,2240,2270,2235,2280,2256,2285,2255,2257,2263,2266,2255,2281,2242
488.984,2320.0,2334,2336,2311,2268,2328,2322,2350,2293,2312,2313,2331,2365,2328,2311,2342,2294,2306,2301,2307,2318,2315,2290,2339,2326,2346,2278,2335,2337,2323,2340
489.323,2045.9,2056,2035,2075,2051,2043,2070,2057,2053,2043,1998,2018,2043,2056,2039,2036,2002,2028,2073,2040,2081,2036,2083,2046,2021,2054,2054,2035,2052,2056,2042
489.662,2469.2,2421,2460,2452,2561,2425,2486,2461,2508,2426,2500,2443,2450,2499,2437,2500,2461,2463,2464,2454,2466,2488,2473,2539,2419,2484,2451,2448,2488,2471,2478
490.001,2321.8,2307,2330,2324,2371,2297,2326,2331,2362,2302,2349,2318,2333,2338,2336,2286,2311,2335,2312,2328,2316,2346,2337,2329,2313,2262,2349,2294,2300,2268,2344
490.340,2254.7,2253,2256,2271,2248,2227,2242,2225,2255,2266,2282,2235,2246,2279,2239,2255,2242,2252,2277,2236,2270,2281,2244,2270,2261,2270,2228,2227,2267,2288,2248
490.679,2385.2,2354,2446,2381,2408,2366,2363,2329,2383,2384,2405,2397,2394,2361,2369,2377,2400,2403,2407,2376,2347,2364,2344,2398,2414,2397,2371,2396,2421,2401,2401
491.018,2312.7,2280,2312,2290,2276,2350,2338,2336,2299,2378,2325,2321,2286,2276,2284,2329,2292,2298,2261,2306,2303,2348,2340,2335,2338,2315,2330,2311,2318,2305,2300
491.357,2516.5,2538,2536,2521,2524,2536,2485,2522,2493,2510,2502,2506,2532,2557,2514,2475,2476,2534,2474,2530,2522,2568,2556,2529,2472,2517,2528,2512,2527,2520,2478
491.697,2232.1,2258,2245,2212,2239,2228,2219,2224,2222,2216,2227,2212,2302,2225,2223,2191,2251,2208,2231,2239,2264,2206,2220,2264,2260,2217,2270,2240,2211,2197,2243
492.036,2200.6,2220,2189,2180,2232,2193,2195,2200,2171,2188,2208,2198,2243,2212,2207,2195,2195,2190,2189,2175,2239,2179,2237,2187,2177,2229,2199,2169,2200,2200,2222
492.375,2494.8,2542,2495,2485,2481,2502,2493,2458,2479,2458,2484,2522,2505,2497,2491,2498,2530,2429,2489,2483,2510,2519,2515,2499,2484,2499,2499,2499,2512,2466,2521
492.714,2386.8,2403,2401,2403,2384,2353,2396,2399,2378,2381,2376,2376,2426,2394,2398,2382,2409,2349,2344,2379,2367,2427,2346,2379,2379,2377,2403,2390,2411,2372,2422
493.054,2331.5,2332,2317,2333,2312,2335,2316,2310,2294,2361,2350,2349,2379,2333,2324,2343,2351,2323,2316,2305,2347,2310,2331,2313,2358,2353,2323,2318,2337,2323,2349
493.393,1954.7,1984,1934,1907,1945,1954,1929,1955,1949,1940,1984,1954,1956,1936,1969,1935,1950,1935,1966,1964,1955,1967,1941,1962,1962,1992,1971,1945,1936,1959,2004
493.732,2390.1,2386,2367,2394,2377,2396,2383,2378,2388,2392,2405,2377,2387,2361,2428,2322,2404,2422,2438,2400,2380,2372,2356,2418,2415,2395,2397,2385,2418,2387,2374
494.072,2265.9,2267,2248,2266,2297,2294,2284,2271,2309,2275,2233,2265,2241,2279,2245,2232,2284,2308,2282,2284,2253,2271,2262,2243,2257,2240,2241,2280,2224,2248,2295
494.411,2238.8,2232,2261,2228,2223,2272,2258,2236,2244,2272,2271,2224,2224,2262,2253,2244,2229,2223,2245,2232,2239,2227,2242,2234,2240,2204,2264,2230,2226,2216,2210
494.751,2268.0,2274,2280,2285,2290,2305,2276,2254,2223,2246,2264,2266,2255,2274,2277,2246,2260,2267,2257,2234,2269,2286,2282,2252,2265,2306,2262,2275,2236,2285,2290
495.090,2178.3,2150,2216,2178,2146,2173,2173,2210,2147,2184,2150,2193,2133,2200,2190,2187,2163,2140,2171,2184,2221,2174,2129,2196,2182,2194,2185,2212,2206,2181,2180
495.430,1987.9,2011,1997,1985,2025,1963,1963,1957,1952,1990,2008,1977,1964,2015,1955,1994,1958,1999,1974,2003,1978,2010,2009,1989,1992,1976,2035,1980,1984,2002,1993
495.769,2035.6,2012,2024,2018,2035,2052,2031,2045,2062,2050,2055,2023,2034,2034,2040,2022,2017,1974,2044,2066,2075,2070,2016,2044,2069,2016,2001,2053,2015,2045,2027
496.109,2349.1,2376,2380,2354,2354,2312,2340,2341,2349,2346,2325,2344,2357,2336,2370,2324,2375,2346,2342,2373,2350,2386,2340,2370,2339,2358,2360,2360,2322,2344,2301
496.449,2037.3,2050,2001,2040,2055,2010,2060,2033,2034,2013,2041,2060,2059,2044,2040,1992,2017,2053,2042,2000,2042,2035,2067,2082,2036,2040,2038,2029,2022,2056,2027
496.788,2245.3,2239,2239,2253,2251,2271,2243,2243,2242,2242,2241,2257,2232,2249,2266,2228,2226,2250,2272,2228,2253,2296,2255,2212,2228,2211,2264,2230,2243,2237,2258
497.128,2288.8,2302,2260,2318,2245,2283,2302,2299,2266,2261,2284,2274,2315,2338,2293,2299,2282,2264,2273,2280,2268,2305,2261,2308,2289,2286,2296,2331,2283,2314,2285
497.468,2458.7,2450,2447,2488,2452,2490,2433,2469,2448,2475,2441,2469,2483,2433,2414,2463,2435,2438,2473,2430,2453,2493,2506,2447,2476,2465,2459,2452,2442,2447,2489
497.808,2101.3,2083,2098,2114,2112,2092,2097,2107,2080,2142,2079,2123,2100,2072,2128,2104,2078,2077,2100,2144,2075,2116,2116,2092,2125,2112,2074,2127,2089,2104,2080
498.147,2218.7,2219,2264,2211,2209,2227,2203,2163,2203,2222,2238,2236,2231,2234,2226,2198,2229,2211,2235,2241,2210,2226,2227,2233,2191,2209,2185,2145,2255,2246,2234
498.487,1952.7,1966,1948,1976,1973,1934,1935,1939,1928,1957,1900,1946,1963,1957,1998,1962,1941,1942,1962,1958,1964,1964,1974,1975,1970,1949,1926,1950,1927,1937,1960
498.827,2440.6,2424,2422,2450,2499,2441,2441,2433,2425,2443,2441,2446,2462,2436,2434,2477,2448,2410,2388,2451,2404,2442,2455,2447,2440,2461,2437,2444,2456,2450,2411
499.167,1933.0,1938,1969,1946,1918,1954,1946,1962,1938,1942,1933,1915,1946,1959,1888,1903,1956,1910,1890,1913,1922,1953,1907,1912,1937,1925,1919,1941,1944,1966,1938
499.507,2181.6,2171,2193,2185,2182,2178,2213,2209,2169,2178,2184,2172,2165,2190,2234,2168,2215,2163,2185,2193,2202,2170,2197,2160,2197,2157,2171,2141,2192,2162,2152
499.847,2237.6,2257,2289,2250,2212,2264,2218,2225,2198,2233,2268,2241,2281,2217,2212,2219,2246,2236,2240,2237,2240,2232,2216,2232,2249,2268,2193,2222,2247,2244,2241
500.187,2187.6,2129,2164,2176,2196,2220,2209,2200,2162,2172,2165,2172,2198,2209,2198,2201,2230,2184,2186,2180,2178,2188,2185,2189,2210,2189,2198,2203,2178,2210,2149
500.527,2536.2,2530,2555,2515,2516,2593,2508,2555,2555,2534,2544,2534,2522,2569,2550,2497,2505,2558,2550,2534,2541,2490,2600,2553,2461,2520,2559,2544,2552,2491,2551
500.867,2414.2,2477,2385,2383,2421,2403,2425,2415,2414,2452,2382,2396,2427,2419,2403,2424,2358,2427,2410,2450,2411,2456,2401,2404,2431,2422,2372,2430,2386,2407,2436
501.207,2051.2,2053,2067,2015,2054,2062,2053,2040,2050,2032,2038,2080,2042,2083,2025,2029,2048,2045,2075,2020,2039,2081,2073,2057,2064,2060,2064,2022,2051,2046,2067
501.547,2069.0,2077,2079,2061,2067,2091,2040,2083,2074,2041,2078,2088,2051,2088,2060,2062,2069,2080,2076,2076,2030,2099,2052,2058,2088,2083,2056,2088,2056,2056,2064
501.887,2145.7,2140,2160,2129,2178,2173,2135,2206,2137,2168,2145,2133,2126,2137,2111,2160,2144,2164,2163,2128,2174,2147,2161,2166,2123,2136,2127,2102,2124,2128,2147
502.227,2057.2,2056,2097,2067,2048,2076,2090,2076,2014,2071,2032,2061,2067,2045,2035,2046,2074,2034,2043,2098,2078,2077,2044,2018,2049,2032,2051,2078,2051,2043,2065
502.567,2539.7,2528,2548,2578,2575,2543,2491,2561,2554,2530,2520,2540,2541,2499,2518,2557,2525,2548,2540,2523,2536,2555,2520,2584,2513,2531,2546,2541,2547,2558,2540
502.907,2132.6,2103,2154,2137,2158,2119,2161,2115,2128,2105,2115,2123,2142,2147,2117,2126,2145,2164,2121,2129,2088,2160,2121,2133,2156,2161,2138,2147,2129,2121,2114
503.248,2265.0,2271,2241,2290,2294,2285,2247,2277,2311,2213,2264,2260,2246,2266,2281,2273,2249,2245,2266,2240,2283,2265,2279,2235,2241,2282,2298,2237,2265,2289,2258
503.588,1930.2,1919,1920,1956,1937,1912,1943,1936,1947,1932,1963,1914,1910,1925,1968,1930,1903,1913,1920,1889,1946,1952,1947,1929,1910,1949,1928,1915,1923,1930,1941
503.928,2351.7,2365,2312,2354,2321,2369,2340,2320,2344,2365,2363,2353,2305,2354,2372,2346,2376,2364,2366,2344,2353,2347,2341,2356,2412,2390,2333,2314,2388,2347,2338
504.269,2243.2,2257,2280,2245,2232,2246,2253,2232,2229,2214,2230,2264,2222,2239,2231,2237,2235,2230,2241,2225,2257,2243,2210,2244,2294,2233,2239,2284,2255,2245,2251
504.609,2142.8,2152,2113,2193,2145,2163,2131,2142,2139,2145,2148,2126,2136,2096,2134,2122,2178,2158,2144,2127,2154,2121,2100,2156,2131,2153,2191,2154,2135,2133,2164
504.949,2300.9,2293,2287,2366,2315,2316,2319,2267,2292,2290,2310,2286,2296,2287,2320,2268,2328,2318,2286,2276,2313,2344,2324,2278,2285,2322,2327,2277,2265,2287,2285
505.290,2139.4,2138,2120,2126,2179,2164,2144,2121,2164,2144,2109,2159,2113,2136,2155,2121,2140,2127,2126,2177,2133,2131,2086,2141,2102,2168,2146,2120,2153,2179,2161
505.630,2395.6,2397,2405,2381,2382,2427,2371,2420,2413,2395,2370,2367,2388,2344,2395,2410,2421,2419,2415,2390,2453,2444,2389,2356,2374,2366,2393,2384,2372,2402,2425
505.971,2302.6,2280,2347,2322,2330,2252,2275,2303,2317,2297,2312,2292,2300,2319,2323,2299,2297,2289,2313,2338,2310,2324,2302,2315,2297,2281,2281,2309,2303,2263,2288
506.311,2340.1,2335,2336,2302,2316,2351,2340,2346,2362,2321,2344,2324,2315,2394,2366,2339,2345,2355,2332,2383,2342,2294,2335,2321,2361,2323,2364,2323,2356,2327,2350
506.652,2489.2,2549,2499,2527,2445,2461,2489,2469,2499,2489,2445,2474,2496,2466,2476,2479,2474,2457,2453,2536,2497,2524,2503,2480,2521,2502,2509,2501,2489,2471,2496
506.992,2513.9,2489,2547,2510,2476,2484,2511,2535,2545,2531,2474,2547,2486,2515,2524,2542,2509,2530,2511,2519,2487,2501,2533,2490,2500,2526,2539,2521,2536,2520,2479
507.333,2118.0,2134,2109,2091,2138,2134,2093,2109,2126,2082,2156,2152,2076,2147,2139,2108,2118,2090,2130,2118,2140,2131,2111,2095,2137,2093,2123,2142,2098,2093,2127
507.673,2079.1,2043,2099,2088,2090,2084,2051,2080,2073,2078,2106,2058,2066,2089,2090,2091,2047,2091,2078,2107,2072,2078,2107,2104,2027,2082,2068,2068,2065,2085,2109
508.014,2472.3,2459,2503,2462,2472,2480,2493,2501,2490,2428,2497,2417,2456,2476,2492,2470,2461,2512,2438,2476,2472,2421,2517,2472,2485,2450,2457,2452,2474,2515,2471
508.355,2254.3,2223,2204,2265,2177,2245,2244,2267,2253,2263,2229,2242,2258,2267,2273,2270,2245,2262,2278,2289,2220,2269,2288,2271,2269,2238,2271,2275,2257,2249,2267
508.695,2300.0,2281,2301,2301,2318,2327,2280,2266,2337,2331,2319,2295,2312,2325,2216,2293,2292,2319,2300,2309,2345,2327,2293,2251,2280,2288,2294,2293,2311,2308,2287
509.036,2106.4,2072,2134,2046,2105,2098,2094,2156,2078,2078,2090,2133,2070,2147,2132,2088,2090,2089,2139,2102,2117,2128,2099,2123,2124,2103,2121,2115,2111,2143,2068
509.377,2296.6,2264,2294,2307,2309,2296,2296,2282,2324,2320,2326,2305,2251,2286,2308,2292,2241,2311,2316,2280,2292,2291,2284,2332,2259,2312,2269,2342,2310,2296,2302
509.718,2063.8,2083,2068,2086,2026,2063,2114,2077,2083,2069,2064,2075,2072,2098,2045,2048,2002,2078,2057,2048,2073,2051,2078,2054,2056,2049,2031,2077,2097,2058,2034
510.059,2166.0,2192,2155,2181,2146,2174,2166,2179,2174,2165,2165,2165,2192,2147,2145,2191,2124,2117,2184,2191,2208,2168,2168,2166,2159,2144,2172,2139,2152,2159,2193
510.399,2055.7,2014,2026,2021,2034,2066,2091,2069,2074,2051,2034,2069,2030,2057,2038,2045,2073,2084,2101,2063,2074,2056,2052,2055,2072,2074,2049,2041,2068,2045,2046
510.740,2165.3,2182,2169,2155,2169,2168,2159,2204,2179,2159,2161,2161,2178,2183,2167,2172,2168,2134,2157,2135,2147,2160,2168,2155,2177,2179,2132,2180,2196,2139,2165
511.081,2209.7,2235,2218,2178,2222,2193,2215,2188,2216,2226,2229,2212,2191,2171,2172,2246,2197,2246,2212,2226,2226,2240,2212,2227,2205,2189,2219,2163,2166,2229,2222
511.422,2121.5,2100,2107,2132,2148,2143,2114,2144,2096,2086,2100,2126,2098,2134,2146,2130,2084,2136,2136,2106,2091,2140,2134,2118,2146,2124,2128,2142,2107,2116,2132
511.763,2083.5,2086,2098,2045,2073,2085,2084,2103,2086,2070,2081,2088,2088,2070,2054,2098,2086,2066,2120,2051,2062,2105,2117,2075,2112,2086,2071,2053,2053,2166,2074
512.104,2298.6,2284,2308,2309,2324,2306,2284,2324,2324,2330,2295,2296,2276,2278,2292,2316,2297,2258,2282,2301,2296,2293,2274,2295,2294,2270,2304,2318,2283,2353,2295
512.445,2190.6,2200,2176,2200,2193,2155,2186,2222,2223,2227,2175,2210,2173,2185,2175,2224,2177,2162,2184,2201,2218,2202,2180,2173,2176,2213,2177,2163,2195,2201,2171
512.786,2195.3,2206,2200,2192,2210,2196,2253,2219,2234,2220,2156,2174,2192,2198,2235,2210,2214,2179,2191,2177,2194,2248,2156,2183,2191,2190,2159,2182,2142,2198,2160
513.127,2337.0,2318,2295,2336,2358,2325,2325,2332,2320,2345,2371,2339,2318,2320,2316,2353,2323,2357,2351,2335,2342,2333,2364,2349,2349,2363,2378,2309,2321,2334,2331
513.468,2504.9,2534,2518,2496,2521,2465,2497,2524,2491,2513,2512,2461,2491,2506,2498,2530,2485,2496,2488,2497,2499,2537,2533,2499,2476,2500,2537,2495,2500,2542,2505
513.810,2404.7,2383,2436,2394,2392,2418,2387,2397,2408,2430,2403,2403,2393,2373,2417,2436,2408,2419,2373,2433,2385,2421,2382,2461,2367,2430,2403,2406,2421,2399,2362
514.151,2390.5,2381,2384,2374,2364,2384,2393,2412,2422,2375,2403,2367,2360,2354,2409,2361,2380,2404,2403,2404,2394,2369,2394,2412,2379,2408,2369,2444,2409,2383,2421
514.492,2700.1,2670,2700,2715,2728,2691,2671,2703,2723,2688,2746,2683,2686,2680,2648,2699,2731,2714,2684,2717,2732,2692,2730,2703,2727,2686,2701,2681,2691,2680,2702
514.833,2294.0,2271,2301,2287,2296,2289,2268,2299,2283,2328,2274,2309,2316,2298,2280,2321,2280,2308,2293,2279,2300,2290,2271,2262,2288,2299,2332,2292,2302,2311,2294
515.174,2119.9,2114,2153,2125,2147,2113,2115,2094,2123,2095,2086,2078,2115,2111,2121,2148,2143,2126,2145,2110,2098,2129,2136,2121,2130,2136,2130,2112,2120,2122,2102
515.516,2138.9,2143,2147,2134,2167,2169,2122,2138,2175,2132,2144,2108,2138,2147,2095,2132,2142,2154,2136,2153,2174,2134,2117,2119,2143,2169,2121,2123,2130,2170,2091
515.857,2165.5,2152,2151,2175,2181,2165,2186,2157,2177,2152,2135,2158,2147,2195,2158,2218,2168,2155,2171,2167,2169,2141,2153,2163,2178,2192,2135,2151,2180,2187,2149
516.198,2170.5,2142,2186,2179,2182,2162,2151,2173,2168,2187,2158,2139,2160,2173,2158,2184,2186,2173,2177,2169,2163,2197,2161,2183,2190,2179,2169,2191,2155,2117,2203
516.540,2064.8,2043,2051,2047,2078,2054,2076,2073,2059,2071,2097,2041,2059,2072,2052,2085,2030,2053,2077,2037,2079,2085,2068,2031,2089,2053,2072,2069,2067,2107,2068
516.881,1934.6,1960,1918,1906,1915,1927,1936,1920,1939,1949,1963,1896,1944,1910,1920,1955,1924,1910,1944,1969,1962,1952,1932,1921,1941,1933,1894,1957,1915,1964,1962
517.223,2317.5,2312,2329,2275,2309,2335,2335,2284,2329,2297,2343,2349,2296,2321,2253,2298,2307,2321,2312,2342,2308,2346,2332,2312,2339,2328,2300,2318,2369,2322,2303
517.564,2179.7,2129,2204,2185,2168,2174,2165,2166,2222,2174,2173,2210,2204,2173,2174,2192,2179,2217,2204,2179,2153,2204,2192,2197,2178,2147,2163,2165,2195,2164,2142
517.906,2248.9,2233,2225,2238,2258,2266,2221,2232,2211,2279,2232,2201,2241,2234,2270,2284,2241,2243,2239,2262,2247,2265,2240,2271,2280,2247,2274,2248,2265,2255,2264
518.247,2231.8,2208,2211,2252,2266,2211,2209,2205,2219,2220,2224,2227,2210,2236,2210,2222,2233,2243,2245,2221,2264,2267,2225,2206,2249,2253,2281,2238,2208,2231,2261
518.589,2245.7,2218,2219,2223,2248,2235,2209,2252,2262,2270,2256,2245,2244,2211,2247,2238,2245,2269,2249,2268,2221,2258,2227,2240,2275,2240,2269,2249,2282,2255,2248
518.930,2024.4,1981,2007,2001,2012,1983,2004,2008,2044,2005,2008,2085,2050,1998,2032,2006,2039,2039,2004,2048,2022,2026,2024,2030,2053,2054,2037,2015,2036,2021,2059
519.272,2213.9,2185,2229,2226,2205,2229,2203,2176,2224,2226,2209,2191,2223,2238,2213,2232,2234,2204,2162,2209,2219,2191,2214,2216,2195,2252,2216,2182,2210,2236,2269
519.613,2223.7,2230,2236,2222,2243,2273,2211,2240,2230,2209,2236,2193,2240,2234,2232,2194,2203,2188,2253,2218,2226,2210,2182,2233,2205,2195,2236,2253,2274,2217,2195
519.955,2173.8,2189,2169,2150,2169,2190,2143,2165,2160,2150,2186,2171,2154,2196,2170,2159,2171,2187,2192,2199,2177,2193,2165,2138,2200,2164,2180,2184,2182,2188,2172
520.297,2159.3,2116,2143,2166,2141,2199,2159,2150,2157,2168,2149,2177,2148,2179,2142,2167,2124,2140,2209,2177,2190,2180,2129,2152,2173,2143,2165,2168,2177,2169,2122
520.639,2332.8,2348,2319,2344,2298,2357,2332,2329,2313,2347,2387,2334,2320,2294,2331,2305,2317,2322,2326,2329,2350,2339,2346,2341,2337,2336,2345,2306,2301,2363,2368
520.980,2100.9,2101,2111,2132,2101,2084,2082,2093,2102,2084,2107,2117,2091,2101,2105,2102,2078,2112,2088,2127,2108,2084,2084,2101,2126,2085,2105,2141,2096,2083,2095
521.322,2236.0,2250,2209,2274,2223,2225,2272,2228,2214,2234,2227,2221,2265,2210,2253,2235,2213,2251,2251,2218,2216,2213,2255,2219,2243,2258,2202,2202,2241,2268,2289
521.664,2205.1,2211,2206,2218,2184,2197,2217,2170,2231,2212,2152,2202,2227,2160,2215,2207,2202,2184,2201,2205,2214,2222,2204,2219,2190,2228,2192,2215,2246,2216,2207
522.006,2118.3,2104,2147,2126,2154,2125,2123,2104,2103,2152,2086,2112,2083,2124,2108,2124,2138,2081,2095,2157,2086,2106,2113,2150,2079,2138,2146,2138,2100,2109,2137
522.348,2241.4,2257,2209,2242,2238,2248,2222,2235,2246,2222,2228,2248,2237,2245,2216,2204,2258,2232,2249,2252,2237,2222,2216,2269,2242,2244,2292,2267,2235,2313,2216
522.690,2259.7,2276,2255,2261,2243,2256,2264,2245,2246,2291,2221,2257,2287,2270,2274,2242,2267,2252,2261,2289,2266,2254,2280,2272,2258,2252,2257,2245,2250,2266,2233
523.031,2138.4,2145,2136,2151,2142,2162,2164,2148,2154,2126,2099,2106,2136,2131,2142,2157,2119,2149,2138,2139,2164,2198,2173,2118,2099,2137,2126,2124,2102,2140,2126
523.373,2295.6,2266,2331,2286,2299,2270,2288,2252,2328,2316,2300,2290,2305,2263,2323,2317,2286,2304,2296,2288,2296,2294,2289,2308,2330,2276,2292,2281,2287,2299,2308
523.715,2510.5,2471,2548,2520,2504,2524,2513,2520,2520,2491,2526,2500,2504,2527,2511,2495,2497,2516,2490,2536,2472,2566,2513,2489,2493,2512,2494,2520,2507,2504,2532
524.057,2275.6,2255,2277,2299,2291,2241,2304,2265,2275,2261,2216,2287,2242,2253,2277,2264,2290,2286,2273,2254,2304,2312,2291,2300,2306,2257,2279,2306,2244,2277,2283
524.399,2431.5,2360,2420,2472,2420,2406,2394,2444,2469,2425,2412,2421,2438,2441,2431,2434,2467,2433,2440,2436,2432,2451,2403,2470,2422,2405,2441,2383,2491,2446,2437
524.742,2404.6,2410,2412,2421,2396,2360,2389,2453,2384,2409,2401,2415,2371,2438,2411,2421,2416,2412,2401,2408,2428,2437,2396,2348,2428,2418,2404,2407,2359,2391,2394
525.084,2314.4,2340,2277,2330,2304,2332,2322,2337,2304,2327,2319,2309,2312,2303,2318,2271,2325,2301,2341,2308,2312,2310,2286,2306,2314,2323,2300,2344,2316,2346,2295
525.426,2388.7,2360,2398,2376,2412,2424,2444,2388,2372,2351,2353,2403,2410,2366,2386,2382,2408,2385,2425,2376,2385,2367,2379,2410,2331,2397,2368,2420,2417,2346,2421
525.768,1866.3,1866,1854,1850,1908,1848,1858,1845,1843,1858,1838,1858,1893,1861,1880,1896,1878,1860,1891,1880,1907,1847,1864,1858,1878,1866,1887,1852,1845,1878,1843
526.110,2511.7,2500,2474,2559,2511,2563,2533,2486,2506,2508,2506,2514,2497,2543,2525,2534,2506,2536,2509,2493,2521,2510,2498,2544,2472,2494,2489,2492,2512,2510,2506
526.452,2353.4,2381,2353,2315,2365,2377,2344,2367,2329,2325,2337,2363,2378,2332,2354,2382,2315,2326,2372,2366,2352,2368,2385,2353,2333,2369,2383,2345,2337,2322,2374
526.795,2521.2,2537,2528,2498,2555,2521,2500,2504,2523,2532,2566,2537,2505,2526,2525,2470,2506,2517,2524,2514,2519,2556,2500,2521,2533,2526,2531,2574,2518,2491,2480
527.137,2113.9,2116,2099,2142,2094,2106,2098,2120,2094,2114,2095,2098,2118,2145,2125,2147,2081,2104,2128,2106,2089,2094,2140,2118,2090,2130,2116,2146,2107,2108,2149
527.479,2250.6,2236,2267,2259,2262,2221,2280,2250,2244,2274,2241,2257,2277,2290,2240,2272,2278,2250,2244,2213,2225,2239,2245,2248,2231,2224,2219,2246,2283,2245,2259
527.822,2343.2,2343,2306,2352,2326,2326,2344,2369,2316,2355,2325,2318,2378,2374,2364,2352,2357,2358,2336,2316,2344,2351,2369,2326,2355,2338,2346,2361,2347,2317,2326
528.164,2258.6,2226,2276,2273,2245,2267,2264,2241,2256,2271,2283,2284,2304,2265,2232,2252,2235,2239,2214,2242,2279,2258,2261,2280,2257,2245,2273,2270,2245,2248,2274
528.506,2308.0,2295,2301,2309,2331,2298,2339,2303,2298,2332,2303,2301,2276,2312,2300,2346,2302,2316,2301,2323,2313,2310,2310,2303,2304,2298,2297,2328,2296,2292,2303
528.849,2336.6,2344,2354,2328,2362,2309,2306,2322,2325,2356,2351,2297,2348,2381,2311,2317,2374,2321,2374,2353,2373,2347,2342,2309,2297,2337,2303,2334,2367,2304,2353
529.191,2097.8,2109,2083,2120,2092,2078,2133,2136,2079,2083,2111,2078,2126,2097,2122,2120,2069,2088,2107,2114,2101,2137,2078,2092,2097,2085,2089,2116,2039,2072,2082
529.534,2221.8,2202,2218,2241,2275,2248,2200,2218,2227,2239,2232,2217,2170,2225,2264,2242,2177,2262,2233,2235,2204,2235,2197,2206,2216,2185,2254,2216,2218,2183,2216
529.876,2515.8,2479,2506,2511,2512,2540,2531,2513,2493,2542,2507,2507,2514,2521,2547,2517,2505,2552,2520,2543,2533,2502,2494,2543,2509,2543,2516,2510,2490,2465,2510
530.219,2466.7,2451,2474,2454,2505,2484,2472,2440,2460,2490,2439,2477,2469,2473,2444,2475,2497,2447,2491,2440,2477,2467,2476,2431,2474,2464,2458,2464,2504,2431,2472
530.561,2358.1,2347,2350,2348,2319,2398,2357,2354,2325,2365,2358,2356,2387,2378,2357,2322,2371,2366,2350,2353,2370,2318,2362,2329,2357,2325,2341,2373,2392,2390,2426
530.904,2071.3,2067,2081,2072,2124,2056,2076,2084,2073,2089,2081,2084,2068,2049,2083,2081,2070,2052,2088,2086,2072,2062,2071,2062,2050,2082,2037,2055,2053,2060,2071
531.246,2185.0,2233,2155,2175,2200,2184,2196,2170,2158,2215,2201,2194,2209,2173,2222,2187,2190,2172,2192,2156,2155,2200,2193,2155,2193,2189,2185,2194,2186,2146,2172
531.589,2353.0,2353,2342,2370,2377,2335,2366,2366,2377,2373,2304,2366,2335,2361,2378,2322,2379,2339,2340,2358,2383,2356,2309,2359,2348,2331,2386,2334,2325,2339,2378
531.932,2511.1,2505,2529,2512,2523,2577,2509,2508,2466,2512,2529,2515,2536,2514,2494,2508,2506,2511,2484,2559,2492,2522,2516,2520,2462,2479,2559,2504,2480,2487,2515
532.274,2071.8,2055,2042,2069,2072,2079,2092,2081,2057,2058,2082,2049,2067,2038,2093,2056,2095,2076,2091,2027,2066,2070,2075,2084,2044,2069,2059,2097,2083,2095,2132
532.617,2551.7,2547,2569,2545,2551,2574,2558,2557,2573,2544,2528,2545,2562,2558,2564,2540,2549,2558,2539,2580,2523,2561,2579,2539,2524,2550,2539,2537,2555,2543,2561
532.960,2257.2,2248,2254,2211,2239,2251,2257,2284,2296,2278,2268,2215,2252,2235,2290,2291,2261,2251,2252,2237,2245,2268,2259,2241,2235,2253,2239,2265,2292,2261,2289
533.303,2370.3,2372,2355,2378,2380,2373,2367,2351,2348,2402,2381,2369,2354,2332,2362,2387,2368,2334,2377,2400,2368,2363,2363,2378,2427,2379,2387,2326,2391,2388,2349
533.645,2039.1,2066,2061,2042,2053,2042,2044,2044,2027,2035,2029,2040,2062,2038,2056,2033,2016,2020,2018,2043,2000,2040,2037,2065,2021,2053,2032,2072,2030,2027,2026
533.988,2269.1,2265,2279,2269,2229,2243,2322,2271,2244,2293,2223,2260,2299,2323,2285,2293,2276,2270,2312,2275,2202,2281,2236,2246,2226,2309,2227,2283,2241,2293,2298
534.331,2199.2,2172,2201,2189,2198,2233,2191,2237,2211,2182,2198,2206,2197,2195,2222,2208,2195,2179,2243,2200,2188,2218,2183,2173,2220,2214,2140,2197,2201,2180,2204
534.674,2319.5,2342,2349,2309,2349,2304,2336,2359,2305,2288,2319,2284,2304,2316,2338,2326,2304,2307,2339,2371,2296,2313,2320,2294,2308,2299,2309,2309,2345,2323,2321
535.017,2384.7,2379,2396,2346,2408,2395,2396,2399,2401,2388,2414,2370,2396,2372,2360,2411,2397,2386,2368,2399,2357,2380,2350,2408,2354,2421,2340,2367,2391,2404,2388
535.360,2175.2,2192,2187,2183,2208,2156,2145,2219,2162,2155,2164,2147,2207,2201,2157,2192,2192,2165,2222,2177,2184,2166,2178,2157,2155,2149,2174,2180,2170,2146,2166
535.703,2424.4,2416,2442,2446,2463,2409,2449,2426,2420,2453,2443,2382,2432,2406,2435,2436,2432,2434,2426,2437,2398,2428,2367,2444,2380,2430,2437,2401,2427,2425,2407
536.046,2368.3,2380,2373,2375,2361,2355,2403,2394,2341,2357,2423,2392,2342,2381,2380,2355,2405,2377,2393,2318,2354,2389,2296,2371,2351,2393,2355,2374,2349,2397,2314
536.389,2093.5,2060,2063,2099,2089,2086,2102,2103,2061,2136,2148,2105,2110,2104,2091,2100,2098,2107,2118,2095,2127,2100,2072,2088,2094,2044,2067,2105,2085,2059,2090
536.732,2326.7,2329,2342,2331,2315,2353,2342,2353,2355,2316,2308,2338,2318,2362,2362,2299,2314,2277,2313,2321,2354,2315,2329,2331,2302,2306,2328,2344,2275,2322,2347
537.075,2269.1,2318,2285,2301,2262,2275,2245,2267,2269,2250,2239,2244,2300,2292,2290,2266,2264,2244,2276,2290,2222,2259,2283,2264,2253,2270,2274,2298,2255,2257,2261
537.418,2192.3,2207,2185,2203,2210,2186,2193,2168,2219,2206,2151,2213,2204,2196,2200,2178,2173,2186,2156,2196,2209,2191,2188,2194,2195,2218,2157,2202,2187,2210,2189
537.761,2277.5,2275,2285,2301,2306,2280,2285,2282,2262,2276,2297,2297,2284,2277,2260,2246,2305,2261,2272,2277,2296,2237,2278,2285,2296,2258,2276,2244,2267,2284,2277
538.105,2464.8,2472,2465,2438,2480,2471,2447,2446,2498,2424,2462,2465,2463,2485,2471,2465,2524,2433,2428,2444,2412,2506,2490,2460,2444,2489,2482,2446,2481,2459,2495
538.448,2334.3,2318,2345,2366,2328,2333,2389,2311,2324,2299,2346,2329,2344,2344,2314,2310,2349,2298,2358,2376,2324,2308,2347,2304,2305,2322,2341,2351,2351,2363,2333
538.791,2034.0,2037,2025,2026,2036,2075,2068,2041,2026,2042,2044,2007,2022,2001,2011,2035,2009,2034,2029,2021,2028,2082,2030,2059,2051,2017,2024,2028,2057,2037,2019
539.134,2202.4,2226,2176,2185,2190,2226,2192,2209,2235,2237,2207,2153,2203,2176,2198,2170,2191,2234,2199,2220,2242,2218,2206,2219,2205,2176,2198,2191,2191,2188,2212
539.478,2367.0,2383,2382,2366,2343,2335,2367,2382,2385,2333,2345,2347,2385,2371,2328,2379,2398,2368,2361,2323,2331,2383,2377,2364,2406,2355,2358,2353,2376,2437,2390
539.821,2245.6,2238,2280,2250,2239,2278,2242,2235,2253,2255,2228,2277,2264,2269,2253,2224,2264,2236,2219,2249,2226,2238,2259,2286,2246,2225,2232,2233,2239,2205,2227
540.164,2161.4,2194,2168,2150,2156,2160,2183,2146,2157,2176,2165,2220,2185,2172,2158,2200,2164,2146,2160,2145,2149,2138,2156,2159,2147,2153,2123,2144,2205,2131,2132
540.508,2674.1,2699,2692,2673,2666,2621,2653,2686,2659,2684,2643,2678,2703,2687,2673,2641,2692,2700,2702,2634,2707,2684,2700,2689,2665,2676,2672,2659,2657,2660,2667
540.851,2425.2,2412,2423,2415,2450,2365,2429,2445,2404,2421,2427,2454,2406,2428,2483,2425,2420,2427,2433,2417,2416,2424,2429,2438,2401,2412,2452,2409,2426,2432,2432
541.194,2319.4,2323,2316,2350,2309,2306,2318,2321,2292,2324,2321,2321,2317,2314,2315,2353,2297,2318,2354,2315,2339,2286,2319,2309,2260,2330,2337,2322,2355,2304,2336
541.538,2262.7,2254,2248,2272,2222,2251,2291,2240,2244,2289,2228,2226,2229,2244,2317,2311,2241,2293,2226,2225,2258,2263,2277,2295,2270,2264,2303,2280,2293,2272,2256
541.881,2171.5,2177,2160,2126,2170,2154,2173,2175,2161,2181,2209,2189,2170,2171,2170,2215,2184,2190,2172,2153,2166,2140,2168,2169,2183,2157,2184,2178,2184,2187,2128
542.225,2203.6,2214,2222,2219,2178,2155,2234,2253,2203,2170,2209,2237,2199,2202,2207,2174,2164,2192,2204,2233,2190,2214,2176,2202,2175,2227,2222,2206,2208,2204,2214
542.568,2155.3,2168,2121,2168,2136,2159,2144,2185,2171,2137,2158,2142,2172,2156,2171,2209,2125,2153,2172,2128,2136,2152,2148,2152,2139,2159,2117,2192,2171,2179,2139
542.912,1927.8,1911,1929,1941,1938,1928,1961,1960,1928,1929,1914,1954,1937,1900,1956,1909,1928,1907,1928,1953,1914,1907,1937,1937,1900,1940,1929,1917,1897,1914,1931
543.256,1909.5,1895,1913,1921,1887,1947,1901,1942,1912,1908,1914,1883,1913,1893,1919,1914,1909,1942,1932,1911,1885,1909,1875,1921,1888,1895,1933,1932,1892,1894,1904
543.599,2383.9,2414,2405,2384,2402,2397,2360,2413,2399,2369,2388,2364,2357,2407,2365,2362,2322,2353,2395,2393,2390,2357,2399,2367,2376,2434,2387,2411,2374,2380,2393
543.943,2294.0,2287,2268,2305,2283,2289,2293,2289,2309,2325,2314,2276,2292,2256,2288,2314,2309,2291,2296,2339,2312,2283,2317,2279,2301,2280,2261,2274,2284,2296,2310
544.286,2169.9,2185,2188,2213,2165,2191,2151,2173,2170,2151,2199,2225,2160,2173,2132,2184,2186,2156,2185,2163,2150,2138,2177,2145,2149,2161,2169,2165,2155,2171,2167
544.630,2317.9,2329,2286,2349,2341,2333,2309,2317,2325,2315,2325,2322,2323,2302,2333,2276,2324,2312,2318,2346,2309,2285,2336,2306,2315,2307,2320,2302,2364,2310,2297
544.974,2558.4,2556,2533,2575,2554,2543,2547,2546,2510,2571,2538,2577,2559,2533,2538,2568,2569,2607,2572,2585,2588,2513,2558,2572,2567,2574,2602,2557,2572,2571,2496
545.318,2369.4,2383,2407,2376,2339,2342,2420,2360,2350,2351,2340,2364,2422,2383,2376,2363,2346,2409,2371,2351,2333,2371,2388,2372,2331,2357,2362,2403,2406,2368,2337
545.661,2503.7,2483,2519,2504,2468,2485,2503,2489,2523,2520,2447,2540,2521,2494,2521,2532,2540,2528,2492,2508,2501,2466,2517,2523,2480,2494,2533,2542,2484,2476,2479
546.005,2201.9,2200,2173,2226,2229,2190,2204,2201,2198,2229,2204,2190,2177,2183,2211,2209,2236,2209,2209,2244,2193,2192,2170,2199,2193,2194,2214,2208,2194,2184,2194
546.349,2216.1,2231,2217,2194,2172,2196,2251,2221,2195,2247,2205,2212,2225,2184,2180,2250,2233,2241,2211,2221,2220,2271,2193,2213,2213,2235,2197,2213,2187,2219,2236
546.693,2085.3,2074,2084,2094,2014,2111,2101,2081,2076,2078,2115,2066,2124,2115,2073,2083,2103,2076,2108,2090,2086,2070,2104,2056,2066,2050,2103,2060,2111,2108,2079
547.037,2277.5,2273,2285,2248,2291,2322,2281,2305,2275,2256,2270,2285,2292,2246,2243,2286,2276,2328,2293,2261,2258,2292,2290,2268,2264,2256,2270,2256,2252,2280,2324
547.381,2201.3,2197,2158,2184,2160,2207,2216,2167,2206,2217,2194,2197,2226,2220,2190,2240,2217,2217,2190,2183,2225,2184,2220,2202,2226,2217,2210,2187,2195,2199,2189
547.725,2103.5,2092,2138,2102,2112,2117,2110,2078,2082,2121,2109,2048,2120,2114,2089,2142,2098,2125,2082,2126,2128,2113,2122,2142,2077,2074,2119,2086,2075,2091,2072
548.069,2293.6,2283,2265,2243,2274,2308,2286,2315,2315,2291,2300,2276,2296,2274,2307,2324,2278,2312,2288,2261,2308,2294,2311,2327,2311,2323,2293,2262,2287,2314,2281
548.413,2271.6,2300,2294,2250,2281,2254,2312,2234,2265,2301,2280,2252,2259,2261,2256,2222,2293,2258,2289,2300,2293,2268,2298,2268,2279,2252,2316,2230,2249,2263,2270
548.757,1916.1,1944,1896,1906,1905,1950,1880,1893,1877,1933,1887,1924,1932,1924,1918,1935,1928,1958,1926,1921,1911,1927,1935,1894,1910,1909,1915,1888,1895,1925,1936
549.101,1949.7,1963,1943,1926,1948,1961,1969,1903,1939,1949,1964,1939,1952,1950,2006,1952,1943,1940,1977,1937,1929,1971,1950,1967,1926,1961,1945,1958,1931,1937,1956
549.445,2150.7,2186,2128,2164,2121,2145,2136,2113,2140,2173,2153,2153,2161,2174,2152,2158,2138,2166,2146,2131,2168,2132,2172,2133,2160,2168,2151,2149,2161,2168,2120
549.789,2361.0,2343,2323,2342,2406,2340,2365,2372,2366,2339,2348,2377,2375,2364,2335,2387,2347,2401,2394,2376,2380,2403,2372,2341,2332,2340,2324,2312,2349,2378,2399
550.133,2037.5,2042,2066,2012,2061,2025,2047,2082,2073,2067,2021,2009,2048,2008,2042,2037,2032,2031,2020,2037,2030,2057,2049,2009,2043,2049,2022,2024,2049,2001,2033
550.477,2104.8,2070,2150,2081,2122,2086,2117,2084,2114,2126,2131,2071,2112,2076,2115,2142,2107,2116,2120,2113,2132,2115,2088,2080,2102,2125,2096,2074,2086,2110,2083
550.822,2333.4,2325,2312,2334,2345,2357,2320,2325,2331,2338,2328,2362,2333,2334,2311,2337,2324,2329,2350,2329,2319,2312,2321,2338,2349,2319,2349,2296,2370,2337,2367
551.166,2179.3,2196,2205,2169,2178,2141,2207,2166,2130,2201,2184,2152,2163,2166,2188,2169,2184,2182,2216,2128,2206,2201,2209,2178,2173,2185,2178,2159,2164,2210,2191
551.510,2297.2,2288,2293,2356,2290,2278,2271,2323,2319,2296,2289,2285,2285,2335,2297,2316,2278,2339,2302,2278,2325,2300,2269,2294,2326,2249,2278,2306,2279,2280,2293
551.854,2009.3,2009,2008,2020,2045,2034,2030,1978,1979,2059,2031,1998,1964,1990,2008,1996,2018,2010,2004,1998,2030,1998,2016,1976,2009,2008,2021,2027,2012,2018,1984
552.199,2319.4,2362,2307,2324,2328,2335,2317,2313,2285,2328,2357,2320,2307,2335,2294,2340,2314,2301,2346,2335,2303,2334,2328,2272,2355,2307,2325,2289,2297,2337,2286
552.543,2096.4,2081,2043,2088,2095,2059,2102,2110,2098,2124,2133,2136,2072,2142,2083,2102,2139,2084,2095,2077,2091,2106,2107,2075,2083,2074,2106,2091,2095,2108,2094
552.887,2229.5,2235,2231,2242,2272,2225,2216,2252,2210,2258,2205,2230,2232,2208,2241,2230,2235,2233,2200,2224,2246,2216,2228,2229,2236,2215,2208,2225,2228,2227,2248
553.232,2234.5,2235,2217,2236,2248,2257,2248,2226,2252,2252,2267,2246,2222,2242,2249,2200,2244,2246,2218,2203,2220,2213,2234,2241,2242,2203,2224,2290,2205,2263,2192
553.576,2340.9,2319,2372,2312,2266,2337,2337,2336,2351,2358,2354,2350,2340,2344,2287,2299,2394,2374,2355,2316,2361,2324,2341,2345,2348,2322,2347,2373,2327,2321,2418
553.921,2279.1,2299,2245,2292,2282,2250,2253,2298,2284,2315,2298,2270,2268,2251,2302,2293,2271,2275,2240,2280,2285,2278,2280,2274,2318,2280,2307,2255,2250,2249,2331
554.265,2087.6,2118,2078,2102,2055,2082,2088,2082,2108,2088,2115,2101,2116,2057,2090,2095,2105,2079,2061,2074,2059,2070,2064,2051,2058,2142,2062,2065,2153,2124,2085
554.609,2149.3,2142,2156,2160,2154,2129,2148,2190,2139,2168,2136,2145,2186,2161,2173,2168,2114,2130,2141,2104,2146,2178,2123,2150,2120,2139,2178,2136,2160,2147,2159
554.954,2205.3,2198,2202,2221,2185,2195,2188,2194,2234,2167,2198,2236,2179,2190,2189,2225,2218,2156,2233,2232,2235,2184,2204,2182,2203,2225,2187,2216,2229,2235,2219
555.299,1922.6,1940,1887,1906,1944,1942,1909,1932,1918,1951,1892,1898,1932,1938,1907,1942,1920,1937,1875,1924,1918,1913,1937,1942,1905,1922,1920,1934,1944,1933,1916
555.643,2209.8,2198,2183,2176,2228,2224,2211,2188,2181,2248,2203,2152,2227,2244,2227,2171,2251,2207,2211,2172,2260,2212,2200,2234,2198,2274,2240,2202,2184,2211,2176
555.988,2015.2,2021,2032,2003,1985,2010,2025,2025,2037,1999,2033,2013,1996,2025,2002,2028,1983,1990,2004,1950,2052,2008,2065,2011,2028,2031,1987,2031,2059,2032,1990
556.332,2280.9,2288,2284,2269,2278,2264,2293,2289,2305,2279,2248,2260,2306,2278,2280,2263,2255,2315,2243,2300,2284,2295,2300,2285,2300,2290,2307,2262,2265,2277,2265
556.677,2468.2,2424,2461,2507,2473,2494,2452,2517,2464,2458,2474,2449,2484,2482,2500,2464,2476,2441,2454,2432,2468,2476,2464,2473,2471,2443,2495,2520,2458,2464,2409
557.022,2213.4,2200,2195,2213,2226,2250,2197,2214,2182,2236,2215,2195,2222,2217,2201,2203,2195,2189,2218,2221,2201,2225,2233,2209,2206,2221,2198,2259,2224,2228,2209
557.366,2336.6,2357,2337,2344,2370,2307,2356,2328,2309,2350,2339,2318,2357,2336,2334,2314,2383,2332,2342,2333,2361,2304,2332,2307,2356,2356,2345,2300,2338,2333,2321
557.711,2283.4,2292,2267,2261,2291,2274,2268,2281,2306,2322,2312,2298,2289,2252,2268,2300,2283,2280,2285,2251,2301,2285,2283,2280,2318,2305,2299,2283,2250,2252,2266
558.056,2215.8,2223,2208,2246,2233,2228,2213,2210,2201,2186,2253,2196,2209,2218,2229,2173,2198,2200,2207,2179,2232,2224,2228,2228,2253,2210,2220,2216,2210,2227,2216
558.401,2174.6,2161,2182,2209,2201,2184,2159,2173,2140,2172,2207,2175,2164,2186,2186,2203,2187,2188,2165,2165,2186,2171,2146,2157,2174,2179,2168,2163,2150,2142,2196
558.745,2075.3,2064,2053,2098,2118,2067,2116,2073,2044,2087,2033,2075,2054,2093,2029,2086,2082,2088,2054,2088,2092,2062,2081,2073,2104,2075,2036,2075,2087,2086,2086
559.090,2201.9,2220,2194,2224,2228,2208,2250,2197,2200,2165,2186,2150,2178,2217,2166,2164,2236,2217,2209,2178,2181,2191,2225,2224,2217,2155,2228,2242,2236,2191,2180
559.435,2123.3,2135,2114,2130,2127,2118,2148,2137,2089,2132,2137,2124,2129,2097,2122,2152,2132,2136,2113,2116,2123,2068,2115,2155,2134,2122,2089,2151,2102,2138,2114
559.780,2420.8,2394,2395,2410,2428,2416,2428,2425,2416,2402,2390,2435,2411,2377,2431,2413,2433,2427,2442,2475,2429,2448,2419,2392,2457,2406,2439,2434,2388,2440,2425
560.125,2173.8,2173,2118,2188,2171,2180,2205,2150,2207,2194,2170,2109,2209,2198,2170,2174,2190,2165,2202,2149,2150,2159,2186,2169,2204,2137,2162,2176,2186,2183,2179
560.470,2296.7,2276,2280,2277,2308,2286,2299,2337,2287,2319,2307,2280,2318,2283,2337,2316,2311,2304,2308,2309,2286,2283,2283,2310,2254,2276,2293,2273,2308,2280,2314
560.815,2263.7,2277,2212,2281,2264,2294,2265,2231,2254,2282,2256,2287,2284,2275,2276,2216,2279,2242,2284,2242,2248,2268,2251,2260,2262,2264,2300,2238,2282,2280,2258
561.160,2483.4,2488,2470,2472,2455,2486,2434,2521,2530,2528,2486,2472,2473,2484,2520,2431,2511,2484,2463,2480,2506,2496,2482,2455,2468,2492,2471,2498,2481,2502,2464
561.505,2436.0,2407,2466,2454,2382,2424,2442,2414,2464,2420,2438,2452,2428,2425,2417,2481,2415,2404,2440,2472,2445,2420,2444,2431,2446,2485,2446,2443,2439,2415,2420
561.850,2428.7,2432,2420,2428,2431,2423,2456,2432,2462,2409,2448,2418,2426,2467,2415,2439,2445,2419,2413,2427,2408,2402,2424,2431,2438,2424,2418,2380,2428,2444,2454
562.195,2268.8,2303,2300,2238,2267,2309,2241,2284,2245,2271,2285,2262,2263,2247,2277,2292,2280,2264,2283,2243,2261,2251,2273,2256,2260,2229,2246,2301,2264,2269,2299
562.540,2292.2,2269,2281,2310,2287,2283,2301,2322,2298,2266,2275,2300,2296,2290,2318,2344,2303,2301,2297,2240,2284,2245,2296,2299,2322,2292,2292,2308,2290,2290,2266
562.885,2261.0,2261,2244,2238,2253,2213,2268,2255,2243,2277,2304,2252,2248,2291,2313,2241,2280,2287,2225,2275,2258,2249,2238,2216,2324,2264,2237,2278,2258,2268,2272
563.231,2031.3,2016,2005,2057,2036,2036,2015,2024,2032,2033,2024,1999,2040,2069,1999,2015,2046,2045,2027,2053,2026,1993,2056,2051,2039,2050,2050,2010,2047,2010,2037
563.576,2635.0,2604,2625,2650,2637,2681,2649,2608,2643,2625,2607,2638,2593,2622,2618,2639,2639,2667,2617,2671,2622,2631,2626,2655,2635,2603,2664,2644,2562,2684,2691
563.921,1953.5,1967,1998,1972,1936,1953,1946,1922,1930,2001,1966,1958,1929,1934,1963,1941,1928,1921,1953,1955,1959,1953,1969,1997,1953,1962,1920,1923,1950,1978,1967
564.266,2438.0,2446,2441,2430,2445,2456,2445,2477,2444,2429,2436,2434,2420,2453,2426,2465,2456,2403,2413,2412,2400,2427,2452,2433,2468,2466,2420,2469,2411,2423,2439
564.611,2486.2,2471,2509,2485,2487,2481,2496,2522,2478,2484,2497,2487,2473,2456,2484,2460,2456,2477,2482,2488,2471,2533,2494,2500,2449,2499,2533,2493,2484,2513,2444
564.957,2267.7,2279,2273,2246,2268,2264,2248,2257,2278,2265,2229,2285,2264,2291,2299,2269,2269,2282,2256,2282,2230,2249,2296,2264,2274,2283,2248,2273,2262,2284,2263
565.302,2087.2,2077,2074,2064,2068,2104,2115,2061,2102,2087,2085,2088,2088,2088,2132,2061,2111,2092,2079,2101,2117,2097,2129,2055,2075,2083,2074,2068,2102,2074,2064
565.647,1963.2,1978,1952,1934,1957,1940,1962,1962,1944,1962,1984,1960,1976,1995,1983,1965,1962,1970,2000,1954,1969,1948,1978,1960,1925,1959,1918,2005,1976,1964,1954
565.993,2233.8,2239,2256,2261,2210,2252,2218,2244,2242,2246,2172,2219,2213,2262,2202,2209,2274,2224,2240,2221,2225,2235,2198,2220,2218,2241,2227,2259,2260,2251,2276
566.338,2010.7,2002,2023,1984,1997,1986,2015,2020,2017,2014,2021,1984,1996,2036,2014,2033,2042,2029,2001,2025,2008,2008,2001,1982,2019,2027,2026,2035,1993,2008,1976
566.684,2475.6,2464,2454,2492,2476,2522,2470,2496,2486,2470,2467,2474,2500,2438,2500,2511,2475,2466,2450,2438,2430,2474,2511,2451,2497,2466,2486,2452,2501,2488,2464
567.029,2376.2,2372,2396,2392,2390,2389,2408,2355,2348,2384,2369,2392,2344,2393,2380,2351,2411,2382,2381,2396,2381,2417,2371,2333,2336,2364,2367,2374,2346,2383,2382
567.375,2200.6,2174,2197,2228,2224,2181,2230,2204,2188,2158,2216,2170,2191,2142,2218,2209,2200,2191,2232,2189,2195,2209,2228,2206,2200,2178,2243,2200,2243,2207,2167
567.720,2138.2,2117,2098,2168,2112,2134,2178,2147,2151,2142,2172,2126,2161,2124,2141,2149,2136,2134,2156,2136,2150,2124,2121,2098,2142,2133,2184,2137,2138,2090,2146
568.066,2063.1,2090,2057,2052,2090,2058,2045,2030,2058,2015,2095,2044,2077,2060,2066,2062,2047,2076,2051,2102,2064,2081,2097,2056,2056,2046,2048,2105,2054,2065,2047
568.411,2219.7,2248,2227,2258,2208,2214,2199,2218,2194,2205,2195,2216,2224,2227,2202,2200,2207,2229,2250,2292,2210,2251,2179,2218,2194,2242,2221,2217,2237,2221,2189
568.757,2374.8,2400,2393,2369,2375,2341,2370,2372,2410,2379,2389,2385,2346,2386,2385,2377,2367,2373,2372,2373,2334,2360,2356,2376,2385,2377,2369,2415,2331,2397,2383
569.102,2155.8,2134,2145,2185,2156,2163,2167,2141,2155,2125,2166,2163,2133,2168,2173,2143,2162,2206,2163,2136,2104,2158,2129,2125,2162,2199,2153,2154,2161,2161,2184
569.448,1991.1,2011,1950,1992,2006,2015,2010,1986,1998,1962,1978,1996,1979,1964,2000,1978,1961,1947,2016,1971,1992,1986,2018,1995,1995,2030,2011,2021,1990,2001,1974
569.794,2289.3,2278,2276,2331,2248,2287,2271,2240,2303,2282,2298,2257,2335,2265,2314,2252,2278,2303,2296,2322,2319,2280,2300,2267,2296,2277,2309,2282,2314,2284,2314
570.139,2366.7,2402,2406,2382,2333,2339,2363,2362,2379,2363,2388,2390,2350,2398,2378,2319,2391,2323,2385,2337,2313,2398,2354,2355,2364,2394,2362,2393,2364,2373,2342
570.485,2080.5,2104,2065,2090,2088,2070,2061,2078,2060,2043,2110,2085,2077,2089,2078,2082,2086,2083,2034,2095,2103,2074,2082,2062,2058,2078,2114,2106,2086,2101,2074
570.831,2441.2,2429,2464,2450,2419,2447,2457,2449,2420,2471,2442,2442,2412,2440,2456,2406,2423,2448,2447,2444,2440,2419,2451,2431,2444,2453,2447,2452,2430,2445,2457
571.177,2424.2,2422,2396,2485,2378,2442,2456,2466,2454,2427,2414,2370,2412,2435,2440,2405,2453,2420,2404,2415,2405,2412,2426,2473,2448,2437,2401,2390,2440,2377,2422
571.522,2514.3,2458,2540,2511,2480,2531,2484,2552,2504,2556,2516,2498,2525,2539,2549,2488,2516,2527,2491,2496,2478,2459,2517,2529,2528,2537,2501,2508,2524,2556,2530
571.868,2073.9,2083,2081,2060,2050,2098,2070,2072,2047,2117,2067,2110,2026,2112,2085,1993,2078,2064,2074,2080,2092,2057,2064,2079,2062,2066,2089,2063,2079,2077,2123
572.214,2151.5,2131,2188,2188,2162,2137,2117,2178,2153,2152,2141,2172,2144,2140,2144,2136,2128,2179,2121,2111,2161,2156,2165,2155,2140,2148,2142,2135,2177,2187,2156
572.560,2233.7,2249,2219,2235,2194,2206,2284,2186,2205,2259,2240,2261,2243,2243,2256,2245,2232,2211,2232,2207,2201,2225,2248,2219,2273,2237,2243,2245,2254,2256,2202
572.906,2209.1,2205,2217,2219,2206,2172,2225,2222,2208,2204,2235,2226,2227,2200,2200,2181,2231,2185,2189,2204,2214,2214,2218,2212,2254,2190,2196,2201,2207,2200,2211
573.252,2275.0,2252,2309,2264,2298,2288,2246,2260,2266,2292,2292,2282,2246,2309,2260,2253,2264,2309,2241,2262,2287,2274,2234,2243,2280,2280,2272,2330,2264,2301,2293
573.598,2272.0,2255,2277,2254,2263,2301,2296,2300,2278,2209,2271,2253,2239,2260,2309,2255,2275,2326,2270,2281,2250,2281,2285,2251,2256,2290,2260,2288,2289,2263,2275
573.944,2344.1,2298,2346,2351,2328,2350,2364,2347,2339,2324,2349,2374,2360,2357,2326,2352,2370,2355,2350,2355,2360,2322,2344,2353,2375,2329,2320,2333,2342,2333,2317
574.290,2177.3,2161,2164,2181,2189,2189,2165,2172,2189,2212,2187,2200,2211,2156,2166,2160,2192,2190,2171,2202,2173,2166,2140,2166,2164,2175,2184,2180,2159,2170,2186
574.636,2361.7,2363,2376,2340,2351,2362,2363,2345,2366,2366,2368,2357,2377,2379,2383,2333,2333,2328,2379,2347,2394,2350,2377,2360,2360,2378,2365,2357,2379,2363,2351
574.982,2085.3,2123,2089,2122,2055,2074,2106,2108,2100,2086,2096,2093,2111,2106,2068,2066,2115,2058,2054,2078,2066,2103,2063,2106,2074,2037,2086,2067,2078,2090,2080
575.328,2413.6,2456,2408,2445,2403,2402,2400,2381,2431,2398,2422,2408,2419,2418,2426,2441,2425,2436,2437,2428,2404,2430,2408,2390,2416,2405,2378,2403,2378,2417,2395
575.674,2155.2,2131,2120,2180,2131,2150,2174,2121,2159,2155,2159,2149,2146,2136,2133,2185,2160,2160,2159,2136,2206,2188,2117,2146,2152,2193,2128,2132,2172,2187,2191
576.020,2289.5,2307,2280,2262,2272,2293,2312,2262,2276,2285,2312,2296,2289,2290,2294,2243,2324,2285,2300,2286,2246,2288,2296,2318,2290,2291,2286,2304,2266,2329,2303
576.366,2290.7,2278,2272,2285,2284,2269,2292,2298,2288,2274,2326,2263,2268,2312,2284,2303,2285,2283,2321,2329,2309,2261,2294,2286,2303,2257,2283,2286,2274,2339,2316
576.712,2597.0,2587,2601,2629,2564,2567,2561,2619,2603,2631,2632,2593,2574,2603,2569,2597,2660,2640,2577,2578,2570,2643,2578,2640,2592,2606,2563,2566,2585,2597,2584
577.058,2513.8,2510,2516,2510,2540,2568,2539,2499,2537,2493,2528,2490,2480,2564,2518,2487,2523,2520,2494,2505,2480,2568,2520,2489,2499,2521,2495,2470,2501,2559,2491
577.405,2002.3,1989,1998,2023,1968,2018,1981,2003,1955,2015,1994,1961,1999,2028,2006,1972,1994,2042,1972,1985,2012,2042,2014,1984,2025,2029,2006,2022,2006,2005,2020
577.751,2139.3,2127,2147,2143,2130,2130,2163,2146,2127,2123,2153,2169,2173,2108,2148,2158,2151,2129,2120,2140,2149,2106,2137,2150,2156,2109,2117,2145,2125,2148,2152
578.097,2384.0,2395,2380,2390,2406,2341,2398,2355,2404,2400,2384,2387,2369,2393,2360,2393,2406,2396,2366,2384,2374,2408,2414,2410,2366,2362,2359,2354,2390,2388,2389
578.444,2393.8,2360,2387,2405,2393,2385,2405,2432,2376,2379,2413,2408,2378,2403,2402,2375,2392,2380,2417,2417,2374,2391,2368,2441,2397,2402,2376,2372,2381,2376,2429
578.790,2148.9,2129,2158,2161,2158,2131,2174,2129,2172,2139,2179,2113,2144,2137,2118,2116,2167,2153,2165,2182,2144,2179,2137,2158,2157,2140,2121,2162,2155,2133,2156
579.136,2283.1,2306,2295,2284,2286,2306,2292,2250,2245,2265,2264,2297,2233,2289,2283,2291,2340,2273,2253,2277,2270,2270,2297,2349,2254,2290,2291,2302,2255,2292,2293
579.483,2408.2,2382,2401,2386,2420,2375,2401,2403,2438,2430,2398,2422,2428,2390,2403,2402,2415,2408,2418,2401,2410,2375,2392,2405,2393,2460,2410,2386,2454,2408,2433
579.829,2115.1,2098,2137,2109,2118,2127,2089,2145,2114,2069,2106,2140,2074,2129,2133,2094,2122,2116,2134,2147,2109,2076,2124,2141,2127,2098,2118,2120,2135,2078,2127
580.176,2222.2,2239,2213,2222,2211,2226,2241,2212,2222,2267,2221,2234,2207,2205,2237,2215,2228,2200,2197,2257,2239,2260,2202,2213,2219,2172,2214,2240,2238,2216,2200
580.522,2295.5,2320,2287,2285,2303,2289,2270,2314,2278,2239,2322,2304,2293,2298,2312,2285,2278,2269,2305,2322,2326,2305,2233,2301,2309,2306,2272,2335,2297,2305,2304
580.868,2249.8,2249,2265,2269,2255,2283,2216,2278,2229,2254,2255,2190,2243,2251,2249,2248,2267,2213,2278,2254,2295,2218,2249,2272,2244,2238,2265,2242,2245,2254,2226
581.215,2383.5,2352,2411,2402,2408,2375,2379,2382,2382,2383,2403,2396,2380,2387,2382,2377,2424,2400,2359,2387,2349,2421,2406,2370,2363,2392,2402,2347,2342,2363,2382
581.562,2202.7,2189,2246,2218,2214,2189,2205,2179,2244,2180,2225,2216,2188,2224,2222,2227,2229,2219,2165,2195,2195,2174,2227,2207,2194,2169,2145,2218,2168,2203,2208
581.908,2112.1,2105,2056,2129,2120,2126,2125,2125,2099,2120,2120,2115,2114,2128,2093,2079,2116,2102,2130,2092,2138,2110,2129,2088,2103,2133,2106,2079,2137,2148,2097
582.255,2227.6,2218,2224,2208,2222,2226,2237,2270,2182,2224,2267,2237,2201,2217,2232,2235,2208,2244,2198,2228,2233,2218,2227,2227,2232,2249,2222,2218,2227,2248,2248
582.601,2060.3,2040,2073,2058,2048,2056,2064,2073,2052,2044,2063,2056,2092,2044,2094,2081,2066,2089,2053,2045,2034,2043,2040,2087,2079,2040,2075,2066,2057,2057,2041
582.948,2184.5,2161,2175,2191,2200,2192,2210,2183,2148,2182,2216,2188,2195,2155,2179,2153,2144,2180,2189,2136,2184,2240,2180,2218,2176,2203,2193,2182,2192,2204,2186
583.295,2103.3,2076,2092,2100,2125,2078,2122,2099,2112,2090,2115,2136,2124,2066,2115,2098,2106,2048,2132,2101,2108,2140,2134,2083,2142,2054,2072,2075,2109,2143,2103
583.641,2124.3,2101,2146,2156,2144,2120,2152,2150,2136,2124,2139,2104,2156,2059,2090,2132,2131,2144,2108,2136,2115,2136,2126,2123,2094,2092,2096,2127,2138,2132,2121
583.988,2515.9,2496,2556,2504,2520,2516,2517,2470,2524,2532,2486,2542,2521,2497,2509,2508,2499,2543,2552,2508,2508,2491,2509,2559,2502,2531,2530,2547,2478,2531,2490
584.335,2164.9,2153,2168,2198,2155,2175,2162,2184,2170,2152,2155,2144,2178,2181,2201,2143,2163,2134,2139,2169,2152,2193,2177,2161,2176,2126,2209,2156,2159,2155,2160
584.681,2327.4,2297,2340,2306,2316,2311,2322,2321,2320,2323,2342,2361,2288,2343,2317,2317,2329,2339,2344,2300,2345,2328,2337,2341,2330,2328,2349,2361,2340,2337,2289
585.028,2116.7,2097,2132,2068,2121,2123,2117,2090,2085,2121,2099,2119,2132,2133,2116,2088,2108,2123,2121,2149,2139,2096,2126,2116,2111,2131,2149,2094,2104,2160,2132
585.375,2099.1,2098,2042,2116,2094,2098,2105,2093,2076,2086,2170,2080,2091,2050,2100,2134,2125,2101,2136,2121,2106,2100,2111,2092,2084,2073,2089,2104,2093,2108,2097
585.722,2256.6,2248,2239,2258,2257,2224,2236,2243,2271,2297,2258,2287,2292,2232,2240,2230,2276,2281,2256,2230,2277,2274,2245,2212,2278,2248,2252,2239,2261,2283,2274
586.069,2378.0,2427,2370,2406,2371,2367,2320,2401,2377,2350,2426,2379,2369,2337,2358,2380,2351,2379,2396,2398,2397,2334,2374,2387,2376,2388,2379,2423,2381,2372,2368
586.416,2178.5,2168,2222,2206,2182,2193,2184,2178,2174,2207,2146,2173,2168,2156,2171,2162,2164,2182,2162,2163,2184,2174,2181,2130,2150,2190,2207,2217,2161,2207,2193
586.763,2268.4,2287,2291,2217,2280,2278,2274,2254,2284,2300,2283,2255,2278,2274,2282,2255,2238,2269,2259,2247,2280,2267,2280,2269,2287,2254,2266,2253,2285,2276,2230
587.110,2452.7,2419,2444,2464,2423,2476,2426,2440,2460,2458,2485,2476,2425,2462,2446,2432,2435,2433,2465,2462,2491,2437,2488,2444,2483,2445,2455,2430,2464,2465,2448
587.457,2279.6,2294,2266,2315,2288,2292,2269,2315,2277,2293,2210,2306,2301,2255,2273,2258,2298,2305,2276,2292,2304,2275,2280,2273,2281,2281,2231,2278,2260,2254,2289
587.804,2097.9,2110,2111,2126,2085,2132,2083,2113,2073,2077,2078,2060,2070,2134,2090,2107,2084,2138,2120,2099,2140,2098,2084,2093,2086,2110,2110,2105,2066,2077,2079
588.151,1970.5,1959,1959,1946,1964,1987,1973,1970,1989,1957,1940,1962,1974,1963,1971,1970,1957,1983,1942,1986,1967,1979,1988,1927,1956,2047,1996,1931,1992,1988,1993
588.498,2481.3,2462,2501,2487,2468,2464,2508,2486,2497,2470,2494,2508,2470,2491,2494,2470,2482,2516,2463,2470,2479,2526,2480,2440,2489,2473,2470,2489,2460,2477,2456
588.845,2327.6,2324,2323,2349,2299,2332,2326,2331,2342,2358,2283,2320,2328,2337,2348,2347,2312,2284,2361,2301,2342,2344,2303,2313,2346,2334,2332,2293,2350,2321,2346
589.192,2300.3,2314,2342,2316,2299,2276,2262,2270,2295,2284,2295,2349,2264,2293,2278,2298,2284,2297,2289,2296,2300,2321,2328,2296,2335,2281,2285,2350,2327,2289,2297
589.539,1982.9,1967,1958,1958,1958,1990,1993,1983,1969,2003,2050,1994,1974,1969,1967,1970,1950,1986,1972,2045,1990,1954,2002,1938,2013,1999,2005,1965,2003,1998,1965
589.886,2248.2,2249,2235,2259,2257,2239,2256,2270,2232,2248,2252,2239,2219,2239,2253,2249,2240,2228,2225,2262,2263,2254,2258,2224,2258,2257,2245,2237,2278,2252,2270
590.233,2105.2,2112,2104,2072,2121,2108,2119,2098,2083,2120,2116,2076,2085,2097,2121,2125,2081,2152,2118,2080,2077,2121,2140,2102,2084,2123,2122,2117,2061,2106,2114
590.580,2109.8,2105,2105,2122,2086,2091,2147,2125,2102,2139,2090,2125,2115,2093,2085,2070,2089,2093,2094,2115,2119,2102,2141,2118,2117,2124,2139,2090,2113,2159,2080
590.928,2018.7,2008,2045,1966,2019,1994,2038,2025,2038,2058,2033,1979,2044,2005,2046,2043,1983,2038,2002,1985,2044,2021,1992,2040,2011,2002,1980,2017,2028,2025,2053
591.275,2165.2,2164,2153,2168,2167,2156,2168,2172,2196,2172,2155,2152,2166,2128,2163,2177,2142,2165,2168,2169,2154,2173,2195,2181,2181,2157,2155,2210,2163,2125,2161
591.622,2097.7,2099,2094,2107,2086,2088,2075,2112,2084,2103,2059,2106,2092,2065,2132,2116,2098,2093,2098,2122,2089,2114,2111,2116,2093,2081,2079,2115,2105,2102,2097
591.969,2306.2,2293,2265,2330,2303,2350,2282,2293,2342,2330,2302,2288,2316,2321,2288,2293,2274,2268,2348,2317,2272,2274,2360,2296,2297,2326,2354,2318,2288,2301,2298
592.317,2020.8,2017,2033,2001,2014,2014,2031,2018,2021,2021,2014,2045,2046,2002,1997,2019,2030,2005,2053,1994,2026,2036,2025,2010,2016,2008,1990,2029,2032,2035,2041
592.664,2271.1,2243,2272,2227,2282,2268,2298,2275,2294,2310,2301,2316,2265,2236,2272,2231,2281,2300,2292,2272,2266,2270,2253,2245,2288,2278,2268,2265,2238,2259,2268
593.011,2783.7,2808,2807,2738,2776,2799,2751,2745,2813,2774,2802,2741,2785,2750,2790,2799,2831,2722,2800,2761,2789,2796,2810,2809,2851,2754,2812,2793,2746,2799,2759
593.359,2267.2,2231,2274,2288,2270,2285,2287,2238,2234,2272,2313,2300,2261,2233,2240,2249,2288,2277,2299,2261,2281,2264,2261,2241,2245,2277,2255,2256,2264,2286,2286
593.706,2201.2,2215,2194,2185,2187,2181,2232,2198,2220,2209,2150,2201,2203,2173,2257,2179,2199,2208,2193,2202,2237,2211,2206,2194,2180,2230,2216,2195,2195,2176,2210
594.054,2269.0,2292,2285,2260,2248,2248,2267,2275,2283,2219,2280,2325,2263,2256,2292,2212,2281,2275,2265,2272,2290,2287,2261,2261,2306,2283,2243,2252,2229,2286,2274
594.401,2190.1,2207,2195,2184,2165,2233,2158,2180,2193,2201,2154,2169,2237,2168,2165,2161,2183,2186,2222,2171,2179,2214,2173,2179,2181,2201,2201,2213,2218,2186,2227
594.749,2258.8,2254,2250,2191,2261,2245,2239,2224,2254,2195,2277,2278,2269,2279,2268,2240,2251,2258,2258,2267,2324,2241,2273,2268,2284,2258,2240,2230,2294,2291,2303
595.096,2281.9,2303,2246,2232,2329,2275,2301,2276,2337,2291,2297,2286,2269,2299,2269,2277,2272,2274,2293,2261,2281,2298,2308,2280,2300,2256,2313,2264,2253,2297,2219
595.444,2380.4,2355,2398,2323,2377,2401,2413,2392,2376,2408,2395,2398,2362,2341,2368,2407,2368,2379,2367,2374,2352,2382,2406,2393,2368,2361,2390,2386,2386,2412,2373
595.791,2233.4,2256,2223,2237,2228,2233,2223,2275,2243,2228,2265,2243,2219,2234,2202,2235,2221,2237,2219,2211,2220,2225,2182,2227,2278,2264,2221,2262,2226,2246,2219
596.139,2558.8,2557,2556,2542,2546,2544,2563,2570,2584,2548,2573,2562,2611,2578,2515,2554,2528,2591,2543,2541,2596,2585,2551,2523,2516,2541,2595,2550,2573,2538,2589
596.486,2198.5,2206,2236,2200,2205,2186,2176,2161,2216,2223,2200,2230,2188,2190,2190,2180,2167,2207,2168,2181,2206,2190,2198,2190,2229,2200,2213,2208,2214,2190,2206
596.834,2104.7,2076,2117,2133,2119,2074,2089,2133,2074,2096,2128,2114,2133,2123,2038,2108,2081,2145,2095,2114,2129,2100,2115,2111,2093,2090,2119,2136,2078,2050,2130
597.182,1980.7,1950,1958,1985,2012,1988,1964,2003,2000,1935,1970,1949,1959,1979,1997,1964,1976,1967,2036,2015,1966,1998,1963,2001,1978,1967,1967,1995,1980,2011,1988
597.529,2332.7,2334,2333,2360,2300,2342,2301,2354,2329,2324,2320,2355,2366,2287,2332,2314,2311,2300,2353,2298,2310,2341,2380,2300,2358,2349,2337,2323,2341,2368,2361
597.877,2191.9,2129,2201,2204,2208,2186,2144,2220,2194,2165,2160,2171,2165,2184,2177,2181,2284,2174,2176,2209,2190,2190,2181,2185,2203,2208,2200,2232,2229,2228,2180
598.225,2186.4,2184,2150,2189,2203,2195,2208,2147,2213,2173,2164,2235,2170,2178,2176,2194,2160,2171,2185,2171,2152,2204,2219,2177,2185,2224,2210,2201,2173,2171,2211
598.573,2014.5,1978,1976,2031,2024,2002,2031,2019,2003,2024,2050,2006,2046,2001,1992,2030,2036,2006,1983,2012,2029,2036,2048,2011,2000,2037,2003,1997,1992,2021,2012
598.920,2459.1,2440,2467,2452,2453,2490,2464,2493,2488,2480,2444,2411,2469,2473,2447,2475,2438,2483,2446,2412,2467,2476,2508,2421,2409,2494,2474,2435,2464,2438,2463
599.268,2197.0,2180,2174,2181,2206,2165,2203,2191,2228,2161,2198,2225,2182,2227,2177,2186,2197,2180,2222,2239,2189,2205,2220,2178,2208,2185,2207,2219,2179,2188,2210
599.616,2023.6,2009,1974,2030,2036,2047,1989,2058,2028,2009,1993,2039,2019,2049,2044,2018,2059,2017,2033,1986,2043,2012,2029,2041,2053,2022,1992,2011,1994,2043,2031
599.964,2200.9,2179,2210,2230,2220,2204,2233,2203,2200,2192,2196,2170,2171,2196,2191,2222,2155,2191,2240,2206,2194,2165,2213,2205,2225,2233,2209,2191,2169,2197,2216
600.312,1981.7,1972,1948,1970,2026,1956,1977,1991,1953,1975,1986,1978,2000,1994,1984,1950,2030,1965,2007,1957,1988,1976,2013,1983,1978,1968,1960,2012,1976,1956,2023
600.660,2080.8,2109,2070,2086,2134,2106,2054,2081,2068,2082,2056,2078,2069,2085,2108,2079,2046,2107,2084,2091,2085,2092,2059,2067,2096,2074,2079,2106,2036,2073,2063
601.008,2150.8,2178,2143,2160,2190,2168,2132,2203,2175,2179,2117,2176,2104,2180,2098,2163,2132,2129,2142,2126,2177,2162,2158,2131,2154,2161,2136,2149,2147,2115,2140
601.356,2289.3,2289,2268,2290,2318,2287,2255,2284,2292,2279,2319,2290,2290,2328,2314,2303,2278,2290,2239,2306,2272,2303,2292,2257,2270,2314,2296,2325,2249,2317,2265
601.704,1844.5,1848,1800,1834,1843,1867,1833,1861,1833,1848,1816,1844,1876,1844,1841,1848,1837,1835,1813,1828,1902,1868,1852,1864,1848,1830,1858,1834,1835,1859,1835
602.052,2155.6,2148,2165,2184,2184,2172,2158,2175,2180,2156,2124,2141,2105,2182,2152,2159,2155,2161,2186,2133,2142,2134,2163,2158,2142,2130,2136,2149,2159,2157,2179
602.400,2180.6,2218,2187,2124,2185,2165,2218,2180,2178,2154,2172,2168,2156,2185,2176,2143,2178,2195,2140,2208,2203,2207,2205,2169,2184,2218,2156,2210,2205,2180,2152
602.748,2534.7,2553,2513,2574,2515,2543,2516,2516,2533,2530,2540,2520,2524,2495,2546,2531,2523,2521,2568,2541,2550,2529,2533,2553,2534,2526,2539,2555,2526,2517,2576
603.096,2087.9,2107,2084,2097,2086,2077,2082,2089,2076,2091,2037,2064,2067,2063,2054,2113,2100,2102,2108,2143,2116,2083,2068,2071,2082,2117,2126,2099,2103,2071,2060
603.444,2071.4,2085,2066,2097,2075,2081,2102,2053,2097,2055,2025,2049,2033,2062,2065,2067,2056,2096,2072,2084,2090,2076,2065,2063,2115,2059,2072,2066,2073,2065,2079
603.792,2322.7,2335,2331,2294,2328,2297,2326,2321,2307,2335,2320,2316,2309,2363,2339,2358,2312,2368,2317,2313,2309,2316,2315,2309,2272,2311,2311,2339,2383,2338,2288
604.140,2167.4,2142,2160,2156,2217,2121,2164,2205,2157,2182,2155,2111,2202,2136,2157,2163,2216,2146,2140,2175,2186,2162,2154,2185,2203,2150,2203,2152,2184,2173,2165
604.488,2263.3,2253,2323,2229,2238,2287,2264,2278,2269,2211,2259,2259,2272,2258,2240,2233,2279,2287,2230,2257,2252,2232,2294,2265,2286,2270,2261,2303,2283,2273,2254
604.836,2193.9,2178,2184,2193,2206,2156,2205,2201,2191,2167,2201,2168,2185,2181,2202,2189,2202,2198,2204,2234,2168,2227,2204,2205,2208,2204,2141,2200,2206,2192,2217
605.185,2182.8,2187,2217,2192,2189,2206,2173,2169,2206,2153,2136,2157,2163,2209,2152,2192,2212,2203,2170,2180,2178,2174,2204,2204,2174,2194,2202,2184,2171,2179,2154
605.533,2363.5,2346,2337,2400,2360,2331,2377,2377,2392,2293,2337,2370,2341,2347,2377,2359,2399,2353,2365,2403,2374,2376,2383,2332,2353,2389,2364,2393,2350,2374,2352
605.881,2151.7,2142,2167,2142,2168,2167,2123,2155,2157,2169,2122,2122,2149,2144,2176,2188,2172,2137,2100,2142,2144,2167,2154,2139,2154,2174,2170,2143,2149,2154,2161
606.230,2425.3,2417,2438,2445,2421,2382,2431,2403,2459,2425,2432,2397,2409,2416,2438,2459,2456,2423,2440,2405,2442,2394,2422,2408,2440,2451,2446,2413,2430,2428,2388
606.578,2383.4,2416,2359,2389,2395,2394,2348,2379,2361,2348,2389,2393,2384,2376,2393,2408,2384,2390,2378,2360,2445,2395,2379,2374,2373,2357,2377,2366,2350,2445,2396
606.926,2295.9,2297,2277,2275,2273,2319,2293,2293,2307,2301,2310,2314,2300,2305,2319,2308,2278,2296,2330,2299,2289,2266,2295,2292,2294,2269,2290,2301,2282,2308,2297
607.275,2388.9,2411,2386,2378,2384,2426,2358,2368,2350,2417,2345,2385,2418,2399,2399,2377,2390,2422,2382,2380,2385,2394,2387,2388,2386,2389,2398,2388,2353,2425,2400
607.623,2296.6,2285,2280,2318,2303,2311,2299,2282,2271,2326,2281,2350,2308,2294,2322,2324,2307,2291,2267,2274,2275,2323,2294,2322,2262,2280,2296,2296,2317,2270,2270
607.971,1982.8,2009,2003,1969,1959,2003,1966,1996,1956,2005,1969,1967,1976,1963,2011,1994,1991,1975,2008,2005,2008,1979,2002,1999,1987,1960,1970,1972,1965,1912,2005
608.320,2615.2,2650,2570,2580,2614,2632,2639,2637,2637,2599,2641,2652,2593,2622,2592,2614,2592,2600,2623,2624,2589,2601,2609,2641,2623,2647,2630,2603,2629,2557,2615
608.668,2267.3,2266,2250,2248,2249,2236,2245,2288,2239,2281,2239,2302,2299,2272,2266,2277,2275,2241,2307,2259,2249,2249,2260,2287,2261,2255,2310,2270,2282,2285,2273
609.017,2415.7,2420,2402,2412,2424,2457,2395,2369,2388,2395,2421,2419,2433,2426,2438,2414,2397,2406,2389,2410,2405,2456,2450,2423,2435,2394,2463,2414,2420,2404,2392
609.365,2386.3,2396,2402,2409,2380,2412,2399,2319,2358,2432,2388,2376,2355,2363,2405,2378,2380,2384,2421,2371,2450,2393,2390,2373,2394,2395,2403,2342,2368,2354,2398
609.714,2013.2,2018,2015,2024,2014,2024,1989,2042,1967,2018,1987,2015,2030,1961,2010,2005,2014,2035,2030,2024,2003,2002,1994,2013,2044,2020,2041,2035,2022,1990,2011
610.062,2254.7,2223,2234,2278,2290,2289,2229,2261,2220,2231,2238,2248,2258,2252,2313,2242,2241,2299,2264,2243,2247,2225,2263,2275,2248,2287,2242,2242,2277,2253,2230
610.411,1990.5,2000,1959,1985,2015,2010,2018,2022,1984,2019,1999,1970,1972,1961,1989,1969,1971,2003,2025,1952,2015,1983,2017,1992,1990,1978,2003,1974,1994,1968,1979
610.760,2156.1,2160,2147,2179,2158,2159,2162,2160,2132,2134,2177,2162,2200,2175,2177,2117,2200,2139,2156,2141,2168,2166,2173,2116,2136,2133,2172,2142,2164,2167,2111
611.108,2085.6,2109,2077,2047,2120,2085,2035,2090,2099,2046,2119,2044,2098,2108,2069,2063,2099,2068,2104,2037,2104,2081,2123,2117,2085,2111,2074,2093,2082,2090,2090
611.457,2200.1,2232,2185,2178,2201,2199,2207,2227,2197,2166,2214,2237,2182,2163,2203,2241,2180,2191,2184,2230,2226,2231,2224,2214,2203,2182,2164,2203,2172,2184,2183
611.805,2449.2,2466,2461,2453,2438,2426,2486,2464,2417,2446,2460,2480,2449,2439,2464,2482,2406,2490,2446,2450,2413,2436,2475,2397,2451,2416,2479,2452,2450,2467,2418
612.154,2285.8,2287,2296,2284,2300,2270,2294,2278,2299,2310,2269,2239,2296,2305,2260,2259,2293,2301,2312,2291,2277,2244,2267,2269,2255,2297,2310,2311,2250,2326,2325
612.503,2519.3,2502,2539,2559,2491,2533,2517,2526,2496,2490,2545,2524,2541,2504,2536,2542,2492,2527,2524,2467,2499,2529,2500,2520,2546,2550,2485,2493,2533,2511,2557
612.852,2350.8,2333,2336,2350,2342,2353,2364,2370,2338,2347,2343,2306,2348,2393,2354,2371,2371,2323,2376,2324,2361,2322,2376,2352,2332,2313,2374,2356,2349,2386,2362
613.200,2388.1,2393,2444,2383,2369,2384,2408,2376,2360,2358,2417,2365,2395,2359,2395,2417,2360,2415,2400,2423,2346,2378,2387,2425,2382,2408,2368,2360,2384,2414,2369
613.549,2396.0,2427,2397,2399,2407,2421,2411,2388,2400,2410,2405,2393,2408,2392,2410,2417,2392,2394,2395,2399,2368,2403,2345,2365,2382,2406,2409,2373,2386,2362,2416
613.898,2347.6,2353,2347,2323,2330,2345,2335,2367,2339,2349,2356,2349,2358,2372,2332,2333,2344,2325,2373,2361,2329,2350,2351,2406,2366,2318,2324,2325,2382,2327,2359
614.247,2430.3,2446,2491,2429,2423,2425,2434,2413,2435,2390,2464,2439,2453,2436,2447,2456,2417,2440,2417,2436,2432,2406,2386,2432,2445,2405,2432,2424,2417,2421,2418
614.596,2294.8,2300,2299,2287,2303,2318,2286,2299,2251,2305,2310,2303,2282,2305,2302,2292,2312,2274,2325,2303,2260,2286,2245,2285,2282,2339,2267,2324,2273,2287,2341
614.945,2334.3,2345,2333,2319,2310,2341,2357,2329,2300,2342,2375,2380,2320,2319,2325,2318,2344,2354,2327,2298,2302,2342,2328,2323,2336,2369,2305,2345,2360,2339,2345
615.294,2232.6,2219,2262,2216,2252,2237,2237,2242,2265,2214,2255,2206,2212,2212,2222,2238,2236,2195,2222,2269,2228,2220,2203,2253,2278,2269,2193,2271,2216,2200,2237
615.642,2297.6,2322,2300,2285,2319,2268,2299,2264,2301,2301,2303,2287,2324,2266,2249,2274,2336,2289,2299,2293,2306,2277,2294,2294,2305,2333,2299,2356,2290,2302,2292
615.991,2726.9,2714,2715,2689,2705,2713,2770,2728,2733,2749,2752,2721,2712,2716,2725,2772,2728,2720,2750,2717,2713,2721,2688,2709,2764,2732,2732,2723,2715,2735,2745
616.340,2212.7,2211,2207,2194,2223,2207,2226,2211,2209,2266,2166,2209,2193,2246,2164,2216,2183,2212,2250,2201,2220,2241,2218,2216,2224,2223,2221,2224,2209,2196,2196
616.689,2128.7,2102,2140,2098,2114,2152,2136,2121,2154,2115,2141,2173,2154,2158,2138,2107,2169,2104,2096,2137,2150,2124,2100,2132,2125,2136,2139,2121,2113,2104,2107
617.038,2439.9,2426,2455,2432,2430,2463,2433,2441,2467,2426,2486,2454,2447,2474,2463,2431,2411,2397,2432,2438,2407,2427,2423,2464,2463,2431,2419,2430,2446,2468,2413
617.387,2239.5,2260,2244,2246,2202,2227,2243,2265,2256,2216,2239,2254,2194,2236,2234,2220,2232,2252,2253,2257,2236,2229,2281,2247,2239,2205,2232,2232,2255,2267,2232
617.737,2410.6,2436,2428,2407,2410,2385,2395,2453,2413,2411,2380,2394,2417,2421,2410,2403,2396,2399,2407,2405,2383,2395,2396,2427,2444,2426,2364,2432,2464,2422,2394
618.086,2228.2,2223,2216,2266,2226,2245,2237,2201,2249,2200,2244,2249,2224,2233,2223,2238,2234,2240,2202,2214,2235,2210,2228,2223,2213,2202,2223,2190,2241,2250,2267
618.435,2399.8,2393,2401,2408,2397,2381,2373,2398,2377,2412,2427,2405,2418,2382,2417,2427,2355,2403,2397,2419,2400,2406,2411,2356,2389,2421,2370,2411,2452,2360,2428
618.784,2420.3,2433,2401,2433,2494,2433,2411,2412,2400,2377,2411,2421,2394,2436,2412,2439,2423,2406,2457,2456,2408,2415,2409,2412,2414,2436,2429,2399,2421,2396,2420
619.133,2144.1,2138,2159,2138,2116,2144,2137,2117,2168,2138,2168,2148,2116,2149,2129,2173,2163,2152,2181,2175,2136,2158,2157,2144,2141,2152,2131,2122,2142,2116,2115
619.482,2261.5,2274,2270,2286,2267,2259,2260,2243,2317,2268,2235,2257,2219,2270,2254,2282,2229,2252,2263,2266,2261,2279,2268,2242,2275,2249,2252,2271,2273,2276,2229
619.832,2117.2,2108,2132,2121,2140,2113,2146,2152,2123,2133,2140,2098,2113,2099,2109,2147,2126,2106,2094,2111,2073,2125,2120,2113,2120,2102,2109,2154,2113,2091,2086
620.181,2107.4,2115,2083,2112,2091,2099,2091,2099,2090,2141,2156,2079,2126,2091,2102,2147,2147,2110,2113,2093,2064,2112,2109,2077,2145,2095,2117,2109,2086,2108,2115
620.530,2456.2,2515,2471,2452,2447,2466,2452,2447,2460,2435,2474,2457,2447,2489,2455,2454,2465,2476,2466,2446,2448,2438,2456,2452,2462,2443,2419,2472,2421,2447,2455
620.879,2404.1,2386,2408,2403,2405,2383,2398,2443,2379,2410,2450,2383,2417,2413,2416,2402,2450,2428,2380,2369,2416,2396,2376,2404,2339,2426,2419,2379,2469,2399,2378
621.229,2156.3,2186,2179,2176,2156,2172,2178,2163,2155,2129,2136,2187,2174,2174,2150,2128,2150,2121,2137,2170,2176,2137,2132,2168,2147,2161,2115,2178,2151,2174,2130
621.578,2767.3,2728,2793,2779,2776,2743,2773,2782,2772,2722,2755,2745,2764,2728,2752,2778,2790,2748,2812,2737,2755,2735,2824,2758,2792,2799,2750,2768,2809,2773,2779
621.927,2441.5,2456,2421,2463,2418,2405,2430,2464,2454,2442,2453,2432,2418,2473,2431,2444,2436,2414,2426,2449,2443,2424,2474,2447,2425,2449,2456,2486,2447,2435,2431
622.277,2120.2,2134,2139,2115,2127,2096,2084,2119,2110,2157,2134,2114,2101,2123,2120,2137,2121,2101,2111,2130,2140,2123,2156,2133,2117,2104,2129,2091,2121,2112,2106
622.626,2195.7,2200,2210,2188,2188,2169,2200,2209,2198,2155,2216,2162,2194,2232,2207,2206,2163,2225,2168,2207,2164,2196,2202,2196,2194,2207,2182,2187,2232,2198,2216
622.975,2180.6,2179,2168,2138,2171,2186,2166,2184,2166,2184,2164,2200,2193,2216,2162,2169,2181,2150,2193,2232,2224,2154,2147,2175,2208,2168,2182,2202,2193,2189,2175
623.325,2235.4,2211,2229,2243,2244,2232,2235,2254,2223,2267,2244,2244,2242,2241,2243,2226,2243,2227,2170,2217,2229,2253,2226,2226,2204,2229,2235,2241,2290,2243,2252
623.674,2269.4,2242,2252,2260,2276,2294,2270,2270,2245,2286,2248,2290,2283,2248,2271,2321,2263,2275,2286,2301,2257,2215,2223,2261,2262,2256,2307,2284,2275,2269,2291
624.024,2629.1,2616,2620,2632,2620,2651,2635,2644,2629,2636,2669,2627,2647,2642,2637,2619,2592,2634,2639,2622,2637,2568,2634,2628,2601,2634,2639,2624,2629,2639,2630
624.373,2367.8,2378,2370,2370,2344,2364,2427,2336,2375,2357,2383,2361,2362,2366,2384,2392,2385,2344,2399,2356,2361,2348,2375,2354,2362,2360,2368,2349,2381,2335,2389
624.723,2395.2,2417,2398,2388,2399,2317,2450,2406,2362,2383,2399,2409,2420,2382,2408,2410,2401,2393,2353,2369,2438,2406,2364,2393,2439,2444,2353,2390,2374,2409,2383
625.072,2328.4,2326,2347,2323,2342,2325,2355,2358,2320,2342,2339,2284,2355,2338,2329,2297,2300,2309,2298,2350,2329,2323,2322,2370,2344,2318,2345,2319,2328,2281,2337
625.422,2087.4,2098,2116,2076,2108,2047,2121,2067,2102,2102,2110,2089,2077,2055,2110,2068,2077,2082,2108,2109,2099,2086,2105,2064,2067,2098,2088,2075,2043,2096,2078
625.772,2261.8,2231,2248,2292,2280,2267,2257,2287,2266,2268,2264,2256,2291,2249,2267,2325,2281,2270,2234,2240,2219,2222,2257,2248,2224,2242,2277,2248,2283,2312,2248
626.121,2201.7,2186,2190,2233,2192,2230,2190,2201,2233,2180,2187,2175,2198,2254,2191,2176,2238,2187,2174,2192,2205,2202,2186,2209,2189,2202,2213,2230,2202,2198,2209
626.471,2350.0,2347,2364,2342,2312,2344,2360,2338,2305,2363,2367,2340,2324,2379,2369,2338,2378,2355,2320,2382,2350,2356,2277,2354,2372,2382,2348,2364,2334,2383,2354
626.821,2362.5,2366,2381,2390,2358,2387,2358,2345,2341,2371,2341,2306,2384,2352,2345,2356,2368,2374,2371,2364,2353,2347,2352,2362,2361,2398,2377,2342,2348,2363,2414
627.170,2222.0,2202,2218,2219,2208,2226,2208,2220,2233,2233,2213,2216,2232,2230,2230,2243,2225,2222,2202,2230,2248,2216,2209,2225,2211,2218,2227,2214,2220,2232,2229
627.520,2125.1,2148,2136,2096,2115,2077,2105,2113,2161,2131,2149,2186,2134,2077,2149,2120,2161,2092,2130,2104,2156,2122,2142,2124,2128,2097,2082,2119,2109,2137,2153
627.870,2454.4,2469,2462,2473,2417,2460,2483,2405,2468,2446,2462,2452,2426,2479,2447,2453,2475,2448,2429,2435,2459,2484,2440,2424,2425,2465,2456,2444,2465,2490,2491
628.220,2229.0,2233,2260,2240,2221,2245,2278,2206,2258,2220,2198,2265,2217,2226,2232,2208,2257,2227,2210,2213,2218,2210,2233,2245,2224,2207,2230,2227,2212,2208,2242
628.569,2276.4,2300,2263,2281,2228,2249,2287,2244,2275,2246,2280,2278,2270,2296,2273,2290,2300,2244,2285,2284,2243,2321,2277,2295,2253,2294,2282,2258,2257,2293,2346
628.919,2384.1,2354,2396,2392,2378,2394,2366,2371,2378,2373,2331,2366,2388,2398,2391,2401,2435,2406,2364,2366,2414,2413,2383,2414,2414,2419,2366,2345,2382,2378,2346
629.269,2342.8,2328,2338,2353,2367,2335,2346,2328,2339,2333,2372,2323,2329,2335,2330,2366,2341,2361,2354,2336,2357,2336,2362,2333,2339,2352,2360,2318,2306,2334,2373
629.619,2347.2,2362,2360,2331,2333,2355,2337,2349,2328,2326,2370,2331,2301,2365,2345,2380,2328,2318,2317,2379,2344,2358,2375,2354,2397,2355,2367,2310,2376,2321,2345
629.969,2443.3,2450,2450,2478,2411,2466,2421,2393,2490,2453,2460,2465,2453,2434,2432,2406,2453,2440,2437,2440,2456,2479,2433,2450,2435,2446,2430,2424,2447,2438,2430
630.319,2336.3,2316,2338,2346,2337,2293,2365,2335,2325,2315,2397,2344,2339,2330,2350,2338,2359,2322,2360,2340,2350,2329,2298,2346,2331,2300,2336,2322,2328,2360,2340
630.669,2239.5,2241,2256,2219,2229,2252,2293,2234,2248,2264,2227,2224,2247,2234,2244,2211,2193,2251,2240,2255,2259,2227,2227,2269,2246,2228,2225,2223,2217,2237,2266
631.019,2151.1,2130,2140,2114,2149,2150,2134,2126,2182,2122,2168,2155,2156,2161,2172,2160,2216,2134,2153,2143,2144,2146,2138,2150,2127,2183,2175,2189,2116,2153,2146
631.368,2354.5,2363,2395,2369,2367,2325,2355,2377,2405,2354,2342,2347,2374,2345,2368,2388,2383,2357,2376,2297,2373,2361,2363,2350,2307,2365,2328,2352,2252,2347,2349
631.718,2498.7,2512,2536,2542,2448,2502,2508,2507,2464,2441,2522,2450,2439,2494,2549,2488,2547,2510,2526,2527,2476,2500,2493,2493,2474,2520,2494,2488,2479,2516,2516
632.068,2304.2,2254,2285,2352,2350,2291,2232,2303,2325,2290,2290,2312,2328,2257,2335,2283,2306,2313,2331,2349,2309,2320,2325,2305,2281,2278,2326,2303,2293,2297,2304
632.419,2423.4,2415,2453,2420,2408,2381,2436,2432,2400,2419,2449,2430,2411,2465,2418,2452,2428,2444,2415,2387,2415,2419,2430,2406,2415,2407,2410,2443,2436,2446,2412
632.769,2106.9,2113,2063,2102,2117,2104,2107,2104,2114,2081,2115,2118,2092,2114,2090,2124,2099,2111,2096,2107,2074,2146,2152,2066,2153,2121,2092,2110,2098,2129,2096
633.119,2275.1,2261,2243,2261,2296,2307,2270,2284,2257,2244,2293,2281,2289,2273,2310,2288,2252,2259,2283,2272,2287,2299,2280,2264,2281,2259,2306,2287,2261,2257,2248
633.469,2525.6,2546,2505,2518,2551,2528,2513,2567,2552,2512,2524,2520,2528,2486,2536,2503,2532,2550,2511,2514,2517,2546,2536,2524,2541,2512,2507,2562,2479,2513,2536
633.819,2287.4,2279,2232,2256,2279,2259,2312,2275,2290,2292,2265,2275,2299,2311,2312,2297,2286,2298,2285,2275,2366,2313,2303,2265,2309,2258,2290,2279,2314,2272,2276
634.169,2270.2,2274,2219,2298,2259,2251,2301,2265,2269,2280,2273,2287,2274,2286,2289,2296,2280,2274,2255,2231,2256,2263,2272,2269,2266,2269,2286,2276,2255,2281,2253
634.519,2517.7,2487,2477,2507,2525,2536,2542,2523,2520,2518,2502,2502,2491,2544,2502,2531,2536,2482,2508,2545,2537,2526,2527,2506,2516,2517,2521,2581,2458,2511,2554
634.869,2182.3,2189,2134,2184,2207,2149,2185,2188,2209,2129,2170,2201,2203,2185,2204,2173,2196,2217,2142,2182,2173,2176,2195,2206,2221,2168,2175,2181,2166,2189,2171
635.220,2547.7,2576,2523,2563,2554,2518,2552,2568,2555,2488,2538,2544,2513,2561,2564,2577,2557,2529,2597,2539,2573,2522,2540,2512,2553,2529,2546,2551,2579,2565,2544
635.570,2390.6,2374,2354,2347,2370,2441,2417,2372,2370,2380,2363,2366,2403,2363,2385,2402,2376,2427,2422,2364,2408,2410,2351,2402,2415,2365,2424,2424,2388,2434,2402
635.920,2124.9,2156,2145,2149,2095,2128,2124,2136,2152,2125,2108,2108,2127,2133,2143,2148,2129,2115,2152,2097,2145,2067,2107,2137,2098,2100,2139,2118,2125,2125,2115
636.270,2914.0,2895,2895,2886,2904,2919,2905,2902,2937,2929,2926,2941,2952,2904,2893,2931,2901,2978,2973,2937,2925,2908,2901,2920,2898,2875,2870,2912,2906,2930,2866
636.621,2541.2,2589,2504,2557,2542,2554,2550,2534,2503,2521,2568,2560,2572,2506,2579,2548,2523,2501,2557,2518,2539,2538,2536,2548,2564,2521,2566,2559,2537,2532,2510
636.971,2600.7,2575,2591,2612,2638,2600,2624,2648,2622,2566,2586,2606,2597,2591,2597,2599,2636,2569,2581,2575,2630,2593,2627,2605,2603,2602,2570,2606,2577,2620,2575
637.321,2360.5,2399,2337,2405,2367,2360,2398,2362,2367,2415,2361,2345,2337,2351,2336,2345,2347,2379,2370,2335,2361,2372,2334,2321,2380,2340,2389,2344,2385,2329,2344
637.672,2180.7,2161,2197,2179,2180,2185,2210,2153,2186,2179,2187,2202,2153,2188,2211,2172,2171,2168,2237,2146,2216,2159,2189,2182,2170,2139,2150,2197,2201,2202,2152
638.022,2148.2,2120,2187,2141,2150,2160,2153,2150,2170,2136,2144,2147,2159,2162,2115,2188,2139,2122,2139,2136,2115,2154,2178,2106,2157,2132,2160,2127,2163,2180,2157
638.373,2114.0,2110,2104,2144,2095,2122,2135,2075,2104,2129,2101,2106,2135,2118,2110,2111,2134,2110,2108,2133,2104,2091,2120,2082,2108,2133,2129,2116,2142,2107,2103
638.723,2391.0,2393,2376,2393,2376,2401,2407,2417,2393,2413,2366,2365,2394,2417,2420,2388,2351,2405,2351,2402,2373,2393,2383,2437,2377,2393,2360,2386,2419,2382,2400
639.073,2501.9,2488,2501,2523,2517,2504,2474,2489,2508,2512,2482,2468,2514,2501,2514,2505,2495,2509,2502,2521,2472,2525,2511,2483,2513,2501,2501,2495,2508,2502,2519
639.424,2684.6,2691,2656,2676,2673,2699,2685,2708,2696,2667,2661,2683,2672,2729,2686,2677,2706,2713,2702,2652,2720,2670,2692,2677,2674,2669,2665,2676,2675,2716,2671
639.774,2221.4,2198,2215,2260,2217,2212,2182,2236,2251,2220,2243,2235,2209,2241,2222,2239,2233,2188,2227,2208,2209,2224,2220,2253,2236,2196,2207,2245,2184,2246,2186
640.125,2421.8,2431,2425,2449,2387,2416,2429,2409,2429,2420,2464,2422,2418,2447,2438,2417,2396,2447,2420,2460,2416,2390,2419,2405,2378,2429,2427,2419,2434,2402,2410
640.476,2648.7,2674,2691,2619,2669,2620,2643,2630,2687,2657,2679,2634,2655,2618,2621,2655,2666,2654,2638,2633,2606,2661,2648,2636,2639,2646,2664,2645,2687,2623,2663
640.826,2357.1,2363,2320,2344,2345,2388,2305,2350,2353,2298,2387,2382,2339,2336,2355,2369,2353,2371,2352,2390,2369,2353,2389,2345,2339,2366,2376,2371,2370,2365,2369
641.177,2073.1,2068,2043,2077,2069,2082,2063,2079,2078,2083,2064,2062,2049,2072,2056,2075,2102,2034,2082,2060,2093,2075,2079,2074,2101,2088,2053,2046,2082,2099,2106
641.527,2451.6,2485,2467,2418,2425,2472,2448,2475,2462,2434,2488,2459,2474,2450,2442,2433,2447,2445,2432,2419,2456,2425,2462,2435,2428,2472,2472,2442,2484,2453,2445
641.878,2340.9,2351,2326,2305,2333,2351,2334,2341,2340,2360,2309,2332,2388,2318,2323,2379,2349,2333,2306,2366,2346,2344,2332,2368,2376,2373,2347,2321,2322,2321,2332
642.229,2388.8,2382,2399,2406,2379,2366,2371,2380,2409,2401,2337,2408,2385,2400,2370,2394,2384,2388,2377,2380,2437,2401,2380,2387,2388,2388,2397,2398,2415,2394,2364
642.579,2274.0,2239,2274,2305,2284,2312,2290,2223,2260,2249,2244,2276,2249,2256,2300,2281,2236,2275,2297,2304,2280,2312,2239,2255,2268,2291,2270,2248,2322,2289,2293
642.930,2999.0,2983,2981,3025,3013,2957,2987,2979,3001,3024,3001,2995,2943,3025,3002,2987,3012,3025,2959,3000,3019,2995,3000,3064,2989,2988,3018,2983,3022,3003,2991
643.281,2311.9,2276,2297,2327,2320,2310,2334,2361,2318,2314,2298,2325,2310,2311,2303,2338,2303,2326,2301,2323,2325,2344,2281,2268,2281,2282,2303,2340,2302,2326,2309
643.631,2367.9,2325,2351,2355,2412,2347,2424,2389,2371,2354,2363,2354,2384,2367,2331,2359,2371,2366,2357,2357,2356,2394,2388,2384,2395,2353,2366,2363,2388,2351,2361
643.982,2653.3,2620,2664,2628,2635,2690,2674,2642,2639,2670,2629,2673,2637,2651,2659,2649,2686,2690,2666,2692,2696,2657,2608,2658,2620,2633,2641,2654,2652,2653,2632
644.333,2524.1,2540,2546,2521,2541,2507,2513,2494,2544,2509,2530,2569,2517,2496,2500,2503,2531,2494,2517,2499,2530,2581,2510,2527,2520,2574,2480,2545,2519,2489,2578
644.684,2383.3,2364,2408,2414,2404,2353,2355,2384,2355,2366,2350,2392,2389,2367,2393,2394,2393,2386,2341,2413,2379,2342,2412,2387,2376,2360,2415,2431,2415,2373,2387
645.035,2721.3,2746,2716,2733,2706,2696,2717,2710,2695,2715,2716,2710,2722,2752,2768,2727,2729,2741,2669,2758,2732,2668,2736,2712,2690,2747,2712,2755,2695,2739,2726
645.385,2338.0,2326,2329,2354,2332,2336,2344,2332,2329,2312,2314,2348,2383,2363,2381,2313,2320,2347,2383,2316,2335,2336,2341,2347,2302,2336,2346,2345,2324,2329,2337
645.736,3068.5,3065,3090,3087,3071,3064,3084,3049,3096,3035,3087,3027,3082,3098,3058,3048,3074,3090,3051,3008,3089,3073,3049,3099,3084,3064,3058,3073,3073,3038,3091
646.087,2320.1,2293,2310,2356,2343,2328,2286,2322,2294,2317,2352,2307,2314,2280,2352,2323,2344,2321,2342,2296,2316,2290,2355,2317,2309,2316,2358,2314,2332,2298,2317
646.438,2818.7,2844,2826,2814,2810,2865,2875,2809,2789,2794,2808,2799,2819,2802,2831,2808,2816,2819,2834,2826,2807,2832,2833,2801,2791,2825,2802,2842,2790,2856,2793
646.789,2879.3,2848,2873,2886,2865,2895,2860,2898,2872,2816,2905,2901,2869,2899,2876,2889,2909,2882,2874,2901,2910,2874,2862,2854,2889,2872,2889,2895,2901,2856,2860
647.140,2809.3,2794,2807,2842,2805,2805,2827,2803,2774,2817,2789,2797,2824,2817,2800,2771,2813,2798,2842,2808,2862,2792,2842,2814,2776,2799,2829,2801,2792,2803,2835
647.491,2692.1,2707,2676,2712,2681,2670,2682,2691,2680,2680,2672,2686,2719,2656,2684,2714,2645,2746,2697,2728,2679,2712,2704,2707,2656,2685,2652,2734,2715,2693,2699
647.842,2943.4,2990,2939,2972,2942,2960,2927,2909,2946,2920,2928,2914,2962,2944,2975,2935,2945,2940,2909,2973,2942,2944,2938,2977,2922,2970,2957,2916,2937,2937,2931
648.193,2343.0,2329,2318,2344,2338,2339,2319,2376,2331,2334,2307,2357,2325,2341,2326,2357,2367,2360,2350,2386,2313,2331,2330,2338,2315,2345,2362,2385,2347,2391,2330
648.544,2373.1,2362,2398,2342,2370,2364,2394,2386,2377,2399,2415,2343,2392,2366,2367,2428,2368,2364,2340,2377,2405,2366,2319,2377,2353,2355,2343,2384,2353,2395,2392
648.895,2532.6,2523,2536,2546,2544,2526,2548,2542,2529,2530,2556,2532,2550,2545,2507,2521,2517,2496,2568,2532,2575,2556,2508,2519,2499,2486,2536,2525,2550,2546,2531
649.246,2447.8,2429,2446,2479,2395,2446,2463,2434,2448,2463,2463,2457,2455,2491,2445,2476,2453,2461,2425,2413,2441,2434,2455,2452,2468,2467,2427,2454,2429,2422,2442
649.597,2493.3,2495,2497,2508,2502,2503,2513,2492,2501,2491,2532,2493,2477,2497,2515,2481,2494,2492,2538,2469,2540,2468,2447,2488,2482,2510,2436,2488,2517,2483,2450
649.949,2530.7,2526,2515,2552,2502,2539,2553,2489,2529,2482,2506,2573,2500,2518,2525,2533,2499,2542,2512,2549,2478,2556,2547,2568,2530,2573,2498,2563,2555,2581,2529
650.300,2223.0,2150,2214,2239,2247,2227,2207,2201,2231,2235,2205,2232,2260,2252,2205,2222,2199,2228,2250,2243,2213,2199,2222,2245,2215,2224,2240,2229,2234,2211,2211
650.651,2465.5,2458,2457,2460,2433,2469,2482,2479,2481,2495,2486,2440,2466,2513,2473,2426,2446,2490,2456,2450,2468,2495,2471,2464,2461,2444,2449,2484,2489,2456,2424
651.002,2443.8,2446,2431,2436,2432,2435,2445,2438,2421,2438,2460,2469,2443,2489,2432,2453,2455,2484,2474,2449,2415,2443,2395,2427,2441,2450,2424,2450,2430,2472,2438
651.353,2449.1,2441,2452,2450,2459,2435,2455,2451,2450,2426,2434,2458,2472,2469,2442,2434,2397,2466,2428,2443,2445,2451,2486,2480,2456,2460,2469,2452,2419,2436,2458
651.705,2884.5,2844,2862,2895,2869,2877,2929,2895,2931,2898,2898,2914,2834,2865,2902,2849,2873,2944,2909,2871,2854,2913,2882,2885,2840,2869,2866,2897,2904,2843,2924
652.056,2607.9,2579,2580,2615,2611,2602,2597,2641,2632,2593,2605,2609,2605,2613,2607,2597,2611,2620,2598,2607,2612,2597,2639,2586,2632,2644,2605,2590,2637,2596,2576
652.407,3268.2,3261,3254,3249,3282,3272,3279,3314,3265,3265,3311,3252,3219,3243,3297,3291,3238,3296,3217,3319,3287,3254,3279,3231,3277,3232,3300,3287,3248,3290,3238
652.758,2910.4,2873,2934,2909,2936,2946,2886,2915,2902,2888,2926,2893,2929,2920,2939,2923,2917,2867,2896,2914,2907,2925,2895,2875,2914,2902,2887,2916,2970,2928,2881
653.110,2738.3,2706,2761,2750,2791,2739,2722,2732,2739,2736,2727,2717,2737,2713,2755,2758,2782,2730,2698,2721,2760,2738,2767,2713,2736,2724,2728,2735,2755,2749,2731
653.461,2720.1,2701,2735,2755,2745,2707,2754,2635,2724,2748,2744,2715,2708,2731,2705,2712,2736,2741,2759,2740,2684,2752,2711,2714,2728,2709,2693,2730,2695,2696,2696
653.812,2300.5,2315,2278,2322,2272,2281,2280,2301,2310,2269,2309,2281,2303,2271,2335,2265,2312,2323,2314,2279,2300,2277,2315,2310,2348,2298,2316,2308,2272,2336,2315
654.164,2593.6,2576,2572,2554,2582,2563,2581,2630,2544,2578,2585,2614,2582,2612,2597,2595,2630,2605,2612,2591,2613,2616,2569,2570,2560,2605,2639,2639,2588,2593,2614
654.515,2388.7,2354,2362,2389,2447,2395,2380,2393,2400,2401,2363,2371,2384,2402,2409,2377,2358,2404,2364,2368,2422,2410,2404,2406,2379,2383,2344,2404,2395,2388,2406
654.867,2393.1,2387,2365,2392,2349,2360,2356,2379,2425,2418,2369,2440,2394,2419,2362,2398,2373,2447,2382,2414,2412,2356,2398,2378,2407,2430,2434,2369,2419,2356,2405
655.218,2452.3,2458,2457,2416,2409,2415,2490,2457,2440,2441,2451,2443,2436,2480,2461,2406,2507,2483,2422,2462,2504,2451,2435,2446,2431,2443,2478,2461,2424,2467,2494
655.570,2256.6,2265,2244,2267,2265,2240,2235,2267,2278,2258,2238,2264,2213,2232,2297,2228,2265,2264,2267,2249,2245,2261,2274,2265,2237,2275,2249,2276,2225,2265,2291
655.921,2292.8,2323,2272,2285,2286,2266,2314,2292,2297,2312,2281,2333,2262,2276,2287,2315,2291,2276,2297,2312,2280,2302,2285,2266,2313,2270,2274,2328,2318,2270,2302
656.273,2530.2,2530,2545,2512,2518,2509,2544,2552,2571,2548,2541,2509,2494,2538,2508,2516,2539,2542,2555,2527,2525,2531,2520,2488,2529,2572,2567,2510,2520,2527,2518
656.624,2571.7,2552,2611,2593,2582,2542,2585,2580,2514,2573,2552,2606,2525,2587,2523,2539,2588,2578,2584,2587,2621,2547,2570,2586,2580,2566,2572,2568,2588,2555,2596
656.976,2609.2,2636,2635,2605,2629,2619,2610,2552,2604,2605,2624,2616,2584,2594,2639,2664,2575,2605,2618,2576,2645,2626,2599,2580,2637,2619,2601,2602,2585,2607,2584
657.327,2660.4,2660,2642,2618,2657,2622,2655,2666,2642,2697,2670,2644,2677,2595,2678,2616,2652,2673,2720,2698,2659,2672,2626,2634,2699,2646,2715,2705,2636,2668,2669
657.679,2361.6,2427,2336,2337,2344,2362,2397,2335,2380,2367,2334,2364,2394,2359,2288,2361,2381,2336,2330,2366,2412,2393,2343,2356,2307,2381,2355,2362,2405,2344,2393
658.030,2333.3,2370,2360,2361,2329,2340,2300,2320,2328,2325,2351,2320,2371,2363,2360,2346,2328,2302,2355,2324,2316,2354,2318,2337,2290,2318,2297,2300,2349,2335,2332
658.382,2793.3,2787,2763,2779,2786,2778,2816,2799,2765,2810,2746,2782,2780,2801,2792,2810,2850,2823,2796,2801,2750,2813,2818,2809,2796,2819,2813,2798,2772,2773,2773
658.734,2746.6,2754,2780,2741,2720,2723,2779,2771,2733,2763,2699,2773,2706,2754,2740,2780,2724,2766,2728,2711,2763,2758,2758,2744,2738,2732,2724,2781,2744,2701,2811
659.085,2343.2,2346,2354,2355,2369,2315,2345,2377,2348,2379,2325,2346,2330,2350,2327,2342,2360,2333,2306,2319,2347,2318,2362,2312,2333,2364,2325,2324,2346,2329,2410
659.437,2613.2,2603,2625,2560,2627,2651,2636,2568,2621,2581,2643,2656,2609,2620,2618,2627,2604,2601,2597,2627,2608,2605,2622,2643,2662,2608,2594,2556,2571,2621,2631
659.789,2502.2,2520,2556,2524,2509,2522,2492,2481,2513,2472,2494,2514,2500,2480,2525,2504,2495,2488,2476,2494,2501,2512,2498,2538,2464,2490,2516,2481,2472,2521,2513
660.141,2423.9,2424,2384,2451,2446,2426,2382,2426,2409,2440,2426,2422,2448,2402,2443,2414,2442,2433,2397,2411,2465,2409,2438,2380,2470,2430,2428,2406,2392,2423,2451
660.492,2391.7,2386,2370,2415,2428,2401,2376,2394,2368,2421,2385,2401,2385,2361,2430,2399,2394,2373,2381,2395,2380,2395,2400,2403,2370,2367,2389,2384,2417,2411,2372
660.844,2236.9,2229,2204,2246,2249,2212,2249,2237,2220,2234,2241,2243,2236,2255,2208,2228,2246,2232,2274,2212,2225,2289,2200,2288,2215,2198,2226,2257,2246,2261,2248
661.196,2364.6,2413,2429,2350,2369,2350,2347,2418,2380,2401,2342,2368,2361,2335,2358,2333,2361,2362,2389,2383,2382,2355,2350,2320,2348,2364,2322,2347,2383,2362,2356
661.548,2244.8,2228,2253,2240,2239,2266,2276,2230,2271,2229,2222,2232,2256,2216,2246,2190,2272,2236,2243,2285,2241,2235,2234,2245,2287,2230,2252,2218,2248,2262,2261
661.900,2584.8,2586,2614,2549,2576,2594,2596,2565,2553,2593,2575,2603,2597,2577,2574,2555,2626,2632,2558,2530,2586,2623,2555,2547,2593,2632,2580,2585,2587,2578,2626
662.252,2627.3,2615,2570,2595,2616,2657,2593,2632,2629,2626,2637,2668,2643,2648,2609,2627,2632,2611,2629,2627,2640,2645,2636,2630,2664,2618,2589,2591,2659,2626,2657
662.603,2366.0,2381,2365,2400,2371,2388,2420,2351,2360,2363,2384,2344,2312,2339,2374,2344,2358,2356,2401,2339,2401,2320,2389,2399,2343,2410,2364,2339,2335,2388,2342
662.955,2640.5,2645,2662,2621,2602,2665,2650,2628,2650,2679,2642,2648,2658,2649,2611,2650,2606,2642,2615,2632,2650,2632,2649,2666,2658,2620,2648,2629,2628,2646,2633
663.307,2774.3,2792,2765,2797,2813,2788,2780,2774,2769,2756,2830,2711,2798,2769,2699,2791,2781,2785,2769,2787,2802,2767,2777,2774,2748,2746,2805,2746,2782,2773,2755
663.659,2237.5,2240,2250,2237,2239,2241,2238,2220,2237,2263,2223,2228,2288,2237,2243,2253,2253,2247,2228,2224,2218,2258,2264,2226,2228,2221,2207,2217,2229,2246,2221
664.011,2667.4,2646,2644,2655,2664,2674,2685,2660,2680,2685,2653,2631,2689,2707,2692,2660,2674,2665,2689,2670,2649,2696,2644,2676,2694,2654,2664,2690,2657,2617,2659
664.363,2198.2,2212,2182,2159,2180,2213,2190,2201,2211,2232,2207,2218,2211,2237,2194,2232,2177,2223,2234,2179,2197,2177,2200,2164,2196,2189,2175,2192,2195,2176,2194
664.715,2161.7,2176,2133,2145,2136,2177,2154,2174,2176,2161,2144,2186,2140,2152,2175,2151,2180,2153,2163,2151,2205,2185,2126,2131,2145,2155,2177,2193,2155,2166,2187
665.067,2653.9,2584,2632,2654,2632,2672,2668,2642,2614,2637,2629,2660,2639,2658,2687,2679,2665,2691,2656,2697,2641,2643,2642,2698,2648,2652,2651,2651,2668,2664,2663
665.419,3115.4,3084,3080,3117,3145,3055,3131,3137,3112,3119,3083,3129,3083,3156,3138,3126,3108,3112,3154,3103,3059,3142,3122,3077,3100,3113,3093,3131,3159,3164,3131
665.771,2317.8,2333,2344,2325,2301,2294,2312,2293,2318,2310,2325,2327,2335,2286,2309,2361,2318,2360,2290,2323,2320,2313,2347,2303,2315,2319,2309,2288,2315,2327,2313
666.123,2466.9,2440,2439,2484,2444,2458,2469,2497,2478,2448,2479,2472,2483,2476,2484,2457,2498,2468,2480,2430,2476,2444,2479,2429,2432,2521,2469,2470,2483,2456,2465
666.476,2632.6,2639,2592,2652,2629,2625,2648,2629,2638,2616,2609,2634,2688,2639,2630,2612,2638,2607,2676,2578,2611,2598,2651,2670,2640,2658,2663,2628,2611,2638,2632
666.828,2509.4,2526,2515,2517,2506,2498,2466,2522,2490,2530,2508,2512,2503,2529,2473,2510,2480,2526,2499,2508,2522,2530,2515,2478,2504,2521,2531,2525,2488,2538,2512
667.180,2626.7,2613,2621,2600,2612,2637,2651,2613,2606,2607,2654,2639,2616,2630,2634,2610,2612,2636,2632,2634,2668,2629,2628,2632,2632,2614,2651,2611,2601,2641,2638
667.532,2470.4,2521,2484,2476,2451,2461,2455,2441,2467,2480,2487,2494,2464,2479,2454,2508,2472,2482,2471,2467,2459,2485,2412,2434,2477,2443,2463,2504,2449,2466,2507
667.884,2380.0,2416,2390,2350,2371,2396,2393,2365,2354,2377,2373,2376,2404,2388,2368,2384,2369,2386,2381,2374,2362,2373,2387,2383,2376,2380,2372,2384,2390,2410,2369
668.236,2747.9,2757,2806,2757,2772,2773,2787,2714,2714,2751,2755,2705,2781,2732,2751,2767,2761,2714,2761,2731,2713,2721,2748,2758,2753,2772,2744,2740,2753,2708,2738
668.589,2697.8,2738,2681,2710,2701,2681,2706,2706,2693,2714,2722,2680,2655,2685,2701,2712,2702,2675,2707,2643,2735,2691,2696,2716,2692,2694,2752,2690,2712,2648,2697
668.941,2137.2,2133,2146,2099,2125,2113,2147,2167,2140,2149,2148,2178,2113,2116,2144,2116,2131,2116,2173,2129,2132,2141,2169,2138,2109,2120,2149,2140,2132,2162,2141
669.293,2454.7,2465,2502,2442,2464,2437,2447,2429,2461,2430,2470,2494,2445,2436,2430,2448,2431,2456,2465,2427,2499,2433,2446,2449,2473,2497,2451,2481,2446,2433,2454
669.646,2529.1,2464,2512,2573,2511,2570,2534,2551,2541,2539,2526,2531,2535,2537,2499,2531,2515,2559,2516,2513,2529,2579,2536,2500,2526,2504,2549,2522,2555,2524,2492
669.998,2549.6,2544,2519,2561,2513,2528,2540,2563,2582,2534,2538,2537,2565,2568,2555,2579,2576,2553,2517,2604,2545,2533,2524,2530,2591,2504,2568,2543,2567,2554,2554
670.350,2486.6,2476,2458,2476,2470,2476,2507,2475,2523,2493,2505,2424,2492,2493,2512,2503,2463,2477,2463,2516,2479,2478,2511,2473,2488,2478,2496,2499,2511,2454,2530
670.703,2498.7,2503,2506,2478,2497,2565,2465,2546,2453,2472,2518,2518,2488,2533,2486,2459,2461,2475,2505,2504,2510,2490,2498,2509,2508,2511,2504,2486,2491,2494,2527
671.055,2243.5,2225,2206,2232,2253,2262,2255,2249,2267,2229,2244,2239,2234,2236,2237,2265,2232,2268,2321,2233,2230,2237,2236,2276,2232,2210,2242,2232,2213,2254,2256
671.407,2160.0,2199,2171,2139,2149,2174,2127,2157,2139,2131,2138,2148,2137,2146,2158,2179,2157,2187,2178,2148,2121,2162,2172,2154,2223,2200,2156,2182,2149,2155,2164
671.760,2334.2,2317,2285,2345,2302,2346,2358,2345,2344,2343,2316,2298,2362,2316,2321,2346,2351,2353,2354,2350,2345,2339,2326,2338,2341,2302,2362,2350,2318,2317,2337
672.112,2624.6,2596,2618,2630,2669,2605,2649,2624,2604,2646,2628,2647,2611,2600,2628,2617,2620,2643,2635,2613,2630,2630,2642,2617,2639,2562,2678,2591,2611,2656,2600
672.465,2487.0,2503,2459,2485,2488,2504,2475,2466,2522,2454,2515,2513,2538,2455,2504,2454,2459,2536,2483,2464,2485,2499,2451,2494,2523,2470,2467,2482,2501,2469,2492
672.817,2383.0,2338,2357,2374,2384,2330,2373,2406,2370,2356,2370,2395,2382,2398,2391,2396,2397,2364,2380,2419,2390,2378,2383,2391,2364,2426,2421,2378,2422,2365,2391
673.170,2003.1,2008,1994,2013,2002,2037,1993,2020,2004,2017,1994,2016,1985,2006,2025,2005,2033,1993,2031,1983,1991,2027,1963,1989,2011,2003,2014,1972,1978,2007,1978
673.522,2247.1,2228,2234,2245,2292,2233,2260,2248,2243,2291,2262,2202,2248,2264,2248,2233,2237,2257,2266,2236,2260,2226,2239,2232,2251,2282,2234,2239,2240,2224,2260
673.875,2306.3,2319,2322,2316,2305,2284,2311,2312,2328,2271,2336,2300,2310,2300,2350,2293,2300,2326,2329,2302,2232,2304,2298,2312,2294,2335,2276,2306,2354,2271,2294
674.227,2503.0,2520,2491,2508,2481,2501,2484,2464,2483,2516,2523,2530,2512,2472,2520,2514,2489,2521,2499,2470,2489,2462,2525,2536,2464,2544,2456,2520,2533,2539,2523
674.580,2346.8,2346,2350,2334,2356,2335,2340,2363,2333,2345,2282,2323,2384,2332,2337,2368,2348,2327,2338,2297,2383,2365,2335,2358,2364,2381,2345,2345,2347,2377,2365
674.932,2450.1,2450,2422,2472,2430,2466,2430,2450,2458,2443,2447,2501,2457,2439,2449,2426,2449,2454,2490,2435,2445,2444,2441,2445,2454,2419,2458,2478,2477,2477,2397
675.285,2448.7,2429,2409,2445,2474,2462,2433,2405,2443,2450,2462,2427,2416,2464,2446,2487,2448,2457,2417,2469,2398,2473,2471,2427,2426,2476,2448,2477,2494,2451,2478
675.638,2271.6,2286,2266,2275,2277,2296,2284,2262,2277,2276,2253,2284,2252,2270,2264,2298,2261,2253,2265,2264,2269,2298,2240,2254,2275,2293,2249,2299,2250,2270,2289
675.990,2341.0,2347,2302,2328,2328,2312,2350,2370,2300,2351,2331,2346,2323,2367,2335,2301,2354,2324,2346,2332,2347,2317,2378,2364,2330,2374,2357,2392,2366,2341,2316
676.343,2528.6,2500,2552,2477,2539,2513,2528,2565,2549,2559,2524,2461,2513,2520,2497,2557,2557,2556,2586,2534,2513,2469,2528,2506,2558,2578,2524,2565,2528,2487,2514
676.696,2273.9,2242,2271,2268,2255,2249,2309,2261,2250,2271,2307,2265,2279,2278,2276,2272,2296,2307,2301,2237,2248,2279,2271,2253,2244,2300,2296,2320,2290,2260,2262
677.048,2524.7,2501,2529,2502,2499,2548,2504,2545,2568,2526,2484,2516,2517,2567,2484,2561,2510,2584,2516,2492,2547,2511,2491,2529,2505,2507,2560,2562,2533,2540,2504
677.401,2515.1,2478,2580,2490,2500,2496,2537,2490,2512,2499,2542,2528,2534,2496,2468,2531,2494,2515,2509,2522,2503,2542,2523,2486,2531,2510,2521,2487,2577,2504,2547
677.754,2281.3,2306,2232,2305,2285,2308,2287,2306,2289,2253,2296,2273,2276,2287,2267,2237,2296,2296,2258,2270,2284,2270,2286,2296,2290,2294,2314,2299,2289,2246,2243
678.107,2270.8,2246,2289,2246,2227,2275,2273,2319,2271,2225,2275,2283,2268,2256,2259,2254,2238,2251,2266,2269,2306,2273,2286,2272,2275,2300,2292,2292,2257,2290,2292
678.459,2530.1,2510,2544,2546,2513,2545,2547,2509,2530,2552,2511,2523,2554,2537,2511,2552,2556,2532,2532,2556,2529,2555,2530,2504,2566,2491,2502,2521,2509,2498,2538
678.812,2483.4,2470,2494,2469,2506,2446,2478,2503,2506,2493,2480,2460,2515,2493,2456,2473,2508,2490,2491,2526,2465,2493,2500,2444,2487,2429,2523,2492,2457,2500,2454
679.165,1985.6,1942,1985,1982,2012,1974,1993,2008,2018,2009,1992,1976,1984,1978,1944,2002,1995,1978,1976,1977,2008,1992,1963,2001,1986,1987,1962,1987,1999,1972,1987
679.518,2240.5,2276,2225,2234,2260,2232,2207,2205,2255,2223,2194,2278,2239,2257,2225,2268,2262,2223,2229,2231,2279,2251,2237,2290,2250,2217,2234,2245,2242,2240,2206
679.871,2479.3,2478,2477,2458,2498,2457,2488,2515,2438,2520,2459,2453,2552,2476,2449,2473,2510,2480,2472,2496,2504,2498,2485,2483,2438,2481,2474,2453,2458,2478,2477
680.224,2580.0,2569,2598,2551,2604,2604,2566,2601,2537,2581,2557,2563,2564,2553,2598,2593,2574,2643,2552,2585,2564,2578,2569,2580,2611,2566,2610,2586,2585,2574,2584
680.577,2329.8,2294,2318,2325,2297,2366,2331,2336,2337,2329,2336,2331,2344,2323,2319,2336,2341,2384,2304,2328,2342,2316,2300,2329,2315,2344,2339,2314,2350,2333,2334
680.930,1998.7,1997,1999,2025,1997,2037,1972,1969,1976,1971,1999,1981,1998,2037,2000,1976,2024,2008,2004,1977,2031,1971,2022,2025,1939,1990,2023,2003,2011,2001,1997
681.283,2268.8,2259,2296,2274,2318,2262,2255,2282,2223,2285,2281,2297,2233,2279,2271,2222,2271,2258,2276,2265,2244,2240,2262,2249,2301,2321,2295,2279,2223,2264,2278
681.636,2102.2,2087,2106,2097,2089,2116,2106,2092,2081,2101,2153,2110,2079,2077,2128,2123,2135,2077,2102,2147,2108,2080,2100,2117,2117,2091,2098,2082,2076,2099,2091
681.989,2359.6,2348,2355,2301,2373,2358,2377,2405,2365,2360,2363,2365,2348,2373,2367,2347,2361,2370,2326,2371,2359,2353,2382,2365,2345,2343,2358,2318,2367,2368,2396
682.342,2500.7,2477,2546,2458,2499,2525,2506,2456,2498,2484,2478,2499,2515,2461,2478,2499,2534,2504,2487,2504,2495,2546,2522,2539,2499,2495,2520,2508,2526,2504,2460
682.695,2478.0,2452,2493,2467,2490,2456,2502,2483,2447,2501,2475,2469,2488,2500,2475,2489,2494,2468,2465,2501,2464,2482,2506,2489,2487,2428,2454,2509,2467,2477,2461
683.048,2130.9,2120,2136,2137,2089,2088,2132,2140,2138,2165,2110,2181,2171,2127,2092,2134,2143,2154,2129,2104,2142,2155,2121,2110,2173,2134,2130,2106,2137,2114,2116
683.401,2068.3,2106,2072,2080,2092,2067,2030,2067,2131,2066,2091,2043,2092,2063,2079,2090,2066,2063,2065,2044,2060,2066,2051,2053,2022,2040,2065,2058,2096,2051,2079
683.754,2505.1,2493,2501,2535,2475,2476,2511,2468,2516,2557,2511,2504,2481,2505,2516,2519,2516,2530,2463,2536,2510,2493,2522,2489,2483,2492,2458,2507,2560,2528,2497
684.107,2299.4,2316,2273,2340,2288,2287,2281,2287,2276,2367,2312,2282,2287,2296,2300,2290,2277,2335,2316,2305,2319,2284,2274,2307,2259,2300,2317,2293,2305,2286,2322
684.460,2369.9,2358,2366,2378,2344,2345,2381,2354,2382,2365,2372,2345,2351,2372,2369,2384,2372,2372,2392,2369,2382,2349,2356,2342,2382,2409,2359,2371,2382,2397,2397
684.813,2262.3,2218,2252,2278,2248,2281,2247,2234,2241,2271,2248,2280,2255,2231,2263,2239,2238,2227,2275,2243,2292,2286,2286,2243,2267,2294,2267,2296,2285,2296,2287
685.166,2204.1,2164,2186,2203,2223,2198,2182,2204,2202,2164,2204,2190,2212,2202,2204,2189,2204,2227,2203,2193,2236,2218,2215,2199,2222,2192,2201,2224,2225,2226,2211
685.520,2341.4,2409,2344,2308,2336,2370,2346,2343,2356,2366,2313,2322,2319,2341,2376,2323,2385,2343,2349,2300,2341,2311,2339,2330,2363,2320,2328,2356,2304,2332,2368
685.873,2287.9,2282,2298,2305,2302,2274,2326,2261,2302,2289,2269,2254,2286,2315,2262,2278,2313,2313,2270,2307,2312,2296,2252,2280,2260,2294,2257,2249,2291,2305,2334
686.226,2525.7,2491,2531,2552,2480,2520,2583,2554,2474,2529,2510,2535,2515,2504,2519,2561,2516,2550,2525,2543,2507,2536,2553,2531,2524,2501,2515,2530,2529,2533,2519
686.579,2303.4,2325,2290,2286,2326,2313,2331,2289,2305,2325,2282,2272,2309,2293,2340,2333,2282,2298,2317,2318,2324,2273,2298,2326,2305,2304,2249,2282,2307,2285,2316
686.932,2425.1,2394,2424,2460,2436,2440,2417,2414,2427,2450,2421,2360,2447,2420,2459,2374,2426,2421,2455,2449,2419,2380,2413,2399,2425,2448,2456,2418,2421,2426,2453
687.286,2168.1,2152,2170,2188,2152,2152,2174,2165,2149,2152,2160,2126,2173,2186,2157,2156,2184,2152,2173,2182,2164,2126,2187,2162,2177,2186,2183,2172,2208,2177,2198
687.639,2396.4,2344,2392,2404,2418,2358,2434,2387,2395,2414,2395,2351,2385,2424,2399,2439,2400,2462,2374,2374,2393,2417,2387,2386,2372,2365,2383,2398,2431,2409,2401
687.992,2103.5,2094,2075,2102,2126,2107,2093,2100,2089,2114,2114,2091,2096,2124,2103,2152,2103,2104,2072,2135,2115,2070,2100,2116,2105,2100,2111,2063,2105,2082,2143
688.346,2376.8,2346,2355,2381,2362,2386,2379,2388,2369,2345,2377,2388,2419,2357,2394,2356,2391,2326,2351,2386,2390,2397,2393,2379,2360,2349,2395,2388,2381,2388,2429
688.699,2678.2,2653,2667,2704,2696,2648,2617,2714,2672,2678,2679,2669,2712,2648,2699,2713,2687,2684,2708,2693,2667,2685,2679,2716,2644,2666,2652,2652,2705,2655,2685
689.052,2120.0,2132,2130,2122,2105,2141,2115,2134,2127,2129,2109,2090,2113,2156,2073,2153,2126,2118,2107,2143,2134,2137,2092,2093,2125,2124,2140,2132,2106,2073,2121
689.406,2257.1,2256,2241,2246,2248,2257,2265,2237,2244,2232,2284,2292,2203,2234,2288,2286,2266,2219,2266,2226,2311,2289,2222,2224,2268,2280,2254,2295,2234,2274,2273
689.759,2333.2,2356,2347,2309,2365,2353,2351,2394,2300,2353,2312,2315,2331,2357,2358,2331,2337,2306,2354,2318,2300,2294,2322,2355,2327,2344,2329,2314,2288,2325,2352
690.113,2266.1,2276,2269,2250,2278,2250,2274,2287,2242,2225,2264,2222,2264,2282,2323,2267,2277,2281,2256,2257,2292,2260,2304,2275,2237,2279,2264,2269,2227,2241,2292
690.466,2389.0,2400,2355,2387,2362,2378,2386,2324,2366,2419,2412,2368,2380,2380,2420,2376,2415,2410,2367,2379,2404,2407,2382,2426,2372,2368,2401,2416,2417,2378,2415
690.820,2424.6,2433,2408,2432,2434,2417,2469,2406,2424,2421,2408,2431,2403,2421,2408,2422,2404,2449,2432,2418,2411,2424,2434,2477,2460,2365,2422,2451,2405,2398,2451
691.173,2147.7,2125,2134,2158,2114,2156,2136,2156,2136,2164,2154,2159,2126,2182,2169,2147,2135,2130,2169,2153,2142,2138,2180,2178,2135,2136,2162,2128,2141,2142,2147
691.527,2362.8,2360,2364,2378,2320,2384,2377,2353,2383,2371,2345,2341,2362,2410,2382,2376,2369,2332,2355,2348,2364,2342,2342,2371,2381,2354,2377,2358,2347,2374,2365
691.880,2333.2,2323,2320,2388,2342,2346,2326,2357,2263,2318,2344,2321,2352,2321,2354,2317,2326,2340,2348,2331,2292,2322,2337,2376,2351,2355,2328,2342,2307,2302,2346
692.234,2133.2,2117,2145,2152,2127,2164,2164,2139,2111,2149,2136,2127,2137,2139,2085,2136,2138,2092,2160,2140,2142,2115,2120,2106,2142,2110,2137,2125,2154,2128,2159
692.587,2174.0,2145,2130,2143,2181,2187,2193,2140,2167,2161,2201,2176,2150,2185,2184,2190,2163,2198,2190,2189,2188,2200,2175,2175,2152,2194,2134,2189,2169,2180,2191
692.941,2518.1,2526,2494,2506,2529,2504,2490,2506,2510,2515,2535,2522,2573,2485,2535,2534,2555,2507,2549,2500,2491,2508,2513,2505,2520,2520,2539,2517,2521,2518,2517
693.294,2222.8,2236,2193,2234,2246,2246,2228,2214,2256,2192,2214,2198,2215,2217,2237,2208,2222,2251,2224,2233,2207,2237,2203,2222,2262,2215,2204,2219,2209,2190,2252
693.648,2131.8,2140,2118,2155,2126,2066,2110,2141,2118,2145,2148,2167,2109,2151,2136,2109,2160,2096,2119,2124,2143,2150,2138,2111,2160,2129,2144,2136,2107,2166,2132
694.002,2537.3,2496,2563,2522,2491,2541,2560,2542,2502,2550,2503,2509,2538,2520,2575,2585,2580,2552,2565,2519,2528,2527,2557,2549,2530,2503,2512,2522,2568,2542,2568
694.355,2224.7,2228,2221,2200,2232,2222,2197,2220,2227,2235,2203,2248,2218,2232,2253,2193,2216,2215,2245,2202,2223,2238,2243,2246,2214,2251,2208,2243,2216,2208,2245
694.709,2139.6,2114,2131,2132,2132,2108,2113,2099,2146,2145,2118,2138,2139,2150,2135,2147,2193,2164,2173,2167,2145,2125,2120,2168,2155,2157,2136,2112,2154,2128,2144
695.063,2186.9,2185,2177,2171,2168,2234,2209,2181,2248,2200,2172,2202,2172,2128,2184,2213,2180,2186,2167,2168,2178,2215,2175,2193,2215,2160,2167,2184,2189,2202,2184
695.416,2264.7,2231,2253,2269,2257,2292,2303,2241,2250,2298,2280,2262,2310,2293,2272,2254,2270,2291,2270,2251,2269,2249,2257,2248,2260,2226,2250,2276,2232,2251,2277
695.770,2425.0,2419,2388,2449,2407,2411,2431,2397,2419,2374,2525,2422,2435,2429,2446,2451,2434,2432,2406,2424,2434,2451,2406,2386,2440,2399,2404,2431,2458,2399,2442
696.124,2702.2,2725,2698,2708,2678,2692,2729,2693,2728,2728,2704,2707,2704,2696,2697,2722,2732,2706,2688,2693,2674,2683,2708,2722,2690,2660,2707,2668,2708,2739,2678
696.478,2061.2,2030,2049,2049,2080,2081,2110,2070,2043,2035,2074,2027,2073,2079,2034,2073,2085,2073,2072,2104,2052,2066,2090,2032,2075,2027,2040,2081,2044,2011,2077
696.831,2349.7,2326,2326,2408,2341,2332,2358,2332,2363,2325,2313,2372,2334,2392,2361,2340,2366,2346,2367,2353,2338,2344,2312,2349,2342,2356,2380,2349,2349,2372,2344
697.185,2496.4,2515,2490,2496,2459,2478,2472,2485,2500,2504,2510,2481,2537,2488,2532,2507,2482,2443,2507,2507,2469,2530,2455,2524,2517,2504,2490,2504,2484,2514,2507
697.539,2399.6,2379,2421,2406,2417,2374,2380,2383,2398,2402,2434,2415,2349,2400,2420,2408,2425,2408,2390,2406,2416,2417,2403,2377,2386,2427,2361,2400,2381,2385,2420
697.893,2681.0,2725,2626,2711,2709,2700,2685,2734,2706,2676,2677,2717,2673,2683,2662,2678,2661,2641,2682,2694,2684,2689,2664,2693,2625,2650,2672,2676,2658,2694,2684
698.247,2266.0,2287,2228,2252,2277,2256,2285,2252,2292,2243,2257,2276,2257,2295,2286,2276,2286,2243,2244,2258,2241,2244,2249,2284,2268,2293,2279,2315,2249,2237,2272
698.601,2290.1,2330,2284,2294,2278,2303,2284,2281,2252,2277,2288,2295,2326,2274,2296,2275,2299,2290,2305,2275,2281,2318,2267,2269,2281,2285,2311,2298,2313,2289,2286
698.955,2577.0,2523,2573,2563,2612,2556,2601,2606,2542,2591,2537,2596,2598,2589,2618,2573,2597,2547,2577,2547,2578,2555,2568,2581,2601,2609,2543,2587,2592,2551,2598
699.309,2290.5,2303,2241,2292,2255,2303,2284,2328,2294,2292,2325,2254,2262,2312,2279,2292,2333,2290,2333,2285,2310,2237,2251,2295,2268,2260,2313,2322,2311,2287,2305
699.662,2358.1,2378,2381,2376,2347,2378,2356,2320,2302,2361,2362,2368,2379,2350,2384,2392,2398,2342,2341,2346,2293,2357,2335,2367,2353,2344,2380,2323,2366,2395,2369
700.016,2179.0,2196,2191,2214,2168,2177,2176,2162,2213,2188,2181,2165,2168,2174,2175,2178,2161,2159,2195,2145,2187,2176,2154,2173,2185,2174,2202,2184,2152,2173,2223
700.370,2294.8,2318,2264,2312,2313,2345,2326,2283,2302,2283,2288,2291,2305,2300,2293,2281,2335,2277,2309,2326,2286,2268,2296,2287,2302,2266,2312,2296,2268,2269,2243
700.724,1971.5,1968,1961,1967,1968,1945,1949,1993,1967,1964,1977,1930,1978,1995,1960,2009,1999,1955,1962,1991,2014,1986,1962,1926,1977,1964,1969,1989,1959,1963,1999
701.078,2148.9,2141,2153,2132,2153,2149,2190,2159,2125,2168,2152,2172,2169,2157,2181,2154,2148,2144,2123,2121,2128,2150,2134,2110,2166,2144,2133,2169,2124,2169,2148
701.432,2590.6,2617,2577,2606,2579,2575,2586,2591,2598,2616,2551,2555,2625,2589,2578,2624,2593,2573,2620,2585,2550,2601,2579,2627,2587,2614,2571,2579,2600,2577,2594
701.786,2137.9,2130,2142,2158,2172,2148,2154,2124,2156,2166,2108,2123,2112,2168,2163,2106,2163,2134,2131,2118,2137,2108,2109,2170,2121,2134,2128,2152,2134,2125,2144
702.141,2250.1,2251,2229,2256,2259,2266,2249,2291,2287,2185,2259,2235,2249,2270,2264,2278,2208,2267,2239,2266,2275,2259,2258,2237,2200,2253,2215,2241,2281,2250,2227
702.495,2025.9,2028,1988,1998,2029,2014,2027,2051,2049,2042,1997,2043,2024,2017,2034,1998,2003,2041,1981,2041,1992,2031,2040,2050,2043,2042,2027,2019,2065,2035,2029
702.849,2177.4,2198,2197,2195,2201,2178,2180,2209,2148,2147,2166,2171,2188,2208,2186,2157,2196,2129,2147,2168,2168,2174,2214,2155,2191,2194,2189,2155,2192,2176,2146
703.203,2138.6,2090,2154,2115,2143,2133,2110,2196,2158,2113,2161,2139,2155,2085,2126,2150,2136,2138,2122,2136,2102,2167,2144,2160,2158,2181,2111,2150,2168,2112,2146
703.557,2303.6,2268,2287,2273,2279,2280,2295,2307,2359,2295,2312,2349,2321,2271,2332,2325,2299,2282,2325,2315,2316,2290,2302,2307,2322,2307,2320,2292,2291,2303,2283
703.911,2044.0,2027,2068,2037,2036,1999,2006,2027,2086,2040,2056,2038,2058,2117,2035,2024,2014,2017,2057,2041,2053,2063,1988,2031,2019,2073,2066,2037,2053,2081,2072
704.265,2273.1,2281,2264,2254,2252,2230,2303,2275,2281,2239,2276,2253,2235,2266,2260,2294,2276,2257,2287,2323,2267,2313,2272,2296,2318,2240,2271,2279,2284,2306,2240
704.619,2282.2,2275,2285,2256,2220,2287,2330,2318,2303,2264,2285,2266,2319,2292,2286,2282,2278,2260,2292,2304,2291,2299,2282,2249,2269,2330,2288,2252,2238,2309,2258
704.974,2430.6,2456,2382,2402,2445,2439,2445,2409,2411,2436,2436,2438,2438,2448,2402,2433,2418,2404,2453,2442,2435,2455,2448,2443,2452,2414,2421,2424,2405,2438,2447
705.328,2395.5,2376,2401,2407,2417,2328,2413,2397,2380,2368,2379,2414,2450,2411,2430,2400,2414,2394,2391,2388,2363,2381,2423,2417,2374,2401,2397,2352,2409,2397,2392
705.682,2253.0,2303,2258,2221,2269,2220,2252,2272,2224,2259,2224,2253,2238,2241,2203,2278,2281,2235,2250,2245,2266,2236,2284,2261,2296,2257,2273,2215,2260,2236,2280
706.036,2310.9,2318,2308,2290,2326,2314,2347,2347,2313,2324,2278,2342,2287,2315,2328,2312,2329,2354,2290,2309,2285,2328,2321,2296,2294,2299,2291,2275,2294,2301,2313
706.391,2268.1,2252,2268,2297,2276,2231,2238,2264,2274,2288,2297,2279,2296,2254,2313,2267,2289,2293,2261,2260,2276,2266,2290,2248,2227,2276,2227,2236,2286,2254,2259
706.745,2503.5,2520,2492,2473,2467,2485,2495,2493,2490,2523,2501,2516,2505,2489,2535,2481,2530,2491,2462,2488,2527,2539,2516,2525,2534,2466,2518,2508,2459,2539,2537
707.099,2310.3,2328,2271,2324,2309,2288,2324,2319,2280,2307,2325,2302,2306,2328,2325,2326,2302,2273,2310,2310,2308,2338,2312,2331,2336,2278,2277,2339,2305,2299,2330
707.454,2209.9,2186,2180,2171,2234,2233,2233,2210,2219,2198,2197,2256,2196,2211,2223,2216,2208,2253,2204,2194,2199,2235,2168,2185,2221,2184,2171,2207,2246,2237,2221
707.808,2349.1,2350,2329,2347,2353,2286,2342,2277,2353,2327,2359,2342,2349,2337,2346,2358,2338,2333,2380,2337,2346,2364,2399,2411,2321,2403,2361,2344,2349,2418,2314
708.162,2280.4,2308,2300,2298,2334,2248,2257,2256,2258,2298,2263,2271,2264,2260,2280,2276,2244,2276,2288,2296,2293,2283,2298,2293,2305,2285,2280,2269,2285,2254,2293
708.517,2399.8,2394,2372,2386,2431,2423,2401,2410,2370,2421,2421,2402,2450,2417,2394,2405,2408,2394,2382,2396,2413,2417,2390,2424,2390,2406,2378,2373,2373,2356,2398
708.871,2205.4,2189,2202,2242,2211,2218,2204,2218,2225,2241,2196,2217,2214,2237,2197,2181,2206,2172,2193,2208,2179,2197,2150,2222,2237,2212,2202,2217,2218,2186,2171
709.226,2273.2,2280,2260,2288,2282,2289,2292,2243,2288,2281,2258,2304,2273,2292,2313,2300,2281,2277,2248,2233,2317,2231,2255,2289,2261,2286,2283,2218,2251,2223,2299
709.580,2293.9,2273,2259,2298,2288,2266,2296,2293,2301,2275,2271,2298,2288,2354,2274,2300,2279,2314,2292,2339,2288,2254,2273,2280,2296,2307,2290,2324,2299,2308,2340
709.934,2183.7,2193,2218,2201,2219,2167,2163,2132,2150,2173,2176,2196,2232,2180,2179,2171,2196,2188,2190,2179,2172,2145,2196,2193,2180,2182,2204,2191,2216,2162,2167
710.289,2627.4,2642,2636,2626,2616,2616,2616,2630,2622,2624,2638,2652,2593,2659,2669,2616,2632,2642,2623,2632,2616,2606,2622,2597,2636,2607,2608,2650,2630,2642,2625
710.643,2533.7,2549,2553,2553,2538,2530,2513,2506,2552,2558,2549,2570,2540,2504,2531,2521,2536,2534,2505,2539,2544,2532,2553,2536,2532,2541,2527,2476,2520,2520,2549
710.998,2079.7,2037,2052,2068,2093,2095,2085,2068,2072,2118,2085,2110,2061,2071,2051,2072,2101,2059,2093,2102,2076,2071,2104,2119,2098,2054,2098,2010,2090,2102,2077
711.353,2478.9,2510,2509,2499,2498,2509,2468,2498,2505,2452,2434,2489,2470,2472,2493,2472,2476,2497,2426,2473,2512,2457,2445,2447,2523,2446,2485,2472,2452,2469,2508
711.707,2874.5,2872,2885,2854,2847,2891,2883,2900,2897,2850,2872,2851,2888,2875,2887,2894,2892,2872,2894,2869,2868,2853,2852,2910,2881,2893,2851,2857,2863,2889,2844
712.062,2227.8,2166,2251,2216,2200,2217,2213,2259,2232,2168,2248,2209,2203,2261,2230,2258,2265,2248,2224,2218,2214,2261,2201,2218,2266,2220,2220,2246,2242,2229,2230
712.416,2215.2,2246,2239,2215,2235,2221,2197,2222,2214,2203,2223,2189,2183,2200,2248,2192,2237,2220,2236,2217,2238,2230,2199,2227,2210,2178,2242,2199,2184,2198,2215
712.771,2274.1,2253,2286,2296,2250,2283,2261,2245,2244,2312,2270,2279,2267,2291,2256,2304,2267,2268,2260,2323,2260,2266,2269,2307,2273,2290,2278,2241,2207,2283,2333
713.125,2621.6,2641,2637,2635,2643,2648,2620,2679,2644,2585,2605,2610,2632,2658,2619,2608,2597,2629,2632,2600,2577,2629,2614,2598,2578,2617,2614,2634,2597,2630,2637
713.480,2338.1,2319,2353,2324,2321,2320,2355,2333,2338,2329,2357,2357,2376,2352,2364,2323,2348,2315,2328,2328,2337,2335,2351,2328,2322,2319,2337,2330,2326,2365,2353
713.835,2343.8,2382,2334,2390,2388,2392,2382,2341,2331,2325,2361,2358,2316,2339,2329,2342,2390,2339,2342,2327,2297,2346,2329,2322,2347,2345,2299,2328,2348,2325,2319
714.189,1970.7,1940,1980,1999,1938,1955,1955,1995,1969,1974,1964,1974,1993,2033,1988,1948,1985,1983,1940,2003,1960,2009,1970,1940,1952,1963,1938,1978,1953,1983,1959
714.544,2158.1,2172,2131,2141,2184,2129,2159,2159,2126,2159,2132,2108,2173,2197,2137,2175,2161,2153,2199,2172,2130,2192,2169,2168,2153,2154,2184,2154,2157,2174,2140
714.899,2513.5,2498,2497,2534,2524,2505,2499,2524,2495,2516,2500,2526,2533,2523,2507,2514,2548,2548,2502,2476,2516,2536,2515,2514,2507,2497,2498,2504,2519,2489,2541
715.253,2661.4,2676,2641,2673,2677,2661,2644,2698,2656,2687,2638,2668,2668,2684,2649,2639,2666,2648,2675,2637,2618,2670,2648,2648,2685,2669,2669,2673,2616,2669,2693
715.608,2091.4,2105,2078,2081,2102,2051,2120,2071,2097,2116,2133,2077,2093,2054,2074,2088,2091,2088,2091,2116,2118,2085,2108,2041,2062,2107,2064,2139,2088,2119,2084
715.963,2427.5,2415,2392,2457,2440,2421,2415,2396,2448,2447,2448,2432,2474,2456,2434,2401,2387,2413,2463,2407,2427,2421,2422,2434,2380,2412,2425,2396,2440,2489,2433
716.318,2309.2,2335,2264,2341,2296,2300,2287,2329,2312,2351,2272,2305,2286,2317,2323,2348,2351,2303,2325,2313,2305,2287,2297,2284,2357,2320,2306,2314,2255,2291,2302
716.673,2268.4,2300,2262,2296,2262,2240,2270,2296,2242,2292,2286,2246,2289,2240,2251,2290,2273,2281,2258,2230,2260,2244,2270,2238,2267,2269,2289,2288,2267,2279,2277
717.027,2354.1,2379,2312,2327,2403,2362,2357,2403,2293,2352,2351,2368,2381,2345,2330,2368,2309,2395,2374,2329,2323,2385,2359,2377,2377,2318,2332,2338,2346,2357,2372
717.382,2206.0,2222,2198,2228,2215,2241,2212,2197,2232,2233,2200,2200,2155,2205,2206,2225,2224,2184,2204,2187,2189,2194,2213,2138,2227,2207,2232,2163,2235,2218,2195
717.737,2410.4,2393,2420,2451,2404,2413,2443,2413,2415,2396,2407,2441,2407,2381,2376,2375,2399,2415,2441,2376,2454,2364,2434,2438,2413,2377,2433,2400,2378,2448,2408
718.092,2552.8,2569,2606,2557,2548,2557,2563,2537,2592,2557,2546,2528,2554,2512,2539,2526,2537,2558,2525,2543,2530,2543,2559,2554,2565,2534,2533,2563,2558,2601,2589
718.447,2233.4,2248,2216,2248,2219,2218,2212,2222,2280,2238,2244,2220,2224,2233,2247,2210,2225,2236,2271,2239,2264,2221,2172,2258,2239,2231,2260,2236,2218,2209,2245
718.802,2561.5,2550,2552,2598,2558,2552,2588,2597,2539,2568,2572,2530,2506,2561,2542,2547,2558,2552,2545,2536,2596,2548,2524,2568,2561,2563,2609,2568,2623,2585,2550
719.157,2490.2,2476,2510,2472,2471,2496,2497,2501,2498,2504,2472,2518,2548,2550,2505,2474,2535,2472,2472,2475,2506,2437,2473,2472,2450,2460,2480,2526,2469,2501,2486
719.511,2660.0,2638,2664,2642,2666,2674,2640,2649,2661,2655,2636,2678,2650,2661,2677,2675,2686,2660,2724,2646,2665,2634,2649,2675,2638,2609,2681,2652,2681,2670,2665
719.866,2391.2,2407,2386,2346,2383,2397,2406,2419,2366,2385,2385,2435,2338,2388,2370,2404,2429,2429,2407,2369,2393,2365,2352,2407,2394,2376,2414,2391,2408,2427,2361
720.221,2311.4,2313,2336,2299,2279,2315,2328,2277,2337,2309,2308,2280,2325,2338,2326,2331,2259,2288,2349,2276,2288,2341,2313,2339,2322,2285,2298,2329,2326,2336,2293
720.576,2738.3,2766,2749,2723,2752,2731,2746,2783,2755,2744,2712,2712,2758,2760,2737,2736,2716,2732,2738,2727,2718,2742,2707,2730,2740,2740,2747,2738,2688,2750,2772
720.931,2331.0,2317,2299,2335,2343,2345,2309,2336,2325,2345,2305,2312,2301,2341,2343,2359,2353,2342,2333,2309,2346,2335,2383,2330,2344,2299,2349,2285,2365,2357,2285
721.286,2102.1,2094,2090,2098,2105,2089,2110,2092,2120,2078,2103,2108,2132,2110,2128,2136,2092,2105,2103,2097,2110,2103,2072,2097,2093,2112,2117,2103,2110,2092,2065
721.641,2307.8,2285,2290,2311,2259,2321,2296,2332,2301,2346,2307,2288,2307,2308,2313,2334,2285,2279,2270,2286,2322,2296,2304,2344,2284,2371,2325,2278,2335,2333,2323
721.996,2632.4,2601,2603,2635,2641,2650,2639,2659,2639,2653,2609,2632,2669,2625,2607,2649,2674,2625,2654,2659,2589,2611,2658,2643,2603,2664,2591,2603,2623,2642,2622
722.352,2509.1,2535,2483,2484,2518,2521,2546,2515,2538,2484,2546,2498,2499,2514,2484,2524,2469,2529,2522,2543,2477,2489,2513,2526,2499,2541,2481,2524,2521,2475,2474
722.707,2243.2,2251,2225,2210,2216,2254,2265,2257,2267,2233,2232,2220,2240,2265,2261,2248,2228,2229,2285,2266,2241,2242,2223,2209,2258,2242,2202,2226,2241,2271,2289
723.062,2888.5,2892,2886,2900,2881,2876,2901,2849,2909,2881,2882,2865,2900,2880,2892,2926,2886,2921,2930,2857,2888,2882,2879,2884,2879,2901,2924,2876,2880,2881,2867
723.417,2547.8,2536,2522,2598,2540,2506,2570,2558,2528,2568,2495,2528,2559,2563,2549,2576,2540,2568,2536,2584,2574,2560,2572,2550,2578,2528,2504,2539,2548,2521,2535
723.772,2390.1,2395,2378,2402,2350,2393,2417,2381,2388,2372,2409,2393,2358,2379,2390,2397,2396,2372,2409,2424,2393,2394,2375,2412,2443,2333,2367,2412,2390,2390,2392
724.127,2816.9,2846,2835,2783,2882,2818,2814,2834,2797,2832,2817,2786,2787,2807,2837,2809,2793,2824,2834,2811,2815,2804,2854,2829,2858,2813,2787,2778,2834,2797,2792
724.482,2612.2,2635,2606,2626,2623,2639,2593,2590,2634,2607,2571,2646,2625,2566,2642,2600,2619,2619,2576,2605,2635,2606,2600,2629,2616,2593,2595,2589,2646,2632,2602
724.837,2551.4,2536,2542,2537,2578,2544,2528,2538,2572,2528,2516,2530,2522,2603,2564,2574,2518,2565,2603,2555,2526,2593,2574,2541,2560,2558,2574,2522,2578,2520,2543
725.193,2524.2,2542,2536,2548,2501,2572,2505,2552,2536,2496,2471,2560,2514,2534,2513,2520,2508,2523,2513,2497,2536,2532,2515,2536,2504,2546,2505,2532,2544,2502,2533
725.548,2470.0,2466,2443,2500,2461,2486,2510,2476,2422,2444,2499,2452,2489,2461,2529,2472,2470,2481,2478,2447,2445,2460,2473,2495,2433,2465,2498,2455,2488,2427,2476
725.903,2651.8,2660,2648,2617,2611,2637,2666,2686,2653,2657,2704,2656,2635,2661,2661,2682,2641,2682,2645,2664,2645,2664,2643,2658,2625,2666,2648,2646,2660,2628,2606
726.258,2403.6,2409,2398,2436,2382,2403,2390,2406,2388,2423,2441,2410,2389,2427,2416,2376,2406,2398,2416,2395,2414,2381,2420,2416,2382,2360,2436,2382,2377,2428,2403
726.614,2385.2,2358,2409,2403,2373,2410,2380,2384,2381,2403,2382,2396,2421,2395,2426,2388,2385,2418,2377,2359,2409,2383,2364,2372,2388,2348,2335,2378,2373,2386,2371
726.969,2518.1,2509,2547,2512,2534,2493,2553,2479,2521,2533,2536,2497,2510,2571,2525,2531,2534,2494,2467,2501,2492,2534,2516,2543,2484,2495,2521,2506,2574,2539,2492
727.324,2612.7,2616,2640,2641,2598,2618,2572,2596,2609,2608,2579,2639,2586,2625,2641,2612,2604,2659,2605,2625,2584,2596,2614,2649,2605,2617,2606,2605,2601,2598,2634
727.680,2670.4,2660,2639,2648,2650,2689,2675,2678,2691,2645,2637,2691,2707,2715,2654,2686,2678,2678,2635,2684,2667,2684,2629,2653,2688,2677,2669,2649,2667,2697,2692
728.035,2955.9,2964,2971,2993,2924,2975,2937,2933,2925,2942,2955,2992,2945,2926,2938,2962,2942,2999,2923,2945,2993,2981,2936,2976,2930,2961,2938,2987,2981,2926,2978
728.390,2363.7,2366,2314,2326,2395,2340,2354,2379,2401,2340,2379,2392,2364,2410,2334,2367,2411,2391,2388,2377,2385,2382,2336,2366,2285,2366,2344,2341,2339,2368,2370
728.746,2584.9,2570,2605,2613,2579,2570,2592,2589,2590,2579,2563,2561,2558,2612,2585,2590,2637,2584,2542,2572,2608,2583,2593,2617,2535,2571,2588,2613,2618,2585,2544
729.101,2333.0,2318,2346,2326,2341,2346,2326,2338,2353,2305,2310,2328,2326,2347,2330,2342,2334,2328,2331,2325,2335,2371,2337,2296,2324,2334,2386,2299,2325,2357,2325
729.456,2515.1,2506,2501,2522,2466,2507,2512,2534,2479,2529,2528,2524,2539,2498,2545,2488,2524,2549,2541,2504,2525,2524,2520,2510,2496,2501,2508,2520,2504,2536,2513
729.812,2541.6,2557,2563,2561,2569,2544,2562,2572,2543,2516,2539,2522,2511,2597,2525,2534,2528,2528,2540,2520,2541,2525,2537,2559,2550,2504,2499,2573,2535,2568,2525
730.167,2471.3,2474,2447,2452,2479,2460,2464,2466,2476,2441,2500,2451,2481,2452,2451,2498,2482,2449,2501,2472,2504,2468,2467,2482,2479,2485,2458,2458,2502,2464,2475
730.523,2563.2,2592,2615,2589,2585,2522,2568,2524,2593,2576,2567,2547,2544,2567,2585,2493,2555,2602,2554,2555,2578,2562,2560,2550,2541,2582,2594,2544,2560,2525,2568
730.878,2607.8,2594,2660,2620,2574,2600,2653,2587,2592,2600,2571,2605,2621,2650,2609,2616,2642,2623,2609,2622,2574,2636,2604,2566,2607,2587,2549,2578,2628,2629,2628
731.234,2488.1,2496,2518,2478,2511,2511,2461,2487,2467,2497,2474,2498,2499,2454,2481,2465,2532,2447,2484,2476,2477,2466,2485,2504,2478,2496,2504,2477,2515,2526,2478
731.589,2409.6,2406,2417,2421,2433,2420,2383,2407,2469,2347,2388,2445,2373,2419,2425,2424,2433,2408,2441,2392,2384,2408,2430,2388,2401,2413,2427,2400,2365,2392,2429
731.945,2667.3,2656,2706,2656,2683,2630,2645,2695,2673,2655,2680,2629,2676,2642,2678,2690,2699,2716,2685,2652,2701,2692,2660,2603,2649,2653,2624,2625,2700,2679,2686
732.300,2303.4,2305,2298,2342,2325,2291,2271,2275,2301,2279,2357,2313,2325,2315,2283,2318,2292,2305,2287,2320,2318,2293,2312,2339,2299,2301,2312,2254,2317,2291,2265
732.656,2396.7,2388,2427,2402,2376,2417,2396,2375,2417,2409,2414,2377,2387,2388,2389,2402,2387,2382,2410,2399,2383,2384,2390,2392,2403,2363,2416,2378,2401,2435,2413
733.011,2372.5,2367,2382,2393,2383,2389,2390,2332,2369,2360,2380,2371,2392,2392,2380,2325,2354,2367,2353,2391,2377,2431,2325,2322,2379,2396,2362,2379,2399,2364,2371
733.367,2680.9,2679,2623,2709,2701,2700,2669,2696,2696,2699,2675,2689,2637,2677,2680,2675,2687,2692,2667,2653,2672,2713,2710,2678,2661,2674,2624,2704,2696,2721,2669
733.722,2586.4,2585,2590,2582,2603,2568,2633,2579,2600,2553,2578,2564,2623,2592,2594,2586,2580,2590,2604,2604,2593,2580,2598,2569,2571,2566,2600,2590,2555,2576,2585
734.078,2528.1,2541,2550,2560,2545,2563,2536,2523,2526,2511,2515,2514,2526,2531,2492,2517,2547,2522,2499,2538,2535,2511,2528,2501,2504,2555,2527,2563,2478,2553,2532
734.434,2585.6,2616,2572,2612,2560,2589,2599,2592,2579,2581,2579,2592,2579,2584,2596,2600,2607,2586,2576,2575,2570,2562,2604,2553,2572,2573,2566,2581,2572,2620,2622
734.789,2109.6,2099,2103,2124,2130,2127,2112,2085,2122,2122,2131,2155,2149,2099,2085,2079,2111,2102,2115,2107,2091,2092,2087,2095,2128,2092,2137,2065,2119,2130,2095
735.145,2754.2,2749,2766,2802,2767,2745,2776,2710,2746,2768,2711,2746,2765,2755,2802,2784,2708,2781,2715,2761,2751,2771,2784,2774,2784,2726,2698,2762,2766,2705,2748
735.501,2532.1,2536,2531,2503,2499,2513,2530,2545,2538,2534,2463,2573,2566,2530,2564,2535,2543,2566,2520,2568,2490,2551,2530,2541,2497,2511,2523,2515,2555,2544,2550
735.856,2346.0,2333,2335,2335,2352,2348,2363,2357,2344,2346,2350,2340,2337,2326,2400,2328,2365,2305,2353,2351,2299,2344,2345,2334,2337,2324,2304,2359,2365,2412,2389
736.212,2286.9,2272,2296,2289,2286,2328,2282,2298,2313,2286,2316,2248,2276,2294,2307,2292,2310,2285,2276,2282,2270,2272,2281,2320,2253,2277,2293,2291,2264,2281,2269
736.568,2345.9,2319,2347,2361,2376,2354,2316,2309,2359,2316,2370,2365,2334,2359,2350,2385,2349,2350,2307,2360,2300,2365,2358,2332,2298,2356,2358,2351,2352,2388,2333
736.923,2572.1,2550,2536,2592,2579,2621,2574,2567,2618,2575,2580,2593,2534,2577,2552,2564,2543,2568,2568,2626,2587,2543,2553,2582,2605,2596,2571,2554,2591,2513,2550
737.279,2523.8,2515,2505,2539,2531,2526,2564,2476,2504,2532,2514,2515,2531,2497,2557,2556,2517,2537,2494,2553,2530,2499,2523,2565,2504,2498,2531,2542,2521,2496,2543
737.635,2459.1,2416,2470,2416,2442,2412,2422,2499,2458,2455,2448,2465,2456,2473,2464,2454,2505,2490,2514,2472,2475,2467,2469,2453,2455,2430,2488,2435,2456,2459,2456
737.991,2462.4,2482,2493,2443,2455,2461,2461,2441,2436,2443,2443,2447,2420,2508,2447,2499,2462,2475,2478,2467,2500,2416,2447,2474,2463,2440,2497,2462,2465,2485,2463
738.347,2075.7,2112,2050,2054,2063,2079,2077,2092,2066,2099,2082,2092,2046,2083,2085,2040,2097,2105,2102,2058,2052,2072,2066,2069,2097,2063,2082,2045,2073,2083,2088
738.702,2594.2,2576,2568,2584,2640,2594,2592,2627,2596,2589,2624,2568,2596,2604,2618,2593,2540,2601,2564,2584,2612,2576,2580,2572,2673,2548,2589,2608,2618,2597,2594
739.058,1932.3,1908,1946,1961,1967,1942,1952,1947,1958,1922,1920,1905,1937,1976,1917,1900,1891,1935,1919,1909,1924,1924,1930,1927,1929,1942,1931,1924,1956,1937,1932
739.414,2311.7,2355,2307,2300,2294,2328,2337,2303,2296,2325,2320,2314,2280,2285,2337,2304,2290,2371,2339,2346,2269,2333,2296,2322,2303,2320,2250,2318,2305,2283,2321
739.770,2189.6,2169,2202,2202,2156,2195,2200,2142,2186,2220,2152,2208,2186,2178,2195,2231,2178,2226,2137,2184,2196,2184,2167,2168,2187,2231,2207,2206,2219,2198,2179
740.126,2389.0,2422,2379,2345,2403,2346,2379,2385,2386,2371,2382,2423,2386,2415,2410,2378,2427,2412,2408,2358,2389,2374,2362,2421,2382,2404,2372,2398,2370,2410,2372
740.482,2379.0,2390,2367,2397,2359,2354,2376,2406,2348,2382,2375,2408,2322,2368,2364,2367,2381,2376,2390,2383,2352,2413,2334,2378,2355,2414,2419,2366,2440,2385,2401
740.838,2370.7,2383,2368,2403,2367,2354,2356,2370,2363,2382,2341,2399,2361,2417,2344,2385,2339,2407,2332,2395,2351,2358,2349,2365,2373,2360,2358,2367,2392,2401,2382
741.194,2515.5,2535,2577,2493,2511,2535,2538,2505,2552,2513,2505,2495,2486,2487,2516,2507,2467,2502,2529,2483,2566,2540,2512,2518,2515,2505,2532,2496,2490,2526,2529
741.550,2510.7,2470,2540,2527,2533,2485,2537,2503,2507,2516,2534,2544,2499,2547,2501,2512,2513,2513,2528,2474,2499,2479,2480,2484,2521,2527,2506,2536,2511,2490,2506
741.905,2255.3,2225,2285,2232,2253,2241,2242,2277,2263,2243,2255,2264,2231,2267,2241,2282,2287,2262,2258,2241,2244,2251,2253,2282,2218,2252,2281,2281,2242,2259,2246
742.261,2459.0,2468,2402,2454,2495,2465,2478,2443,2405,2506,2433,2441,2472,2450,2459,2462,2447,2463,2420,2455,2472,2442,2456,2463,2481,2513,2478,2465,2460,2457,2466
742.617,2346.5,2344,2325,2329,2362,2343,2330,2358,2346,2332,2330,2325,2348,2374,2330,2321,2382,2348,2340,2339,2339,2344,2385,2347,2367,2337,2297,2380,2383,2368,2343
742.973,2394.1,2410,2360,2362,2400,2394,2399,2406,2392,2398,2373,2358,2381,2396,2357,2431,2381,2408,2384,2414,2408,2397,2425,2376,2421,2384,2378,2416,2427,2377,2411
743.329,2473.3,2509,2450,2477,2452,2462,2461,2447,2504,2489,2438,2476,2473,2472,2495,2450,2463,2465,2481,2472,2498,2451,2490,2469,2498,2466,2473,2501,2464,2451,2501
743.686,2304.6,2328,2276,2286,2298,2307,2319,2277,2284,2264,2322,2264,2284,2266,2303,2307,2335,2338,2356,2280,2289,2336,2308,2281,2362,2336,2312,2301,2308,2304,2308
744.042,2520.6,2532,2525,2525,2484,2513,2499,2530,2547,2493,2512,2510,2529,2508,2546,2501,2505,2484,2538,2530,2526,2552,2520,2505,2549,2562,2485,2513,2528,2568,2498
744.398,2235.9,2232,2234,2262,2246,2203,2229,2269,2270,2246,2216,2251,2238,2231,2205,2207,2242,2233,2218,2239,2224,2224,2262,2257,2232,2259,2209,2217,2236,2244,2243
744.754,2490.5,2449,2505,2506,2490,2511,2468,2500,2466,2496,2483,2452,2479,2482,2470,2496,2478,2514,2493,2462,2495,2475,2521,2489,2474,2516,2472,2546,2505,2510,2511
745.110,2237.0,2254,2212,2228,2209,2209,2241,2224,2252,2243,2261,2239,2254,2257,2271,2237,2242,2233,2216,2245,2202,2270,2260,2217,2264,2205,2216,2205,2256,2234,2253
745.466,2476.5,2472,2483,2507,2489,2470,2443,2495,2500,2492,2509,2427,2490,2479,2450,2492,2472,2458,2498,2477,2480,2469,2457,2490,2447,2449,2482,2502,2501,2442,2472
745.822,2272.2,2316,2285,2268,2285,2324,2239,2254,2267,2278,2307,2251,2281,2328,2278,2273,2303,2245,2248,2255,2271,2234,2251,2272,2251,2276,2270,2263,2247,2265,2282
746.178,2581.9,2574,2610,2596,2581,2597,2558,2557,2568,2568,2606,2589,2565,2580,2570,2588,2558,2598,2606,2576,2580,2580,2582,2580,2568,2574,2583,2576,2603,2601,2585
746.534,2080.6,2104,2068,2092,2112,2074,2096,2056,2080,2075,2074,2059,2079,2115,2103,2080,2088,2107,2046,2080,2062,2035,2075,2127,2068,2069,2103,2114,2037,2075,2065
746.891,2385.5,2359,2360,2334,2418,2410,2376,2385,2408,2402,2365,2402,2382,2403,2396,2333,2360,2379,2379,2386,2437,2387,2367,2412,2411,2393,2350,2384,2390,2398,2399
747.247,2629.5,2632,2606,2640,2629,2611,2682,2636,2620,2683,2665,2575,2656,2643,2593,2627,2614,2625,2680,2678,2623,2647,2633,2589,2594,2646,2623,2626,2597,2591,2621
747.603,2113.1,2113,2091,2134,2100,2117,2147,2120,2150,2130,2112,2070,2093,2126,2084,2108,2120,2100,2126,2116,2079,2064,2138,2137,2098,2132,2089,2121,2106,2145,2128
747.959,2453.5,2437,2438,2467,2477,2412,2463,2464,2497,2463,2444,2471,2447,2475,2464,2424,2453,2454,2422,2419,2480,2438,2448,2468,2447,2455,2453,2428,2451,2494,2453
748.315,2277.7,2290,2311,2274,2270,2284,2257,2294,2274,2296,2275,2282,2253,2232,2276,2303,2250,2264,2266,2303,2268,2258,2298,2287,2254,2283,2279,2253,2312,2282,2304
748.672,2537.5,2514,2493,2563,2526,2593,2523,2550,2533,2562,2517,2555,2508,2542,2547,2524,2554,2532,2559,2534,2513,2497,2581,2517,2547,2569,2529,2523,2539,2555,2527
749.028,2599.4,2602,2591,2607,2540,2600,2610,2616,2620,2593,2577,2570,2556,2613,2600,2553,2621,2609,2585,2602,2631,2611,2588,2633,2604,2572,2596,2622,2610,2597,2654
749.384,2103.6,2073,2134,2101,2126,2104,2076,2108,2120,2099,2096,2136,2092,2109,2090,2093,2076,2091,2101,2102,2130,2141,2107,2133,2096,2106,2123,2109,2070,2099,2066
749.741,2038.2,2029,2019,2051,2062,2004,2056,2049,2091,2032,2014,2038,2030,2034,2048,1997,2035,2029,2064,2044,2034,2032,2004,2062,2040,2050,2031,2035,2049,2037,2047
750.097,2473.4,2487,2420,2469,2472,2477,2476,2508,2503,2464,2488,2462,2451,2463,2494,2446,2454,2469,2492,2503,2436,2464,2498,2470,2446,2543,2471,2441,2456,2479,2499
750.453,2363.7,2351,2362,2369,2336,2345,2373,2348,2343,2351,2360,2387,2385,2364,2393,2341,2346,2385,2356,2414,2346,2396,2338,2370,2338,2386,2349,2378,2374,2340,2386
750.809,2352.5,2408,2338,2365,2333,2345,2340,2314,2364,2376,2363,2344,2328,2366,2360,2371,2346,2330,2349,2329,2365,2322,2338,2402,2363,2347,2305,2376,2354,2358,2376
751.166,2408.6,2386,2376,2395,2440,2444,2429,2408,2405,2398,2387,2429,2397,2420,2372,2436,2427,2419,2426,2442,2417,2429,2410,2412,2426,2406,2385,2360,2374,2387,2417
751.522,2478.0,2496,2466,2484,2452,2481,2429,2515,2472,2485,2477,2472,2502,2500,2516,2473,2484,2474,2493,2461,2495,2469,2477,2464,2451,2481,2463,2512,2452,2477,2467
751.879,2583.3,2606,2600,2572,2564,2586,2598,2563,2613,2578,2595,2543,2593,2596,2564,2554,2565,2637,2572,2551,2609,2576,2573,2605,2561,2564,2587,2556,2618,2581,2618
752.235,2097.6,2110,2094,2086,2111,2110,2106,2094,2124,2104,2095,2112,2086,2062,2107,2089,2083,2083,2060,2118,2086,2085,2107,2107,2115,2124,2103,2068,2094,2107,2099
752.591,2398.5,2401,2420,2380,2359,2384,2412,2401,2385,2410,2360,2414,2402,2418,2422,2411,2398,2377,2360,2384,2422,2411,2403,2361,2388,2415,2415,2412,2409,2399,2421
752.948,2228.9,2222,2233,2212,2225,2235,2231,2243,2245,2232,2198,2195,2223,2244,2251,2219,2227,2216,2249,2285,2194,2199,2200,2223,2218,2248,2298,2248,2195,2224,2234
753.304,2250.2,2254,2274,2232,2282,2255,2284,2246,2265,2280,2209,2265,2250,2216,2260,2232,2204,2273,2266,2259,2257,2267,2217,2250,2252,2261,2259,2227,2260,2220,2230
753.661,2433.9,2425,2406,2469,2453,2438,2451,2437,2458,2432,2411,2433,2396,2440,2428,2423,2464,2413,2433,2443,2433,2441,2382,2401,2432,2462,2429,2421,2414,2443,2505
754.017,2302.9,2328,2268,2321,2289,2317,2335,2271,2301,2302,2288,2320,2335,2333,2321,2287,2284,2301,2300,2326,2305,2302,2317,2310,2280,2316,2273,2294,2275,2303,2284
754.374,2312.9,2297,2340,2280,2308,2348,2283,2326,2344,2324,2341,2298,2290,2308,2361,2291,2357,2316,2288,2292,2307,2332,2323,2318,2314,2342,2281,2299,2299,2305,2275
754.730,2140.4,2219,2146,2152,2098,2143,2122,2117,2135,2133,2138,2160,2145,2093,2185,2175,2126,2114,2156,2115,2113,2126,2161,2146,2085,2178,2117,2123,2184,2173,2135
755.087,2269.5,2312,2298,2259,2238,2239,2257,2227,2289,2281,2227,2277,2244,2270,2259,2271,2255,2332,2232,2248,2281,2248,2277,2284,2288,2319,2302,2267,2267,2258,2279
755.443,2269.5,2277,2253,2262,2259,2262,2274,2256,2293,2247,2286,2266,2283,2219,2288,2294,2241,2248,2254,2254,2293,2269,2282,2309,2264,2301,2284,2267,2283,2270,2248
755.800,2296.9,2323,2273,2302,2273,2263,2274,2263,2276,2268,2279,2324,2300,2284,2322,2320,2276,2332,2297,2307,2354,2280,2262,2322,2346,2283,2302,2307,2274,2322,2298
756.156,2361.3,2339,2348,2390,2366,2372,2392,2345,2347,2380,2365,2398,2364,2415,2374,2342,2335,2386,2379,2380,2385,2336,2316,2339,2340,2342,2341,2317,2380,2309,2416
756.513,2101.7,2129,2098,2110,2131,2128,2091,2067,2128,2115,2103,2130,2077,2096,2098,2087,2100,2111,2125,2108,2123,2047,2088,2100,2088,2102,2097,2068,2107,2093,2105
756.870,2178.0,2159,2171,2152,2133,2209,2200,2153,2200,2167,2154,2170,2202,2171,2204,2190,2158,2185,2183,2195,2200,2195,2173,2159,2152,2197,2200,2186,2172,2170,2181
757.226,2481.0,2467,2484,2465,2468,2483,2531,2488,2470,2470,2504,2472,2502,2447,2467,2442,2475,2496,2483,2436,2484,2478,2489,2456,2501,2519,2503,2480,2488,2476,2506
757.583,2248.3,2244,2226,2266,2237,2220,2283,2244,2239,2238,2228,2288,2224,2231,2258,2243,2211,2250,2257,2263,2266,2276,2213,2262,2219,2255,2272,2239,2222,2265,2310
757.939,2467.0,2469,2399,2411,2460,2438,2505,2480,2459,2464,2431,2460,2474,2437,2475,2517,2524,2465,2448,2510,2458,2457,2482,2458,2464,2457,2496,2472,2485,2473,2481
758.296,2212.4,2189,2206,2185,2234,2250,2229,2193,2188,2225,2210,2238,2239,2212,2226,2216,2215,2191,2226,2190,2214,2228,2184,2205,2204,2197,2212,2268,2188,2205,2206
758.653,2379.8,2376,2444,2340,2411,2319,2363,2368,2414,2403,2381,2382,2354,2344,2424,2414,2406,2385,2338,2382,2364,2332,2370,2402,2440,2375,2376,2392,2373,2363,2360
759.010,2117.6,2113,2119,2106,2142,2147,2099,2130,2070,2113,2123,2093,2145,2113,2128,2129,2077,2124,2124,2113,2116,2110,2121,2082,2087,2139,2133,2163,2096,2134,2139
759.366,2184.3,2197,2167,2158,2184,2208,2158,2191,2198,2184,2198,2187,2187,2173,2177,2165,2190,2160,2162,2169,2203,2210,2200,2188,2193,2125,2200,2228,2241,2203,2124
759.723,2304.8,2302,2281,2290,2297,2322,2290,2297,2312,2302,2298,2282,2315,2349,2294,2292,2290,2299,2306,2321,2323,2287,2306,2308,2310,2298,2326,2322,2324,2317,2284
760.080,2400.7,2401,2395,2396,2406,2407,2429,2374,2401,2399,2405,2417,2403,2394,2411,2362,2378,2433,2368,2380,2414,2422,2401,2437,2352,2410,2400,2372,2414,2433,2406
760.436,2210.9,2154,2249,2239,2252,2229,2173,2216,2205,2249,2233,2221,2219,2224,2195,2249,2177,2189,2233,2231,2222,2214,2178,2211,2201,2173,2192,2219,2170,2223,2188
760.793,2265.5,2266,2270,2282,2279,2229,2268,2257,2277,2243,2264,2242,2267,2264,2242,2288,2290,2272,2267,2261,2272,2296,2228,2256,2237,2313,2318,2231,2240,2266,2281
761.150,2409.5,2417,2404,2398,2451,2432,2360,2417,2389,2444,2351,2456,2438,2399,2408,2379,2447,2421,2408,2424,2392,2388,2406,2405,2412,2377,2376,2401,2440,2430,2415
761.507,2296.8,2241,2322,2276,2288,2299,2286,2293,2320,2294,2280,2318,2302,2317,2297,2296,2281,2244,2323,2331,2298,2317,2294,2303,2314,2292,2292,2321,2278,2325,2261
761.864,2172.8,2137,2154,2172,2161,2166,2155,2152,2239,2180,2178,2175,2168,2154,2163,2218,2209,2151,2180,2184,2178,2158,2157,2147,2187,2182,2177,2168,2136,2160,2237
762.220,2213.5,2184,2215,2209,2216,2186,2224,2200,2224,2254,2233,2272,2231,2213,2169,2248,2215,2255,2221,2189,2170,2200,2180,2231,2206,2210,2235,2204,2213,2203,2194
762.577,2225.7,2218,2205,2194,2236,2289,2183,2230,2193,2250,2230,2215,2201,2220,2232,2235,2184,2237,2245,2217,2239,2229,2233,2225,2199,2236,2248,2218,2228,2246,2256
762.934,2310.9,2275,2287,2336,2307,2320,2301,2309,2302,2341,2339,2333,2300,2337,2285,2310,2302,2357,2324,2268,2336,2332,2296,2295,2288,2318,2308,2281,2341,2318,2282
763.291,2356.6,2357,2372,2357,2328,2398,2359,2344,2397,2358,2342,2354,2333,2364,2349,2354,2312,2373,2356,2368,2353,2362,2373,2351,2335,2359,2383,2321,2352,2343,2392
763.648,2497.4,2512,2496,2490,2502,2517,2509,2504,2477,2538,2508,2519,2499,2488,2494,2474,2522,2462,2524,2490,2495,2473,2536,2536,2493,2490,2460,2483,2475,2495,2461
764.005,1966.9,1952,1928,1949,1981,1933,1959,2008,1976,1978,1984,2005,1948,1960,1964,1947,1987,1960,2005,1976,1977,1945,1949,2004,1961,1984,1941,1988,1952,1941,1965
764.362,2579.4,2542,2587,2561,2610,2600,2560,2555,2552,2577,2591,2535,2600,2530,2593,2582,2585,2573,2540,2563,2653,2536,2600,2612,2639,2576,2607,2582,2600,2558,2584
764.718,2142.7,2116,2159,2190,2163,2125,2172,2127,2151,2116,2113,2162,2131,2119,2154,2143,2175,2137,2150,2149,2144,2139,2107,2162,2152,2141,2120,2116,2131,2150,2168
765.075,2556.7,2545,2574,2583,2561,2600,2553,2522,2550,2571,2567,2538,2528,2527,2526,2594,2520,2574,2535,2560,2573,2550,2569,2581,2560,2517,2565,2576,2542,2577,2563
765.432,2143.2,2160,2145,2109,2158,2150,2136,2178,2146,2121,2145,2130,2168,2130,2138,2148,2162,2163,2148,2139,2135,2153,2121,2150,2132,2158,2134,2138,2154,2126,2120
765.789,2556.5,2589,2529,2582,2555,2613,2497,2534,2579,2524,2585,2619,2565,2569,2539,2560,2536,2592,2516,2545,2584,2544,2569,2523,2524,2558,2546,2540,2556,2560,2564
766.146,2421.3,2416,2434,2400,2421,2378,2418,2446,2375,2382,2398,2453,2457,2440,2404,2426,2426,2402,2448,2414,2418,2404,2408,2441,2443,2454,2387,2415,2449,2441,2440
766.503,2193.7,2191,2171,2206,2214,2222,2178,2163,2231,2170,2182,2198,2193,2181,2191,2182,2197,2204,2159,2200,2231,2192,2218,2169,2242,2218,2196,2192,2169,2167,2184
766.860,2463.4,2442,2428,2473,2491,2441,2450,2440,2454,2453,2449,2459,2478,2470,2501,2478,2479,2430,2483,2437,2454,2429,2482,2509,2462,2439,2472,2473,2499,2450,2498
767.217,2424.2,2452,2412,2430,2385,2417,2464,2427,2448,2438,2421,2395,2417,2462,2435,2440,2426,2390,2423,2420,2424,2418,2414,2427,2420,2416,2415,2431,2434,2405,2421
767.574,2750.8,2704,2751,2716,2780,2736,2725,2728,2776,2763,2740,2708,2784,2702,2775,2779,2739,2766,2772,2734,2728,2798,2765,2819,2706,2752,2757,2754,2714,2800,2753
767.931,2229.6,2215,2222,2227,2240,2201,2224,2235,2232,2229,2236,2249,2261,2264,2210,2214,2230,2186,2218,2237,2267,2225,2255,2207,2231,2200,2268,2256,2196,2193,2259
768.288,2489.5,2480,2493,2475,2461,2489,2482,2518,2493,2531,2489,2511,2446,2478,2473,2458,2485,2463,2490,2431,2514,2513,2441,2499,2483,2497,2558,2442,2518,2516,2559
768.645,2152.7,2140,2152,2143,2112,2186,2133,2178,2173,2124,2156,2116,2140,2121,2175,2155,2126,2166,2129,2209,2143,2177,2164,2123,2169,2125,2184,2189,2188,2129,2157
769.002,2190.6,2177,2194,2189,2195,2178,2150,2222,2198,2200,2185,2206,2166,2199,2212,2208,2152,2210,2159,2173,2178,2170,2180,2193,2194,2205,2193,2235,2179,2189,2229
769.360,2300.7,2268,2303,2305,2289,2327,2276,2256,2312,2270,2291,2298,2290,2316,2306,2289,2333,2344,2304,2278,2255,2353,2323,2310,2304,2300,2331,2294,2303,2294,2299
769.717,2236.1,2255,2265,2244,2220,2217,2204,2227,2218,2204,2249,2228,2203,2275,2233,2255,2236,2257,2260,2226,2228,2240,2270,2268,2196,2275,2218,2216,2236,2252,2208
770.074,2221.5,2232,2230,2236,2214,2200,2227,2210,2240,2200,2217,2211,2237,2225,2193,2232,2235,2246,2215,2219,2256,2207,2235,2233,2210,2218,2214,2218,2179,2201,2254
770.431,2320.7,2326,2339,2248,2315,2314,2329,2359,2319,2349,2326,2303,2305,2329,2337,2310,2330,2307,2328,2298,2336,2296,2331,2305,2352,2301,2317,2310,2322,2344,2335
770.788,2159.8,2154,2171,2171,2121,2161,2182,2173,2170,2131,2139,2120,2172,2163,2123,2168,2184,2156,2130,2131,2162,2158,2123,2193,2168,2195,2190,2151,2140,2195,2198
771.145,2280.3,2264,2314,2271,2287,2290,2266,2297,2300,2285,2276,2292,2307,2244,2255,2315,2268,2283,2279,2239,2292,2286,2287,2273,2281,2250,2311,2292,2296,2227,2283
771.502,2345.6,2309,2311,2329,2333,2319,2346,2305,2305,2332,2341,2328,2353,2374,2385,2353,2378,2375,2341,2320,2329,2350,2393,2369,2322,2355,2350,2377,2360,2350,2375
771.860,2242.7,2223,2232,2245,2248,2265,2260,2251,2233,2257,2210,2226,2276,2253,2260,2225,2252,2224,2248,2205,2223,2246,2226,2246,2210,2228,2268,2273,2223,2274,2270
772.217,2290.7,2278,2291,2257,2289,2297,2269,2314,2297,2298,2241,2272,2323,2312,2280,2312,2312,2308,2274,2291,2281,2278,2289,2275,2308,2310,2301,2290,2290,2294,2290
772.574,2282.8,2294,2281,2271,2307,2266,2285,2267,2266,2236,2278,2286,2304,2276,2307,2279,2286,2283,2329,2293,2274,2265,2294,2255,2303,2296,2253,2296,2283,2272,2299
772.931,2395.3,2371,2379,2373,2425,2366,2389,2398,2338,2427,2404,2415,2370,2397,2381,2405,2395,2427,2362,2378,2428,2358,2441,2365,2397,2424,2383,2412,2417,2437,2398
773.289,2211.5,2213,2229,2241,2208,2190,2202,2241,2199,2242,2224,2191,2222,2201,2211,2218,2228,2191,2250,2187,2231,2180,2192,2222,2201,2228,2194,2197,2188,2211,2214
773.646,2228.3,2280,2217,2215,2266,2225,2235,2199,2197,2203,2273,2251,2232,2217,2220,2193,2233,2237,2236,2186,2243,2217,2253,2232,2247,2233,2195,2230,2233,2233,2217
774.003,2450.0,2415,2453,2459,2445,2456,2457,2429,2430,2474,2452,2485,2412,2463,2469,2476,2488,2429,2454,2418,2437,2456,2495,2441,2421,2447,2462,2439,2442,2430,2466
774.360,2244.5,2197,2281,2239,2282,2255,2274,2213,2193,2225,2232,2241,2238,2217,2232,2230,2241,2281,2289,2230,2261,2251,2248,2251,2252,2232,2271,2265,2240,2225,2248
774.718,2208.0,2224,2186,2231,2223,2217,2204,2244,2147,2239,2195,2212,2212,2175,2189,2210,2201,2226,2195,2212,2198,2182,2210,2221,2218,2233,2214,2200,2186,2208,2229
775.075,2297.9,2322,2241,2303,2270,2265,2270,2322,2239,2295,2304,2362,2294,2305,2312,2317,2288,2320,2317,2310,2298,2307,2284,2285,2321,2267,2305,2316,2307,2269,2323
775.432,2506.0,2531,2488,2516,2507,2505,2488,2495,2488,2528,2520,2486,2512,2501,2487,2520,2493,2479,2507,2488,2502,2502,2508,2463,2541,2541,2515,2536,2562,2492,2478
775.790,2304.5,2294,2308,2277,2283,2309,2333,2360,2312,2280,2332,2296,2262,2329,2300,2285,2324,2328,2335,2308,2288,2314,2285,2354,2285,2305,2313,2276,2294,2269,2296
776.147,2364.5,2390,2351,2354,2359,2377,2400,2350,2408,2361,2367,2324,2364,2374,2342,2329,2345,2382,2415,2378,2364,2360,2312,2395,2382,2352,2376,2351,2347,2348,2379
776.504,2167.2,2149,2154,2151,2121,2164,2184,2177,2154,2169,2154,2166,2190,2185,2168,2183,2179,2156,2149,2199,2182,2217,2187,2189,2183,2138,2134,2158,2129,2179,2169
776.862,2318.3,2354,2321,2310,2309,2285,2310,2303,2288,2328,2320,2326,2344,2334,2299,2315,2276,2324,2350,2307,2319,2337,2344,2362,2325,2300,2303,2325,2269,2342,2320
777.219,2271.2,2240,2291,2278,2267,2215,2274,2262,2241,2244,2285,2287,2290,2287,2245,2276,2268,2238,2284,2241,2280,2310,2250,2298,2315,2279,2268,2280,2252,2285,2307
777.577,2804.7,2817,2808,2781,2763,2788,2736,2811,2836,2815,2800,2781,2824,2831,2770,2780,2789,2817,2810,2793,2765,2827,2792,2863,2851,2845,2792,2796,2794,2857,2808
777.934,2705.0,2718,2725,2694,2694,2708,2723,2676,2714,2724,2698,2671,2689,2688,2692,2707,2726,2692,2692,2709,2715,2699,2694,2698,2753,2749,2724,2694,2710,2692,2681
778.291,2276.6,2233,2280,2268,2281,2296,2281,2280,2267,2263,2261,2289,2259,2325,2263,2320,2292,2266,2291,2261,2272,2283,2302,2300,2243,2288,2305,2227,2268,2267,2268
778.649,2196.5,2199,2178,2208,2200,2217,2191,2194,2195,2224,2201,2193,2198,2223,2199,2223,2171,2184,2204,2194,2176,2187,2196,2184,2172,2198,2181,2197,2211,2205,2192
779.006,2158.3,2156,2184,2165,2173,2145,2149,2157,2133,2173,2134,2165,2157,2171,2160,2159,2196,2170,2150,2147,2160,2156,2120,2143,2148,2154,2171,2173,2187,2120,2172
779.364,2211.2,2251,2215,2220,2178,2227,2220,2230,2216,2231,2223,2190,2212,2244,2185,2193,2207,2202,2216,2186,2175,2187,2205,2222,2227,2192,2244,2193,2243,2171,2232
779.721,2031.1,2074,2014,2033,2046,2060,2036,2040,2040,2056,2049,2041,2033,2038,2005,1976,2025,2014,1999,2045,2038,2014,1993,2040,2026,1998,2029,2018,2070,2050,2033
780.079,2084.3,2091,2109,2089,2082,2090,2053,2125,2120,2110,2093,2116,2071,2066,2102,2094,2043,2079,2105,2099,2067,2068,2080,2052,2081,2105,2073,2043,2061,2082,2081
780.436,2488.1,2491,2509,2513,2486,2504,2470,2505,2487,2473,2509,2463,2493,2480,2509,2461,2496,2471,2499,2493,2465,2500,2491,2457,2505,2486,2501,2476,2495,2485,2469
780.794,2184.6,2181,2160,2210,2180,2189,2185,2146,2203,2177,2233,2194,2167,2205,2201,2164,2178,2172,2184,2206,2182,2158,2164,2180,2185,2211,2164,2186,2170,2198,2206
781.151,2278.3,2265,2262,2316,2285,2285,2264,2271,2223,2353,2287,2264,2267,2268,2238,2328,2280,2276,2287,2297,2311,2276,2273,2257,2308,2240,2251,2283,2261,2271,2301
781.509,2212.1,2174,2181,2214,2248,2169,2204,2236,2220,2177,2188,2200,2246,2192,2238,2239,2238,2229,2210,2180,2196,2213,2226,2252,2214,2219,2188,2218,2202,2193,2258
781.867,2397.7,2449,2413,2405,2408,2375,2397,2386,2394,2369,2401,2392,2426,2341,2408,2412,2392,2380,2440,2436,2421,2400,2368,2424,2419,2390,2360,2381,2386,2373,2385
782.224,2536.0,2498,2538,2592,2585,2501,2581,2515,2559,2538,2532,2527,2556,2515,2520,2515,2547,2511,2565,2501,2536,2524,2570,2528,2513,2482,2535,2532,2514,2588,2562
782.582,2420.7,2431,2430,2448,2415,2403,2390,2424,2413,2400,2445,2374,2399,2442,2456,2459,2429,2426,2392,2403,2425,2415,2393,2435,2417,2404,2464,2407,2422,2449,2412
782.939,2289.4,2303,2291,2241,2328,2323,2284,2297,2286,2255,2294,2304,2292,2324,2302,2252,2304,2252,2287,2316,2309,2293,2280,2280,2289,2248,2304,2283,2323,2260,2279
783.297,2484.3,2454,2453,2497,2464,2488,2515,2519,2481,2473,2481,2478,2490,2466,2493,2495,2496,2497,2491,2478,2488,2460,2524,2499,2488,2489,2500,2500,2457,2440,2476
783.655,2097.5,2099,2098,2120,2123,2084,2099,2075,2066,2080,2088,2124,2131,2072,2082,2115,2120,2067,2120,2080,2079,2105,2091,2074,2088,2092,2096,2112,2104,2113,2129
784.012,2337.5,2329,2334,2333,2338,2316,2394,2323,2336,2303,2342,2369,2317,2320,2337,2349,2390,2354,2349,2339,2326,2325,2304,2351,2305,2346,2309,2330,2328,2352,2378
784.370,2307.4,2328,2321,2318,2294,2313,2331,2293,2299,2249,2305,2323,2292,2342,2313,2306,2325,2290,2312,2312,2262,2285,2295,2322,2327,2300,2314,2312,2319,2302,2317
784.728,2061.7,2062,2065,2055,2058,2077,2031,2068,2079,2069,2011,2083,2088,2033,2067,2095,2055,2029,2094,2040,2053,2079,2062,2068,2095,2065,2055,2079,2034,2040,2062
785.085,2417.0,2414,2441,2405,2401,2440,2411,2377,2387,2351,2445,2435,2418,2408,2424,2434,2425,2427,2412,2363,2433,2408,2437,2428,2400,2432,2429,2419,2472,2410,2424
785.443,2310.1,2306,2289,2307,2311,2268,2299,2349,2296,2329,2286,2337,2334,2306,2292,2303,2316,2301,2313,2282,2287,2349,2337,2292,2333,2306,2291,2354,2288,2299,2342
785.801,2390.5,2373,2401,2363,2388,2406,2373,2392,2415,2395,2381,2375,2391,2380,2371,2395,2328,2423,2372,2371,2397,2396,2364,2397,2384,2403,2379,2436,2424,2426,2417
786.158,2289.0,2283,2283,2319,2255,2290,2311,2228,2265,2302,2297,2307,2283,2283,2263,2300,2270,2309,2321,2321,2262,2304,2290,2279,2302,2274,2325,2298,2294,2270,2282
786.516,2326.7,2307,2340,2300,2349,2328,2327,2281,2316,2322,2308,2336,2353,2322,2324,2345,2322,2362,2357,2347,2310,2332,2289,2324,2338,2348,2330,2283,2317,2292,2392
786.874,2057.5,2045,2042,2107,1994,2044,2073,2052,2025,2062,2085,2087,2039,2073,2032,2069,2042,2103,2107,2068,2008,2017,2070,2063,2041,2047,2098,2074,2029,2053,2076
787.232,1978.6,1941,1989,1969,1942,1969,1983,1979,1977,2022,1992,1953,1981,1955,1994,1951,1985,1956,1986,1970,2000,1985,1982,1970,2001,1981,1986,1981,1956,2028,1993
787.589,2320.8,2280,2335,2292,2331,2269,2318,2345,2300,2294,2317,2297,2313,2319,2363,2351,2348,2304,2293,2369,2333,2303,2300,2322,2344,2330,2328,2274,2341,2374,2336
787.947,2448.4,2443,2426,2466,2444,2383,2488,2414,2412,2436,2456,2475,2418,2458,2453,2451,2476,2467,2463,2472,2470,2436,2460,2431,2465,2442,2445,2460,2485,2440,2417
788.305,2647.4,2639,2609,2649,2663,2655,2682,2621,2638,2619,2637,2660,2677,2662,2623,2655,2632,2650,2644,2651,2652,2610,2645,2645,2638,2671,2665,2657,2630,2657,2686
788.663,1977.0,1944,1992,1977,1938,1944,1989,1997,1964,1977,1977,1990,1975,1958,1993,1969,1961,2008,2012,1968,2001,1985,1990,1990,1963,1980,1999,1956,1981,1958,1974
789.021,2259.8,2250,2263,2248,2245,2265,2241,2260,2259,2286,2245,2241,2255,2278,2277,2295,2302,2266,2248,2292,2237,2250,2229,2268,2258,2240,2254,2274,2235,2258,2274
789.378,2370.7,2369,2373,2380,2335,2361,2373,2336,2392,2368,2392,2409,2344,2350,2371,2363,2400,2393,2406,2360,2348,2384,2337,2386,2356,2355,2325,2384,2402,2406,2362
789.736,2290.3,2276,2281,2300,2266,2307,2272,2314,2289,2352,2307,2289,2286,2322,2248,2313,2301,2288,2308,2287,2279,2277,2256,2296,2254,2260,2323,2280,2297,2296,2284
790.094,2446.1,2443,2455,2430,2449,2410,2466,2489,2415,2449,2446,2463,2443,2453,2474,2431,2452,2416,2447,2422,2422,2416,2467,2477,2433,2454,2414,2461,2472,2446,2469
790.452,2006.5,2004,2031,2032,2027,1976,2009,1950,1963,1993,2018,2021,2014,1980,1996,2040,2008,2001,2009,2031,1975,2025,1972,2008,1998,2036,2020,2029,1999,2010,2021
790.810,2203.7,2201,2206,2225,2242,2152,2225,2192,2224,2186,2238,2186,2188,2185,2182,2174,2189,2220,2195,2209,2201,2169,2187,2218,2206,2237,2224,2199,2225,2230,2197
791.168,2304.6,2272,2313,2268,2284,2286,2307,2325,2321,2319,2301,2332,2310,2291,2354,2264,2302,2336,2296,2321,2310,2302,2314,2276,2307,2310,2340,2252,2360,2281,2284
791.526,2034.4,2022,2050,2013,1995,2018,2069,2020,2013,2009,2040,2056,2023,2040,2046,2019,2030,2057,2032,1989,2016,2072,2021,1997,2080,2050,2033,2033,2038,2086,2065
791.884,2210.7,2219,2218,2211,2190,2219,2181,2202,2210,2176,2215,2202,2230,2235,2211,2240,2248,2249,2246,2211,2215,2193,2212,2211,2207,2171,2204,2211,2190,2177,2216
792.242,2073.2,2106,2097,2055,2054,2047,2059,2070,2069,2052,2127,2035,2105,2080,2078,2033,2074,2094,2076,2086,2094,2082,2062,2065,2098,2064,2046,2058,2104,2047,2079
792.600,2129.6,2104,2107,2141,2082,2121,2132,2143,2101,2144,2110,2157,2124,2139,2111,2136,2147,2157,2159,2114,2141,2141,2132,2139,2163,2161,2141,2097,2126,2114,2103
792.957,2288.8,2252,2278,2286,2298,2296,2287,2276,2313,2300,2281,2280,2310,2272,2297,2299,2270,2247,2274,2318,2301,2289,2284,2294,2324,2284,2275,2313,2286,2306,2275
793.315,2215.2,2203,2227,2226,2211,2220,2202,2185,2201,2196,2230,2226,2225,2196,2257,2178,2223,2218,2226,2222,2211,2216,2229,2191,2208,2217,2224,2206,2233,2211,2237
793.673,2306.6,2320,2281,2340,2276,2312,2309,2300,2259,2273,2335,2350,2371,2299,2301,2312,2296,2320,2300,2296,2260,2292,2293,2298,2292,2354,2328,2278,2300,2329,2325
794.031,2434.0,2460,2403,2428,2435,2440,2456,2423,2382,2477,2429,2429,2454,2458,2424,2443,2455,2442,2426,2416,2389,2452,2416,2463,2428,2420,2416,2435,2472,2432,2416
794.389,2312.2,2319,2278,2289,2300,2301,2292,2327,2345,2310,2323,2306,2342,2335,2342,2313,2324,2322,2298,2295,2295,2290,2329,2337,2319,2339,2299,2286,2289,2321,2300
794.747,1837.8,1818,1871,1838,1852,1818,1830,1880,1853,1803,1853,1813,1803,1820,1853,1845,1823,1845,1855,1867,1804,1839,1846,1865,1826,1860,1831,1828,1832,1837,1825
795.105,2282.0,2273,2288,2272,2278,2266,2304,2267,2257,2288,2294,2263,2262,2298,2283,2245,2303,2276,2286,2263,2262,2280,2266,2275,2301,2309,2321,2330,2282,2265,2303
795.464,2122.8,2104,2120,2142,2083,2140,2073,2149,2106,2100,2131,2145,2131,2168,2073,2087,2115,2128,2120,2153,2108,2148,2108,2138,2124,2160,2136,2115,2101,2132,2146
795.822,2227.0,2219,2241,2212,2251,2216,2224,2251,2237,2204,2217,2225,2209,2206,2237,2244,2217,2251,2251,2246,2220,2271,2194,2196,2237,2227,2233,2222,2210,2232,2211
796.180,2193.4,2209,2158,2203,2159,2209,2222,2163,2188,2169,2193,2162,2169,2180,2227,2192,2184,2225,2196,2215,2198,2209,2189,2170,2188,2222,2192,2225,2197,2174,2215
796.538,2339.4,2302,2329,2313,2334,2317,2360,2320,2351,2352,2352,2317,2364,2357,2321,2382,2365,2314,2320,2355,2364,2334,2323,2336,2353,2331,2369,2337,2317,2368,2325
796.896,2264.1,2227,2227,2224,2238,2280,2297,2270,2283,2264,2278,2268,2269,2289,2279,2262,2229,2294,2274,2255,2282,2276,2284,2241,2257,2259,2251,2270,2240,2248,2308
797.254,2211.7,2207,2137,2213,2215,2210,2242,2213,2199,2187,2215,2202,2227,2251,2201,2222,2219,2206,2181,2197,2245,2240,2237,2201,2193,2229,2242,2259,2186,2207,2168
797.612,2296.4,2273,2303,2274,2254,2306,2336,2316,2270,2255,2312,2300,2273,2257,2325,2263,2309,2296,2274,2295,2337,2310,2344,2293,2319,2320,2291,2300,2253,2332,2301
797.970,2132.2,2125,2152,2145,2137,2150,2133,2150,2109,2098,2124,2115,2128,2130,2099,2153,2129,2141,2141,2105,2144,2101,2170,2118,2171,2128,2130,2141,2099,2137,2163
798.328,2152.0,2148,2161,2122,2151,2177,2140,2146,2143,2144,2164,2120,2158,2156,2178,2157,2189,2155,2154,2174,2151,2132,2148,2138,2138,2145,2145,2156,2165,2136,2168
798.686,2270.9,2265,2234,2268,2260,2310,2275,2262,2271,2287,2296,2252,2247,2326,2280,2272,2258,2285,2298,2248,2280,2264,2305,2241,2263,2280,2248,2246,2280,2268,2258
799.045,2255.1,2242,2247,2258,2271,2272,2296,2254,2235,2215,2257,2238,2249,2257,2239,2246,2242,2290,2273,2255,2216,2255,2270,2287,2262,2225,2258,2234,2248,2275,2287
799.403,2144.2,2168,2121,2153,2123,2159,2165,2148,2141,2126,2117,2101,2138,2137,2095,2103,2153,2160,2193,2137,2145,2133,2132,2141,2183,2147,2148,2193,2159,2143,2163
799.761,2497.5,2479,2468,2481,2518,2461,2474,2496,2550,2478,2544,2482,2488,2476,2507,2502,2494,2530,2509,2446,2523,2500,2443,2502,2553,2457,2507,2513,2491,2513,2540
800.119,2453.8,2437,2471,2440,2450,2436,2504,2478,2483,2454,2438,2461,2453,2455,2400,2478,2504,2462,2403,2433,2464,2458,2460,2453,2425,2398,2460,2490,2461,2464,2440
800.477,3023.5,3060,3010,3024,3011,3018,3048,2988,3028,3032,2977,2998,2980,3037,3016,3042,2994,3014,3003,3052,3033,3041,3081,3050,3011,3018,3046,3043,3057,3011,2982
800.836,2470.3,2478,2430,2474,2466,2483,2485,2459,2450,2481,2463,2481,2467,2495,2446,2489,2474,2491,2517,2474,2465,2467,2445,2462,2471,2462,2506,2460,2436,2452,2480
801.194,2286.3,2272,2249,2269,2254,2333,2302,2330,2281,2292,2244,2282,2273,2272,2275,2346,2255,2273,2339,2267,2296,2299,2300,2273,2273,2292,2291,2269,2288,2292,2307
801.552,2555.2,2565,2555,2558,2543,2571,2562,2575,2582,2559,2564,2600,2550,2573,2592,2534,2511,2565,2539,2509,2559,2556,2572,2535,2534,2556,2559,2574,2552,2505,2548
801.910,2507.0,2456,2509,2460,2499,2461,2490,2521,2513,2515,2507,2528,2509,2516,2523,2506,2490,2543,2563,2509,2543,2551,2488,2520,2489,2498,2465,2511,2539,2493,2494
802.269,2350.8,2312,2354,2337,2364,2354,2373,2341,2384,2320,2376,2367,2349,2323,2355,2345,2338,2356,2392,2346,2357,2378,2345,2373,2341,2348,2362,2365,2307,2330,2333
802.627,2507.7,2490,2523,2511,2517,2539,2468,2493,2502,2525,2500,2500,2474,2486,2490,2540,2515,2559,2542,2506,2526,2511,2497,2517,2513,2478,2505,2522,2503,2476,2503
802.985,2237.8,2220,2226,2207,2244,2266,2241,2240,2255,2247,2250,2228,2235,2255,2242,2240,2241,2269,2220,2220,2232,2267,2248,2262,2223,2190,2260,2246,2230,2254,2175
803.344,2107.7,2087,2097,2088,2060,2104,2106,2133,2114,2114,2130,2070,2101,2129,2112,2091,2101,2146,2120,2084,2105,2148,2150,2094,2113,2089,2079,2118,2134,2145,2068
803.702,2162.6,2190,2127,2181,2164,2154,2148,2145,2177,2126,2186,2187,2146,2187,2182,2178,2167,2165,2123,2159,2140,2220,2165,2168,2180,2164,2139,2149,2166,2160,2136
804.060,2252.2,2210,2236,2280,2264,2239,2276,2269,2222,2275,2245,2294,2271,2252,2249,2268,2264,2255,2268,2267,2248,2222,2263,2275,2214,2232,2246,2221,2258,2252,2232
804.419,2251.9,2264,2240,2259,2257,2223,2247,2248,2282,2251,2229,2300,2258,2236,2242,2228,2242,2241,2256,2259,2260,2260,2226,2240,2278,2252,2267,2255,2259,2240,2257
804.777,2534.6,2558,2503,2521,2522,2536,2530,2539,2518,2540,2546,2603,2525,2498,2558,2603,2563,2552,2556,2528,2519,2460,2502,2580,2517,2515,2570,2515,2510,2508,2542
805.135,2095.0,2112,2133,2080,2090,2077,2112,2113,2093,2137,2094,2110,2091,2095,2091,2096,2125,2094,2111,2062,2083,2052,2081,2066,2072,2116,2119,2078,2116,2097,2054
805.494,2411.3,2405,2427,2368,2409,2408,2412,2425,2417,2373,2439,2399,2414,2461,2394,2384,2397,2432,2428,2395,2441,2437,2446,2407,2413,2391,2424,2385,2417,2414,2378
805.852,2294.6,2304,2278,2300,2314,2282,2328,2278,2297,2278,2329,2309,2278,2267,2313,2322,2329,2318,2302,2294,2283,2293,2241,2283,2286,2287,2274,2279,2287,2296,2308
806.210,2394.5,2377,2360,2414,2405,2376,2397,2363,2374,2431,2417,2379,2383,2387,2402,2382,2406,2408,2393,2411,2435,2372,2369,2384,2397,2420,2402,2388,2404,2421,2378
806.569,2517.0,2532,2546,2517,2545,2537,2504,2567,2513,2502,2557,2514,2533,2517,2493,2504,2466,2520,2538,2506,2518,2497,2522,2524,2522,2530,2494,2489,2484,2522,2498
806.927,2305.9,2302,2324,2272,2274,2303,2311,2351,2291,2278,2324,2323,2315,2260,2344,2298,2297,2300,2355,2281,2325,2306,2281,2286,2296,2326,2309,2293,2281,2329,2341
807.286,2025.6,2033,1997,2051,2017,2002,2031,2012,1992,2019,2039,2032,2044,2049,2051,1994,2007,2024,2044,2031,2001,2013,2052,2057,2035,2025,2053,2025,2044,2004,1990
807.644,2236.7,2229,2272,2258,2198,2284,2239,2216,2216,2220,2214,2257,2265,2190,2232,2244,2240,2232,2239,2277,2230,2223,2262,2261,2246,2228,2244,2231,2224,2205,2225
808.003,2254.3,2278,2280,2250,2279,2212,2257,2268,2260,2283,2264,2261,2238,2248,2255,2231,2277,2271,2223,2204,2239,2259,2267,2262,2254,2243,2272,2246,2238,2241,2269
808.361,2758.2,2792,2794,2804,2754,2760,2748,2799,2708,2771,2761,2751,2722,2698,2750,2772,2773,2725,2759,2790,2760,2800,2715,2727,2768,2776,2757,2754,2761,2736,2761
808.720,1977.7,1978,1983,1970,1979,1992,1957,1945,1997,1967,1993,1987,1963,1989,1966,1973,1990,1999,1964,1969,1962,1961,1970,2025,1964,1997,1983,1983,1933,1984,2009
809.078,2110.9,2085,2104,2095,2131,2110,2144,2111,2096,2105,2115,2110,2126,2116,2100,2086,2130,2104,2126,2111,2100,2110,2092,2112,2108,2120,2138,2121,2094,2089,2137
809.437,2207.5,2204,2239,2216,2214,2219,2211,2198,2226,2180,2224,2212,2201,2198,2220,2205,2147,2181,2205,2219,2225,2192,2211,2223,2213,2190,2198,2232,2219,2198,2205
809.795,2244.9,2245,2267,2243,2215,2223,2248,2275,2264,2246,2228,2253,2232,2235,2239,2234,2221,2220,2220,2266,2259,2232,2305,2256,2211,2250,2271,2249,2202,2288,2251
810.154,2501.0,2526,2536,2502,2520,2463,2520,2506,2497,2493,2535,2475,2491,2524,2521,2472,2526,2480,2535,2494,2458,2549,2474,2472,2481,2523,2465,2488,2495,2504,2504
810.512,2203.2,2246,2192,2226,2204,2211,2184,2228,2214,2186,2175,2219,2192,2193,2181,2165,2169,2190,2194,2236,2220,2191,2204,2204,2219,2250,2204,2198,2210,2205,2185
810.871,2238.7,2231,2266,2250,2205,2244,2275,2235,2246,2248,2266,2220,2259,2205,2240,2266,2262,2232,2204,2218,2240,2259,2267,2251,2214,2204,2217,2227,2254,2230,2226
811.229,2259.8,2248,2261,2281,2259,2300,2262,2273,2275,2226,2289,2248,2260,2252,2274,2248,2232,2247,2276,2287,2246,2250,2286,2257,2227,2249,2244,2248,2249,2270,2270
811.588,2225.5,2223,2208,2233,2211,2275,2215,2224,2219,2194,2232,2238,2256,2196,2199,2219,2209,2245,2244,2194,2250,2235,2246,2246,2217,2209,2258,2204,2209,2205,2252
811.946,2462.2,2458,2430,2470,2460,2433,2476,2476,2491,2458,2510,2494,2464,2480,2464,2466,2445,2483,2474,2474,2456,2467,2440,2451,2433,2417,2482,2460,2457,2447,2451
812.305,2367.8,2411,2353,2373,2382,2365,2362,2384,2384,2373,2356,2371,2337,2400,2350,2367,2362,2383,2346,2389,2332,2381,2356,2344,2356,2344,2346,2402,2398,2342,2384
812.664,2145.4,2113,2152,2189,2132,2158,2121,2147,2160,2139,2147,2122,2137,2132,2163,2171,2158,2137,2141,2138,2143,2147,2125,2165,2152,2124,2132,2144,2165,2146,2162
813.022,2267.3,2265,2263,2254,2308,2278,2269,2276,2271,2241,2243,2286,2260,2250,2269,2253,2240,2304,2273,2243,2289,2255,2296,2259,2249,2242,2304,2248,2291,2225,2314
813.381,2171.6,2189,2197,2182,2184,2160,2230,2204,2181,2182,2178,2149,2165,2158,2163,2156,2162,2163,2190,2150,2127,2142,2189,2149,2194,2169,2175,2168,2167,2181,2145
813.739,2440.6,2417,2405,2413,2424,2458,2450,2430,2454,2431,2446,2466,2471,2450,2479,2444,2459,2420,2438,2435,2410,2436,2453,2438,2377,2482,2468,2452,2438,2424,2451
814.098,2347.5,2347,2358,2393,2351,2339,2335,2336,2417,2346,2336,2342,2370,2342,2335,2359,2330,2339,2349,2336,2351,2312,2377,2323,2399,2368,2335,2318,2324,2324,2335
814.457,2379.9,2382,2404,2369,2369,2384,2378,2409,2405,2385,2350,2371,2391,2392,2393,2399,2368,2412,2378,2379,2399,2385,2368,2360,2328,2371,2378,2377,2344,2381,2389
814.815,2154.3,2112,2189,2120,2166,2189,2129,2167,2145,2153,2198,2184,2177,2182,2177,2145,2152,2171,2125,2137,2137,2161,2173,2137,2125,2133,2166,2143,2114,2190,2133
815.174,2292.4,2331,2284,2281,2285,2300,2275,2245,2280,2313,2330,2303,2268,2312,2311,2318,2301,2290,2244,2321,2280,2312,2300,2302,2277,2274,2296,2302,2287,2267,2282
815.533,2295.7,2280,2325,2293,2300,2300,2272,2277,2315,2323,2316,2288,2319,2329,2289,2270,2371,2292,2265,2292,2302,2309,2263,2280,2283,2293,2306,2251,2280,2317,2271
815.891,2337.9,2368,2348,2324,2334,2353,2387,2320,2356,2348,2346,2344,2317,2368,2338,2314,2333,2327,2320,2324,2345,2319,2337,2313,2335,2324,2386,2312,2312,2357,2329
816.250,2425.8,2414,2420,2409,2400,2467,2421,2395,2439,2408,2418,2408,2438,2388,2408,2423,2412,2440,2441,2446,2420,2401,2435,2484,2408,2446,2466,2460,2410,2411,2437
816.609,2137.1,2139,2136,2180,2157,2120,2153,2175,2133,2162,2143,2152,2124,2141,2152,2139,2088,2130,2094,2104,2145,2155,2130,2137,2115,2134,2133,2167,2132,2117,2125
816.968,2531.5,2541,2488,2538,2542,2549,2503,2534,2517,2525,2517,2532,2544,2541,2559,2501,2518,2528,2557,2541,2512,2525,2556,2488,2522,2537,2550,2566,2537,2550,2527
817.326,2432.3,2464,2455,2432,2418,2402,2429,2436,2413,2451,2426,2432,2402,2401,2425,2446,2463,2427,2455,2433,2430,2407,2416,2461,2438,2420,2406,2440,2446,2484,2412
817.685,1981.1,1938,1992,1987,1963,1972,1983,1984,1972,2000,1981,1953,1998,1958,2001,1981,1990,2002,1957,1985,1966,1975,2013,1971,1973,1967,2043,1970,1964,1966,2027
818.044,2573.4,2592,2528,2594,2590,2561,2625,2582,2586,2573,2611,2571,2541,2590,2559,2506,2594,2603,2548,2587,2590,2547,2589,2575,2560,2549,2572,2599,2541,2582,2558
818.403,2381.5,2332,2426,2374,2417,2347,2398,2409,2347,2402,2357,2411,2398,2394,2388,2366,2360,2368,2357,2373,2354,2365,2408,2362,2396,2380,2385,2412,2385,2394,2380
818.761,1881.5,1912,1921,1916,1871,1913,1917,1863,1872,1871,1853,1876,1833,1866,1889,1864,1906,1896,1876,1904,1881,1867,1860,1851,1838,1918,1903,1866,1906,1883,1854
819.120,2244.3,2230,2236,2280,2239,2248,2255,2266,2240,2251,2264,2228,2216,2245,2238,2226,2254,2217,2242,2281,2218,2281,2221,2255,2233,2244,2302,2272,2237,2205,2206
819.479,2333.0,2319,2322,2346,2338,2345,2349,2324,2320,2337,2323,2342,2325,2340,2322,2313,2362,2338,2326,2324,2335,2356,2304,2331,2363,2348,2293,2339,2335,2335,2335
819.838,2285.2,2242,2332,2267,2270,2257,2303,2334,2272,2292,2246,2333,2275,2264,2284,2306,2301,2278,2250,2257,2268,2303,2300,2320,2286,2313,2294,2268,2271,2268,2303
820.197,2244.7,2259,2234,2254,2236,2238,2229,2224,2229,2238,2236,2232,2228,2249,2269,2189,2290,2238,2225,2214,2257,2266,2213,2235,2282,2284,2267,2254,2230,2263,2278
820.556,2373.9,2386,2364,2383,2376,2366,2368,2359,2377,2362,2380,2381,2382,2366,2353,2337,2353,2376,2386,2367,2394,2366,2369,2394,2392,2363,2367,2361,2386,2402,2402
820.914,2305.5,2246,2301,2251,2338,2312,2300,2289,2337,2308,2312,2308,2299,2341,2284,2317,2304,2282,2342,2313,2308,2289,2336,2330,2256,2301,2284,2322,2325,2298,2333
821.273,2116.0,2134,2117,2073,2156,2107,2124,2134,2120,2083,2087,2131,2128,2121,2121,2092,2138,2110,2127,2113,2084,2146,2106,2149,2130,2094,2124,2114,2111,2128,2079
821.632,2181.9,2198,2174,2183,2207,2190,2152,2173,2189,2150,2198,2164,2186,2243,2177,2185,2205,2202,2162,2202,2182,2161,2194,2201,2177,2202,2124,2159,2154,2159,2205
821.991,2251.2,2202,2246,2226,2221,2265,2258,2251,2266,2292,2251,2248,2262,2244,2232,2242,2235,2259,2274,2253,2256,2241,2247,2259,2270,2302,2219,2264,2230,2234,2287
822.350,2119.8,2134,2136,2146,2081,2145,2121,2125,2124,2099,2122,2120,2132,2149,2101,2115,2128,2142,2095,2116,2133,2100,2104,2129,2116,2085,2127,2091,2131,2133,2115
822.709,2289.7,2268,2283,2280,2285,2318,2291,2310,2301,2284,2261,2285,2254,2305,2297,2274,2305,2270,2279,2302,2290,2296,2292,2309,2280,2305,2301,2273,2313,2288,2292
823.068,2710.4,2743,2691,2669,2712,2705,2726,2670,2725,2729,2721,2727,2666,2677,2675,2720,2672,2708,2732,2711,2691,2671,2749,2723,2694,2711,2760,2737,2726,2747,2724
823.427,2204.2,2216,2202,2196,2185,2187,2210,2205,2211,2219,2232,2223,2160,2200,2161,2190,2242,2206,2221,2219,2201,2187,2246,2234,2225,2162,2178,2207,2200,2211,2191
823.786,2661.4,2655,2678,2648,2696,2662,2674,2643,2621,2681,2657,2658,2624,2691,2672,2652,2681,2648,2652,2658,2669,2668,2652,2616,2675,2648,2697,2628,2694,2663,2680
824.144,2320.6,2307,2306,2323,2281,2327,2339,2270,2328,2326,2312,2318,2299,2335,2322,2301,2338,2346,2354,2333,2347,2331,2322,2297,2304,2352,2308,2345,2312,2316,2319
824.503,2509.1,2524,2518,2520,2459,2530,2510,2528,2517,2543,2467,2485,2511,2504,2506,2485,2480,2500,2521,2528,2532,2516,2509,2511,2505,2513,2494,2528,2507,2497,2526
824.862,2189.8,2200,2166,2201,2195,2171,2212,2181,2154,2215,2204,2225,2160,2197,2198,2191,2164,2162,2200,2175,2185,2158,2157,2184,2181,2207,2213,2239,2171,2196,2233
825.221,2692.4,2690,2713,2688,2665,2686,2697,2712,2684,2695,2694,2686,2668,2681,2641,2724,2684,2717,2708,2721,2703,2695,2692,2678,2733,2700,2681,2705,2662,2674,2694
825.580,2355.7,2323,2358,2338,2353,2385,2351,2345,2365,2410,2374,2351,2373,2374,2376,2374,2362,2329,2342,2384,2366,2339,2347,2325,2364,2356,2343,2339,2339,2378,2308
825.939,2480.3,2513,2481,2484,2456,2434,2506,2493,2535,2482,2446,2472,2491,2465,2492,2505,2483,2528,2501,2459,2513,2498,2437,2459,2478,2454,2446,2512,2454,2472,2460
826.298,2530.0,2529,2498,2494,2502,2491,2536,2545,2504,2562,2555,2539,2539,2499,2587,2554,2494,2559,2541,2519,2548,2501,2526,2517,2551,2526,2528,2516,2528,2534,2577
826.657,2715.8,2731,2721,2720,2680,2739,2684,2717,2710,2744,2735,2715,2726,2745,2711,2705,2728,2710,2690,2717,2717,2704,2696,2669,2755,2760,2681,2738,2685,2734,2707
827.016,2307.2,2315,2312,2303,2324,2349,2283,2307,2283,2324,2295,2307,2296,2333,2283,2298,2323,2303,2310,2305,2291,2354,2318,2274,2286,2335,2331,2306,2300,2289,2280
827.375,2452.7,2479,2407,2444,2435,2468,2447,2439,2412,2438,2493,2454,2447,2427,2463,2447,2454,2450,2456,2485,2468,2448,2462,2462,2465,2490,2426,2446,2465,2473,2431
827.734,2282.4,2302,2275,2308,2303,2305,2269,2269,2294,2254,2276,2268,2278,2276,2234,2297,2286,2248,2258,2288,2268,2289,2301,2301,2341,2281,2285,2256,2275,2333,2255
828.093,2267.5,2289,2262,2243,2294,2246,2270,2277,2263,2213,2283,2250,2234,2274,2270,2297,2287,2258,2264,2275,2298,2256,2224,2271,2281,2302,2282,2261,2290,2276,2235
828.453,2326.8,2346,2362,2314,2319,2341,2338,2348,2358,2330,2301,2326,2300,2311,2346,2278,2316,2312,2331,2344,2354,2316,2319,2337,2323,2306,2322,2335,2305,2316,2351
828.812,2301.5,2303,2339,2288,2317,2264,2312,2318,2317,2288,2280,2286,2281,2301,2311,2300,2321,2289,2287,2306,2309,2336,2296,2300,2287,2250,2307,2319,2307,2301,2324
829.171,2553.7,2555,2533,2540,2543,2540,2580,2514,2561,2545,2553,2537,2576,2556,2562,2574,2537,2568,2526,2556,2575,2547,2573,2586,2518,2553,2564,2581,2568,2519,2571
829.530,2063.3,2088,2022,2082,2035,2061,2044,2072,2114,2064,2084,2070,2112,2078,2050,2080,2047,2024,2077,2017,2088,2066,2069,2083,2051,2008,2056,2009,2083,2086,2080
829.889,2330.8,2330,2301,2316,2330,2383,2310,2316,2316,2338,2330,2344,2308,2339,2334,2328,2334,2348,2334,2331,2359,2353,2287,2331,2334,2342,2308,2356,2329,2332,2324
830.248,2166.4,2162,2208,2123,2194,2157,2167,2158,2142,2144,2209,2168,2130,2164,2136,2189,2158,2136,2197,2194,2191,2182,2168,2155,2158,2156,2193,2126,2165,2157,2206
830.607,2099.4,2098,2109,2091,2061,2078,2090,2097,2106,2120,2099,2073,2072,2100,2095,2121,2104,2114,2096,2102,2133,2090,2070,2104,2088,2080,2133,2143,2102,2081,2131
830.966,2192.7,2200,2197,2216,2202,2188,2186,2189,2191,2238,2194,2184,2174,2164,2226,2159,2178,2185,2180,2220,2194,2159,2187,2194,2189,2178,2208,2213,2187,2175,2226
831.325,1810.9,1800,1822,1818,1804,1821,1834,1820,1795,1817,1826,1805,1813,1799,1811,1780,1818,1809,1835,1801,1830,1824,1793,1819,1812,1784,1784,1809,1830,1813,1801
831.685,2542.6,2554,2524,2526,2559,2527,2530,2513,2532,2536,2542,2600,2563,2584,2538,2569,2520,2495,2550,2578,2521,2528,2519,2523,2573,2514,2553,2503,2553,2567,2584
832.044,2388.2,2384,2380,2367,2380,2380,2382,2349,2381,2367,2385,2373,2422,2392,2379,2396,2397,2384,2406,2374,2421,2392,2390,2374,2405,2370,2378,2385,2421,2427,2406
832.403,2808.9,2776,2785,2820,2800,2827,2789,2796,2804,2844,2809,2844,2789,2788,2762,2798,2808,2789,2796,2806,2824,2828,2828,2790,2860,2830,2799,2824,2827,2826,2800
832.762,2350.2,2351,2348,2319,2366,2311,2393,2315,2369,2349,2322,2337,2314,2403,2398,2363,2320,2347,2372,2339,2318,2394,2354,2390,2349,2319,2353,2361,2344,2333,2354
833.121,2325.8,2339,2339,2367,2320,2335,2316,2313,2325,2348,2281,2335,2325,2343,2269,2348,2324,2387,2334,2344,2288,2300,2292,2338,2309,2314,2328,2319,2344,2307,2342
833.480,2091.8,2076,2086,2062,2096,2090,2088,2094,2082,2133,2136,2070,2075,2109,2097,2107,2105,2053,2086,2088,2104,2085,2098,2117,2110,2090,2067,2049,2098,2122,2080
833.840,2179.1,2177,2189,2141,2170,2222,2147,2162,2144,2202,2151,2201,2185,2228,2162,2212,2196,2153,2209,2206,2169,2158,2161,2185,2150,2165,2199,2197,2177,2175,2180
834.199,2167.9,2175,2168,2151,2198,2173,2164,2145,2206,2171,2187,2150,2137,2150,2186,2206,2154,2176,2190,2149,2166,2171,2162,2144,2188,2159,2133,2164,2174,2174,2166
834.558,2236.8,2245,2237,2201,2268,2231,2232,2261,2221,2228,2254,2232,2217,2239,2234,2221,2262,2236,2211,2246,2242,2245,2229,2237,2234,2264,2234,2271,2219,2246,2206
834.917,2180.7,2204,2161,2214,2190,2175,2219,2200,2147,2169,2190,2210,2166,2198,2157,2194,2166,2169,2169,2190,2185,2159,2164,2176,2186,2139,2220,2183,2153,2192,2175
835.277,2460.8,2470,2476,2457,2482,2474,2449,2460,2431,2466,2443,2423,2444,2475,2511,2542,2465,2474,2436,2433,2460,2433,2424,2436,2509,2465,2443,2456,2465,2443,2478
835.636,2163.0,2178,2141,2206,2158,2176,2169,2138,2153,2136,2165,2120,2188,2168,2126,2187,2133,2159,2178,2168,2151,2184,2186,2167,2178,2141,2211,2147,2180,2168,2130
835.995,2323.1,2337,2309,2318,2318,2310,2324,2288,2331,2359,2312,2305,2322,2331,2338,2305,2276,2358,2266,2344,2314,2323,2313,2324,2366,2325,2309,2309,2351,2357,2351
836.354,2122.8,2155,2120,2132,2159,2146,2080,2086,2124,2089,2134,2143,2117,2154,2128,2136,2073,2145,2132,2115,2109,2137,2129,2185,2094,2091,2102,2125,2121,2108,2116
836.714,2116.5,2134,2135,2145,2132,2093,2133,2102,2085,2110,2117,2083,2126,2106,2101,2142,2151,2124,2106,2103,2130,2136,2123,2127,2087,2149,2113,2104,2094,2073,2130
837.073,2087.6,2101,2042,2095,2108,2099,2088,2061,2067,2072,2115,2046,2107,2080,2079,2110,2043,2085,2091,2125,2082,2114,2088,2110,2069,2129,2047,2119,2113,2082,2062
837.432,2345.1,2364,2377,2357,2406,2329,2350,2368,2320,2355,2377,2356,2331,2292,2322,2397,2333,2364,2334,2355,2320,2347,2285,2324,2373,2319,2342,2309,2352,2360,2335
837.792,2435.9,2432,2431,2426,2426,2434,2468,2439,2417,2434,2427,2424,2392,2404,2476,2442,2403,2449,2433,2460,2412,2420,2460,2458,2474,2421,2431,2433,2452,2434,2464
838.151,2006.7,2044,1993,2035,2006,2026,2042,1981,2000,1997,2030,2006,2009,1988,1982,2028,2046,1974,2017,2039,2008,1998,1968,2016,1988,2009,2003,2018,1996,1971,1982
838.510,2196.8,2220,2176,2216,2213,2192,2176,2194,2200,2214,2204,2203,2196,2166,2181,2170,2208,2189,2165,2212,2201,2179,2205,2241,2213,2184,2178,2168,2223,2202,2215
838.870,2281.7,2309,2245,2275,2241,2284,2254,2280,2276,2290,2280,2287,2322,2264,2248,2292,2252,2305,2284,2260,2277,2273,2278,2295,2285,2280,2328,2312,2278,2315,2282
839.229,2184.8,2164,2165,2127,2182,2196,2194,2193,2176,2200,2172,2219,2194,2196,2209,2202,2166,2202,2179,2191,2202,2200,2206,2183,2190,2188,2180,2163,2154,2153,2198
839.588,2173.7,2176,2162,2132,2133,2166,2201,2182,2177,2151,2180,2173,2171,2187,2197,2184,2171,2137,2201,2187,2161,2169,2172,2164,2164,2194,2189,2173,2186,2202,2169
839.948,2250.7,2266,2274,2230,2238,2259,2278,2314,2230,2224,2231,2264,2282,2243,2286,2245,2245,2244,2223,2237,2259,2224,2223,2228,2280,2231,2238,2284,2245,2251,2244
840.307,2117.2,2145,2103,2069,2085,2096,2160,2101,2113,2123,2111,2112,2126,2082,2099,2136,2147,2118,2113,2123,2128,2106,2114,2126,2132,2130,2120,2129,2108,2109,2152
840.666,2108.6,2103,2078,2077,2091,2128,2068,2088,2138,2137,2154,2113,2109,2073,2088,2106,2110,2078,2132,2121,2104,2133,2113,2096,2112,2108,2191,2074,2102,2112,2120
841.026,1991.5,1976,1993,1975,1980,1967,2014,2000,1988,1986,1993,2020,2006,1987,2001,1976,2015,1970,1970,1984,1979,1995,2006,1983,1988,1998,1990,2000,1999,2003,2004
841.385,2081.8,2117,2064,2078,2075,2103,2053,2076,2092,2116,2106,2094,2113,2080,2073,2083,2069,2045,2095,2088,2083,2099,2057,2062,2090,2114,2067,2071,2070,2046,2076
841.745,2265.8,2304,2278,2248,2248,2237,2278,2263,2299,2279,2304,2225,2261,2193,2271,2314,2264,2246,2257,2280,2274,2269,2295,2284,2256,2249,2247,2252,2274,2267,2258
842.104,2256.7,2258,2241,2261,2239,2254,2248,2229,2243,2257,2264,2308,2232,2255,2249,2289,2294,2263,2293,2243,2251,2261,2259,2249,2291,2252,2219,2220,2242,2271,2267
842.463,2096.9,2106,2098,2059,2114,2088,2133,2102,2086,2135,2099,2084,2133,2091,2044,2069,2110,2086,2106,2059,2063,2096,2112,2075,2088,2137,2093,2127,2091,2100,2123
842.823,1822.7,1800,1823,1823,1811,1865,1819,1801,1832,1824,1856,1824,1818,1856,1803,1819,1809,1819,1846,1836,1814,1793,1816,1851,1820,1803,1809,1824,1814,1826,1827
843.182,2250.4,2231,2234,2266,2223,2226,2254,2248,2259,2270,2245,2222,2287,2271,2224,2285,2255,2261,2259,2225,2232,2269,2266,2249,2254,2260,2273,2190,2254,2248,2272
843.542,2135.1,2080,2121,2160,2151,2162,2149,2133,2129,2166,2157,2180,2144,2138,2114,2105,2136,2160,2107,2131,2166,2155,2145,2133,2104,2088,2129,2133,2115,2116,2147
843.901,2098.1,2077,2114,2095,2135,2140,2053,2120,2107,2140,2090,2081,2108,2082,2079,2107,2101,2072,2065,2070,2150,2117,2095,2091,2093,2105,2089,2112,2105,2074,2077
844.261,2004.0,1981,2036,1972,1995,2034,2001,1984,1961,2022,2008,2050,2033,2020,2016,2016,1980,1992,2043,2014,1987,1990,2010,1973,2016,2020,2000,1988,2002,1989,1987
844.620,1969.3,2000,1944,1968,1992,1962,1946,1979,1960,1984,1985,1951,1989,1989,1977,1946,1953,1963,1965,1966,1956,1947,2012,1953,1971,1962,1987,1994,1972,1940,1967
844.980,2059.7,2035,2072,2057,2065,2075,2029,2061,2050,2059,2043,2058,2049,2061,2046,2109,2084,2066,2058,2053,2048,2060,2061,2098,2065,2027,2035,2064,2070,2066,2066
845.339,2550.4,2534,2581,2553,2597,2509,2521,2552,2571,2522,2551,2552,2536,2520,2556,2578,2578,2548,2563,2550,2510,2538,2578,2528,2574,2546,2510,2580,2590,2538,2547
845.699,1781.3,1770,1764,1795,1770,1769,1768,1768,1749,1782,1800,1776,1809,1801,1770,1777,1791,1790,1779,1777,1777,1783,1792,1807,1806,1768,1774,1780,1794,1766,1788
846.058,1998.8,2020,2013,2024,1977,2031,1971,1976,2000,2009,1987,2042,1960,1982,2000,1966,2002,2024,2011,1974,1971,2031,2009,1998,2012,1976,2022,1997,1994,1981,2003
846.418,1757.9,1740,1773,1759,1740,1739,1735,1770,1755,1752,1739,1724,1781,1786,1752,1784,1755,1774,1739,1793,1746,1723,1793,1742,1774,1752,1738,1802,1764,1781,1732
846.777,2052.1,2066,2040,2035,2044,2038,2060,2035,2054,2053,2014,2034,2066,2092,2089,2054,2037,2037,2073,2017,2080,2027,2061,2048,2065,2040,2062,2103,2035,2075,2029
847.137,1798.0,1777,1795,1817,1789,1797,1834,1803,1820,1775,1794,1804,1758,1801,1748,1795,1801,1795,1770,1782,1829,1798,1806,1794,1781,1817,1810,1821,1836,1820,1772
847.496,1825.5,1816,1836,1807,1816,1829,1815,1848,1844,1832,1858,1808,1826,1804,1813,1818,1822,1839,1862,1829,1815,1810,1825,1848,1836,1832,1805,1813,1834,1801,1824
847.856,1641.5,1615,1636,1625,1644,1682,1634,1604,1653,1618,1660,1664,1645,1666,1595,1666,1643,1627,1650,1606,1626,1630,1652,1646,1652,1618,1681,1659,1649,1653,1645
ExternalTrigger,,,,,,,,,,,,,,,,,,,,,,,,,,,,,,,
