Wavelength[nm],Average,1,2,3,4,5,6,7,8,9,10,11,12,13,14,15,16,17,18,19,20,21,22,23,24,25,26,27,28,29,30
160.473,2023.3,2030,2040,1994,2028,2043,2022,2023,2012,1993,2033,2003,1999,2026,2019,2019,2004,2011,2002,2026,2044,2018,2034,2043,2002,2047,2056,2036,2024,2036,2033
160.772,2132.8,2129,2107,2110,2126,2141,2113,2100,2166,2145,2159,2169,2129,2131,2124,2111,2165,2147,2097,2140,2108,2150,2134,2140,2158,2121,2133,2127,2168,2100,2136
161.072,1962.3,1965,1960,1939,1936,1955,1958,1929,1965,1954,1958,1959,1980,1952,1968,1938,1972,1962,1991,1976,1992,1977,1999,1958,1988,1949,1953,1945,1984,1965,1941
161.372,2134.7,2125,2148,2129,2140,2125,2134,2130,2145,2146,2145,2134,2123,2136,2155,2115,2096,2136,2106,2130,2105,2157,2142,2150,2126,2143,2136,2146,2152,2121,2165
161.671,1966.4,1958,1961,1976,1907,1966,1975,1960,1966,1920,1939,1948,1941,1962,1973,1973,2008,2005,1983,1973,1936,1968,2018,1957,1989,1983,1967,2000,1956,1942,1983
161.971,2247.5,2246,2282,2262,2256,2258,2243,2266,2241,2209,2278,2262,2251,2255,2253,2248,2245,2253,2223,2244,2237,2292,2233,2219,2248,2258,2265,2244,2218,2220,2217
162.271,2021.1,2024,2029,2031,1999,2044,2031,2068,2017,2022,2010,2012,1982,1999,2011,2031,2024,1992,2012,2027,1985,2015,2023,2014,2035,2031,2029,2036,2029,2022,2049
162.571,2091.1,2075,2088,2051,2111,2114,2046,2075,2092,2095,2114,2072,2126,2051,2093,2085,2128,2083,2087,2117,2077,2120,2098,2102,2085,2091,2064,2113,2082,2096,2101
162.871,2253.8,2280,2248,2215,2262,2253,2296,2291,2299,2280,2259,2223,2257,2258,2200,2252,2287,2233,2235,2266,2242,2230,2265,2225,2272,2243,2253,2233,2262,2249,2247
163.170,2135.7,2147,2134,2177,2140,2128,2115,2123,2132,2153,2130,2120,2160,2115,2114,2179,2121,2166,2114,2168,2114,2146,2152,2131,2118,2072,2141,2144,2137,2137,2143
163.470,2074.6,2086,2115,2058,2042,2037,2035,2083,2097,2103,2084,2063,2095,2077,2085,2070,2092,2058,2082,2066,2041,2106,2077,2071,2051,2071,2049,2040,2107,2093,2104
163.771,2093.7,2124,2093,2095,2077,2089,2077,2081,2109,2079,2098,2110,2123,2107,2104,2108,2098,2080,2114,2088,2054,2075,2114,2067,2114,2080,2111,2088,2104,2088,2063
164.071,2340.0,2322,2354,2355,2374,2358,2305,2344,2359,2324,2320,2311,2369,2365,2323,2334,2347,2339,2324,2333,2318,2323,2330,2330,2345,2331,2360,2337,2340,2367,2359
164.371,2094.9,2140,2102,2062,2132,2061,2093,2097,2049,2079,2062,2118,2054,2092,2134,2132,2080,2111,2096,2066,2053,2117,2085,2081,2118,2101,2114,2137,2099,2097,2084
164.671,2215.2,2230,2194,2177,2227,2215,2243,2224,2217,2213,2216,2210,2208,2218,2209,2191,2182,2191,2193,2197,2216,2227,2238,2237,2259,2251,2210,2222,2212,2195,2235
164.971,2481.9,2496,2497,2463,2492,2430,2449,2440,2493,2508,2465,2508,2468,2462,2513,2503,2494,2476,2486,2488,2483,2464,2441,2492,2508,2504,2483,2479,2526,2481,2464
165.271,2325.0,2332,2314,2321,2349,2322,2326,2333,2292,2322,2357,2321,2348,2318,2340,2338,2348,2325,2326,2317,2296,2326,2312,2323,2337,2333,2330,2339,2278,2329,2297
165.572,2287.5,2294,2265,2305,2301,2296,2296,2307,2280,2278,2278,2306,2294,2293,2301,2252,2290,2276,2256,2310,2280,2280,2274,2287,2286,2266,2307,2271,2307,2281,2309
165.872,2187.0,2179,2187,2178,2191,2212,2177,2211,2171,2181,2184,2155,2215,2193,2166,2205,2192,2170,2177,2210,2172,2153,2184,2212,2204,2188,2173,2164,2211,2200,2194
166.172,2455.2,2454,2418,2472,2468,2466,2435,2466,2484,2501,2396,2425,2464,2427,2499,2410,2482,2438,2463,2492,2461,2455,2452,2458,2458,2458,2441,2441,2441,2495,2436
166.473,2542.6,2546,2523,2585,2541,2520,2581,2525,2586,2513,2518,2524,2572,2539,2566,2565,2541,2570,2544,2541,2530,2568,2534,2554,2529,2536,2511,2543,2513,2520,2539
166.773,2473.2,2480,2441,2470,2436,2441,2467,2488,2484,2490,2483,2479,2486,2465,2444,2480,2480,2478,2495,2476,2449,2491,2514,2477,2462,2465,2445,2509,2469,2463,2490
167.074,2522.1,2552,2494,2541,2492,2516,2519,2510,2503,2531,2511,2549,2522,2544,2552,2508,2473,2487,2515,2522,2518,2492,2550,2538,2535,2519,2547,2515,2536,2520,2553
167.374,2419.6,2456,2424,2453,2402,2408,2385,2415,2411,2416,2430,2408,2435,2389,2410,2397,2486,2408,2421,2449,2401,2433,2419,2428,2401,2413,2466,2416,2386,2430,2392
167.675,2408.6,2424,2412,2408,2389,2414,2382,2419,2433,2392,2426,2417,2391,2392,2382,2392,2392,2413,2433,2440,2412,2416,2371,2442,2395,2404,2442,2419,2411,2431,2364
167.976,2140.4,2138,2125,2090,2120,2132,2125,2171,2171,2159,2147,2169,2140,2174,2173,2139,2112,2147,2137,2137,2156,2142,2138,2145,2156,2111,2157,2151,2103,2130,2117
168.276,2684.5,2732,2646,2641,2643,2674,2697,2685,2664,2680,2723,2685,2691,2656,2697,2655,2648,2696,2677,2722,2694,2688,2657,2673,2673,2722,2681,2712,2713,2739,2671
168.577,2403.2,2402,2392,2454,2364,2405,2390,2428,2405,2395,2423,2439,2430,2357,2400,2382,2398,2429,2390,2381,2380,2416,2402,2411,2408,2368,2380,2421,2422,2420,2405
168.878,2396.6,2430,2416,2403,2382,2415,2414,2418,2376,2389,2444,2392,2385,2368,2426,2384,2398,2406,2419,2361,2392,2401,2372,2395,2333,2371,2420,2411,2396,2437,2343
169.179,2317.4,2322,2309,2301,2307,2334,2287,2298,2346,2328,2360,2319,2346,2293,2328,2344,2326,2304,2296,2290,2322,2331,2328,2331,2315,2343,2325,2253,2272,2342,2322
169.480,2397.7,2373,2367,2424,2353,2406,2354,2421,2423,2369,2383,2384,2408,2401,2417,2367,2424,2410,2433,2381,2425,2432,2352,2403,2384,2386,2417,2383,2402,2430,2418
169.780,2594.6,2617,2566,2576,2576,2560,2625,2637,2582,2610,2588,2603,2600,2594,2578,2627,2613,2578,2550,2608,2576,2588,2586,2586,2594,2591,2616,2605,2586,2604,2619
170.081,2573.8,2548,2581,2572,2552,2552,2602,2553,2577,2528,2552,2576,2554,2574,2598,2562,2554,2610,2592,2532,2589,2583,2574,2593,2584,2591,2601,2573,2574,2618,2565
170.382,2374.1,2380,2381,2360,2337,2406,2346,2401,2401,2362,2300,2378,2389,2366,2385,2429,2360,2377,2389,2329,2353,2415,2388,2350,2386,2427,2389,2358,2358,2376,2347
170.684,2526.7,2546,2546,2508,2522,2473,2529,2520,2499,2536,2548,2521,2529,2514,2565,2519,2510,2517,2531,2513,2575,2484,2523,2564,2528,2564,2553,2539,2513,2478,2535
170.985,2553.1,2541,2522,2562,2564,2559,2525,2560,2537,2565,2561,2564,2569,2561,2540,2539,2557,2561,2579,2545,2593,2546,2515,2542,2598,2543,2538,2553,2534,2532,2589
171.286,2480.1,2483,2485,2460,2456,2489,2481,2475,2476,2488,2443,2522,2432,2457,2481,2493,2473,2479,2457,2494,2516,2475,2485,2507,2450,2504,2501,2465,2479,2475,2522
171.587,2454.1,2479,2437,2417,2443,2465,2517,2462,2441,2465,2497,2418,2419,2435,2432,2412,2460,2477,2440,2467,2466,2444,2430,2478,2425,2456,2456,2484,2456,2486,2460
171.888,2501.5,2506,2490,2519,2482,2505,2536,2462,2504,2526,2497,2504,2500,2537,2482,2518,2492,2500,2514,2510,2509,2451,2503,2526,2500,2500,2499,2516,2453,2538,2466
172.189,2655.0,2662,2641,2648,2675,2678,2652,2648,2643,2667,2692,2651,2684,2661,2669,2671,2711,2648,2581,2607,2653,2682,2647,2660,2652,2657,2640,2606,2691,2635,2638
172.491,2925.3,2896,2932,2947,2936,2960,2910,2918,2912,2949,2904,2900,2913,2922,2960,2915,2934,2909,2914,2959,2895,2945,2920,2939,2904,2931,2913,2945,2914,2927,2936
172.792,2708.7,2698,2734,2752,2679,2698,2702,2691,2704,2720,2735,2716,2722,2733,2719,2696,2730,2713,2741,2679,2726,2703,2683,2728,2648,2701,2685,2700,2674,2744,2707
173.094,2709.3,2728,2697,2750,2685,2737,2690,2660,2718,2674,2724,2717,2728,2746,2660,2693,2733,2756,2698,2694,2773,2699,2707,2698,2698,2684,2671,2725,2693,2710,2733
173.395,2638.8,2647,2641,2641,2632,2665,2635,2650,2653,2637,2611,2684,2637,2609,2681,2631,2660,2616,2640,2615,2662,2657,2655,2646,2622,2633,2614,2628,2635,2637,2591
173.697,2575.1,2568,2599,2610,2579,2550,2577,2577,2559,2565,2564,2562,2560,2587,2607,2614,2584,2562,2563,2553,2564,2557,2570,2592,2554,2560,2575,2591,2565,2557,2627
173.998,2737.9,2737,2754,2744,2758,2744,2735,2717,2752,2742,2733,2738,2751,2747,2700,2725,2771,2786,2762,2701,2736,2759,2744,2690,2724,2702,2747,2728,2784,2687,2740
174.300,2243.2,2242,2244,2203,2246,2239,2237,2280,2229,2247,2276,2248,2238,2274,2240,2206,2268,2210,2221,2220,2266,2270,2272,2207,2229,2244,2235,2261,2237,2262,2245
174.601,2754.3,2828,2749,2732,2734,2809,2778,2738,2784,2758,2782,2752,2749,2725,2707,2773,2723,2729,2803,2711,2727,2735,2787,2751,2790,2739,2766,2752,2758,2740,2720
174.903,2363.6,2377,2401,2384,2365,2372,2362,2332,2405,2362,2355,2394,2394,2333,2359,2362,2352,2348,2362,2342,2370,2371,2360,2337,2381,2326,2345,2371,2349,2370,2368
175.205,2681.7,2670,2665,2704,2688,2733,2664,2683,2672,2675,2668,2628,2675,2645,2675,2666,2694,2657,2683,2660,2698,2684,2693,2664,2696,2717,2692,2696,2666,2719,2720
175.507,2445.7,2470,2423,2453,2432,2494,2434,2452,2478,2473,2458,2436,2422,2462,2432,2454,2429,2432,2451,2453,2440,2421,2440,2449,2419,2466,2458,2439,2408,2459,2434
175.808,2322.2,2326,2289,2324,2355,2325,2355,2307,2296,2317,2339,2324,2326,2323,2319,2347,2304,2274,2345,2301,2347,2304,2333,2303,2340,2375,2355,2285,2301,2291,2335
176.110,2498.6,2480,2530,2497,2492,2535,2501,2509,2449,2473,2515,2501,2524,2484,2519,2498,2529,2485,2489,2469,2478,2488,2524,2528,2477,2477,2524,2489,2504,2492,2499
176.412,2445.3,2466,2447,2477,2462,2409,2430,2442,2439,2445,2413,2442,2464,2476,2432,2420,2448,2400,2392,2447,2473,2456,2474,2468,2431,2447,2450,2447,2459,2474,2430
176.714,2515.4,2522,2549,2540,2518,2568,2536,2500,2507,2502,2519,2465,2480,2539,2536,2528,2475,2504,2526,2524,2497,2498,2535,2495,2530,2520,2505,2506,2504,2481,2553
177.016,2829.8,2835,2853,2847,2831,2834,2841,2841,2803,2818,2867,2821,2811,2836,2847,2817,2880,2816,2868,2835,2829,2799,2841,2801,2801,2840,2838,2834,2784,2815,2812
177.318,2520.7,2503,2509,2559,2506,2515,2526,2519,2534,2484,2488,2490,2545,2559,2478,2513,2522,2517,2548,2529,2511,2510,2501,2540,2534,2546,2534,2533,2507,2517,2545
177.620,2336.8,2311,2361,2330,2351,2285,2364,2342,2320,2345,2362,2307,2354,2356,2337,2349,2361,2312,2325,2338,2326,2334,2313,2300,2300,2365,2314,2380,2343,2356,2362
177.922,2447.2,2446,2416,2459,2514,2410,2439,2449,2400,2452,2432,2424,2443,2457,2419,2446,2490,2451,2449,2426,2443,2449,2456,2458,2472,2420,2488,2452,2458,2446,2452
178.224,2725.2,2698,2747,2742,2676,2722,2749,2716,2716,2711,2749,2694,2723,2704,2741,2692,2732,2732,2730,2697,2730,2707,2699,2757,2755,2733,2728,2717,2757,2722,2780
178.527,2531.2,2549,2548,2548,2478,2517,2550,2526,2526,2558,2514,2533,2574,2535,2530,2517,2545,2488,2505,2546,2542,2572,2543,2518,2528,2524,2510,2539,2537,2517,2518
178.829,2270.2,2322,2264,2268,2262,2230,2259,2258,2254,2281,2274,2289,2273,2253,2285,2297,2286,2267,2330,2277,2285,2272,2251,2252,2250,2285,2229,2241,2291,2257,2264
179.131,2953.4,2952,2959,2975,2950,2956,2947,2965,2987,2965,2914,2974,2977,2924,2938,2943,2959,2968,2976,2942,2930,2971,2921,2979,2960,2937,2930,2961,2964,2952,2926
179.434,2667.8,2653,2692,2640,2652,2669,2690,2653,2665,2674,2639,2680,2683,2616,2673,2660,2701,2658,2672,2713,2687,2662,2679,2650,2643,2656,2678,2624,2653,2716,2703
179.736,2654.0,2640,2649,2663,2640,2627,2628,2649,2665,2626,2708,2673,2629,2642,2610,2696,2677,2685,2608,2660,2664,2712,2667,2673,2617,2658,2643,2631,2665,2623,2691
180.038,2816.0,2792,2811,2865,2808,2827,2745,2818,2852,2820,2828,2820,2848,2793,2825,2782,2793,2830,2817,2825,2829,2818,2837,2837,2815,2844,2788,2817,2821,2790,2785
180.341,2535.9,2516,2521,2524,2550,2548,2513,2499,2568,2544,2523,2522,2559,2523,2536,2556,2525,2476,2531,2552,2558,2552,2542,2528,2572,2523,2552,2518,2557,2546,2543
180.643,2523.0,2543,2520,2472,2535,2518,2512,2516,2551,2521,2494,2523,2555,2539,2536,2589,2504,2480,2553,2505,2514,2552,2550,2492,2514,2564,2514,2512,2510,2534,2468
180.946,2459.6,2483,2477,2444,2449,2440,2438,2467,2499,2461,2496,2451,2452,2494,2443,2435,2455,2463,2459,2489,2440,2465,2432,2469,2444,2436,2502,2472,2415,2464,2453
181.249,2203.0,2206,2189,2193,2162,2169,2216,2235,2184,2193,2241,2188,2200,2174,2177,2225,2220,2207,2226,2187,2202,2168,2185,2194,2217,2216,2241,2236,2204,2262,2172
181.551,2929.9,2903,2928,2970,2912,2934,2916,2941,2940,2921,2922,2913,2923,2907,2959,2892,2954,2934,2949,2933,2955,2883,2894,2983,2904,2907,2920,2914,2933,2990,2962
181.854,2344.9,2353,2365,2363,2342,2294,2324,2355,2353,2383,2343,2348,2346,2342,2362,2370,2310,2315,2316,2359,2296,2418,2322,2417,2315,2351,2370,2325,2346,2315,2328
182.157,2562.3,2546,2595,2533,2568,2580,2524,2602,2561,2569,2576,2568,2561,2585,2581,2549,2557,2566,2556,2509,2584,2542,2534,2584,2555,2510,2563,2581,2568,2563,2598
182.459,3025.9,3047,3042,3008,3074,3025,3030,3018,3005,3005,3018,3007,3017,3054,3044,3016,3011,3007,3070,3010,3048,3010,3020,3015,3001,3016,3030,3046,3041,3024,3019
182.762,2553.0,2548,2619,2539,2534,2549,2562,2504,2591,2494,2565,2552,2520,2529,2572,2601,2569,2553,2540,2580,2559,2552,2532,2538,2536,2556,2579,2570,2542,2499,2606
183.065,2369.1,2347,2399,2344,2353,2362,2391,2369,2364,2382,2383,2386,2362,2392,2363,2365,2401,2369,2380,2403,2397,2324,2360,2373,2338,2359,2409,2328,2360,2354,2355
183.368,2642.4,2614,2680,2625,2627,2604,2634,2656,2638,2692,2643,2633,2633,2658,2635,2635,2657,2665,2603,2676,2614,2652,2671,2667,2613,2627,2634,2596,2669,2659,2662
183.671,2540.9,2573,2538,2501,2492,2518,2551,2532,2542,2531,2531,2577,2538,2561,2504,2553,2530,2535,2536,2534,2569,2497,2525,2549,2568,2530,2571,2550,2526,2580,2584
183.974,2585.3,2582,2603,2567,2565,2584,2593,2572,2632,2546,2579,2588,2576,2582,2632,2558,2585,2593,2607,2576,2605,2584,2569,2552,2609,2547,2592,2597,2555,2619,2609
184.277,2411.8,2391,2415,2393,2392,2398,2392,2442,2437,2428,2427,2409,2430,2412,2418,2389,2382,2407,2374,2399,2454,2412,2450,2445,2386,2434,2403,2424,2415,2386,2410
184.580,3210.6,3223,3227,3167,3212,3187,3219,3218,3204,3238,3209,3195,3209,3233,3211,3223,3232,3232,3224,3249,3198,3179,3203,3206,3203,3192,3202,3243,3197,3165,3218
184.883,2498.0,2471,2519,2485,2494,2520,2495,2496,2486,2499,2508,2497,2501,2481,2483,2493,2488,2520,2484,2502,2491,2516,2453,2496,2479,2514,2566,2499,2501,2523,2479
185.187,2611.6,2632,2607,2618,2609,2605,2634,2577,2620,2650,2607,2572,2575,2603,2649,2596,2601,2691,2616,2610,2601,2641,2616,2620,2579,2619,2607,2600,2614,2568,2611
185.490,2531.9,2541,2526,2497,2515,2497,2528,2555,2511,2505,2515,2524,2557,2555,2520,2535,2536,2545,2507,2534,2581,2507,2569,2557,2553,2504,2550,2555,2543,2529,2506
185.793,2807.2,2741,2778,2758,2799,2797,2818,2824,2821,2792,2804,2848,2790,2810,2856,2842,2786,2838,2808,2800,2808,2861,2801,2781,2815,2795,2844,2811,2786,2819,2786
186.096,2392.6,2391,2402,2395,2383,2388,2398,2380,2378,2408,2417,2391,2406,2384,2407,2405,2387,2394,2395,2408,2363,2417,2376,2383,2377,2389,2398,2431,2370,2378,2378
186.400,2683.0,2707,2725,2651,2686,2696,2670,2683,2653,2733,2642,2682,2661,2700,2681,2710,2672,2677,2661,2681,2686,2671,2676,2700,2714,2687,2690,2640,2696,2668,2690
186.703,2579.8,2585,2548,2564,2598,2579,2605,2571,2577,2578,2576,2606,2550,2587,2600,2561,2587,2573,2563,2591,2555,2589,2557,2546,2576,2608,2584,2606,2581,2622,2570
187.007,2146.5,2147,2177,2179,2147,2183,2138,2131,2158,2138,2126,2126,2161,2169,2132,2094,2165,2139,2129,2123,2159,2137,2152,2151,2165,2157,2158,2163,2141,2126,2125
187.310,2708.3,2704,2674,2702,2651,2740,2748,2696,2679,2695,2694,2732,2693,2677,2715,2727,2732,2683,2730,2685,2695,2712,2737,2713,2720,2729,2677,2735,2745,2752,2677
187.614,2478.0,2474,2523,2440,2540,2483,2500,2456,2498,2480,2487,2469,2490,2480,2476,2438,2452,2440,2497,2469,2509,2467,2475,2471,2427,2477,2475,2501,2440,2494,2511
187.917,2446.7,2399,2446,2438,2444,2422,2462,2398,2480,2422,2441,2462,2454,2463,2464,2485,2450,2446,2419,2440,2454,2410,2460,2461,2423,2461,2464,2468,2448,2432,2486
188.221,3057.2,3093,3062,3021,3063,3067,3091,3032,3082,3071,3064,3085,3032,3069,3108,3072,3016,3051,3053,3059,3053,3048,3039,3051,3027,3100,2979,3066,3055,3041,3066
188.525,2542.0,2577,2533,2533,2528,2524,2564,2574,2591,2537,2548,2546,2515,2540,2492,2561,2540,2519,2570,2494,2550,2530,2536,2545,2532,2537,2501,2552,2565,2551,2575
188.828,2413.6,2392,2418,2440,2416,2441,2381,2421,2395,2390,2417,2409,2401,2429,2444,2436,2406,2428,2450,2470,2418,2403,2367,2382,2404,2367,2399,2378,2405,2454,2447
189.132,2712.0,2710,2730,2734,2744,2675,2719,2723,2703,2678,2675,2675,2730,2708,2722,2704,2705,2715,2728,2705,2716,2721,2704,2690,2699,2729,2752,2754,2745,2703,2665
189.436,2672.2,2730,2685,2680,2660,2665,2665,2644,2661,2623,2707,2662,2712,2668,2685,2675,2631,2642,2724,2682,2646,2658,2649,2682,2693,2680,2697,2665,2629,2683,2683
189.740,2592.5,2574,2532,2609,2595,2607,2546,2625,2598,2542,2630,2601,2572,2558,2579,2640,2602,2561,2568,2650,2571,2607,2581,2599,2578,2629,2624,2578,2621,2648,2550
190.044,2662.7,2646,2670,2657,2635,2620,2668,2662,2656,2685,2664,2684,2648,2688,2678,2672,2684,2678,2655,2687,2663,2620,2676,2638,2673,2624,2677,2630,2647,2710,2686
190.348,2873.5,2847,2959,2920,2801,2853,2880,2879,2898,2867,2872,2923,2902,2878,2817,2850,2887,2878,2872,2854,2856,2894,2857,2816,2855,2942,2865,2870,2833,2886,2894
190.651,2485.8,2472,2518,2488,2515,2450,2502,2497,2501,2529,2513,2496,2436,2510,2436,2498,2467,2467,2449,2485,2493,2473,2465,2502,2496,2482,2452,2479,2512,2506,2484
190.956,2905.7,2872,2854,2917,2914,2929,2898,2930,2903,2889,2868,2872,2917,2911,2870,2905,2940,2929,2907,2868,2927,2912,2900,2906,2907,2893,2963,2957,2888,2888,2937
191.260,2270.4,2268,2243,2296,2273,2267,2210,2266,2288,2281,2252,2294,2274,2257,2248,2289,2256,2309,2277,2255,2312,2281,2274,2260,2246,2255,2264,2270,2293,2268,2285
191.564,2959.0,2978,2968,2958,2970,2965,2937,3017,2930,2924,2948,3002,2930,2957,2900,2954,2927,2958,3016,2957,2955,2996,2925,2944,2938,2946,2974,2952,2941,3001,3002
191.868,2686.2,2725,2716,2700,2658,2696,2694,2718,2656,2620,2699,2725,2661,2728,2679,2671,2680,2664,2673,2710,2687,2723,2669,2675,2716,2674,2673,2684,2682,2669,2660
192.172,2797.1,2785,2769,2807,2802,2778,2833,2802,2808,2801,2806,2790,2802,2792,2788,2772,2756,2823,2792,2798,2802,2790,2778,2801,2791,2858,2821,2785,2794,2792,2797
192.476,2399.5,2396,2392,2381,2373,2413,2433,2411,2410,2389,2375,2373,2410,2405,2397,2400,2364,2383,2388,2421,2415,2434,2403,2382,2392,2416,2423,2414,2405,2363,2425
192.781,2472.3,2474,2490,2503,2426,2483,2488,2472,2484,2445,2458,2463,2437,2462,2483,2441,2495,2487,2475,2496,2504,2469,2460,2471,2482,2486,2488,2456,2478,2468,2445
193.085,2470.7,2457,2463,2490,2492,2468,2470,2450,2453,2498,2470,2424,2478,2489,2437,2486,2418,2497,2472,2458,2502,2476,2452,2493,2462,2493,2488,2477,2446,2491,2470
193.389,2501.6,2497,2491,2490,2488,2499,2440,2475,2509,2498,2520,2532,2458,2479,2510,2477,2507,2539,2510,2483,2513,2540,2490,2506,2497,2495,2537,2478,2538,2523,2530
193.694,2738.9,2726,2768,2736,2721,2784,2757,2753,2736,2727,2740,2691,2696,2688,2757,2704,2733,2771,2746,2737,2764,2714,2763,2749,2733,2758,2754,2762,2718,2710,2772
193.998,2269.2,2282,2242,2261,2276,2263,2281,2283,2239,2262,2257,2282,2265,2281,2270,2261,2233,2299,2283,2237,2286,2284,2296,2284,2288,2237,2307,2279,2265,2275,2218
194.303,2515.7,2526,2536,2554,2524,2546,2521,2498,2477,2522,2530,2464,2510,2473,2488,2534,2555,2517,2533,2505,2521,2496,2488,2555,2509,2558,2518,2529,2493,2477,2513
194.607,2641.0,2636,2616,2656,2673,2649,2649,2637,2617,2646,2616,2666,2607,2619,2648,2674,2646,2651,2640,2639,2642,2637,2638,2660,2643,2628,2670,2653,2632,2591,2651
194.912,2914.3,2932,2906,2885,2920,2903,2912,2880,2927,2903,2979,2907,2897,2931,2940,2906,2933,2869,2922,2900,2938,2914,2933,2921,2951,2946,2925,2902,2876,2885,2885
195.216,2536.0,2531,2549,2520,2540,2569,2583,2519,2560,2595,2479,2527,2537,2504,2529,2539,2550,2462,2548,2541,2505,2562,2491,2549,2545,2540,2564,2531,2511,2530,2570
195.521,2657.8,2668,2676,2656,2636,2623,2662,2640,2677,2648,2630,2689,2624,2655,2659,2631,2664,2638,2641,2688,2661,2669,2678,2714,2672,2624,2636,2680,2684,2649,2661
195.826,2504.5,2488,2507,2496,2526,2524,2483,2521,2538,2499,2508,2534,2457,2522,2489,2482,2532,2512,2482,2500,2474,2533,2520,2485,2544,2520,2506,2490,2467,2502,2495
196.131,2458.9,2459,2476,2448,2465,2463,2444,2455,2474,2398,2480,2457,2468,2454,2474,2476,2448,2472,2436,2387,2489,2493,2450,2483,2437,2431,2438,2510,2484,2444,2475
196.435,2829.2,2828,2843,2827,2825,2809,2773,2801,2817,2820,2892,2809,2824,2853,2782,2830,2832,2831,2876,2810,2782,2836,2886,2860,2828,2830,2858,2802,2857,2803,2853
196.740,2376.3,2352,2372,2367,2380,2353,2320,2398,2389,2336,2401,2390,2397,2382,2391,2375,2379,2356,2443,2397,2388,2339,2393,2360,2382,2363,2347,2413,2379,2381,2365
197.045,2851.4,2841,2830,2846,2836,2853,2849,2832,2851,2857,2844,2841,2881,2845,2821,2889,2847,2876,2843,2841,2859,2883,2825,2895,2869,2835,2865,2849,2827,2861,2850
197.350,2353.1,2357,2352,2381,2342,2360,2363,2344,2349,2322,2328,2363,2330,2361,2365,2342,2357,2318,2331,2354,2362,2376,2358,2403,2373,2375,2344,2315,2369,2361,2338
197.655,2588.4,2600,2612,2616,2556,2612,2561,2600,2556,2539,2579,2590,2571,2571,2609,2581,2616,2556,2580,2596,2570,2619,2593,2638,2593,2607,2584,2592,2610,2576,2568
197.960,2580.3,2570,2572,2603,2590,2573,2560,2577,2608,2559,2584,2543,2573,2561,2569,2591,2557,2569,2585,2561,2603,2566,2598,2547,2605,2614,2561,2605,2603,2590,2613
198.265,2749.6,2744,2788,2757,2757,2766,2741,2741,2690,2706,2731,2739,2791,2758,2765,2787,2752,2729,2773,2760,2724,2751,2744,2735,2718,2718,2760,2779,2815,2761,2709
198.570,2539.3,2524,2491,2584,2537,2531,2514,2522,2527,2534,2548,2526,2564,2559,2536,2541,2559,2548,2513,2558,2544,2566,2559,2505,2568,2553,2546,2533,2527,2544,2517
198.876,2396.4,2376,2404,2408,2374,2379,2419,2374,2430,2373,2365,2420,2397,2454,2442,2379,2392,2363,2424,2428,2427,2371,2386,2358,2377,2378,2375,2382,2374,2447,2416
199.181,2262.8,2256,2261,2272,2212,2273,2259,2272,2254,2244,2289,2294,2251,2240,2217,2274,2271,2247,2266,2272,2254,2300,2252,2297,2264,2250,2253,2245,2300,2233,2312
199.486,2561.5,2528,2558,2581,2596,2569,2615,2564,2538,2550,2589,2588,2558,2544,2534,2534,2582,2555,2532,2581,2572,2570,2557,2572,2528,2591,2547,2553,2565,2538,2556
199.791,3018.9,2993,2997,3006,2956,3005,2969,3049,3068,3044,2997,3009,3018,3021,3071,3008,3036,3039,3005,3043,3002,3012,3026,3007,3026,3008,3042,3003,3078,3027,3003
200.097,2509.8,2505,2495,2505,2508,2552,2508,2468,2542,2534,2522,2468,2508,2537,2520,2511,2536,2488,2558,2504,2512,2498,2458,2528,2512,2540,2534,2479,2488,2451,2524
200.402,2858.2,2884,2849,2861,2872,2888,2852,2888,2862,2843,2814,2871,2884,2834,2840,2829,2871,2809,2865,2844,2859,2896,2857,2894,2843,2842,2915,2872,2848,2817,2844
200.707,2828.8,2833,2806,2833,2831,2829,2861,2845,2779,2817,2827,2793,2844,2810,2839,2809,2865,2816,2804,2815,2849,2861,2840,2882,2810,2872,2844,2789,2815,2819,2828
201.013,2689.4,2639,2698,2692,2708,2697,2690,2661,2690,2715,2710,2652,2652,2691,2730,2702,2702,2671,2695,2737,2671,2684,2685,2701,2698,2657,2674,2660,2696,2709,2715
201.318,2691.6,2649,2692,2706,2733,2717,2717,2660,2670,2678,2697,2674,2668,2710,2702,2688,2696,2693,2676,2722,2705,2708,2679,2690,2687,2694,2671,2672,2675,2703,2715
201.624,2807.4,2819,2801,2777,2803,2799,2839,2828,2767,2776,2822,2798,2834,2813,2739,2804,2796,2790,2833,2781,2809,2808,2778,2815,2819,2906,2802,2822,2817,2794,2833
201.930,2530.3,2521,2564,2512,2505,2511,2552,2502,2527,2557,2553,2515,2466,2540,2498,2533,2572,2558,2568,2509,2515,2534,2547,2522,2552,2530,2530,2543,2537,2517,2520
202.235,2777.0,2744,2841,2781,2747,2789,2795,2777,2801,2762,2784,2767,2803,2750,2737,2795,2773,2771,2794,2775,2766,2784,2771,2792,2753,2737,2788,2804,2801,2731,2796
202.541,2669.0,2648,2703,2671,2633,2636,2667,2668,2675,2675,2677,2638,2654,2666,2670,2702,2657,2688,2671,2690,2671,2703,2683,2706,2656,2663,2665,2667,2686,2642,2638
202.847,2281.6,2257,2277,2285,2286,2257,2322,2276,2324,2248,2293,2298,2278,2249,2268,2262,2303,2289,2318,2246,2290,2267,2241,2284,2321,2296,2309,2266,2241,2306,2290
203.152,2577.0,2590,2594,2561,2596,2534,2598,2576,2584,2593,2558,2554,2582,2587,2590,2565,2569,2605,2579,2561,2561,2573,2545,2594,2527,2601,2573,2579,2561,2612,2607
203.458,2863.8,2911,2883,2854,2837,2837,2849,2848,2861,2878,2872,2916,2847,2854,2897,2870,2833,2842,2851,2822,2917,2875,2872,2895,2866,2819,2841,2888,2859,2866,2855
203.764,2759.6,2744,2732,2772,2788,2728,2727,2726,2815,2753,2800,2780,2777,2762,2785,2741,2765,2760,2747,2730,2760,2780,2760,2762,2752,2750,2786,2783,2743,2753,2726
204.070,2782.1,2776,2828,2835,2813,2757,2794,2790,2797,2768,2792,2790,2723,2786,2776,2802,2799,2766,2781,2760,2784,2769,2815,2781,2765,2790,2792,2749,2729,2769,2787
204.376,2499.6,2518,2487,2510,2446,2505,2489,2493,2504,2505,2488,2487,2549,2493,2518,2528,2482,2489,2491,2497,2497,2502,2495,2500,2502,2492,2448,2507,2505,2520,2542
204.682,2253.5,2264,2249,2218,2239,2239,2276,2286,2259,2229,2242,2234,2280,2254,2298,2248,2216,2288,2251,2250,2251,2270,2234,2266,2228,2237,2260,2252,2270,2247,2269
204.988,2915.0,2921,2899,2904,2890,2894,2912,2926,2927,2901,2936,2906,2923,2913,2873,2919,2890,2869,2913,2946,2969,2907,2926,2895,2862,2943,2922,2956,2906,2947,2954
205.294,2508.6,2534,2478,2518,2501,2521,2465,2509,2533,2523,2485,2523,2505,2479,2526,2531,2479,2500,2499,2477,2495,2557,2525,2522,2501,2528,2501,2530,2539,2502,2472
205.600,2714.3,2736,2722,2691,2735,2688,2777,2685,2676,2768,2752,2694,2708,2715,2707,2692,2700,2718,2705,2719,2703,2718,2708,2682,2739,2721,2720,2686,2718,2739,2708
205.906,2824.7,2846,2788,2812,2808,2850,2838,2845,2826,2828,2861,2854,2796,2809,2769,2836,2831,2818,2814,2792,2844,2848,2834,2852,2797,2836,2807,2848,2793,2812,2848
206.212,2434.6,2404,2428,2399,2445,2437,2427,2472,2429,2428,2408,2424,2457,2436,2411,2456,2436,2417,2426,2467,2445,2447,2431,2453,2416,2437,2418,2474,2448,2462,2399
206.519,2544.3,2530,2523,2544,2538,2540,2533,2548,2542,2543,2508,2582,2608,2531,2543,2545,2569,2493,2547,2578,2559,2539,2513,2517,2550,2553,2573,2538,2550,2544,2548
206.825,2312.9,2276,2290,2318,2329,2302,2373,2323,2312,2329,2303,2331,2324,2283,2299,2289,2311,2313,2330,2285,2324,2323,2293,2322,2329,2329,2342,2291,2309,2298,2306
207.131,2653.5,2624,2673,2622,2664,2616,2672,2617,2643,2642,2664,2667,2690,2686,2642,2648,2680,2652,2639,2630,2642,2657,2642,2662,2647,2659,2651,2669,2668,2662,2675
207.438,2852.3,2809,2872,2832,2844,2848,2814,2812,2909,2841,2861,2872,2842,2850,2830,2836,2877,2854,2836,2822,2846,2865,2888,2876,2806,2886,2858,2845,2885,2899,2855
207.744,2616.9,2647,2644,2641,2604,2567,2652,2585,2605,2626,2633,2592,2629,2622,2644,2644,2616,2633,2538,2594,2624,2614,2649,2643,2591,2626,2596,2607,2650,2604,2586
208.051,2242.9,2238,2190,2229,2257,2242,2276,2189,2265,2259,2191,2248,2257,2246,2230,2212,2283,2228,2197,2255,2282,2261,2217,2242,2300,2253,2250,2270,2223,2237,2260
208.357,2430.4,2427,2454,2461,2440,2442,2440,2446,2376,2419,2458,2413,2457,2392,2416,2408,2431,2428,2438,2423,2419,2417,2460,2418,2420,2421,2438,2421,2437,2447,2444
208.664,2726.3,2735,2716,2723,2756,2720,2728,2766,2745,2755,2696,2699,2719,2717,2685,2740,2719,2751,2714,2753,2729,2708,2687,2761,2725,2703,2737,2752,2739,2695,2717
208.970,2442.1,2474,2447,2434,2472,2476,2404,2472,2422,2468,2396,2492,2441,2407,2423,2460,2422,2477,2438,2483,2453,2406,2414,2459,2423,2417,2429,2433,2447,2457,2416
209.277,2610.3,2621,2598,2586,2602,2634,2661,2642,2596,2625,2661,2585,2585,2613,2584,2603,2586,2626,2612,2602,2607,2571,2606,2649,2584,2636,2575,2616,2610,2629,2603
209.584,2826.8,2812,2792,2854,2800,2828,2854,2863,2882,2821,2836,2800,2809,2812,2840,2799,2865,2795,2814,2830,2804,2840,2824,2838,2828,2822,2867,2799,2842,2816,2818
209.890,2752.2,2772,2736,2769,2777,2734,2750,2814,2777,2709,2740,2732,2761,2759,2724,2717,2772,2737,2744,2804,2765,2758,2741,2720,2761,2760,2744,2746,2686,2754,2802
210.197,2534.7,2560,2495,2526,2560,2548,2519,2526,2489,2536,2509,2553,2542,2579,2537,2515,2532,2527,2523,2571,2520,2520,2525,2558,2562,2514,2538,2536,2530,2572,2518
210.504,2421.1,2452,2440,2401,2429,2403,2452,2410,2404,2460,2450,2393,2410,2452,2375,2422,2451,2401,2419,2408,2445,2398,2454,2409,2408,2415,2414,2419,2420,2394,2426
210.811,2663.1,2654,2684,2639,2637,2681,2682,2643,2639,2668,2696,2649,2660,2618,2673,2670,2667,2665,2650,2667,2653,2715,2686,2639,2649,2713,2652,2670,2689,2638,2646
211.118,2813.0,2792,2817,2803,2817,2782,2808,2816,2788,2827,2862,2802,2841,2773,2813,2769,2857,2846,2797,2794,2841,2816,2838,2833,2821,2813,2761,2838,2791,2826,2807
211.425,2591.1,2621,2559,2600,2598,2627,2605,2582,2566,2594,2552,2629,2584,2646,2571,2565,2607,2599,2590,2586,2543,2604,2586,2585,2552,2581,2590,2580,2597,2627,2607
211.732,2396.1,2413,2395,2406,2404,2433,2418,2350,2390,2389,2378,2399,2483,2387,2378,2394,2395,2391,2364,2378,2388,2362,2398,2419,2400,2411,2361,2412,2362,2405,2420
212.039,2711.0,2731,2664,2738,2696,2719,2731,2726,2717,2725,2695,2688,2682,2716,2743,2739,2733,2718,2733,2689,2734,2731,2678,2679,2695,2697,2706,2675,2712,2731,2708
212.346,2658.2,2632,2657,2616,2674,2682,2651,2626,2661,2699,2642,2688,2647,2653,2636,2661,2642,2678,2650,2644,2663,2677,2640,2671,2697,2662,2669,2665,2646,2653,2665
212.653,2630.5,2593,2617,2654,2573,2648,2635,2664,2627,2669,2614,2578,2613,2618,2625,2634,2633,2626,2649,2614,2638,2654,2625,2650,2663,2636,2618,2618,2637,2672,2621
212.960,2572.7,2605,2568,2566,2513,2577,2576,2579,2609,2573,2562,2560,2602,2562,2577,2548,2589,2600,2530,2565,2577,2596,2563,2548,2583,2551,2575,2596,2580,2597,2553
213.267,2711.7,2694,2689,2723,2683,2771,2720,2706,2737,2708,2728,2745,2687,2719,2683,2696,2695,2691,2734,2697,2711,2713,2696,2726,2746,2729,2684,2717,2723,2682,2718
213.574,2636.4,2615,2654,2636,2617,2648,2653,2650,2580,2642,2622,2660,2630,2640,2606,2630,2616,2610,2620,2626,2613,2616,2659,2669,2692,2639,2635,2655,2635,2681,2643
213.882,2553.3,2569,2572,2574,2542,2518,2559,2592,2532,2552,2553,2554,2600,2534,2538,2607,2565,2538,2533,2538,2560,2559,2539,2558,2577,2493,2502,2578,2555,2556,2553
214.189,2428.9,2426,2417,2416,2410,2461,2458,2461,2451,2446,2434,2426,2411,2394,2410,2421,2399,2469,2461,2430,2408,2424,2435,2418,2429,2402,2447,2455,2390,2408,2450
214.496,2484.4,2510,2508,2476,2501,2438,2511,2464,2435,2486,2514,2496,2480,2492,2453,2485,2459,2515,2484,2454,2484,2501,2479,2496,2480,2472,2447,2498,2470,2554,2490
214.804,2316.3,2345,2317,2368,2327,2279,2260,2311,2307,2316,2311,2313,2337,2305,2342,2330,2312,2334,2356,2309,2343,2330,2301,2339,2289,2333,2290,2285,2318,2283,2300
215.111,2670.3,2654,2652,2643,2692,2674,2683,2662,2698,2692,2660,2651,2683,2657,2655,2691,2670,2672,2633,2650,2701,2683,2686,2674,2692,2685,2656,2702,2685,2645,2628
215.419,2564.3,2587,2546,2565,2572,2557,2586,2569,2539,2575,2518,2556,2573,2570,2548,2593,2556,2549,2604,2597,2549,2579,2550,2545,2531,2586,2559,2579,2573,2590,2528
215.726,2728.4,2694,2721,2743,2721,2706,2734,2717,2748,2680,2749,2724,2733,2727,2777,2728,2750,2710,2731,2741,2702,2753,2723,2729,2743,2783,2750,2740,2680,2714,2701
216.034,2423.5,2427,2392,2421,2450,2427,2420,2411,2421,2418,2421,2389,2456,2425,2421,2436,2387,2453,2449,2389,2441,2440,2412,2407,2438,2440,2404,2402,2436,2440,2431
216.342,2759.3,2778,2783,2735,2766,2765,2796,2735,2794,2741,2777,2780,2755,2716,2766,2738,2746,2750,2723,2721,2786,2790,2778,2753,2761,2711,2766,2754,2815,2757,2742
216.649,2908.6,2927,2888,2887,2903,2889,2918,2899,2926,2872,2912,2926,2900,2938,2876,2902,2911,2907,2953,2914,2886,2961,2933,2876,2894,2866,2943,2906,2932,2917,2897
216.957,2580.5,2573,2565,2557,2585,2539,2536,2593,2579,2534,2556,2619,2550,2574,2563,2575,2570,2612,2578,2568,2589,2626,2605,2588,2563,2597,2590,2604,2595,2669,2562
217.265,2508.9,2520,2506,2503,2477,2547,2530,2534,2519,2526,2491,2519,2567,2511,2507,2518,2500,2522,2538,2477,2486,2481,2514,2463,2525,2485,2480,2527,2504,2509,2482
217.572,2679.0,2679,2697,2664,2702,2675,2681,2665,2697,2616,2691,2670,2720,2712,2660,2669,2670,2665,2688,2706,2645,2685,2670,2713,2683,2680,2695,2672,2684,2651,2664
217.880,2875.1,2855,2926,2832,2831,2851,2889,2835,2872,2888,2898,2890,2838,2882,2910,2898,2883,2874,2875,2888,2835,2887,2898,2862,2881,2888,2885,2910,2848,2867,2876
218.188,2720.3,2739,2750,2712,2728,2692,2680,2728,2724,2721,2729,2681,2732,2679,2723,2730,2777,2689,2670,2741,2744,2715,2709,2709,2740,2745,2719,2728,2701,2753,2720
218.496,2577.0,2563,2583,2620,2563,2576,2596,2572,2576,2546,2591,2578,2542,2551,2608,2576,2559,2572,2563,2580,2621,2605,2565,2561,2597,2578,2573,2572,2584,2575,2565
218.804,2752.2,2763,2745,2770,2748,2725,2781,2753,2733,2776,2766,2780,2734,2793,2779,2722,2721,2734,2754,2749,2762,2752,2732,2783,2730,2769,2730,2760,2721,2758,2744
219.112,2660.9,2654,2675,2672,2630,2672,2600,2631,2702,2656,2671,2671,2637,2635,2623,2709,2649,2675,2685,2677,2705,2594,2636,2642,2673,2694,2686,2641,2683,2678,2671
219.420,2770.2,2769,2796,2786,2789,2791,2802,2804,2762,2722,2737,2785,2763,2771,2769,2764,2755,2761,2784,2728,2799,2733,2773,2794,2747,2746,2766,2721,2810,2789,2790
219.728,2489.3,2482,2510,2534,2481,2474,2486,2504,2478,2490,2481,2488,2534,2489,2453,2473,2503,2495,2477,2486,2467,2458,2495,2515,2488,2487,2521,2494,2474,2462,2501
220.036,2646.3,2614,2641,2649,2701,2651,2651,2628,2694,2689,2623,2630,2637,2628,2660,2682,2635,2658,2650,2631,2609,2646,2644,2666,2625,2641,2627,2676,2621,2609,2673
220.345,2729.8,2740,2743,2734,2767,2730,2702,2690,2760,2767,2710,2732,2714,2716,2717,2723,2728,2738,2702,2674,2718,2738,2709,2764,2699,2726,2772,2723,2782,2739,2738
220.653,2792.1,2791,2800,2798,2819,2772,2807,2811,2745,2826,2792,2810,2779,2767,2811,2755,2803,2764,2769,2787,2808,2772,2804,2758,2829,2795,2778,2767,2784,2832,2829
220.961,2539.4,2533,2533,2565,2560,2532,2532,2542,2584,2538,2549,2541,2536,2523,2541,2554,2517,2546,2512,2554,2537,2561,2503,2531,2536,2536,2536,2553,2539,2546,2513
221.269,3203.0,3209,3215,3214,3169,3223,3192,3208,3226,3235,3183,3201,3236,3192,3209,3172,3168,3210,3226,3218,3238,3218,3157,3213,3203,3166,3196,3227,3223,3188,3156
221.578,2677.4,2678,2659,2701,2662,2673,2654,2715,2670,2702,2679,2665,2669,2674,2702,2680,2700,2697,2663,2611,2654,2677,2715,2644,2680,2697,2656,2694,2674,2676,2702
221.886,2518.5,2564,2546,2527,2527,2518,2510,2491,2515,2513,2505,2507,2477,2537,2518,2494,2554,2486,2509,2540,2493,2537,2525,2516,2530,2498,2490,2519,2553,2538,2517
222.195,2816.0,2822,2753,2819,2808,2834,2829,2833,2819,2813,2840,2796,2814,2794,2830,2804,2828,2758,2818,2813,2828,2832,2841,2843,2812,2786,2851,2813,2844,2856,2749
222.503,3025.8,3020,3038,3024,3078,3075,3048,2967,3013,3060,3009,3006,3072,3013,3031,3021,3035,3026,3042,3020,3032,3040,3000,3009,2984,3029,3005,3013,3023,3044,2996
222.812,2512.8,2550,2520,2511,2508,2473,2488,2511,2486,2534,2502,2501,2505,2550,2552,2522,2452,2519,2502,2484,2539,2514,2522,2478,2512,2538,2540,2523,2494,2552,2501
223.120,2699.4,2746,2686,2672,2698,2713,2701,2699,2666,2686,2708,2698,2696,2739,2675,2640,2702,2720,2729,2722,2711,2674,2733,2641,2708,2734,2691,2691,2665,2711,2726
223.429,3345.9,3306,3303,3363,3356,3362,3312,3317,3401,3365,3338,3377,3343,3332,3398,3299,3379,3371,3337,3379,3321,3396,3325,3373,3369,3288,3315,3320,3330,3360,3343
223.738,2500.9,2476,2539,2492,2488,2484,2470,2489,2470,2467,2525,2529,2498,2482,2510,2452,2523,2506,2499,2530,2530,2523,2516,2522,2473,2507,2489,2503,2498,2521,2515
224.046,2534.1,2534,2514,2518,2519,2551,2559,2587,2543,2550,2506,2521,2570,2496,2546,2540,2557,2561,2533,2509,2535,2472,2528,2493,2569,2522,2536,2538,2547,2540,2529
224.355,2549.3,2570,2539,2559,2574,2575,2532,2498,2574,2534,2566,2569,2547,2552,2485,2535,2518,2524,2539,2563,2559,2564,2552,2576,2566,2548,2570,2556,2545,2545,2545
224.664,2704.1,2689,2725,2667,2696,2699,2730,2706,2656,2716,2674,2719,2748,2688,2716,2736,2709,2661,2694,2694,2717,2696,2681,2717,2719,2661,2725,2722,2709,2733,2719
224.973,2275.3,2290,2266,2251,2280,2272,2274,2320,2254,2254,2300,2295,2275,2290,2264,2307,2272,2238,2290,2285,2251,2264,2307,2271,2263,2246,2208,2265,2292,2294,2320
225.281,2975.2,2969,2988,2995,2994,3016,2976,2960,2966,2966,2955,2968,2982,2927,2973,2981,2955,2966,2972,3011,2955,2955,2950,2989,3013,2962,2980,2965,2950,2994,3023
225.590,2570.0,2578,2609,2556,2589,2533,2595,2589,2535,2583,2528,2560,2541,2577,2624,2578,2577,2555,2605,2582,2581,2561,2538,2542,2550,2569,2580,2556,2588,2588,2553
225.899,2838.0,2850,2802,2833,2779,2804,2815,2851,2843,2843,2844,2840,2810,2878,2870,2849,2872,2861,2879,2838,2894,2847,2825,2810,2836,2789,2859,2840,2827,2825,2826
226.208,2991.4,3000,3005,3006,2999,2986,2942,2949,3009,3019,3002,2993,2997,2988,2993,2983,2997,2979,2980,2990,3008,3007,2955,3010,3036,2939,3010,3048,2981,2967,2963
226.517,2722.9,2681,2694,2705,2718,2735,2687,2678,2732,2728,2728,2741,2758,2730,2741,2704,2731,2722,2718,2747,2728,2745,2694,2751,2666,2729,2731,2745,2729,2750,2742
226.826,2783.4,2781,2832,2731,2833,2749,2777,2790,2776,2759,2790,2842,2815,2799,2788,2763,2719,2830,2797,2778,2776,2788,2794,2769,2805,2756,2766,2774,2784,2781,2760
227.136,2522.4,2520,2548,2463,2537,2548,2524,2536,2508,2547,2512,2539,2552,2521,2510,2532,2548,2495,2526,2551,2547,2495,2509,2499,2529,2479,2520,2518,2538,2527,2495
227.445,2586.7,2568,2580,2602,2572,2591,2584,2573,2566,2542,2626,2586,2565,2580,2588,2521,2560,2629,2620,2601,2607,2591,2620,2609,2581,2580,2623,2591,2569,2565,2612
227.754,2880.8,2864,2884,2911,2917,2867,2843,2824,2910,2924,2854,2885,2845,2910,2895,2814,2930,2852,2870,2896,2904,2886,2910,2884,2875,2867,2898,2835,2906,2876,2888
228.063,2486.9,2512,2469,2523,2499,2504,2502,2466,2476,2463,2550,2495,2498,2479,2467,2499,2485,2472,2517,2467,2473,2470,2495,2504,2436,2464,2452,2476,2502,2490,2501
228.373,3211.1,3257,3252,3241,3187,3192,3224,3224,3191,3258,3164,3188,3165,3211,3251,3241,3247,3205,3261,3210,3203,3170,3150,3210,3173,3244,3200,3236,3206,3192,3181
228.682,2892.6,2856,2883,2878,2872,2847,2909,2898,2909,2908,2866,2879,2904,2925,2880,2886,2907,2873,2913,2910,2892,2889,2872,2890,2888,2895,2921,2920,2889,2890,2930
228.991,2355.4,2384,2344,2345,2361,2343,2380,2378,2347,2347,2382,2345,2347,2338,2392,2362,2373,2376,2287,2354,2350,2351,2395,2348,2374,2351,2360,2317,2376,2313,2343
229.301,2725.8,2729,2744,2696,2713,2736,2755,2763,2699,2712,2706,2801,2682,2716,2724,2711,2725,2730,2717,2714,2697,2741,2752,2694,2745,2728,2715,2726,2732,2736,2735
229.610,2678.3,2682,2671,2648,2672,2657,2659,2712,2707,2670,2680,2676,2630,2705,2685,2662,2657,2705,2707,2698,2653,2691,2661,2646,2702,2688,2676,2655,2692,2731,2670
229.920,2410.3,2445,2390,2394,2392,2399,2434,2423,2388,2415,2414,2386,2403,2352,2390,2432,2445,2439,2449,2419,2449,2379,2388,2405,2413,2414,2402,2418,2408,2424,2399
230.229,2618.0,2541,2602,2633,2625,2614,2624,2632,2651,2623,2626,2608,2648,2605,2591,2638,2584,2613,2600,2671,2645,2650,2577,2607,2623,2624,2581,2588,2611,2654,2652
230.539,2680.5,2647,2681,2676,2689,2700,2668,2668,2666,2715,2678,2666,2696,2692,2705,2698,2680,2696,2628,2657,2691,2684,2677,2668,2641,2694,2688,2699,2706,2679,2682
230.848,2840.4,2866,2822,2864,2864,2843,2801,2856,2865,2818,2820,2877,2848,2880,2846,2844,2877,2850,2858,2838,2863,2822,2807,2854,2848,2822,2845,2768,2834,2808,2805
231.158,2791.6,2748,2806,2831,2790,2798,2819,2799,2834,2767,2788,2812,2801,2757,2763,2798,2806,2812,2796,2817,2792,2756,2789,2818,2749,2779,2777,2777,2773,2772,2823
231.468,2775.1,2807,2772,2806,2761,2755,2796,2814,2741,2770,2712,2806,2774,2786,2769,2813,2772,2743,2776,2823,2777,2740,2715,2791,2776,2794,2776,2779,2792,2782,2736
231.778,2919.3,2886,2878,2917,2911,2947,2934,2922,2915,2878,2929,2908,2930,2931,2918,2928,2892,2952,2928,2919,2920,2891,2909,2933,2919,2933,2943,2956,2944,2918,2889
232.087,2782.5,2802,2790,2804,2769,2760,2764,2828,2783,2767,2777,2750,2799,2791,2758,2770,2785,2820,2824,2762,2805,2780,2798,2776,2789,2808,2783,2717,2817,2737,2763
232.397,2666.9,2640,2685,2647,2672,2670,2684,2655,2641,2637,2644,2664,2696,2678,2672,2660,2653,2685,2683,2648,2696,2674,2681,2686,2647,2665,2663,2638,2686,2675,2682
232.707,2267.3,2223,2281,2299,2246,2224,2286,2274,2289,2296,2268,2257,2277,2226,2281,2275,2295,2276,2279,2283,2267,2215,2242,2294,2237,2280,2261,2268,2261,2298,2261
233.017,2419.1,2405,2405,2460,2443,2427,2432,2432,2384,2446,2411,2435,2393,2425,2402,2429,2445,2433,2409,2404,2382,2393,2410,2398,2444,2421,2441,2411,2414,2426,2412
233.327,2612.9,2582,2559,2642,2596,2603,2628,2616,2599,2615,2573,2615,2612,2664,2655,2640,2612,2584,2594,2594,2624,2588,2631,2630,2642,2616,2607,2584,2605,2636,2641
233.637,2443.5,2428,2462,2437,2452,2440,2433,2456,2435,2431,2469,2437,2411,2457,2453,2437,2430,2460,2467,2407,2470,2424,2466,2455,2474,2446,2445,2447,2427,2428,2421
233.947,2756.7,2711,2765,2796,2746,2796,2772,2754,2773,2712,2778,2744,2741,2734,2724,2764,2725,2748,2739,2793,2766,2765,2767,2762,2708,2770,2784,2760,2751,2741,2811
234.257,2739.7,2733,2759,2715,2772,2746,2741,2744,2693,2728,2728,2745,2712,2771,2776,2747,2738,2712,2747,2682,2754,2753,2744,2738,2712,2736,2756,2768,2731,2739,2772
234.567,2434.8,2386,2440,2420,2469,2430,2401,2410,2453,2460,2466,2422,2434,2445,2454,2460,2461,2436,2445,2406,2446,2405,2433,2408,2449,2447,2461,2440,2386,2443,2427
234.878,2560.4,2549,2537,2570,2578,2517,2532,2544,2537,2541,2581,2574,2527,2557,2617,2577,2565,2568,2561,2574,2559,2603,2638,2536,2536,2532,2554,2552,2585,2548,2562
235.188,2591.2,2597,2621,2584,2614,2580,2613,2618,2586,2621,2539,2611,2572,2596,2552,2577,2613,2580,2612,2605,2552,2592,2599,2591,2610,2542,2567,2591,2600,2609,2593
235.498,2602.3,2584,2620,2608,2577,2645,2587,2604,2545,2627,2600,2568,2602,2598,2632,2596,2564,2637,2608,2623,2587,2604,2660,2618,2604,2593,2593,2613,2580,2589,2603
235.808,2690.9,2674,2667,2657,2726,2673,2666,2635,2686,2680,2642,2689,2675,2710,2698,2683,2700,2719,2708,2706,2726,2699,2703,2706,2701,2706,2709,2673,2702,2692,2715
236.119,2744.4,2736,2766,2738,2721,2740,2774,2768,2750,2748,2752,2757,2770,2749,2769,2702,2757,2759,2709,2724,2716,2746,2721,2840,2717,2739,2729,2715,2761,2746,2714
236.429,2684.6,2696,2640,2672,2732,2682,2700,2700,2715,2652,2674,2681,2725,2700,2658,2682,2685,2646,2642,2689,2675,2627,2657,2732,2703,2722,2692,2692,2674,2681,2712
236.740,2527.4,2543,2544,2544,2510,2509,2486,2508,2548,2536,2510,2559,2533,2559,2528,2505,2497,2548,2499,2498,2542,2527,2526,2506,2511,2518,2556,2534,2555,2533,2551
237.050,2724.5,2712,2716,2668,2710,2753,2744,2687,2725,2763,2754,2780,2739,2740,2706,2718,2681,2724,2739,2698,2787,2722,2713,2733,2736,2702,2703,2742,2712,2725,2704
237.361,2523.6,2506,2529,2537,2479,2532,2466,2528,2545,2497,2500,2540,2534,2540,2535,2502,2526,2541,2504,2501,2528,2562,2510,2514,2563,2532,2534,2508,2544,2520,2552
237.671,2611.3,2623,2582,2590,2627,2627,2587,2600,2597,2622,2593,2615,2563,2569,2632,2603,2599,2616,2600,2627,2660,2641,2601,2622,2590,2642,2596,2613,2639,2622,2641
237.982,2239.2,2255,2246,2209,2203,2202,2254,2252,2227,2271,2272,2262,2239,2201,2197,2277,2226,2218,2239,2248,2232,2241,2212,2265,2181,2281,2245,2283,2229,2256,2254
238.293,2821.8,2794,2830,2840,2813,2877,2825,2783,2819,2827,2773,2775,2863,2825,2824,2808,2801,2787,2840,2814,2867,2786,2798,2837,2905,2844,2827,2804,2815,2828,2825
238.603,2539.8,2546,2515,2554,2530,2530,2542,2565,2550,2547,2516,2592,2566,2552,2544,2567,2547,2550,2564,2511,2528,2524,2526,2537,2517,2523,2526,2502,2562,2519,2541
238.914,2669.4,2696,2645,2678,2645,2635,2677,2634,2648,2675,2672,2646,2649,2704,2670,2666,2674,2686,2675,2683,2690,2670,2658,2666,2683,2673,2689,2656,2668,2685,2686
239.225,2523.2,2516,2543,2515,2543,2523,2531,2562,2537,2530,2494,2541,2486,2530,2513,2529,2539,2520,2516,2537,2501,2515,2504,2530,2530,2510,2564,2493,2491,2542,2510
239.536,2495.2,2494,2487,2495,2469,2468,2525,2461,2510,2501,2475,2537,2456,2496,2458,2507,2521,2488,2508,2468,2534,2493,2513,2513,2470,2473,2496,2476,2521,2556,2487
239.846,2243.6,2221,2253,2257,2170,2249,2275,2262,2258,2222,2262,2266,2266,2253,2235,2202,2223,2233,2276,2212,2262,2224,2273,2190,2206,2245,2298,2244,2228,2272,2270
240.157,2392.9,2397,2386,2390,2396,2443,2385,2370,2416,2399,2347,2380,2373,2352,2363,2397,2397,2387,2378,2379,2386,2389,2375,2411,2415,2412,2437,2400,2415,2374,2439
240.468,2648.2,2635,2674,2616,2652,2641,2621,2627,2692,2639,2665,2629,2653,2618,2620,2675,2628,2661,2668,2698,2631,2632,2615,2679,2681,2637,2673,2666,2634,2618,2668
240.779,2573.6,2584,2584,2582,2586,2563,2557,2566,2572,2572,2602,2573,2529,2578,2582,2604,2559,2607,2612,2568,2560,2584,2563,2540,2564,2586,2570,2573,2543,2554,2590
241.090,2528.2,2534,2509,2528,2488,2544,2522,2549,2539,2558,2526,2503,2556,2499,2531,2534,2543,2536,2486,2587,2518,2561,2509,2507,2549,2534,2528,2496,2513,2520,2539
241.401,2502.8,2497,2500,2508,2497,2485,2507,2509,2515,2511,2536,2514,2545,2550,2518,2538,2502,2485,2487,2494,2469,2506,2478,2516,2492,2500,2473,2505,2502,2462,2483
241.713,2635.9,2681,2664,2631,2610,2603,2653,2624,2644,2580,2657,2643,2628,2625,2618,2664,2643,2640,2630,2643,2603,2646,2637,2639,2611,2648,2660,2618,2659,2638,2637
242.024,2278.1,2243,2267,2255,2277,2232,2271,2247,2298,2309,2279,2310,2303,2306,2266,2261,2255,2269,2306,2297,2222,2270,2278,2278,2264,2295,2268,2281,2303,2326,2308
242.335,2557.8,2552,2537,2539,2561,2557,2552,2569,2522,2500,2533,2584,2586,2559,2576,2565,2562,2556,2574,2511,2557,2568,2580,2524,2582,2565,2557,2608,2601,2561,2537
242.646,2550.4,2568,2541,2556,2532,2543,2542,2526,2565,2554,2558,2554,2553,2552,2569,2538,2562,2580,2528,2554,2500,2513,2590,2573,2554,2558,2558,2526,2543,2593,2529
242.957,2383.7,2400,2410,2383,2386,2396,2369,2403,2373,2376,2365,2371,2383,2365,2416,2353,2389,2385,2364,2390,2373,2356,2369,2399,2406,2403,2403,2394,2370,2368,2392
243.269,2787.7,2763,2779,2778,2781,2796,2819,2772,2775,2804,2847,2775,2788,2820,2806,2767,2761,2799,2804,2806,2736,2800,2811,2777,2730,2745,2791,2802,2794,2800,2806
243.580,2351.0,2349,2359,2371,2354,2319,2346,2338,2316,2391,2371,2370,2360,2351,2316,2313,2328,2321,2369,2372,2346,2332,2379,2395,2317,2356,2371,2345,2355,2367,2353
243.892,2371.8,2371,2389,2381,2369,2340,2338,2366,2415,2373,2346,2362,2398,2333,2380,2385,2368,2383,2395,2398,2367,2355,2376,2389,2319,2399,2356,2390,2380,2366,2368
244.203,2768.1,2778,2733,2744,2738,2790,2763,2728,2738,2787,2814,2788,2776,2780,2789,2825,2799,2761,2783,2774,2793,2740,2748,2747,2771,2792,2732,2772,2736,2779,2746
244.514,2335.1,2370,2311,2314,2355,2301,2359,2340,2336,2362,2350,2323,2323,2334,2329,2363,2309,2375,2330,2334,2278,2329,2345,2362,2312,2324,2289,2340,2345,2340,2371
244.826,2421.6,2384,2399,2460,2406,2388,2446,2410,2427,2439,2433,2428,2412,2425,2461,2429,2398,2420,2424,2385,2437,2393,2440,2435,2485,2423,2397,2421,2417,2413,2413
245.138,2283.2,2300,2280,2305,2240,2288,2245,2287,2329,2265,2290,2280,2307,2284,2273,2290,2308,2294,2278,2289,2279,2275,2285,2297,2252,2267,2276,2314,2282,2256,2280
245.449,2927.8,2928,2937,2942,2884,2901,2899,2898,2911,2952,2920,2970,2965,2916,2906,2920,2947,2930,2934,2927,2982,2936,2923,2957,2952,2900,2930,2921,2926,2909,2911
245.761,2566.6,2582,2515,2546,2534,2601,2539,2584,2583,2587,2569,2568,2565,2520,2570,2595,2594,2544,2600,2616,2559,2533,2555,2517,2552,2541,2578,2584,2610,2568,2589
246.073,2160.9,2140,2168,2197,2161,2143,2142,2143,2176,2178,2174,2152,2180,2189,2152,2143,2193,2133,2141,2139,2169,2174,2182,2185,2152,2158,2170,2141,2125,2163,2165
246.384,2384.4,2411,2358,2375,2355,2387,2388,2360,2405,2389,2387,2392,2357,2387,2400,2374,2401,2392,2360,2427,2362,2411,2347,2380,2388,2381,2393,2383,2412,2372,2398
246.696,2377.8,2372,2350,2380,2376,2363,2353,2383,2414,2373,2376,2376,2372,2392,2366,2347,2395,2383,2400,2393,2372,2378,2394,2360,2370,2354,2385,2416,2373,2355,2413
247.008,2215.9,2188,2188,2248,2213,2203,2202,2232,2225,2208,2220,2186,2239,2217,2233,2226,2189,2189,2194,2238,2232,2211,2207,2273,2205,2218,2217,2232,2197,2230,2217
247.320,2371.3,2392,2344,2385,2324,2373,2375,2376,2400,2395,2363,2364,2369,2393,2325,2352,2401,2380,2389,2366,2345,2385,2344,2379,2364,2376,2376,2364,2364,2387,2390
247.632,2482.9,2483,2476,2489,2506,2445,2453,2509,2542,2483,2478,2458,2470,2501,2507,2518,2473,2495,2451,2428,2463,2508,2489,2457,2478,2445,2482,2467,2467,2518,2547
247.944,2378.8,2398,2370,2402,2372,2388,2406,2357,2372,2367,2376,2383,2366,2368,2373,2398,2368,2371,2401,2433,2331,2376,2353,2394,2391,2402,2333,2363,2358,2389,2405
248.256,2568.2,2584,2580,2578,2560,2567,2574,2598,2554,2552,2578,2544,2580,2594,2574,2585,2581,2552,2548,2568,2560,2559,2530,2552,2594,2570,2593,2530,2563,2575,2569
248.568,2303.4,2276,2302,2310,2292,2318,2296,2320,2283,2287,2338,2329,2293,2302,2317,2325,2320,2314,2288,2290,2328,2322,2289,2278,2277,2314,2293,2308,2277,2310,2307
248.880,2455.1,2467,2437,2458,2473,2441,2449,2472,2429,2452,2436,2452,2465,2440,2445,2453,2451,2455,2505,2461,2472,2470,2430,2484,2469,2428,2480,2405,2440,2500,2435
249.192,2383.4,2413,2382,2388,2371,2390,2384,2368,2380,2385,2389,2377,2409,2363,2394,2421,2376,2407,2360,2346,2427,2408,2361,2359,2386,2358,2416,2402,2370,2368,2345
249.504,3345.5,3336,3348,3349,3355,3339,3370,3373,3365,3291,3342,3364,3322,3350,3360,3369,3322,3388,3340,3338,3317,3345,3313,3334,3368,3344,3350,3295,3336,3369,3372
249.816,2552.6,2517,2545,2526,2570,2562,2552,2549,2546,2515,2600,2525,2568,2540,2584,2507,2593,2545,2568,2537,2595,2543,2575,2549,2554,2568,2536,2534,2565,2590,2520
250.129,2477.1,2418,2474,2493,2480,2458,2474,2490,2470,2433,2493,2507,2474,2465,2474,2497,2476,2534,2509,2489,2476,2522,2431,2444,2494,2463,2458,2459,2474,2496,2488
250.441,2178.1,2190,2152,2188,2171,2182,2183,2170,2199,2223,2194,2200,2191,2183,2211,2160,2165,2154,2150,2169,2202,2187,2158,2190,2146,2188,2159,2153,2113,2192,2219
250.753,2175.5,2190,2193,2168,2184,2150,2192,2209,2192,2184,2159,2143,2191,2196,2167,2195,2184,2185,2213,2142,2133,2206,2181,2164,2149,2210,2159,2140,2136,2174,2176
251.066,2277.6,2287,2262,2243,2283,2265,2290,2293,2270,2265,2274,2289,2263,2296,2268,2258,2273,2296,2309,2256,2296,2306,2285,2245,2274,2257,2259,2313,2280,2275,2299
251.378,2248.1,2236,2244,2250,2246,2267,2239,2225,2234,2330,2237,2267,2252,2245,2268,2293,2225,2271,2250,2234,2258,2243,2275,2245,2195,2208,2251,2243,2216,2253,2243
251.690,2205.3,2242,2229,2184,2216,2191,2191,2212,2192,2180,2208,2217,2212,2207,2191,2272,2239,2228,2242,2180,2181,2189,2191,2198,2175,2232,2201,2220,2211,2156,2171
252.003,2471.1,2468,2471,2458,2451,2456,2497,2455,2453,2441,2496,2461,2509,2499,2484,2484,2479,2472,2458,2472,2495,2488,2460,2452,2483,2478,2429,2451,2472,2493,2469
252.315,2485.7,2469,2469,2522,2518,2506,2495,2421,2491,2492,2453,2527,2491,2480,2497,2480,2478,2489,2488,2489,2476,2469,2493,2450,2490,2479,2495,2501,2470,2519,2474
252.628,2672.0,2651,2659,2666,2696,2683,2669,2652,2702,2677,2669,2677,2676,2671,2672,2653,2667,2678,2671,2681,2675,2652,2686,2679,2690,2654,2660,2697,2645,2682,2670
252.941,2457.8,2469,2438,2458,2476,2484,2434,2473,2495,2427,2464,2452,2451,2460,2432,2465,2467,2433,2474,2417,2429,2482,2483,2433,2446,2474,2456,2475,2440,2502,2445
253.253,2407.6,2399,2416,2427,2411,2405,2403,2434,2405,2414,2433,2418,2380,2424,2408,2427,2432,2380,2358,2370,2409,2437,2420,2441,2375,2426,2406,2388,2363,2396,2422
253.566,2564.8,2577,2574,2563,2520,2582,2550,2551,2577,2580,2559,2578,2552,2579,2524,2575,2590,2611,2559,2553,2596,2545,2568,2566,2544,2520,2580,2558,2570,2557,2586
253.879,2684.9,2649,2724,2687,2673,2686,2691,2667,2684,2699,2683,2695,2709,2734,2705,2701,2684,2646,2697,2704,2667,2671,2640,2673,2698,2697,2676,2643,2663,2733,2669
254.192,2487.9,2489,2500,2451,2517,2479,2510,2478,2498,2493,2488,2443,2522,2478,2466,2474,2481,2519,2504,2451,2497,2470,2451,2427,2520,2524,2515,2474,2521,2472,2524
254.504,2537.1,2549,2582,2531,2570,2479,2550,2586,2545,2554,2522,2553,2506,2503,2575,2547,2553,2533,2493,2473,2527,2553,2509,2515,2525,2559,2520,2558,2540,2561,2543
254.817,2263.9,2216,2268,2262,2274,2244,2281,2266,2263,2277,2264,2261,2260,2240,2300,2250,2274,2289,2269,2266,2222,2265,2252,2298,2294,2277,2275,2241,2229,2245,2296
255.130,2673.7,2687,2685,2660,2660,2665,2722,2672,2714,2681,2662,2645,2672,2687,2639,2656,2691,2678,2666,2709,2706,2672,2675,2644,2681,2661,2655,2682,2624,2691,2670
255.443,2417.9,2428,2419,2446,2416,2418,2427,2409,2412,2421,2402,2422,2406,2374,2435,2380,2416,2410,2394,2397,2449,2407,2444,2433,2448,2458,2441,2377,2428,2407,2414
255.756,2696.5,2704,2708,2666,2708,2672,2653,2698,2713,2690,2701,2736,2686,2723,2709,2709,2698,2698,2696,2691,2702,2721,2711,2696,2695,2700,2685,2696,2685,2665,2681
256.069,2160.0,2118,2188,2146,2147,2165,2170,2134,2152,2178,2195,2161,2184,2158,2163,2166,2110,2133,2178,2153,2153,2168,2164,2148,2181,2201,2152,2149,2174,2167,2144
256.382,2652.5,2661,2675,2660,2612,2650,2649,2693,2672,2653,2699,2674,2665,2681,2625,2599,2612,2636,2678,2647,2662,2638,2660,2632,2658,2666,2623,2654,2658,2653,2631
256.695,2647.3,2660,2611,2660,2629,2661,2676,2675,2662,2632,2661,2646,2628,2659,2645,2645,2639,2683,2616,2660,2637,2648,2694,2637,2642,2586,2629,2641,2655,2659,2644
257.009,2170.1,2138,2177,2158,2217,2164,2139,2198,2217,2144,2189,2174,2163,2167,2145,2148,2137,2200,2165,2208,2192,2155,2155,2114,2198,2153,2175,2186,2145,2212,2170
257.322,2770.1,2791,2780,2769,2741,2767,2759,2770,2786,2787,2748,2765,2733,2744,2790,2803,2792,2733,2792,2750,2760,2787,2770,2787,2792,2749,2745,2771,2782,2777,2783
257.635,2314.2,2343,2294,2378,2324,2338,2251,2280,2316,2330,2296,2314,2308,2309,2296,2344,2288,2303,2347,2306,2294,2288,2316,2313,2356,2303,2344,2294,2312,2335,2306
257.948,2665.5,2654,2681,2656,2659,2618,2633,2664,2669,2671,2691,2661,2672,2680,2669,2634,2659,2657,2667,2649,2686,2681,2685,2666,2676,2689,2669,2655,2672,2645,2696
258.262,2589.2,2579,2615,2581,2560,2569,2612,2595,2540,2623,2613,2607,2571,2611,2564,2562,2587,2603,2640,2582,2579,2591,2593,2580,2607,2581,2612,2594,2602,2565,2559
258.575,2510.7,2539,2516,2510,2525,2452,2494,2520,2507,2457,2484,2533,2523,2525,2507,2514,2520,2507,2512,2524,2528,2539,2564,2506,2462,2509,2470,2537,2496,2550,2490
258.888,2775.6,2807,2761,2729,2751,2767,2780,2731,2743,2792,2738,2804,2760,2792,2774,2791,2813,2752,2771,2737,2783,2772,2773,2792,2815,2812,2786,2792,2748,2782,2819
259.202,2076.9,2092,2098,2045,2110,2049,2065,2078,2027,2122,2113,2077,2091,2093,2046,2086,2062,2072,2104,2072,2096,2059,2075,2059,2080,2070,2052,2022,2097,2089,2106
259.515,2270.8,2281,2257,2267,2267,2251,2237,2289,2274,2282,2274,2280,2268,2305,2272,2266,2277,2268,2278,2276,2252,2271,2275,2248,2260,2293,2299,2290,2233,2275,2258
259.829,2150.3,2172,2145,2125,2147,2168,2147,2163,2105,2128,2152,2120,2142,2183,2136,2154,2136,2161,2157,2166,2146,2133,2116,2159,2179,2152,2149,2197,2137,2138,2195
260.142,2187.4,2184,2193,2158,2183,2173,2200,2193,2177,2184,2198,2149,2180,2219,2210,2165,2195,2209,2168,2159,2181,2202,2188,2174,2192,2229,2196,2174,2212,2160,2216
260.456,2328.6,2290,2333,2279,2321,2312,2329,2351,2327,2375,2344,2341,2341,2358,2347,2290,2335,2331,2292,2342,2357,2307,2321,2337,2328,2310,2340,2298,2344,2323,2354
260.770,2566.1,2554,2560,2560,2553,2600,2545,2554,2626,2555,2558,2491,2602,2568,2595,2558,2566,2537,2500,2546,2569,2599,2580,2589,2559,2585,2571,2579,2608,2554,2562
261.083,2701.9,2700,2677,2721,2720,2670,2689,2671,2715,2692,2674,2675,2772,2720,2709,2671,2696,2686,2648,2708,2723,2730,2714,2695,2726,2737,2693,2709,2729,2650,2738
261.397,2230.4,2260,2228,2202,2278,2249,2189,2208,2224,2250,2256,2199,2203,2202,2251,2202,2245,2223,2230,2283,2248,2219,2263,2212,2206,2222,2246,2210,2239,2246,2218
261.711,2226.5,2209,2237,2195,2211,2215,2238,2203,2223,2214,2250,2240,2224,2220,2245,2244,2255,2243,2235,2240,2237,2189,2234,2229,2212,2211,2214,2237,2210,2251,2230
262.025,2131.9,2117,2104,2115,2120,2144,2096,2146,2135,2169,2148,2138,2142,2137,2141,2131,2116,2164,2142,2134,2154,2099,2106,2100,2149,2142,2079,2147,2176,2148,2119
262.339,2696.5,2675,2727,2689,2670,2696,2672,2683,2708,2706,2736,2708,2719,2669,2680,2671,2712,2676,2719,2740,2673,2707,2712,2696,2677,2719,2710,2692,2677,2719,2658
262.653,2128.8,2137,2179,2090,2146,2141,2069,2132,2093,2123,2158,2138,2122,2102,2131,2155,2120,2115,2140,2127,2112,2136,2119,2153,2107,2112,2147,2136,2106,2144,2173
262.967,2507.2,2537,2534,2465,2502,2509,2526,2498,2511,2505,2494,2499,2462,2507,2504,2505,2495,2514,2537,2564,2484,2524,2483,2496,2524,2526,2517,2475,2524,2478,2518
263.281,2534.0,2516,2491,2578,2555,2509,2538,2539,2540,2554,2522,2496,2520,2539,2520,2530,2536,2537,2560,2521,2535,2530,2545,2559,2553,2552,2504,2510,2504,2569,2558
263.595,2497.4,2481,2497,2486,2512,2507,2512,2528,2484,2505,2486,2488,2506,2487,2493,2484,2494,2520,2463,2500,2515,2480,2499,2526,2476,2466,2475,2498,2492,2517,2544
263.909,2196.7,2193,2237,2178,2227,2219,2210,2196,2186,2185,2183,2185,2211,2233,2179,2170,2208,2193,2201,2201,2189,2179,2192,2202,2158,2192,2193,2216,2180,2176,2230
264.223,2315.6,2303,2328,2290,2313,2329,2292,2315,2313,2293,2352,2317,2355,2342,2337,2300,2306,2303,2318,2296,2329,2259,2364,2341,2293,2331,2315,2310,2307,2291,2327
264.537,2205.7,2165,2187,2193,2226,2219,2196,2214,2177,2200,2178,2190,2206,2195,2224,2192,2212,2187,2216,2228,2210,2207,2238,2216,2205,2222,2208,2233,2216,2192,2220
264.851,2318.5,2353,2278,2289,2324,2326,2374,2332,2329,2342,2357,2279,2341,2333,2301,2321,2320,2315,2316,2269,2304,2310,2345,2349,2299,2315,2337,2285,2301,2265,2347
265.165,2352.2,2362,2387,2372,2374,2331,2358,2344,2342,2380,2328,2344,2345,2398,2337,2300,2325,2361,2330,2363,2361,2340,2317,2318,2360,2379,2332,2361,2373,2385,2359
265.480,2373.2,2397,2409,2355,2364,2366,2376,2365,2365,2354,2394,2373,2328,2412,2397,2388,2347,2395,2343,2351,2386,2396,2385,2338,2387,2392,2384,2356,2376,2382,2334
265.794,2228.2,2276,2239,2213,2226,2184,2233,2235,2247,2233,2202,2213,2222,2204,2223,2241,2181,2242,2241,2272,2238,2227,2256,2226,2185,2231,2206,2228,2242,2228,2252
266.108,2211.1,2232,2190,2205,2183,2203,2195,2211,2221,2219,2223,2193,2250,2190,2226,2177,2171,2212,2214,2246,2213,2194,2274,2210,2212,2235,2213,2243,2195,2219,2164
266.423,2323.4,2352,2354,2355,2328,2305,2323,2347,2350,2256,2327,2352,2307,2356,2337,2289,2282,2328,2325,2311,2306,2303,2300,2294,2347,2332,2321,2314,2339,2321,2341
266.737,2464.8,2477,2455,2444,2466,2432,2494,2472,2475,2494,2458,2442,2450,2472,2445,2479,2470,2467,2450,2472,2510,2488,2451,2478,2424,2467,2443,2447,2478,2491,2452
267.052,2324.8,2320,2293,2313,2305,2342,2321,2327,2343,2312,2358,2343,2362,2327,2340,2330,2320,2317,2336,2315,2296,2300,2339,2324,2314,2324,2284,2309,2337,2321,2372
267.366,2210.6,2200,2246,2191,2212,2196,2218,2205,2200,2212,2196,2210,2214,2204,2205,2208,2218,2189,2225,2244,2217,2201,2196,2174,2241,2206,2228,2209,2202,2225,2225
267.681,2447.4,2449,2449,2481,2458,2425,2462,2481,2451,2455,2433,2448,2459,2457,2430,2443,2456,2424,2447,2438,2456,2441,2416,2450,2480,2430,2420,2432,2444,2464,2444
267.995,2710.2,2698,2717,2731,2688,2715,2723,2703,2711,2687,2732,2720,2716,2722,2714,2676,2719,2683,2695,2694,2694,2754,2729,2750,2739,2671,2691,2738,2719,2686,2691
268.310,2233.2,2253,2236,2277,2257,2234,2209,2233,2254,2198,2235,2224,2239,2280,2220,2223,2181,2238,2239,2233,2228,2275,2228,2258,2245,2177,2226,2210,2243,2199,2244
268.625,2342.8,2372,2290,2325,2380,2344,2337,2342,2342,2360,2376,2328,2370,2332,2328,2292,2323,2320,2344,2336,2338,2344,2372,2352,2353,2348,2321,2355,2348,2342,2370
268.939,2820.1,2786,2787,2823,2820,2825,2840,2841,2837,2816,2802,2791,2802,2798,2830,2824,2811,2831,2849,2757,2812,2819,2819,2834,2831,2835,2826,2830,2854,2810,2862
269.254,2289.0,2295,2287,2312,2264,2293,2301,2310,2312,2255,2270,2267,2264,2304,2303,2283,2304,2290,2312,2308,2280,2275,2248,2285,2256,2295,2300,2299,2324,2263,2312
269.569,2723.0,2732,2733,2719,2756,2710,2721,2747,2735,2739,2725,2710,2718,2696,2750,2695,2761,2699,2686,2763,2729,2760,2730,2685,2699,2674,2711,2750,2683,2718,2756
269.884,1939.1,1950,1940,1943,1920,1950,1905,1938,1916,1916,1973,1968,1921,1905,1945,1919,1950,1915,1910,1981,1944,1947,1958,1971,1919,1949,1907,1940,1937,1989,1947
270.199,2342.8,2345,2347,2353,2301,2360,2309,2401,2328,2364,2318,2351,2341,2338,2324,2361,2337,2344,2304,2320,2325,2376,2357,2375,2339,2367,2322,2348,2329,2349,2351
270.514,2361.9,2372,2358,2404,2366,2361,2369,2356,2323,2360,2368,2341,2377,2356,2382,2342,2343,2353,2394,2317,2343,2394,2354,2333,2372,2377,2337,2371,2428,2346,2361
270.829,2182.1,2214,2195,2184,2200,2182,2176,2144,2218,2195,2184,2174,2186,2157,2154,2213,2201,2174,2153,2184,2176,2161,2186,2192,2197,2184,2197,2212,2169,2164,2137
271.144,2468.7,2459,2454,2486,2435,2504,2440,2487,2472,2435,2459,2524,2470,2465,2466,2462,2489,2474,2441,2449,2503,2456,2455,2472,2462,2472,2476,2480,2464,2452,2498
271.459,2103.4,2128,2081,2116,2082,2093,2117,2081,2099,2096,2127,2085,2121,2136,2120,2109,2084,2089,2094,2097,2139,2109,2129,2100,2078,2105,2083,2072,2106,2102,2123
271.774,2541.6,2527,2515,2540,2538,2568,2545,2555,2527,2546,2549,2516,2543,2504,2537,2556,2515,2495,2547,2561,2584,2562,2541,2574,2511,2560,2537,2558,2586,2493,2558
272.089,2124.5,2096,2142,2146,2092,2130,2134,2139,2104,2120,2120,2161,2082,2115,2128,2150,2131,2101,2142,2144,2136,2154,2145,2079,2112,2142,2136,2139,2098,2119,2097
272.404,2281.4,2269,2272,2265,2300,2281,2289,2274,2251,2273,2290,2293,2273,2304,2244,2303,2299,2248,2264,2283,2307,2271,2284,2280,2322,2314,2266,2286,2266,2293,2278
272.719,2627.5,2603,2638,2624,2621,2597,2645,2641,2604,2596,2607,2638,2607,2624,2644,2634,2642,2618,2665,2607,2652,2645,2606,2632,2600,2620,2603,2648,2666,2671,2628
273.035,2026.9,2072,2040,2040,2033,2046,2044,2032,2045,1966,2022,2036,2001,2019,1990,2031,1997,2011,2016,2051,1986,2047,2030,2071,2049,2049,2037,2018,2015,1992,2022
273.350,2529.7,2535,2544,2504,2533,2516,2506,2555,2595,2497,2540,2513,2464,2584,2558,2527,2498,2548,2570,2540,2520,2530,2528,2530,2542,2550,2520,2531,2539,2470,2504
273.665,2437.8,2453,2456,2443,2442,2472,2411,2449,2468,2408,2437,2495,2442,2426,2440,2408,2471,2418,2402,2409,2424,2433,2400,2428,2489,2466,2468,2404,2427,2421,2425
273.981,2320.5,2319,2325,2344,2324,2309,2287,2287,2300,2326,2352,2310,2325,2322,2319,2300,2343,2292,2340,2328,2330,2330,2327,2368,2328,2322,2288,2330,2332,2261,2347
274.296,2295.0,2304,2287,2328,2323,2310,2339,2302,2312,2254,2301,2275,2299,2236,2326,2266,2289,2284,2306,2286,2251,2293,2295,2290,2309,2312,2293,2287,2280,2281,2332
274.612,2298.6,2363,2315,2305,2323,2264,2292,2318,2304,2270,2325,2294,2284,2258,2261,2313,2286,2281,2309,2305,2322,2302,2297,2288,2275,2293,2310,2277,2296,2311,2316
274.927,2261.8,2217,2293,2218,2280,2241,2282,2265,2258,2240,2280,2274,2243,2275,2271,2240,2236,2280,2272,2269,2272,2278,2273,2278,2262,2250,2296,2298,2243,2209,2262
275.243,2277.2,2313,2302,2258,2245,2268,2280,2290,2269,2292,2280,2299,2259,2308,2251,2274,2273,2286,2266,2273,2318,2270,2322,2301,2258,2274,2238,2260,2274,2236,2279
275.558,2241.1,2233,2249,2242,2252,2252,2253,2270,2211,2209,2292,2255,2217,2253,2252,2246,2215,2203,2235,2245,2248,2205,2193,2229,2288,2272,2246,2223,2262,2228,2256
275.874,2169.5,2177,2205,2167,2188,2157,2171,2183,2166,2169,2145,2134,2138,2204,2177,2160,2145,2143,2219,2154,2150,2196,2167,2177,2167,2157,2149,2180,2193,2177,2169
276.189,2367.7,2366,2353,2345,2372,2352,2355,2352,2368,2376,2405,2389,2354,2403,2350,2350,2352,2394,2396,2377,2366,2387,2376,2364,2340,2386,2335,2370,2416,2299,2384
276.505,2370.2,2400,2360,2335,2383,2366,2340,2384,2425,2372,2368,2332,2353,2377,2393,2377,2320,2396,2358,2410,2381,2355,2353,2388,2365,2382,2392,2352,2389,2326,2373
276.821,2667.7,2637,2696,2699,2669,2659,2645,2657,2662,2686,2673,2662,2641,2678,2678,2692,2675,2670,2650,2651,2701,2659,2665,2646,2641,2648,2701,2670,2663,2704,2653
277.137,2206.5,2213,2205,2212,2197,2215,2226,2224,2214,2247,2237,2171,2186,2207,2257,2239,2177,2216,2179,2202,2192,2219,2162,2204,2187,2218,2216,2209,2207,2181,2177
277.453,2150.0,2151,2154,2143,2160,2116,2186,2136,2168,2145,2125,2141,2104,2160,2142,2175,2143,2226,2151,2145,2132,2173,2175,2116,2168,2166,2136,2153,2136,2131,2144
277.768,2355.4,2379,2377,2347,2383,2382,2358,2325,2360,2340,2323,2360,2332,2363,2369,2372,2370,2335,2303,2349,2365,2363,2331,2385,2351,2340,2390,2337,2371,2332,2369
278.084,2138.3,2125,2149,2148,2131,2142,2126,2189,2160,2148,2147,2142,2099,2145,2151,2103,2120,2094,2123,2174,2191,2143,2121,2129,2152,2152,2132,2130,2103,2151,2130
278.400,2320.8,2298,2307,2322,2305,2340,2321,2365,2328,2316,2353,2348,2324,2300,2272,2296,2376,2285,2264,2341,2314,2314,2268,2303,2339,2383,2334,2340,2296,2360,2312
278.716,2234.3,2257,2272,2240,2261,2250,2237,2236,2182,2251,2267,2209,2221,2232,2272,2244,2222,2238,2247,2203,2222,2237,2238,2212,2244,2241,2248,2172,2268,2198,2209
279.032,2068.1,2063,2030,2067,2085,2083,2040,2052,2088,2030,2085,2086,2106,2077,2036,2099,2068,2069,2094,2059,2066,2088,2053,2052,2081,2056,2073,2080,2062,2080,2035
279.348,2304.0,2285,2289,2293,2324,2283,2269,2350,2294,2319,2315,2276,2297,2340,2325,2317,2278,2329,2281,2300,2308,2305,2300,2281,2313,2296,2298,2317,2314,2311,2313
279.664,2174.5,2165,2181,2155,2204,2178,2167,2167,2200,2195,2209,2190,2147,2173,2162,2186,2173,2179,2128,2198,2174,2171,2136,2188,2189,2139,2159,2168,2184,2165,2206
279.981,2541.0,2531,2537,2534,2517,2528,2538,2548,2517,2501,2562,2542,2600,2511,2562,2543,2578,2536,2564,2511,2530,2561,2535,2568,2510,2569,2536,2499,2552,2575,2536
280.297,2163.9,2181,2161,2165,2127,2152,2191,2155,2108,2142,2152,2176,2182,2142,2159,2199,2150,2163,2212,2142,2175,2134,2136,2168,2227,2185,2178,2152,2190,2202,2111
280.613,2090.5,2070,2096,2067,2120,2108,2115,2120,2091,2088,2074,2072,2064,2087,2118,2107,2104,2067,2100,2095,2113,2092,2110,2078,2087,2080,2106,2081,2050,2054,2100
280.929,2220.6,2242,2223,2233,2238,2196,2224,2258,2222,2214,2226,2201,2213,2206,2206,2236,2201,2208,2216,2259,2189,2201,2180,2250,2238,2208,2226,2223,2208,2213,2260
281.246,2481.6,2480,2512,2472,2470,2472,2512,2482,2441,2467,2446,2510,2482,2542,2466,2490,2459,2478,2460,2494,2480,2478,2524,2513,2504,2491,2477,2480,2488,2462,2415
281.562,2223.4,2220,2230,2214,2207,2227,2163,2233,2231,2222,2229,2228,2218,2246,2228,2222,2179,2239,2206,2218,2212,2234,2219,2241,2244,2235,2242,2178,2259,2231,2248
281.878,2097.8,2098,2105,2104,2096,2093,2100,2065,2102,2104,2095,2095,2110,2101,2124,2086,2109,2099,2099,2107,2098,2089,2124,2094,2106,2121,2069,2068,2061,2090,2123
282.195,2249.4,2251,2251,2243,2261,2232,2234,2256,2275,2235,2267,2212,2227,2248,2222,2271,2233,2274,2254,2274,2244,2211,2273,2278,2235,2262,2264,2249,2265,2242,2240
282.511,2386.8,2326,2411,2372,2371,2414,2370,2376,2352,2392,2396,2373,2372,2374,2373,2408,2432,2373,2366,2382,2389,2413,2372,2427,2431,2374,2420,2427,2378,2365,2374
282.828,2225.9,2209,2240,2250,2202,2221,2211,2206,2239,2230,2235,2214,2231,2227,2195,2232,2225,2196,2214,2229,2207,2212,2241,2225,2263,2218,2255,2223,2225,2245,2257
283.144,2351.4,2346,2369,2308,2342,2355,2342,2362,2361,2329,2377,2373,2361,2307,2361,2347,2387,2322,2342,2337,2355,2396,2351,2349,2339,2373,2348,2351,2381,2349,2321
283.461,2269.9,2265,2245,2258,2296,2280,2275,2285,2284,2266,2275,2248,2297,2259,2241,2274,2277,2280,2234,2265,2257,2287,2287,2280,2291,2280,2253,2274,2272,2252,2259
283.778,2364.5,2362,2364,2389,2388,2369,2347,2384,2337,2364,2372,2403,2359,2359,2340,2408,2370,2321,2341,2355,2341,2366,2388,2373,2387,2362,2323,2392,2365,2336,2369
284.094,2212.0,2189,2215,2235,2232,2209,2214,2251,2214,2178,2172,2189,2200,2246,2190,2221,2250,2206,2178,2204,2229,2207,2221,2192,2243,2181,2229,2213,2212,2217,2224
284.411,2209.3,2160,2202,2192,2204,2206,2231,2201,2206,2211,2202,2197,2213,2231,2210,2203,2232,2226,2178,2217,2222,2223,2211,2200,2200,2204,2225,2198,2231,2240,2203
284.728,2210.1,2223,2216,2228,2214,2188,2216,2223,2254,2192,2176,2217,2203,2207,2245,2197,2239,2198,2158,2220,2206,2196,2205,2218,2190,2215,2242,2208,2232,2207,2169
285.045,1996.1,2006,1998,1983,1998,1976,1990,2021,1992,1980,2023,2014,2012,1993,1982,1953,2038,1964,1980,1970,1995,1997,1996,1984,1972,2014,2044,1976,2043,1983,2005
285.361,2073.8,2087,2106,2097,2048,2047,2093,2088,2060,2086,2119,2058,2084,2063,2077,2067,2047,2062,2038,2058,2056,2093,2076,2077,2087,2074,2106,2071,2060,2077,2053
285.678,2220.5,2217,2259,2247,2216,2213,2206,2232,2220,2200,2225,2224,2211,2233,2191,2256,2223,2235,2192,2226,2190,2216,2208,2247,2235,2236,2226,2198,2205,2233,2196
285.995,2277.8,2281,2278,2296,2260,2325,2276,2259,2275,2308,2287,2265,2264,2270,2253,2259,2293,2324,2280,2271,2242,2260,2279,2280,2312,2278,2271,2267,2272,2282,2267
286.312,2390.6,2467,2422,2356,2401,2404,2376,2371,2392,2360,2396,2372,2349,2394,2389,2385,2408,2388,2333,2399,2414,2424,2408,2392,2385,2417,2380,2379,2373,2434,2349
286.629,2366.9,2345,2368,2380,2363,2379,2332,2349,2400,2386,2364,2371,2400,2355,2339,2386,2348,2353,2379,2345,2330,2405,2380,2385,2351,2382,2384,2369,2376,2380,2323
286.946,2854.1,2853,2869,2851,2879,2843,2870,2844,2868,2834,2827,2806,2873,2872,2820,2834,2856,2888,2833,2878,2882,2876,2854,2882,2873,2840,2837,2867,2853,2824,2837
287.263,2310.1,2334,2288,2269,2298,2325,2318,2322,2324,2308,2309,2341,2310,2302,2280,2312,2285,2302,2266,2311,2354,2332,2302,2303,2317,2331,2309,2316,2312,2309,2314
287.580,2741.2,2768,2719,2730,2721,2749,2756,2731,2752,2778,2819,2748,2764,2730,2718,2707,2748,2728,2702,2768,2783,2737,2719,2749,2748,2728,2745,2720,2709,2730,2733
287.898,2302.1,2327,2264,2309,2283,2314,2285,2284,2300,2332,2306,2303,2306,2309,2329,2329,2292,2296,2292,2321,2305,2325,2284,2326,2285,2259,2328,2304,2284,2278,2303
288.215,2040.3,2028,2031,2022,2009,2033,2045,2049,2048,2042,2058,2039,2039,2069,2022,2043,2062,2013,2033,2055,2033,2026,2013,2045,2031,2032,2007,2046,2083,2053,2101
288.532,2331.2,2302,2346,2374,2328,2292,2370,2315,2322,2348,2352,2370,2324,2363,2304,2302,2343,2313,2368,2333,2334,2303,2346,2337,2331,2328,2299,2320,2310,2325,2335
288.849,2197.1,2195,2208,2188,2211,2218,2208,2192,2184,2193,2210,2193,2196,2221,2182,2212,2202,2178,2198,2216,2217,2185,2186,2194,2187,2204,2168,2217,2171,2211,2168
289.167,2168.6,2179,2144,2182,2132,2200,2176,2176,2154,2180,2179,2161,2194,2147,2185,2128,2180,2154,2176,2127,2156,2161,2197,2150,2206,2171,2161,2187,2187,2145,2182
289.484,2251.0,2250,2241,2232,2244,2276,2241,2292,2258,2275,2252,2248,2245,2250,2203,2212,2240,2259,2230,2259,2259,2247,2264,2241,2257,2281,2268,2211,2268,2278,2250
289.801,2292.6,2304,2266,2262,2309,2310,2265,2293,2274,2360,2319,2294,2266,2310,2303,2315,2282,2262,2289,2273,2270,2344,2247,2289,2307,2303,2276,2307,2292,2289,2298
290.119,2371.8,2371,2371,2385,2341,2387,2386,2377,2388,2387,2408,2398,2331,2381,2382,2387,2384,2344,2358,2317,2389,2384,2380,2349,2354,2371,2344,2363,2370,2398,2368
290.436,2225.9,2279,2234,2206,2229,2209,2228,2226,2238,2221,2262,2214,2184,2221,2241,2222,2232,2222,2234,2220,2223,2210,2204,2270,2232,2240,2164,2218,2236,2235,2222
290.754,2477.5,2441,2456,2483,2504,2511,2478,2493,2473,2522,2466,2514,2462,2480,2506,2422,2470,2496,2436,2489,2461,2465,2469,2495,2456,2467,2470,2494,2509,2464,2473
291.071,2435.1,2408,2441,2460,2446,2450,2432,2420,2426,2453,2446,2432,2491,2420,2407,2428,2401,2450,2432,2426,2445,2418,2449,2441,2429,2449,2435,2418,2429,2457,2415
291.389,2103.3,2107,2101,2124,2107,2088,2077,2092,2110,2077,2148,2090,2092,2111,2114,2114,2114,2084,2083,2097,2123,2102,2111,2084,2124,2113,2095,2105,2123,2113,2076
291.707,2229.0,2227,2232,2212,2211,2240,2179,2214,2245,2228,2237,2238,2225,2242,2223,2212,2269,2214,2219,2276,2245,2263,2160,2212,2266,2198,2231,2250,2208,2240,2254
292.024,2175.6,2217,2161,2141,2158,2154,2161,2182,2176,2213,2154,2207,2200,2179,2156,2173,2148,2181,2177,2162,2176,2156,2161,2187,2173,2182,2203,2196,2158,2193,2184
292.342,2254.2,2214,2235,2249,2225,2256,2273,2257,2267,2246,2271,2266,2254,2256,2233,2250,2268,2225,2227,2239,2282,2275,2228,2280,2261,2284,2250,2287,2285,2228,2255
292.660,2177.7,2163,2133,2186,2149,2138,2196,2189,2177,2208,2207,2149,2174,2171,2173,2179,2166,2150,2191,2173,2179,2145,2151,2168,2193,2171,2224,2212,2220,2241,2156
292.978,2238.5,2252,2232,2267,2241,2251,2225,2261,2250,2242,2220,2214,2239,2264,2249,2255,2243,2206,2203,2223,2238,2206,2299,2208,2222,2221,2216,2240,2266,2238,2265
293.296,2361.5,2334,2325,2340,2368,2368,2380,2398,2346,2362,2353,2340,2375,2366,2366,2325,2356,2356,2409,2363,2322,2346,2363,2378,2404,2379,2373,2363,2328,2379,2379
293.613,2047.3,2050,2046,2074,2028,2056,2011,2049,2036,2044,2050,2050,2056,2055,2074,2039,2049,2035,2037,2043,2068,2046,2036,2063,2050,2075,2021,2033,2027,2079,2040
293.931,2194.2,2197,2219,2233,2181,2185,2241,2174,2182,2171,2202,2207,2244,2170,2187,2174,2209,2169,2183,2210,2225,2171,2170,2236,2213,2205,2155,2159,2209,2171,2173
294.249,2503.7,2516,2471,2488,2463,2508,2508,2497,2533,2564,2484,2485,2489,2545,2526,2503,2495,2513,2478,2502,2499,2522,2510,2456,2528,2524,2507,2468,2524,2506,2498
294.567,2228.7,2253,2191,2265,2238,2241,2228,2262,2179,2217,2252,2235,2167,2210,2244,2237,2237,2206,2244,2259,2211,2242,2240,2229,2229,2242,2217,2219,2213,2237,2218
294.885,2391.3,2390,2419,2414,2412,2421,2360,2389,2386,2344,2390,2382,2375,2393,2395,2430,2441,2392,2425,2353,2383,2355,2405,2377,2412,2371,2389,2352,2373,2404,2408
295.203,2268.1,2315,2244,2257,2267,2266,2269,2266,2269,2251,2276,2275,2268,2296,2285,2300,2283,2258,2252,2279,2234,2282,2260,2254,2238,2290,2252,2228,2282,2255,2291
295.522,2430.7,2422,2419,2425,2468,2467,2432,2426,2440,2443,2433,2433,2412,2425,2422,2440,2432,2448,2418,2407,2415,2401,2457,2437,2421,2431,2426,2456,2417,2438,2410
295.840,2242.1,2259,2246,2226,2231,2190,2226,2278,2210,2241,2212,2222,2264,2234,2265,2233,2239,2225,2237,2254,2269,2258,2233,2229,2297,2244,2246,2249,2267,2223,2256
296.158,2570.1,2594,2553,2586,2530,2515,2576,2572,2562,2594,2585,2571,2526,2618,2578,2588,2568,2564,2554,2557,2663,2550,2580,2554,2579,2598,2569,2552,2543,2548,2576
296.476,2560.0,2559,2537,2606,2557,2556,2544,2548,2536,2541,2552,2574,2589,2581,2609,2560,2590,2539,2541,2574,2545,2557,2594,2515,2553,2564,2568,2550,2549,2560,2552
296.795,2378.3,2381,2355,2366,2400,2383,2371,2375,2378,2352,2405,2377,2370,2333,2378,2383,2371,2408,2407,2369,2347,2435,2365,2405,2352,2386,2372,2378,2352,2376,2418
297.113,2129.3,2098,2131,2133,2106,2133,2145,2108,2114,2140,2163,2116,2108,2140,2114,2147,2106,2136,2126,2102,2136,2120,2182,2137,2151,2111,2093,2136,2152,2147,2148
297.431,2183.1,2223,2153,2190,2178,2208,2177,2179,2202,2220,2179,2181,2215,2152,2165,2184,2179,2193,2165,2186,2170,2172,2184,2175,2177,2166,2184,2157,2160,2204,2214
297.750,2345.8,2321,2360,2333,2333,2348,2325,2336,2376,2358,2318,2348,2365,2399,2313,2338,2318,2307,2349,2310,2373,2402,2391,2339,2281,2343,2390,2340,2344,2410,2307
298.068,2168.1,2169,2100,2182,2158,2172,2195,2137,2202,2149,2154,2182,2141,2176,2195,2170,2151,2179,2200,2132,2171,2181,2184,2169,2153,2155,2143,2170,2193,2169,2210
298.387,2228.8,2213,2211,2224,2290,2229,2208,2213,2191,2245,2207,2236,2225,2188,2228,2283,2200,2271,2228,2248,2232,2228,2188,2268,2249,2208,2233,2232,2255,2215,2217
298.705,2808.3,2811,2790,2781,2808,2833,2828,2851,2796,2803,2801,2796,2816,2840,2784,2793,2822,2848,2817,2796,2817,2805,2760,2809,2814,2825,2798,2815,2811,2799,2783
299.024,2146.9,2161,2148,2183,2149,2152,2182,2145,2154,2166,2144,2147,2157,2098,2164,2152,2147,2162,2145,2098,2181,2154,2127,2143,2088,2168,2157,2152,2078,2159,2147
299.342,2262.3,2297,2236,2286,2213,2266,2247,2257,2264,2284,2284,2267,2254,2256,2258,2264,2220,2250,2235,2271,2255,2325,2265,2242,2271,2267,2294,2252,2234,2267,2288
299.661,2117.5,2123,2145,2110,2100,2134,2113,2104,2122,2115,2137,2114,2133,2108,2106,2116,2097,2154,2126,2083,2117,2140,2120,2102,2147,2100,2149,2134,2084,2072,2121
299.980,2181.6,2151,2190,2192,2197,2152,2180,2206,2203,2166,2147,2173,2166,2188,2204,2171,2141,2211,2139,2179,2172,2214,2154,2175,2215,2196,2205,2198,2200,2162,2200
300.298,2309.5,2285,2275,2283,2310,2306,2284,2325,2313,2334,2286,2332,2339,2268,2329,2376,2304,2316,2299,2332,2289,2344,2305,2288,2341,2322,2302,2312,2313,2274,2298
300.617,2202.1,2240,2179,2192,2172,2210,2200,2212,2201,2208,2184,2228,2232,2214,2184,2229,2203,2171,2211,2237,2198,2212,2210,2205,2179,2195,2201,2197,2206,2186,2168
300.936,2125.1,2150,2133,2135,2054,2141,2115,2128,2138,2136,2098,2152,2173,2149,2122,2103,2114,2115,2093,2095,2173,2133,2136,2120,2120,2131,2133,2101,2132,2099,2131
301.255,2419.0,2422,2385,2409,2395,2405,2432,2434,2430,2424,2394,2404,2434,2415,2433,2457,2372,2438,2410,2461,2443,2418,2447,2401,2428,2373,2440,2437,2397,2454,2379
301.574,2434.0,2452,2435,2421,2400,2427,2431,2428,2427,2472,2444,2400,2465,2442,2447,2450,2442,2414,2466,2419,2398,2453,2413,2466,2417,2434,2445,2440,2416,2390,2467
301.892,2172.6,2168,2169,2188,2164,2112,2167,2166,2181,2217,2168,2128,2154,2191,2170,2203,2151,2192,2169,2178,2203,2175,2166,2174,2204,2142,2163,2160,2206,2171,2178
302.211,2210.4,2203,2236,2223,2233,2196,2189,2223,2150,2277,2182,2205,2212,2211,2222,2225,2224,2223,2237,2186,2258,2190,2205,2201,2226,2176,2198,2207,2170,2223,2200
302.530,2537.8,2529,2565,2546,2539,2526,2483,2536,2544,2539,2541,2521,2581,2552,2537,2562,2490,2535,2563,2541,2531,2557,2572,2552,2562,2490,2526,2520,2527,2516,2551
302.849,2447.5,2426,2454,2499,2438,2453,2456,2444,2455,2418,2422,2458,2466,2456,2433,2446,2427,2443,2452,2447,2498,2453,2429,2444,2445,2426,2430,2442,2477,2467,2420
303.169,2363.3,2344,2355,2367,2346,2333,2386,2382,2372,2345,2354,2367,2363,2383,2378,2342,2364,2392,2407,2355,2340,2393,2369,2367,2385,2323,2381,2359,2334,2384,2329
303.488,2353.9,2370,2350,2373,2378,2342,2392,2316,2392,2340,2365,2313,2352,2328,2363,2333,2348,2330,2400,2365,2351,2382,2331,2345,2348,2318,2381,2354,2340,2349,2368
303.807,2150.2,2150,2149,2163,2106,2186,2168,2163,2154,2179,2167,2102,2145,2135,2172,2148,2133,2168,2152,2124,2153,2170,2147,2147,2168,2122,2152,2159,2147,2108,2169
304.126,2213.8,2166,2248,2210,2214,2211,2196,2221,2227,2252,2198,2210,2223,2237,2228,2211,2240,2219,2231,2209,2205,2204,2220,2233,2246,2191,2204,2204,2181,2209,2166
304.445,2437.7,2429,2411,2432,2441,2447,2420,2437,2447,2445,2473,2449,2431,2444,2406,2441,2479,2419,2435,2447,2424,2475,2413,2456,2437,2408,2458,2421,2435,2448,2424
304.765,2454.9,2440,2440,2433,2449,2450,2497,2453,2472,2461,2435,2501,2450,2446,2479,2441,2446,2484,2423,2468,2443,2443,2392,2467,2441,2418,2430,2487,2481,2447,2530
305.084,2388.7,2404,2396,2410,2380,2375,2409,2376,2430,2399,2374,2416,2377,2385,2366,2351,2397,2424,2376,2401,2428,2390,2349,2390,2372,2350,2384,2387,2393,2409,2364
305.403,2190.3,2170,2250,2154,2200,2178,2159,2208,2192,2169,2173,2195,2168,2212,2206,2214,2195,2188,2198,2182,2195,2194,2185,2196,2187,2237,2162,2200,2178,2187,2177
305.723,2253.6,2251,2260,2222,2255,2250,2305,2270,2265,2318,2263,2230,2258,2237,2229,2233,2274,2289,2252,2269,2216,2271,2232,2238,2253,2225,2232,2249,2257,2269,2237
306.042,2328.2,2317,2308,2326,2334,2293,2359,2338,2327,2329,2332,2332,2323,2290,2347,2361,2329,2329,2326,2332,2318,2332,2309,2346,2345,2355,2301,2324,2312,2307,2364
306.361,2346.1,2348,2364,2343,2314,2351,2339,2333,2349,2328,2320,2324,2380,2336,2338,2357,2357,2364,2373,2363,2335,2367,2360,2376,2355,2356,2336,2335,2336,2337,2308
306.681,2193.6,2177,2171,2216,2205,2208,2203,2181,2156,2191,2201,2213,2186,2205,2179,2147,2190,2208,2228,2209,2203,2220,2178,2247,2171,2171,2147,2192,2200,2216,2188
307.001,2250.3,2253,2290,2268,2242,2257,2256,2252,2198,2259,2202,2270,2233,2230,2264,2295,2223,2253,2243,2222,2236,2259,2250,2257,2262,2244,2240,2269,2285,2223,2274
307.320,2388.6,2378,2393,2420,2369,2369,2371,2425,2364,2404,2371,2392,2409,2440,2390,2375,2415,2373,2390,2392,2331,2327,2406,2353,2421,2384,2401,2402,2383,2412,2398
307.640,2364.3,2380,2344,2378,2356,2351,2357,2359,2370,2331,2380,2337,2385,2357,2366,2404,2438,2379,2344,2357,2372,2348,2321,2407,2330,2344,2351,2325,2399,2370,2389
307.959,2432.6,2425,2446,2473,2466,2410,2417,2455,2430,2463,2382,2460,2424,2427,2434,2424,2438,2446,2417,2401,2436,2414,2416,2451,2398,2449,2422,2443,2433,2437,2440
308.279,2231.9,2243,2243,2240,2214,2246,2238,2243,2217,2262,2232,2238,2221,2231,2211,2213,2225,2212,2233,2262,2211,2229,2221,2219,2239,2280,2216,2220,2210,2236,2253
308.599,2424.5,2405,2376,2421,2440,2424,2373,2472,2417,2423,2385,2428,2421,2456,2460,2451,2422,2450,2440,2442,2439,2402,2423,2437,2440,2433,2391,2426,2402,2425,2412
308.919,2253.6,2246,2266,2257,2233,2209,2269,2282,2216,2253,2252,2261,2255,2221,2257,2286,2283,2258,2261,2269,2234,2217,2236,2260,2262,2237,2233,2272,2304,2256,2264
309.238,2382.8,2396,2377,2392,2374,2382,2386,2401,2332,2410,2367,2333,2426,2352,2368,2364,2399,2373,2389,2397,2373,2383,2395,2401,2388,2389,2360,2388,2412,2390,2387
309.558,2329.4,2340,2360,2359,2350,2370,2342,2302,2311,2344,2296,2341,2274,2341,2328,2301,2329,2325,2335,2339,2304,2313,2330,2321,2318,2346,2347,2341,2307,2340,2328
309.878,2236.1,2196,2250,2216,2229,2221,2243,2245,2231,2230,2256,2207,2248,2258,2234,2214,2236,2249,2246,2233,2212,2258,2254,2213,2284,2234,2228,2255,2255,2226,2222
310.198,2771.6,2765,2790,2797,2755,2804,2773,2754,2772,2788,2732,2806,2778,2703,2799,2759,2803,2723,2777,2725,2804,2769,2794,2778,2763,2776,2766,2802,2808,2729,2756
310.518,2411.0,2406,2415,2395,2416,2424,2434,2399,2366,2386,2381,2410,2456,2385,2418,2400,2422,2436,2452,2435,2417,2402,2402,2418,2408,2422,2419,2376,2414,2399,2416
310.838,2507.1,2478,2493,2510,2551,2478,2495,2566,2527,2495,2467,2543,2492,2548,2491,2477,2528,2496,2468,2492,2526,2492,2523,2525,2522,2485,2512,2471,2515,2530,2516
311.158,2497.9,2476,2496,2486,2476,2544,2520,2529,2447,2470,2519,2497,2542,2504,2494,2516,2487,2533,2458,2469,2475,2467,2494,2468,2503,2478,2509,2482,2543,2552,2502
311.478,2218.8,2224,2228,2179,2236,2212,2223,2217,2202,2236,2232,2247,2235,2207,2186,2196,2244,2233,2227,2212,2189,2177,2240,2238,2224,2230,2216,2209,2255,2207,2204
311.799,2206.3,2182,2206,2216,2208,2202,2212,2238,2160,2192,2177,2213,2204,2221,2178,2162,2206,2196,2210,2204,2223,2192,2234,2235,2236,2203,2198,2220,2208,2221,2232
312.119,2313.8,2315,2291,2279,2301,2350,2320,2327,2322,2328,2277,2361,2278,2316,2313,2322,2318,2305,2284,2296,2331,2350,2333,2285,2307,2314,2308,2315,2315,2350,2304
312.439,2519.7,2525,2509,2522,2536,2455,2485,2493,2492,2517,2529,2510,2529,2494,2513,2526,2522,2568,2494,2561,2536,2532,2528,2534,2544,2494,2508,2532,2544,2540,2520
312.759,2341.9,2347,2360,2325,2380,2307,2313,2322,2348,2336,2329,2333,2370,2349,2329,2385,2342,2347,2353,2387,2348,2357,2324,2310,2345,2306,2339,2330,2332,2380,2324
313.079,2454.8,2486,2474,2400,2444,2466,2456,2419,2446,2402,2431,2442,2472,2440,2505,2481,2471,2469,2443,2433,2445,2409,2470,2483,2480,2478,2470,2463,2468,2454,2444
313.400,2185.8,2203,2168,2153,2201,2188,2178,2177,2177,2152,2229,2154,2196,2218,2178,2188,2177,2176,2170,2176,2205,2187,2180,2234,2208,2190,2172,2178,2194,2164,2202
313.720,2105.4,2077,2111,2093,2117,2124,2083,2120,2090,2151,2076,2094,2086,2108,2073,2113,2090,2088,2112,2114,2106,2090,2111,2116,2160,2098,2139,2105,2098,2107,2111
314.041,2149.5,2116,2132,2158,2131,2153,2136,2126,2173,2088,2120,2176,2177,2154,2136,2199,2148,2139,2182,2200,2132,2123,2142,2184,2136,2168,2163,2138,2129,2140,2185
314.361,2216.5,2201,2225,2191,2182,2223,2204,2171,2247,2191,2205,2210,2252,2225,2196,2258,2210,2230,2213,2242,2241,2235,2244,2207,2253,2209,2200,2207,2195,2189,2238
314.682,2173.6,2145,2138,2158,2185,2141,2180,2189,2155,2192,2171,2173,2229,2173,2157,2173,2184,2165,2173,2195,2188,2184,2173,2174,2183,2193,2128,2163,2188,2179,2178
315.002,2281.0,2268,2287,2292,2256,2306,2278,2284,2285,2276,2282,2278,2266,2291,2280,2270,2275,2285,2315,2298,2274,2257,2292,2282,2315,2262,2288,2277,2281,2255,2274
315.323,2189.7,2163,2199,2208,2178,2190,2189,2156,2194,2162,2237,2234,2213,2203,2193,2191,2164,2178,2202,2223,2181,2172,2179,2179,2168,2138,2201,2185,2200,2215,2195
315.643,2525.6,2504,2526,2543,2514,2531,2512,2501,2517,2568,2510,2545,2505,2535,2537,2512,2522,2524,2525,2528,2502,2568,2557,2550,2526,2548,2565,2478,2498,2513,2503
315.964,2389.7,2393,2384,2392,2411,2373,2373,2420,2344,2378,2392,2388,2404,2387,2373,2417,2373,2399,2416,2402,2366,2381,2361,2411,2407,2393,2392,2408,2381,2383,2388
316.285,1965.7,1956,1955,1962,1983,1964,1985,1938,1987,1994,1971,1969,1955,1937,1976,1983,1948,1969,1985,1982,1958,1993,1956,1936,1971,1940,1978,1962,1962,1937,1980
316.605,2247.5,2257,2257,2266,2222,2240,2267,2198,2254,2237,2252,2271,2230,2277,2277,2205,2282,2232,2250,2261,2265,2237,2244,2250,2266,2250,2251,2217,2213,2244,2253
316.926,2358.6,2323,2354,2396,2386,2386,2407,2366,2337,2366,2336,2384,2357,2337,2365,2351,2372,2394,2349,2321,2348,2372,2373,2328,2375,2339,2335,2353,2355,2343,2351
317.247,2568.3,2541,2556,2559,2556,2588,2616,2531,2579,2578,2571,2544,2582,2578,2561,2584,2591,2586,2544,2580,2538,2565,2545,2574,2516,2539,2619,2565,2608,2575,2581
317.568,2449.1,2461,2423,2501,2424,2472,2439,2471,2421,2446,2435,2494,2449,2431,2465,2426,2463,2456,2444,2451,2466,2423,2427,2427,2440,2456,2452,2442,2459,2452,2458
317.889,2491.9,2511,2431,2479,2513,2522,2488,2471,2494,2529,2469,2484,2492,2466,2477,2499,2465,2509,2502,2502,2467,2459,2474,2476,2524,2532,2475,2508,2492,2521,2527
318.210,2004.1,2022,1924,2008,2018,2014,1995,2003,2039,2010,1995,2002,2020,2040,2017,2004,2008,2017,1966,2041,1974,2012,2006,2014,2002,1980,2015,1999,1984,1977,2017
318.530,2386.8,2366,2426,2368,2373,2384,2394,2401,2400,2390,2376,2420,2318,2394,2361,2390,2419,2389,2395,2396,2434,2368,2370,2407,2397,2390,2322,2392,2412,2369,2382
318.851,2251.3,2258,2232,2270,2224,2236,2283,2223,2244,2232,2254,2226,2243,2229,2249,2233,2250,2227,2259,2284,2224,2285,2245,2256,2279,2286,2251,2308,2252,2201,2297
319.173,2351.5,2328,2344,2358,2338,2347,2388,2358,2357,2354,2330,2374,2357,2399,2346,2319,2333,2361,2403,2313,2331,2353,2371,2339,2340,2338,2376,2351,2364,2331,2344
319.494,2222.5,2254,2221,2205,2206,2250,2216,2192,2197,2218,2246,2239,2273,2157,2233,2209,2254,2222,2207,2249,2232,2233,2239,2220,2191,2192,2226,2233,2214,2236,2211
319.815,2212.9,2215,2231,2246,2197,2235,2238,2213,2186,2173,2193,2223,2191,2207,2225,2224,2213,2230,2215,2199,2200,2209,2224,2206,2200,2253,2195,2204,2216,2210,2216
320.136,2515.5,2498,2494,2542,2501,2524,2518,2506,2513,2516,2524,2563,2510,2504,2495,2460,2523,2524,2540,2535,2484,2522,2537,2538,2519,2522,2535,2483,2543,2478,2515
320.457,2344.2,2316,2396,2344,2322,2363,2334,2333,2370,2362,2328,2357,2368,2291,2359,2313,2357,2339,2329,2369,2364,2329,2316,2340,2340,2335,2354,2373,2315,2328,2383
320.778,2398.7,2401,2386,2381,2344,2399,2414,2417,2408,2422,2399,2425,2416,2384,2412,2375,2411,2408,2406,2353,2351,2419,2399,2385,2396,2393,2414,2375,2404,2443,2421
321.100,2562.3,2540,2536,2524,2593,2557,2557,2586,2604,2568,2547,2555,2566,2560,2556,2572,2576,2529,2520,2562,2537,2568,2574,2560,2612,2602,2580,2565,2571,2555,2538
321.421,1999.4,2038,1968,2010,1947,2013,2002,1961,2011,2012,1976,2013,2029,1990,2011,1989,2010,1990,1983,2000,1997,2004,1988,1966,2030,2011,2005,2014,2005,1994,2014
321.742,2232.3,2216,2221,2239,2245,2254,2188,2220,2270,2209,2234,2242,2260,2202,2200,2206,2253,2244,2246,2243,2232,2282,2234,2250,2237,2200,2214,2233,2216,2232,2248
322.064,2440.7,2412,2424,2444,2451,2468,2441,2415,2452,2438,2440,2433,2457,2426,2460,2432,2451,2447,2443,2464,2413,2425,2422,2467,2450,2429,2407,2432,2470,2449,2459
322.385,2265.6,2266,2250,2260,2264,2286,2266,2280,2303,2241,2255,2226,2322,2263,2237,2272,2243,2239,2255,2279,2266,2279,2287,2284,2268,2267,2260,2260,2257,2282,2252
322.706,2389.2,2387,2336,2410,2392,2388,2360,2390,2386,2416,2384,2423,2409,2360,2462,2354,2366,2419,2375,2397,2403,2379,2389,2385,2398,2404,2389,2377,2395,2358,2384
323.028,2279.2,2301,2261,2228,2263,2291,2283,2281,2274,2264,2274,2330,2250,2223,2285,2262,2310,2295,2275,2315,2302,2309,2248,2281,2287,2335,2267,2264,2306,2251,2262
323.350,2071.1,2078,2044,2113,2029,2054,2042,2038,2048,2121,2094,2076,2081,2034,2085,2082,2072,2108,2079,2060,2106,2059,2046,2074,2033,2062,2108,2061,2085,2079,2081
323.671,2070.5,2074,2023,2082,2060,2059,2094,2104,2064,2061,2070,2105,2094,2035,2070,2063,2082,2082,2062,2075,2083,2086,2042,2062,2104,2087,2081,2019,2059,2062,2070
323.993,2225.5,2204,2231,2224,2221,2220,2252,2248,2237,2236,2211,2216,2243,2239,2221,2227,2214,2236,2232,2220,2220,2233,2185,2218,2212,2191,2240,2217,2223,2245,2248
324.314,2023.4,2019,1997,2033,2024,2025,2003,2021,2026,2042,2010,1990,2006,2012,2038,2057,2027,2010,2064,2011,2051,2016,2002,2053,2055,2015,2012,2027,2024,2011,2020
324.636,2712.2,2752,2677,2696,2690,2718,2722,2718,2734,2697,2701,2717,2678,2704,2779,2767,2723,2685,2697,2710,2698,2680,2709,2694,2697,2744,2715,2668,2688,2752,2756
324.958,2278.6,2279,2334,2267,2276,2332,2278,2239,2309,2293,2262,2314,2316,2259,2280,2291,2264,2280,2307,2240,2240,2322,2251,2248,2274,2274,2307,2220,2253,2301,2249
325.280,2398.3,2389,2430,2436,2426,2337,2424,2364,2441,2420,2381,2392,2399,2376,2410,2412,2435,2403,2351,2372,2424,2409,2388,2351,2416,2371,2367,2354,2441,2409,2422
325.601,2106.8,2140,2120,2103,2158,2117,2141,2094,2090,2097,2130,2107,2115,2104,2069,2074,2147,2145,2132,2101,2133,2106,2105,2042,2107,2078,2104,2107,2083,2064,2090
325.923,2183.5,2165,2140,2157,2176,2216,2211,2205,2178,2209,2197,2194,2171,2187,2186,2178,2223,2189,2190,2214,2178,2177,2194,2179,2196,2194,2147,2147,2157,2171,2178
326.245,2119.1,2104,2125,2127,2082,2113,2107,2140,2096,2143,2120,2107,2103,2127,2150,2116,2147,2111,2117,2140,2137,2112,2108,2126,2126,2146,2079,2115,2109,2108,2133
326.567,2188.6,2165,2196,2184,2180,2193,2198,2147,2157,2185,2195,2208,2213,2204,2159,2200,2191,2206,2190,2176,2225,2204,2200,2184,2173,2193,2228,2147,2156,2211,2189
326.889,2383.2,2370,2390,2389,2352,2400,2350,2389,2408,2395,2363,2390,2373,2396,2347,2441,2350,2404,2397,2395,2368,2399,2405,2398,2345,2386,2413,2373,2352,2382,2376
327.211,2358.5,2341,2331,2374,2371,2344,2376,2361,2354,2393,2346,2336,2387,2399,2339,2367,2368,2362,2345,2361,2349,2343,2371,2386,2376,2362,2364,2340,2310,2347,2353
327.533,2329.7,2315,2331,2348,2299,2292,2320,2301,2347,2323,2313,2347,2275,2376,2354,2347,2356,2350,2366,2344,2315,2314,2306,2366,2330,2310,2288,2349,2327,2326,2357
327.855,2317.3,2323,2324,2318,2290,2293,2315,2337,2302,2346,2300,2314,2290,2315,2330,2320,2310,2305,2346,2348,2345,2280,2312,2328,2292,2351,2308,2323,2314,2318,2322
328.177,2063.6,2060,2067,2083,2081,2021,2084,2061,2021,2081,2086,2062,2056,2070,2005,2056,2077,2073,2099,2051,2046,2098,2057,2070,2015,2065,2078,2038,2079,2077,2091
328.499,2289.8,2284,2300,2267,2279,2289,2276,2271,2308,2301,2304,2306,2266,2314,2275,2264,2332,2320,2298,2294,2356,2297,2288,2280,2246,2315,2275,2293,2264,2274,2257
328.822,3149.2,3177,3180,3107,3187,3153,3188,3152,3175,3165,3167,3153,3139,3151,3123,3165,3148,3155,3196,3109,3168,3115,3154,3170,3136,3112,3122,3133,3114,3153,3109
329.144,2292.5,2292,2294,2250,2297,2310,2282,2298,2303,2286,2282,2316,2307,2327,2257,2331,2274,2304,2252,2272,2276,2317,2302,2285,2320,2289,2301,2261,2279,2291,2319
329.466,2271.2,2260,2261,2310,2273,2218,2254,2278,2250,2277,2278,2237,2276,2272,2314,2281,2256,2256,2279,2250,2288,2271,2264,2291,2300,2301,2282,2249,2260,2297,2253
329.788,2205.7,2182,2197,2238,2215,2237,2227,2214,2228,2152,2183,2219,2211,2171,2241,2194,2184,2240,2223,2196,2200,2203,2225,2179,2187,2167,2222,2191,2198,2219,2227
330.111,2503.0,2500,2520,2509,2444,2456,2524,2535,2513,2518,2486,2526,2508,2517,2494,2506,2491,2505,2508,2464,2521,2498,2522,2493,2533,2494,2480,2532,2489,2503,2501
330.433,2525.6,2519,2508,2497,2506,2533,2473,2527,2548,2530,2552,2547,2484,2555,2558,2526,2522,2541,2515,2532,2558,2530,2517,2523,2539,2523,2555,2484,2548,2498,2520
330.756,2124.0,2126,2131,2120,2145,2117,2131,2144,2148,2138,2108,2156,2150,2121,2125,2104,2139,2142,2114,2100,2121,2107,2107,2106,2108,2137,2136,2058,2146,2119,2116
331.078,2042.6,2088,2079,2060,2058,2052,2043,2012,2042,2039,2078,2035,2024,2063,2061,2028,2022,2038,2019,2052,2051,2048,2046,2060,1989,2040,2067,2018,2032,2025,2010
331.401,2394.5,2408,2374,2375,2420,2387,2386,2364,2428,2379,2365,2368,2398,2408,2444,2402,2383,2390,2421,2406,2420,2363,2417,2412,2396,2384,2390,2365,2352,2426,2405
331.723,2218.1,2225,2212,2227,2222,2254,2181,2214,2281,2195,2212,2232,2208,2247,2212,2213,2211,2224,2184,2207,2230,2193,2237,2220,2177,2205,2225,2230,2228,2228,2208
332.046,2059.2,2057,2054,2072,2025,2091,2088,2074,2063,2047,2092,2081,2065,2074,2084,2060,2033,2040,2045,2038,2036,2058,2065,2051,2093,2064,2024,2063,2065,2026,2049
332.368,2474.1,2483,2495,2512,2502,2486,2457,2464,2467,2479,2449,2484,2457,2448,2498,2454,2493,2465,2484,2489,2494,2493,2481,2423,2430,2460,2479,2469,2490,2454,2485
332.691,2205.0,2215,2173,2216,2197,2234,2196,2216,2213,2205,2185,2222,2209,2206,2192,2178,2166,2222,2205,2215,2194,2205,2201,2247,2209,2169,2211,2224,2222,2204,2199
333.014,2521.0,2501,2543,2543,2524,2525,2539,2578,2510,2519,2468,2553,2502,2504,2533,2559,2500,2493,2520,2509,2510,2536,2562,2511,2493,2504,2501,2516,2490,2538,2545
333.336,2365.3,2401,2390,2405,2386,2376,2349,2364,2386,2369,2321,2372,2364,2360,2401,2387,2361,2369,2346,2355,2358,2331,2323,2386,2372,2376,2352,2333,2347,2338,2380
333.659,2585.5,2581,2578,2596,2545,2612,2611,2592,2569,2553,2569,2603,2645,2585,2603,2600,2559,2541,2593,2616,2572,2585,2586,2568,2587,2596,2592,2577,2597,2582,2572
333.982,2425.3,2422,2447,2447,2409,2466,2376,2458,2401,2424,2425,2425,2410,2425,2414,2428,2428,2414,2454,2412,2447,2426,2433,2395,2471,2439,2434,2415,2371,2445,2399
334.305,2564.6,2557,2585,2556,2552,2590,2556,2572,2566,2556,2568,2552,2586,2555,2540,2552,2516,2517,2579,2586,2559,2618,2568,2555,2575,2565,2537,2576,2584,2566,2593
334.628,2055.7,2066,2063,2032,2045,2043,2027,2067,2032,2040,2061,2054,2051,2084,2047,2091,2075,2067,2040,2035,2080,2081,2058,2056,2027,2047,2051,2064,2047,2095,2046
334.951,2298.6,2298,2310,2293,2291,2321,2328,2322,2281,2309,2291,2267,2302,2305,2245,2316,2280,2277,2301,2292,2283,2313,2325,2331,2322,2312,2273,2320,2251,2290,2310
335.274,2087.0,2082,2077,2097,2114,2060,2017,2084,2075,2067,2127,2105,2050,2064,2108,2108,2099,2125,2082,2074,2089,2114,2112,2093,2111,2102,2097,2064,2077,2063,2074
335.597,2357.4,2345,2376,2369,2324,2375,2349,2382,2349,2375,2355,2370,2367,2360,2376,2362,2339,2358,2354,2334,2319,2371,2357,2388,2383,2364,2358,2332,2340,2337,2353
335.920,2406.4,2376,2376,2358,2386,2448,2405,2388,2419,2433,2387,2432,2398,2400,2376,2442,2432,2431,2412,2393,2438,2400,2389,2408,2403,2404,2433,2417,2377,2412,2419
336.243,2430.3,2463,2430,2428,2392,2430,2433,2450,2417,2409,2414,2452,2463,2484,2405,2453,2419,2406,2443,2403,2421,2442,2416,2433,2386,2427,2482,2411,2434,2422,2441
336.566,2264.1,2252,2232,2269,2232,2261,2260,2259,2259,2301,2285,2248,2243,2271,2282,2269,2303,2236,2271,2266,2237,2282,2241,2263,2291,2297,2248,2258,2290,2246,2270
336.889,2204.2,2193,2188,2191,2180,2231,2217,2194,2212,2184,2214,2196,2187,2179,2166,2208,2188,2213,2214,2216,2209,2211,2190,2201,2217,2266,2192,2217,2217,2231,2204
337.212,2063.1,2089,2072,2015,2091,2079,2035,2054,2010,2044,2080,2054,2047,2055,2050,2061,2053,2062,2053,2079,2098,2079,2085,2080,2082,2053,2078,2098,2056,2059,2041
337.535,2095.9,2068,2116,2095,2106,2103,2076,2118,2108,2082,2113,2072,2075,2130,2109,2085,2051,2104,2120,2040,2080,2089,2147,2082,2085,2095,2089,2125,2085,2107,2121
337.859,2187.8,2177,2169,2177,2193,2147,2156,2192,2195,2146,2218,2174,2182,2183,2221,2195,2197,2195,2164,2155,2209,2177,2163,2188,2200,2202,2166,2218,2244,2223,2208
338.182,2188.6,2163,2169,2188,2203,2210,2200,2202,2177,2205,2197,2148,2201,2168,2208,2240,2174,2190,2152,2152,2182,2191,2187,2194,2222,2207,2196,2174,2196,2164,2197
338.505,2737.9,2760,2735,2751,2729,2760,2695,2717,2690,2709,2706,2725,2763,2781,2735,2785,2703,2721,2732,2721,2757,2788,2708,2768,2743,2761,2696,2739,2756,2746,2756
338.829,2370.3,2324,2383,2392,2360,2381,2360,2326,2369,2363,2387,2383,2385,2356,2341,2363,2369,2387,2358,2372,2406,2349,2389,2373,2361,2400,2358,2403,2367,2373,2371
339.152,2276.8,2257,2293,2304,2289,2294,2241,2283,2300,2299,2269,2293,2262,2296,2292,2245,2233,2272,2310,2269,2261,2276,2283,2245,2280,2300,2265,2235,2299,2305,2255
339.476,2224.1,2213,2259,2194,2251,2211,2211,2256,2221,2209,2215,2204,2232,2246,2227,2184,2201,2213,2207,2216,2257,2222,2234,2228,2235,2232,2220,2236,2244,2236,2210
339.799,2445.0,2427,2449,2411,2449,2472,2455,2461,2474,2421,2457,2438,2410,2460,2457,2433,2470,2466,2448,2440,2451,2467,2437,2482,2418,2437,2435,2428,2410,2464,2424
340.123,2160.0,2169,2170,2118,2168,2171,2152,2162,2149,2171,2168,2182,2179,2174,2121,2111,2147,2153,2178,2193,2170,2169,2161,2106,2145,2180,2177,2157,2154,2189,2156
340.446,2375.4,2385,2384,2370,2363,2378,2373,2410,2369,2363,2416,2380,2368,2353,2381,2370,2344,2403,2403,2353,2338,2373,2401,2393,2371,2395,2355,2403,2333,2374,2360
340.770,2121.6,2147,2126,2122,2084,2113,2140,2133,2119,2116,2117,2116,2140,2106,2143,2115,2103,2106,2135,2108,2144,2116,2096,2117,2118,2145,2149,2116,2141,2107,2111
341.093,2329.4,2348,2305,2370,2302,2311,2351,2319,2318,2353,2341,2296,2354,2332,2335,2315,2340,2352,2317,2362,2373,2336,2299,2297,2359,2265,2310,2306,2351,2344,2321
341.417,2231.0,2181,2251,2244,2241,2248,2227,2197,2248,2258,2206,2230,2209,2255,2248,2204,2253,2237,2265,2222,2219,2214,2240,2237,2221,2217,2213,2203,2238,2228,2276
341.741,2360.3,2381,2332,2362,2410,2394,2347,2359,2403,2379,2327,2326,2355,2368,2344,2368,2353,2363,2352,2334,2347,2357,2363,2348,2379,2312,2365,2371,2378,2377,2355
342.065,2216.2,2216,2241,2213,2221,2224,2245,2233,2248,2207,2233,2203,2218,2206,2226,2197,2148,2224,2221,2190,2191,2246,2207,2223,2205,2204,2224,2235,2203,2211,2223
342.388,2241.3,2270,2249,2243,2261,2218,2229,2230,2265,2270,2268,2217,2259,2240,2213,2188,2223,2286,2229,2272,2187,2259,2279,2243,2200,2241,2241,2271,2228,2225,2235
342.712,2490.5,2520,2432,2505,2486,2527,2465,2465,2506,2469,2487,2500,2509,2530,2502,2485,2452,2508,2468,2482,2509,2489,2473,2469,2511,2502,2508,2454,2466,2505,2530
343.036,2125.6,2132,2136,2103,2100,2119,2129,2131,2110,2110,2139,2130,2157,2163,2134,2152,2108,2126,2157,2117,2113,2133,2150,2141,2159,2113,2055,2119,2129,2104,2100
343.360,2625.4,2648,2614,2572,2625,2659,2617,2602,2643,2586,2619,2629,2611,2612,2585,2652,2591,2685,2640,2602,2622,2648,2635,2666,2611,2677,2652,2634,2622,2598,2606
343.684,2241.2,2258,2258,2251,2225,2250,2250,2256,2217,2204,2251,2288,2249,2227,2207,2214,2217,2228,2281,2270,2222,2234,2259,2226,2228,2224,2215,2250,2268,2245,2265
344.008,2165.6,2198,2179,2216,2159,2165,2172,2152,2116,2151,2132,2185,2174,2131,2149,2164,2151,2107,2186,2245,2170,2169,2165,2173,2189,2180,2150,2165,2145,2182,2147
344.332,2335.1,2385,2336,2353,2336,2296,2361,2322,2335,2324,2322,2312,2352,2366,2349,2332,2277,2367,2370,2326,2333,2312,2332,2357,2342,2349,2344,2344,2288,2313,2319
344.656,2045.8,2051,2046,2044,2037,2024,2042,2052,2041,2068,2038,2069,2035,2032,2016,2045,2055,2047,2041,2032,2088,2020,2089,2031,2063,2044,2067,2028,2054,2027,2048
344.980,2247.5,2255,2215,2287,2252,2249,2255,2285,2273,2275,2266,2215,2245,2295,2226,2245,2217,2237,2247,2213,2226,2250,2255,2264,2297,2260,2211,2206,2237,2216,2251
345.304,2620.1,2618,2648,2648,2602,2635,2592,2629,2621,2620,2655,2599,2638,2632,2613,2619,2630,2618,2622,2648,2587,2624,2591,2635,2600,2611,2577,2672,2607,2642,2569
345.628,2447.6,2417,2454,2487,2488,2476,2462,2446,2445,2458,2458,2444,2426,2397,2506,2451,2432,2435,2455,2443,2416,2452,2425,2426,2461,2447,2488,2417,2405,2430,2481
345.953,2389.9,2395,2398,2399,2415,2374,2378,2338,2347,2388,2407,2395,2405,2386,2380,2394,2385,2389,2369,2399,2387,2377,2425,2420,2397,2404,2416,2392,2400,2352,2385
346.277,2482.7,2500,2506,2481,2489,2513,2474,2478,2454,2488,2482,2463,2502,2465,2480,2482,2465,2435,2487,2473,2484,2483,2495,2505,2456,2504,2529,2493,2476,2466,2473
346.601,2409.5,2433,2394,2398,2424,2368,2378,2420,2410,2430,2394,2389,2389,2388,2428,2451,2392,2440,2397,2421,2424,2440,2433,2410,2426,2429,2406,2397,2375,2422,2379
346.925,2357.4,2370,2325,2374,2329,2359,2321,2348,2351,2375,2387,2325,2377,2370,2355,2368,2360,2403,2321,2377,2345,2366,2376,2386,2364,2348,2361,2336,2368,2331,2346
347.250,1923.0,1907,1941,1946,1909,1925,1941,1953,1917,1912,1970,1927,1932,1889,1899,1948,1914,1922,1944,1923,1926,1937,1948,1918,1906,1929,1901,1878,1923,1916,1889
347.574,2269.9,2258,2265,2260,2278,2248,2273,2257,2296,2261,2280,2274,2262,2261,2221,2268,2288,2270,2240,2240,2264,2307,2282,2310,2274,2245,2297,2293,2305,2246,2275
347.899,2265.4,2260,2292,2296,2254,2300,2232,2279,2296,2264,2306,2256,2310,2265,2255,2241,2224,2290,2277,2262,2279,2250,2274,2263,2250,2248,2232,2260,2254,2223,2270
348.223,2322.0,2292,2327,2301,2337,2312,2312,2285,2320,2319,2316,2342,2285,2348,2359,2344,2338,2299,2294,2314,2319,2317,2334,2333,2323,2352,2316,2321,2358,2337,2305
348.548,2477.0,2481,2483,2441,2479,2466,2526,2473,2497,2449,2469,2461,2468,2478,2430,2448,2486,2495,2478,2538,2489,2472,2485,2488,2468,2492,2458,2464,2500,2466,2481
348.872,2232.8,2235,2202,2211,2236,2227,2213,2248,2264,2208,2200,2207,2223,2239,2267,2284,2237,2208,2222,2232,2265,2248,2212,2253,2234,2207,2249,2276,2227,2218,2233
349.197,2283.5,2269,2280,2287,2270,2294,2278,2281,2255,2266,2312,2328,2258,2266,2250,2262,2316,2288,2298,2279,2275,2258,2293,2316,2278,2303,2279,2288,2326,2244,2309
349.521,2947.8,2964,2940,2969,2927,2938,2972,2925,2988,2912,2937,2904,2933,2994,2934,2943,2988,2910,2956,2943,2968,2933,2961,2956,2917,2933,2951,2986,2961,2928,2962
349.846,2248.8,2224,2262,2246,2233,2237,2270,2217,2252,2239,2236,2239,2245,2232,2241,2272,2249,2220,2238,2235,2298,2252,2250,2243,2239,2293,2295,2267,2255,2252,2232
350.171,2466.3,2436,2478,2508,2473,2489,2483,2467,2429,2453,2453,2442,2446,2457,2490,2493,2464,2455,2454,2452,2448,2473,2469,2516,2508,2444,2438,2473,2448,2444,2505
350.495,2203.8,2165,2238,2239,2211,2173,2194,2194,2209,2219,2219,2168,2155,2207,2210,2205,2260,2209,2222,2182,2190,2169,2235,2257,2202,2198,2189,2203,2215,2158,2218
350.820,2369.4,2385,2389,2378,2365,2424,2391,2417,2376,2348,2342,2379,2384,2353,2350,2366,2357,2311,2357,2375,2365,2347,2376,2327,2373,2374,2374,2388,2351,2343,2418
351.145,2170.5,2202,2182,2160,2160,2172,2198,2170,2153,2166,2149,2155,2159,2174,2167,2181,2187,2181,2154,2186,2187,2156,2189,2156,2180,2160,2172,2185,2167,2152,2154
351.470,2176.9,2194,2131,2152,2171,2169,2165,2184,2170,2148,2204,2170,2198,2198,2163,2146,2198,2217,2165,2184,2180,2180,2146,2165,2218,2145,2147,2222,2213,2195,2170
351.795,2405.4,2371,2444,2390,2426,2445,2363,2401,2415,2415,2409,2400,2349,2391,2409,2431,2423,2395,2397,2415,2449,2372,2396,2386,2420,2419,2430,2417,2370,2432,2383
352.120,2241.2,2262,2262,2227,2236,2269,2246,2230,2254,2210,2236,2231,2240,2235,2222,2248,2278,2236,2227,2230,2260,2259,2293,2233,2255,2246,2231,2225,2259,2192,2204
352.445,2536.8,2542,2576,2554,2553,2515,2541,2546,2548,2545,2541,2504,2525,2508,2484,2550,2613,2513,2570,2536,2536,2531,2516,2541,2517,2528,2558,2538,2558,2505,2511
352.770,2334.2,2298,2304,2312,2328,2323,2315,2331,2303,2308,2334,2360,2322,2297,2314,2347,2836,2315,2333,2309,2314,2284,2317,2299,2312,2355,2283,2330,2310,2312,2320
353.095,2257.9,2279,2255,2302,2267,2229,2289,2250,2249,2257,2255,2245,2232,2267,2281,2228,2350,2270,2230,2248,2229,2243,2253,2232,2262,2248,2286,2265,2238,2251,2248
353.420,2397.5,2427,2394,2392,2402,2409,2371,2374,2403,2421,2351,2411,2394,2429,2396,2435,2403,2377,2419,2369,2379,2378,2415,2391,2344,2420,2417,2402,2414,2411,2378
353.745,2551.6,2531,2549,2558,2558,2498,2574,2561,2549,2548,2568,2539,2552,2536,2546,2564,2568,2550,2524,2548,2520,2564,2563,2544,2571,2563,2560,2576,2537,2566,2563
354.070,2269.8,2296,2272,2277,2255,2273,2264,2256,2265,2258,2238,2296,2265,2279,2261,2288,2252,2286,2273,2285,2298,2290,2279,2293,2253,2254,2243,2250,2237,2271,2287
354.395,2153.8,2153,2136,2157,2193,2150,2179,2099,2142,2153,2160,2126,2129,2088,2157,2226,2128,2171,2194,2132,2174,2152,2120,2208,2190,2164,2145,2161,2147,2146,2133
354.720,2159.8,2164,2152,2153,2143,2147,2155,2195,2152,2162,2189,2194,2141,2121,2161,2128,2157,2159,2176,2140,2174,2163,2150,2158,2146,2225,2163,2133,2147,2165,2182
355.046,2088.6,2057,2105,2094,2078,2090,2058,2109,2079,2060,2086,2112,2096,2103,2066,2076,2085,2099,2067,2117,2075,2128,2111,2104,2099,2090,2078,2092,2073,2084,2086
355.371,2340.0,2328,2333,2308,2354,2310,2370,2328,2331,2376,2314,2340,2331,2340,2352,2374,2322,2349,2353,2356,2298,2366,2367,2331,2307,2339,2346,2339,2340,2337,2362
355.696,2056.1,2010,2053,2070,2078,1993,2037,2068,2036,2025,2082,2075,2051,2059,2057,2072,2074,2081,2063,2034,2061,2030,2056,2060,2036,2070,2058,2041,2071,2101,2081
356.022,2121.9,2159,2106,2104,2143,2115,2129,2107,2118,2098,2117,2108,2133,2117,2157,2102,2136,2127,2115,2113,2129,2138,2150,2112,2138,2134,2093,2122,2086,2120,2131
356.347,2449.2,2429,2433,2452,2420,2438,2472,2457,2452,2441,2456,2443,2421,2460,2423,2460,2442,2452,2467,2464,2450,2420,2452,2473,2459,2455,2454,2477,2473,2434,2448
356.673,2285.0,2287,2285,2296,2235,2278,2288,2290,2285,2312,2275,2268,2298,2322,2270,2325,2329,2282,2280,2292,2273,2326,2266,2241,2267,2296,2285,2266,2293,2263,2276
356.998,2192.3,2145,2183,2215,2183,2206,2195,2168,2210,2200,2162,2228,2208,2211,2192,2176,2162,2220,2223,2206,2233,2178,2197,2162,2195,2176,2195,2190,2187,2187,2176
357.324,2443.7,2439,2407,2457,2475,2418,2418,2431,2454,2449,2429,2459,2448,2422,2483,2444,2422,2453,2431,2448,2462,2445,2468,2452,2408,2473,2449,2434,2408,2483,2443
357.649,2494.2,2492,2462,2477,2494,2454,2477,2512,2473,2493,2514,2488,2517,2502,2510,2496,2504,2451,2507,2473,2461,2488,2523,2500,2510,2537,2510,2485,2517,2509,2490
357.975,2424.5,2423,2408,2432,2445,2404,2400,2459,2404,2435,2429,2419,2433,2426,2424,2397,2420,2430,2393,2433,2408,2440,2434,2453,2382,2444,2434,2445,2433,2421,2427
358.300,2097.2,2098,2107,2073,2102,2136,2124,2121,2087,2074,2073,2094,2120,2096,2094,2099,2079,2115,2097,2145,2080,2062,2106,2092,2085,2076,2112,2107,2092,2103,2066
358.626,2688.4,2692,2630,2715,2624,2697,2710,2718,2712,2662,2699,2693,2661,2724,2743,2669,2682,2671,2647,2651,2696,2743,2696,2691,2653,2670,2680,2693,2716,2705,2710
358.952,2310.5,2319,2278,2340,2284,2320,2319,2302,2296,2287,2315,2301,2344,2345,2362,2322,2324,2309,2291,2333,2339,2315,2315,2309,2261,2315,2278,2278,2310,2296,2308
359.277,2284.3,2266,2258,2290,2286,2241,2303,2287,2276,2249,2272,2278,2291,2317,2290,2253,2288,2280,2302,2308,2294,2262,2337,2271,2259,2297,2297,2278,2312,2296,2291
359.603,2158.3,2164,2137,2148,2173,2147,2141,2158,2142,2179,2210,2126,2178,2173,2134,2164,2150,2156,2130,2211,2137,2157,2172,2142,2178,2172,2137,2169,2143,2180,2140
359.929,2279.8,2289,2258,2261,2309,2292,2252,2298,2243,2287,2274,2286,2255,2278,2315,2276,2229,2272,2277,2250,2269,2272,2294,2296,2296,2299,2312,2307,2292,2292,2264
360.255,2366.9,2347,2363,2376,2388,2411,2382,2369,2337,2329,2349,2380,2346,2376,2335,2374,2393,2389,2317,2382,2358,2371,2388,2366,2376,2394,2377,2337,2386,2328,2384
360.581,2757.0,2755,2794,2716,2769,2748,2765,2750,2763,2752,2743,2793,2758,2778,2739,2730,2760,2776,2729,2744,2726,2757,2766,2755,2791,2760,2782,2727,2750,2801,2733
360.907,2309.9,2299,2315,2311,2283,2303,2293,2333,2260,2296,2325,2308,2324,2324,2327,2292,2302,2272,2288,2327,2299,2309,2274,2341,2335,2322,2313,2349,2339,2310,2325
361.233,2202.4,2176,2176,2220,2207,2239,2202,2218,2234,2205,2217,2221,2206,2184,2207,2208,2161,2182,2202,2194,2184,2198,2232,2200,2189,2191,2223,2194,2210,2190,2202
361.559,2007.3,1980,2010,2008,1998,2029,1972,2053,2004,2033,2030,2003,2012,2050,2019,2035,1988,2024,1976,1994,2005,2005,1997,1961,1974,1988,2008,2065,2006,2010,1983
361.885,2270.2,2275,2260,2319,2302,2220,2332,2258,2243,2251,2259,2290,2289,2219,2289,2318,2266,2286,2244,2266,2289,2235,2276,2256,2261,2257,2281,2236,2272,2289,2268
362.211,2313.3,2313,2307,2349,2292,2283,2302,2308,2332,2328,2283,2345,2318,2301,2304,2331,2328,2312,2355,2329,2292,2283,2303,2333,2328,2312,2284,2317,2329,2308,2290
362.537,2121.5,2138,2129,2117,2117,2135,2138,2129,2144,2099,2109,2120,2120,2098,2120,2127,2107,2121,2110,2149,2104,2120,2127,2129,2095,2123,2121,2141,2120,2128,2110
362.863,2221.9,2232,2245,2242,2188,2214,2222,2246,2231,2249,2238,2217,2243,2227,2222,2231,2208,2216,2198,2214,2230,2220,2272,2185,2221,2200,2187,2221,2249,2248,2140
363.189,2670.6,2681,2650,2710,2646,2683,2670,2651,2701,2669,2659,2678,2679,2687,2715,2699,2680,2670,2673,2632,2617,2678,2709,2649,2637,2683,2645,2679,2660,2676,2652
363.516,2378.7,2392,2359,2369,2389,2397,2403,2364,2393,2406,2404,2403,2378,2384,2370,2377,2335,2378,2350,2365,2370,2377,2362,2397,2408,2408,2317,2340,2393,2408,2364
363.842,2515.0,2523,2530,2484,2529,2513,2497,2529,2506,2546,2525,2508,2514,2481,2536,2497,2511,2520,2504,2468,2548,2555,2527,2507,2525,2511,2517,2513,2536,2507,2482
364.168,2499.0,2491,2487,2504,2517,2470,2483,2463,2501,2540,2485,2516,2530,2488,2479,2521,2510,2523,2483,2509,2501,2493,2502,2500,2499,2496,2463,2513,2518,2496,2489
364.494,2400.1,2420,2403,2415,2399,2392,2417,2392,2422,2397,2376,2420,2389,2351,2362,2443,2394,2401,2393,2397,2375,2408,2386,2368,2412,2404,2374,2408,2416,2450,2420
364.821,2130.3,2133,2157,2099,2094,2141,2115,2141,2145,2138,2161,2120,2123,2175,2150,2109,2111,2119,2105,2136,2155,2147,2138,2131,2128,2133,2091,2108,2126,2171,2109
365.147,2332.8,2331,2341,2323,2312,2342,2335,2379,2342,2289,2311,2323,2343,2352,2305,2335,2328,2308,2302,2351,2366,2348,2353,2353,2352,2316,2353,2330,2306,2313,2342
365.474,2060.8,2040,2095,2082,2070,2077,2106,2057,2063,2061,2049,2098,2057,2044,2076,2077,2024,2046,2047,2072,2085,2094,2041,2018,2040,2048,2028,2051,2040,2069,2068
365.800,2506.9,2506,2469,2484,2498,2485,2536,2538,2484,2516,2514,2496,2527,2509,2494,2483,2456,2479,2501,2478,2528,2547,2554,2523,2519,2500,2508,2518,2513,2532,2511
366.127,2388.8,2342,2444,2412,2390,2327,2401,2446,2433,2373,2386,2395,2392,2405,2358,2378,2389,2389,2383,2378,2392,2361,2365,2389,2365,2399,2394,2394,2409,2424,2351
366.453,2449.3,2481,2484,2429,2453,2478,2482,2493,2433,2464,2467,2433,2466,2419,2396,2442,2483,2472,2427,2442,2416,2408,2440,2477,2440,2460,2426,2405,2469,2443,2452
366.780,2354.7,2353,2380,2337,2353,2347,2328,2390,2341,2366,2375,2375,2353,2350,2336,2371,2340,2357,2360,2393,2335,2355,2358,2328,2325,2336,2370,2359,2349,2379,2341
367.106,2453.7,2420,2472,2440,2448,2433,2488,2440,2456,2475,2459,2458,2472,2456,2445,2466,2446,2433,2458,2438,2460,2450,2408,2465,2484,2477,2451,2472,2450,2425,2467
367.433,2362.5,2340,2310,2368,2366,2329,2356,2352,2368,2341,2344,2360,2392,2384,2355,2397,2362,2377,2362,2392,2386,2387,2339,2370,2385,2388,2373,2363,2341,2362,2327
367.760,2003.7,2051,2018,1997,2005,1998,1991,2009,1954,2043,2063,1999,1996,2032,1964,1999,1974,1986,2016,2015,1992,2002,1991,2000,2032,1993,2030,1980,2010,1994,1977
368.086,2406.6,2403,2382,2392,2379,2392,2429,2451,2411,2429,2423,2370,2380,2368,2454,2386,2402,2434,2410,2392,2379,2431,2436,2404,2385,2415,2430,2424,2412,2405,2389
368.413,2178.3,2173,2208,2131,2162,2156,2201,2179,2171,2172,2143,2165,2190,2196,2208,2224,2171,2176,2188,2203,2157,2146,2174,2155,2212,2198,2197,2141,2186,2202,2164
368.740,2494.2,2536,2501,2499,2509,2506,2490,2485,2509,2506,2477,2515,2493,2487,2466,2514,2489,2509,2482,2465,2512,2491,2489,2485,2479,2475,2504,2490,2478,2521,2464
369.067,2123.3,2104,2097,2132,2098,2119,2117,2114,2137,2134,2130,2126,2113,2136,2120,2119,2094,2128,2123,2102,2113,2107,2151,2147,2143,2152,2130,2117,2137,2134,2124
369.394,2671.3,2667,2702,2667,2652,2657,2662,2675,2716,2649,2679,2655,2685,2626,2627,2675,2678,2684,2688,2677,2647,2694,2631,2671,2669,2684,2655,2670,2704,2685,2707
369.721,2486.0,2504,2484,2456,2472,2469,2476,2498,2502,2503,2517,2488,2491,2452,2459,2500,2498,2545,2501,2473,2491,2489,2462,2494,2479,2477,2517,2455,2521,2463,2443
370.048,6488.0,6483,6375,6452,6435,6523,6504,6551,6486,6493,6499,6532,6469,6513,6537,6421,6546,6530,6440,6502,6451,6451,6487,6545,6502,6518,6466,6505,6426,6493,6504
370.375,2182.5,2217,2190,2194,2160,2200,2202,2173,2183,2187,2173,2194,2205,2173,2196,2175,2167,2168,2159,2166,2170,2214,2202,2195,2141,2182,2188,2160,2205,2190,2146
370.702,2141.7,2130,2152,2124,2126,2146,2155,2120,2167,2156,2169,2175,2168,2149,2122,2120,2156,2150,2123,2159,2111,2130,2128,2141,2133,2145,2170,2113,2113,2137,2163
371.029,2010.0,2009,2017,2069,2054,1981,1994,1993,2020,1968,2006,2028,2012,2010,2029,2003,1998,1989,1996,2017,1984,2007,1999,2044,1992,1995,2017,2026,2005,1984,2054
371.356,2280.6,2288,2271,2319,2289,2270,2290,2248,2220,2257,2259,2264,2258,2287,2252,2267,2298,2300,2276,2298,2325,2310,2293,2237,2313,2255,2318,2282,2298,2275,2302
371.683,2264.8,2237,2276,2245,2274,2248,2246,2286,2224,2259,2267,2309,2247,2268,2243,2276,2259,2265,2274,2279,2265,2280,2245,2302,2263,2267,2257,2278,2261,2259,2284
372.010,2595.7,2612,2584,2606,2580,2566,2592,2641,2583,2581,2596,2598,2568,2600,2604,2589,2612,2644,2618,2599,2580,2590,2598,2576,2585,2610,2587,2574,2601,2598,2598
372.337,2010.2,1996,2002,1989,1974,2037,2038,2003,2046,1971,1996,2028,2024,2008,2006,2018,1998,2020,2005,2015,2016,2037,1993,2026,2013,2009,1981,2008,2030,2009,2010
372.665,2615.0,2621,2651,2625,2632,2619,2591,2637,2584,2614,2573,2625,2606,2632,2602,2630,2616,2630,2616,2607,2624,2594,2624,2588,2623,2626,2608,2645,2665,2560,2583
372.992,2332.2,2313,2366,2303,2335,2317,2312,2374,2351,2351,2321,2341,2357,2321,2334,2344,2364,2327,2321,2304,2326,2323,2343,2303,2332,2317,2313,2316,2343,2347,2346
373.319,2099.1,2085,2074,2133,2067,2108,2106,2092,2121,2109,2083,2100,2135,2061,2053,2099,2113,2097,2098,2104,2079,2112,2078,2102,2138,2112,2121,2112,2104,2082,2096
373.647,2093.8,2102,2102,2082,2071,2077,2112,2089,2126,2116,2139,2090,2097,2115,2057,2090,2080,2105,2100,2096,2096,2072,2077,2088,2085,2139,2086,2065,2085,2069,2105
373.974,2212.5,2218,2215,2190,2194,2246,2205,2215,2228,2243,2224,2221,2209,2223,2212,2184,2203,2200,2205,2232,2221,2201,2228,2203,2249,2204,2230,2173,2223,2187,2189
374.301,2273.8,2270,2271,2262,2272,2267,2251,2257,2314,2280,2252,2281,2262,2257,2275,2235,2308,2258,2315,2298,2267,2283,2265,2296,2242,2296,2280,2284,2281,2296,2240
374.629,2328.0,2331,2308,2340,2341,2336,2314,2352,2336,2334,2330,2338,2352,2340,2341,2296,2318,2312,2325,2323,2328,2328,2334,2367,2314,2326,2344,2331,2312,2311,2278
374.956,2455.5,2436,2473,2393,2481,2454,2441,2468,2463,2442,2413,2449,2492,2443,2441,2509,2484,2427,2466,2473,2478,2476,2437,2464,2432,2461,2467,2440,2492,2440,2429
375.284,2216.0,2216,2205,2212,2209,2235,2249,2238,2198,2206,2223,2157,2222,2225,2246,2211,2232,2198,2217,2221,2197,2232,2239,2248,2168,2220,2214,2225,2244,2210,2162
375.612,2347.8,2359,2396,2363,2322,2362,2362,2323,2346,2342,2360,2361,2351,2346,2354,2353,2325,2323,2343,2349,2371,2345,2366,2332,2358,2377,2329,2326,2299,2360,2332
375.939,2636.5,2635,2678,2648,2627,2623,2591,2627,2660,2571,2617,2659,2617,2599,2625,2696,2659,2672,2584,2604,2635,2642,2648,2655,2600,2638,2648,2626,2648,2694,2669
376.267,2002.8,2005,2029,2006,2025,1986,1990,1988,1988,1979,2015,1994,1992,2005,2033,2007,2013,1976,1981,2025,1982,2025,1983,2010,2046,2010,1983,2008,2003,1995,2001
376.594,1843.4,1828,1837,1861,1874,1822,1841,1859,1808,1820,1855,1832,1839,1864,1837,1824,1819,1839,1855,1823,1843,1864,1875,1862,1854,1852,1830,1857,1834,1861,1834
376.922,2430.4,2428,2435,2386,2461,2447,2428,2448,2446,2440,2413,2458,2415,2446,2426,2417,2424,2416,2390,2468,2415,2425,2408,2445,2364,2467,2398,2478,2432,2474,2414
377.250,2287.2,2332,2296,2333,2280,2303,2260,2332,2280,2271,2288,2252,2256,2298,2276,2285,2251,2278,2280,2287,2294,2297,2317,2257,2267,2263,2289,2272,2333,2310,2279
377.578,2344.3,2339,2350,2337,2328,2330,2305,2321,2344,2333,2377,2355,2310,2360,2325,2354,2397,2365,2328,2367,2312,2333,2365,2361,2373,2358,2334,2350,2333,2348,2336
377.906,2275.7,2276,2306,2255,2271,2297,2287,2253,2277,2289,2294,2273,2232,2268,2296,2253,2304,2251,2266,2300,2277,2226,2270,2280,2246,2246,2296,2327,2297,2287,2271
378.233,2448.6,2441,2430,2467,2456,2464,2452,2465,2428,2462,2471,2440,2436,2441,2462,2420,2463,2463,2453,2454,2438,2484,2420,2405,2467,2438,2476,2481,2414,2449,2417
378.561,2232.7,2253,2228,2217,2203,2256,2200,2269,2221,2222,2220,2269,2240,2234,2233,2256,2234,2221,2264,2200,2271,2184,2222,2255,2258,2260,2245,2248,2189,2180,2228
378.889,2122.4,2099,2120,2140,2116,2208,2091,2141,2152,2122,2114,2120,2151,2096,2126,2116,2104,2127,2112,2130,2115,2117,2106,2116,2095,2111,2117,2134,2135,2115,2125
379.217,2230.9,2228,2208,2218,2262,2209,2193,2224,2232,2198,2240,2262,2276,2223,2212,2249,2269,2220,2246,2244,2235,2166,2224,2238,2235,2219,2250,2241,2236,2252,2218
379.545,2491.3,2483,2521,2480,2511,2486,2490,2492,2485,2496,2502,2453,2492,2483,2507,2520,2498,2482,2477,2489,2469,2472,2493,2484,2510,2483,2495,2491,2479,2497,2519
379.873,2361.2,2350,2324,2383,2360,2364,2326,2339,2362,2355,2371,2344,2377,2411,2360,2367,2361,2337,2378,2348,2323,2377,2391,2364,2356,2378,2376,2373,2376,2324,2381
380.201,2001.8,1995,2012,2021,1996,2010,2014,1968,2003,2021,1997,1968,2008,2027,2041,1992,2008,1990,1983,2009,2017,2010,1978,2018,1999,1990,1966,2040,1983,1984,2005
380.529,2302.6,2312,2310,2265,2305,2298,2284,2336,2328,2329,2354,2331,2298,2308,2259,2296,2296,2334,2280,2287,2345,2276,2290,2336,2296,2235,2293,2322,2280,2312,2283
380.858,2313.9,2300,2352,2334,2310,2303,2312,2290,2302,2287,2331,2320,2307,2327,2324,2307,2363,2331,2302,2323,2342,2261,2300,2308,2289,2316,2293,2297,2334,2313,2338
381.186,2205.1,2206,2184,2194,2207,2178,2203,2207,2203,2194,2218,2202,2197,2229,2212,2191,2197,2192,2210,2200,2228,2198,2213,2198,2255,2191,2193,2225,2201,2217,2211
381.514,2174.9,2173,2163,2201,2168,2193,2192,2169,2200,2196,2182,2185,2149,2197,2144,2159,2165,2184,2192,2151,2197,2153,2174,2200,2212,2140,2148,2171,2185,2156,2148
381.842,2171.1,2175,2230,2184,2151,2154,2168,2188,2132,2148,2179,2186,2154,2157,2147,2134,2184,2169,2174,2172,2162,2177,2195,2202,2170,2179,2160,2201,2158,2165,2178
382.171,2217.9,2214,2170,2227,2225,2206,2259,2216,2254,2236,2230,2231,2203,2230,2194,2255,2202,2211,2226,2218,2207,2210,2198,2221,2239,2211,2224,2207,2220,2206,2186
382.499,2236.9,2212,2212,2250,2224,2246,2243,2240,2266,2249,2265,2233,2275,2221,2266,2232,2237,2226,2217,2256,2230,2208,2206,2252,2261,2232,2222,2190,2245,2265,2225
382.827,2344.9,2375,2290,2334,2377,2361,2354,2332,2335,2345,2351,2338,2335,2346,2373,2333,2354,2322,2291,2404,2301,2357,2310,2334,2368,2374,2377,2349,2352,2332,2344
383.156,2166.8,2161,2172,2175,2192,2159,2166,2155,2163,2149,2161,2162,2196,2172,2184,2168,2163,2138,2136,2169,2192,2110,2192,2185,2188,2148,2225,2175,2152,2176,2121
383.484,2060.9,2062,2082,2025,2060,2049,2076,2073,2059,2057,2073,2063,2045,2053,2039,2082,2072,2060,2053,2035,2062,2036,2069,2066,2044,2090,2084,2034,2051,2088,2086
383.813,2443.0,2480,2412,2423,2429,2442,2462,2468,2464,2471,2457,2410,2448,2453,2435,2433,2394,2417,2430,2470,2465,2417,2426,2445,2443,2432,2491,2464,2413,2458,2438
384.141,3534.7,3541,3557,3462,3536,3536,3528,3578,3493,3485,3539,3537,3540,3528,3564,3590,3541,3529,3531,3544,3524,3498,3503,3521,3588,3537,3544,3513,3550,3516,3587
384.470,2425.8,2442,2418,2420,2436,2412,2425,2447,2389,2429,2443,2388,2473,2408,2367,2383,2420,2416,2447,2408,2460,2445,2456,2427,2448,2393,2456,2422,2394,2452,2451
384.798,2030.6,2014,2045,2025,2034,2049,2049,1999,2015,2029,1996,2005,2067,2025,2063,2047,2051,2042,2038,2011,1990,2058,2070,2022,2034,2016,2041,2030,2032,2014,2008
385.127,2235.4,2234,2226,2209,2227,2251,2233,2228,2288,2214,2221,2268,2265,2217,2212,2270,2249,2239,2234,2258,2198,2177,2239,2215,2265,2230,2230,2239,2250,2237,2239
385.456,2478.3,2457,2437,2516,2485,2495,2488,2490,2445,2456,2446,2475,2457,2495,2462,2489,2504,2499,2475,2490,2478,2480,2545,2460,2506,2450,2512,2466,2489,2434,2469
385.784,2413.1,2392,2390,2399,2416,2383,2383,2432,2367,2420,2398,2429,2385,2426,2442,2468,2406,2407,2416,2400,2430,2397,2403,2418,2418,2413,2409,2463,2400,2447,2437
386.113,2478.6,2419,2460,2475,2501,2484,2485,2494,2429,2465,2437,2457,2467,2504,2456,2455,2514,2490,2496,2478,2543,2452,2456,2481,2453,2532,2482,2508,2500,2476,2509
386.442,2307.1,2309,2340,2309,2308,2266,2289,2298,2318,2323,2276,2322,2295,2343,2327,2324,2331,2331,2321,2283,2314,2248,2278,2320,2312,2336,2295,2314,2283,2303,2296
386.771,2124.6,2083,2152,2143,2122,2151,2114,2124,2108,2120,2111,2147,2140,2107,2126,2165,2110,2075,2122,2132,2115,2096,2144,2145,2137,2152,2147,2111,2121,2107,2110
387.099,2098.2,2067,2068,2094,2106,2070,2113,2101,2117,2120,2105,2122,2094,2088,2070,2099,2064,2090,2121,2095,2074,2049,2113,2091,2141,2127,2090,2127,2092,2105,2134
387.428,2212.6,2204,2206,2208,2226,2212,2263,2200,2204,2200,2229,2216,2218,2219,2227,2214,2211,2225,2198,2205,2226,2205,2227,2236,2190,2235,2215,2247,2195,2143,2174
387.757,2234.2,2219,2188,2224,2214,2232,2246,2234,2262,2216,2226,2243,2256,2207,2250,2211,2200,2278,2209,2257,2205,2207,2230,2264,2250,2255,2255,2219,2228,2251,2291
388.086,2680.9,2682,2665,2683,2714,2694,2655,2687,2613,2720,2675,2707,2674,2701,2681,2706,2691,2662,2680,2677,2693,2660,2660,2696,2672,2657,2667,2656,2685,2720,2693
388.415,2362.3,2352,2363,2366,2374,2376,2348,2363,2321,2355,2394,2389,2364,2393,2385,2346,2333,2355,2342,2353,2379,2377,2362,2384,2332,2361,2400,2361,2342,2344,2354
388.744,2425.0,2389,2454,2418,2435,2422,2373,2417,2402,2454,2443,2445,2443,2401,2434,2424,2435,2424,2436,2416,2447,2431,2411,2424,2436,2421,2430,2392,2413,2449,2432
389.073,2330.9,2325,2348,2278,2328,2309,2360,2342,2297,2317,2384,2280,2323,2298,2374,2350,2323,2348,2339,2332,2369,2340,2299,2332,2329,2322,2315,2320,2360,2360,2326
389.402,2174.2,2138,2197,2160,2145,2195,2178,2170,2169,2156,2207,2173,2192,2230,2178,2174,2211,2149,2152,2156,2159,2158,2165,2200,2148,2198,2167,2204,2164,2180,2152
389.731,2307.7,2270,2345,2350,2297,2276,2341,2325,2325,2294,2278,2288,2298,2262,2290,2280,2339,2291,2340,2293,2291,2307,2296,2341,2328,2319,2313,2330,2320,2301,2302
390.061,2511.8,2496,2527,2497,2526,2531,2520,2548,2523,2535,2513,2492,2508,2532,2504,2508,2501,2523,2534,2512,2541,2494,2512,2519,2529,2467,2506,2481,2494,2523,2457
390.390,2276.5,2294,2325,2276,2328,2234,2278,2290,2279,2261,2292,2270,2299,2250,2304,2281,2252,2249,2287,2275,2256,2301,2280,2286,2248,2260,2298,2286,2252,2265,2238
390.719,2255.0,2234,2270,2233,2244,2243,2249,2281,2255,2261,2250,2284,2227,2266,2263,2261,2269,2248,2234,2255,2260,2285,2271,2268,2221,2219,2253,2262,2264,2237,2283
391.048,2323.8,2320,2360,2296,2323,2337,2329,2312,2312,2346,2321,2329,2368,2337,2313,2312,2321,2335,2290,2374,2332,2308,2320,2324,2344,2284,2343,2322,2274,2310,2319
391.377,2133.9,2163,2164,2163,2172,2105,2180,2144,2111,2100,2177,2117,2109,2127,2146,2117,2154,2144,2134,2102,2127,2106,2125,2121,2123,2113,2152,2141,2108,2134,2139
391.707,2240.1,2233,2200,2242,2275,2230,2227,2210,2280,2212,2198,2223,2232,2323,2264,2228,2248,2210,2203,2256,2270,2219,2205,2226,2234,2261,2279,2262,2237,2246,2271
392.036,2137.6,2153,2154,2111,2133,2128,2095,2082,2140,2152,2132,2142,2171,2120,2144,2194,2118,2128,2123,2109,2116,2161,2130,2126,2178,2156,2128,2097,2197,2168,2141
392.366,2275.2,2287,2275,2311,2320,2256,2290,2268,2264,2257,2259,2304,2264,2262,2279,2279,2290,2265,2272,2276,2222,2288,2270,2294,2321,2266,2278,2284,2265,2242,2248
392.695,2127.8,2137,2143,2111,2120,2129,2140,2147,2097,2130,2109,2149,2130,2136,2157,2153,2083,2130,2122,2156,2103,2099,2120,2132,2134,2121,2139,2123,2122,2137,2124
393.025,2438.7,2428,2427,2436,2399,2448,2503,2418,2434,2427,2451,2430,2450,2419,2392,2447,2459,2463,2440,2406,2449,2451,2490,2429,2449,2423,2431,2444,2446,2407,2464
393.354,2359.9,2348,2362,2368,2350,2365,2335,2333,2374,2335,2337,2385,2379,2355,2362,2357,2332,2372,2350,2328,2362,2345,2384,2344,2379,2363,2378,2344,2349,2429,2392
393.684,2089.8,2089,2093,2104,2086,2093,2088,2070,2099,2118,2076,2114,2122,2058,2048,2107,2056,2082,2076,2081,2134,2095,2067,2110,2089,2107,2099,2060,2122,2062,2088
394.013,2459.4,2448,2456,2473,2426,2486,2438,2477,2450,2505,2451,2467,2479,2475,2450,2456,2442,2481,2469,2422,2425,2475,2431,2462,2425,2430,2489,2463,2463,2473,2496
394.343,2179.3,2173,2176,2212,2146,2175,2156,2167,2159,2197,2174,2169,2194,2196,2148,2218,2204,2200,2174,2151,2192,2165,2192,2194,2178,2167,2178,2212,2193,2168,2150
394.672,2077.7,2102,2056,2117,2091,2116,2068,2031,2082,2029,2095,2092,2077,2067,2063,2073,2092,2064,2080,2052,2096,2051,2070,2063,2104,2057,2050,2119,2111,2073,2090
395.002,1971.9,1999,1992,2010,1977,1956,1938,1954,1936,1977,1965,1968,1969,1984,1946,1951,1976,1938,1982,1941,1929,1997,1965,1994,1980,2002,1989,1986,1970,1997,1990
395.332,2260.4,2265,2256,2273,2253,2269,2220,2258,2277,2259,2276,2251,2271,2277,2218,2260,2278,2274,2251,2273,2229,2227,2278,2251,2291,2298,2239,2265,2268,2292,2216
395.662,1947.1,1932,1933,1981,1917,1954,1928,1939,1912,1937,1946,1946,1961,1970,1935,1995,1957,1951,1952,1973,1936,1958,1903,1930,1990,1945,1915,1934,1979,1974,1930
395.991,2299.2,2297,2306,2286,2300,2316,2322,2289,2293,2299,2280,2251,2308,2260,2335,2294,2274,2283,2322,2300,2269,2347,2275,2307,2306,2310,2340,2318,2288,2299,2301
396.321,2318.0,2307,2315,2317,2328,2321,2294,2300,2360,2314,2295,2324,2322,2327,2347,2344,2323,2330,2324,2287,2294,2327,2341,2314,2292,2316,2345,2303,2306,2313,2311
396.651,2393.2,2399,2364,2373,2385,2399,2402,2404,2397,2360,2357,2398,2411,2349,2408,2407,2413,2376,2412,2386,2396,2405,2402,2397,2378,2398,2379,2416,2432,2385,2408
396.981,2095.9,2093,2093,2146,2138,2099,2073,2061,2072,2088,2075,2089,2058,2094,2083,2102,2142,2107,2079,2081,2116,2124,2095,2082,2111,2069,2120,2083,2120,2072,2113
397.311,2485.0,2498,2475,2477,2495,2477,2464,2493,2483,2457,2538,2486,2479,2504,2472,2459,2464,2509,2504,2465,2486,2514,2496,2470,2496,2511,2478,2485,2473,2489,2453
397.641,2336.0,2325,2319,2345,2331,2315,2308,2313,2290,2372,2360,2360,2335,2290,2328,2330,2349,2338,2345,2349,2316,2358,2352,2360,2353,2344,2327,2328,2336,2359,2345
397.971,2141.4,2169,2144,2152,2177,2136,2156,2165,2151,2159,2117,2113,2125,2105,2158,2122,2173,2143,2105,2116,2140,2133,2144,2156,2120,2128,2155,2129,2147,2160,2145
398.301,2123.6,2144,2111,2113,2128,2113,2108,2112,2113,2120,2119,2152,2100,2109,2140,2104,2137,2137,2160,2147,2093,2083,2124,2132,2101,2177,2105,2156,2080,2145,2144
398.631,2097.1,2063,2099,2084,2079,2088,2105,2090,2102,2079,2096,2120,2100,2066,2079,2084,2120,2116,2114,2092,2062,2144,2115,2104,2072,2114,2098,2118,2108,2123,2080
398.961,2165.5,2176,2160,2175,2140,2178,2126,2180,2162,2174,2184,2145,2165,2142,2191,2156,2190,2177,2204,2166,2172,2116,2172,2169,2163,2175,2184,2149,2141,2125,2209
399.291,2222.2,2223,2223,2240,2224,2272,2214,2216,2241,2170,2234,2211,2220,2224,2208,2209,2216,2198,2258,2210,2226,2216,2226,2210,2218,2226,2214,2216,2261,2224,2219
399.621,2043.1,2037,2017,2066,2033,2045,2071,2040,2044,2071,2064,2028,2062,2035,2070,2036,2034,2046,2037,2066,2042,2008,2037,2048,2049,2009,2066,2037,2030,2045,2019
399.952,2329.0,2318,2315,2290,2289,2288,2344,2322,2318,2347,2364,2341,2348,2306,2377,2352,2328,2312,2376,2299,2313,2344,2296,2299,2361,2308,2388,2341,2353,2286,2346
400.282,2034.6,2019,2009,2036,2043,2015,2029,2056,2061,2076,2052,2010,2011,2028,2039,2050,2028,2026,2040,2055,2040,2025,1969,2035,2017,2022,2057,2022,2061,2050,2056
400.612,2292.1,2289,2286,2291,2289,2235,2280,2296,2307,2312,2309,2268,2312,2312,2302,2276,2272,2313,2270,2302,2268,2284,2275,2307,2292,2258,2349,2285,2319,2304,2300
400.943,2225.9,2253,2203,2229,2223,2241,2209,2242,2241,2220,2266,2218,2227,2225,2196,2220,2216,2215,2244,2232,2270,2220,2180,2214,2212,2254,2261,2212,2189,2242,2202
401.273,2152.8,2140,2098,2158,2132,2176,2147,2173,2171,2157,2147,2164,2160,2148,2123,2149,2173,2168,2178,2129,2131,2151,2165,2152,2173,2138,2156,2172,2161,2135,2160
401.603,2367.0,2392,2385,2362,2355,2378,2346,2376,2371,2375,2348,2342,2371,2420,2348,2395,2347,2387,2347,2345,2364,2430,2380,2360,2380,2335,2363,2347,2371,2342,2349
401.934,2092.8,2101,2042,2055,2126,2098,2056,2067,2102,2078,2109,2119,2064,2094,2145,2083,2085,2085,2120,2116,2076,2112,2124,2088,2098,2077,2100,2088,2090,2092,2095
402.264,2168.2,2173,2191,2186,2185,2202,2180,2180,2171,2170,2180,2159,2163,2163,2158,2133,2163,2202,2161,2152,2164,2146,2186,2196,2139,2168,2168,2116,2158,2154,2178
402.595,2042.2,2050,2028,2053,2042,2059,2045,2066,2058,2046,2036,2081,2017,2056,2047,2069,2067,2043,2022,2028,2028,2056,1987,2035,2021,2084,1996,2032,2022,2038,2054
402.925,2110.2,2126,2101,2100,2128,2084,2127,2132,2114,2099,2110,2120,2123,2075,2138,2106,2117,2133,2095,2101,2096,2148,2092,2102,2127,2108,2086,2090,2089,2145,2095
403.256,2162.7,2161,2122,2146,2135,2170,2123,2185,2120,2156,2190,2182,2131,2184,2149,2147,2160,2169,2156,2121,2166,2208,2158,2172,2170,2198,2170,2162,2168,2193,2208
403.586,2808.3,2828,2812,2816,2830,2826,2775,2824,2786,2764,2796,2809,2875,2801,2798,2824,2828,2797,2780,2812,2826,2808,2804,2760,2819,2772,2814,2798,2834,2792,2842
403.917,2290.3,2295,2318,2299,2273,2274,2284,2293,2268,2267,2303,2268,2329,2296,2305,2319,2282,2297,2249,2320,2311,2284,2291,2276,2278,2312,2296,2287,2282,2286,2267
404.248,2160.0,2144,2149,2168,2190,2151,2203,2131,2162,2178,2156,2163,2169,2145,2134,2191,2149,2115,2210,2176,2147,2188,2164,2162,2121,2154,2148,2151,2152,2143,2185
404.578,2310.8,2259,2316,2251,2303,2312,2344,2337,2340,2294,2305,2290,2304,2315,2310,2353,2360,2316,2255,2313,2313,2330,2334,2309,2290,2301,2331,2314,2292,2334,2300
404.909,2401.6,2376,2418,2434,2437,2408,2368,2432,2410,2424,2373,2414,2400,2397,2411,2382,2395,2411,2392,2401,2414,2365,2380,2412,2404,2374,2404,2398,2416,2422,2375
405.240,2496.8,2492,2502,2489,2504,2536,2535,2529,2494,2494,2474,2513,2501,2520,2486,2518,2441,2493,2525,2447,2473,2516,2468,2460,2459,2470,2509,2499,2518,2481,2557
405.571,2156.9,2159,2149,2144,2140,2160,2176,2116,2152,2194,2139,2161,2161,2188,2169,2158,2197,2146,2165,2124,2154,2122,2159,2141,2110,2150,2166,2166,2170,2196,2175
405.902,2301.2,2303,2305,2301,2299,2294,2374,2288,2275,2348,2261,2268,2333,2322,2269,2309,2291,2281,2300,2257,2299,2298,2272,2291,2318,2299,2334,2303,2309,2333,2302
406.232,1946.5,1947,1955,1908,1947,1876,1940,1934,1945,1970,1917,1976,1940,1966,1945,1962,1944,1941,1962,1914,1917,1958,1953,1949,1957,1994,1945,1928,1937,1961,2006
406.563,2106.8,2089,2140,2099,2108,2083,2111,2112,2161,2121,2108,2085,2122,2101,2131,2085,2105,2111,2135,2080,2081,2145,2110,2117,2093,2061,2116,2112,2094,2094,2094
406.894,2191.8,2173,2209,2218,2194,2160,2157,2206,2212,2203,2184,2200,2176,2218,2225,2196,2203,2186,2177,2168,2209,2195,2155,2153,2214,2191,2221,2176,2193,2203,2178
407.225,2501.7,2518,2486,2535,2438,2481,2493,2521,2514,2515,2480,2547,2505,2517,2484,2464,2517,2509,2522,2484,2515,2477,2497,2515,2510,2499,2510,2494,2475,2509,2520
407.556,2271.5,2262,2264,2285,2272,2248,2288,2269,2313,2309,2269,2268,2255,2280,2291,2291,2266,2278,2270,2228,2255,2288,2287,2274,2237,2273,2291,2239,2246,2272,2278
407.887,1986.3,1977,2008,1983,2002,2019,1997,1955,1993,1992,2011,1964,1959,1988,1985,2005,1965,1996,2009,1938,1972,1982,1964,2009,1994,2007,1935,1982,1996,2020,1983
408.218,2296.6,2289,2311,2333,2262,2324,2292,2284,2293,2289,2279,2288,2304,2320,2328,2319,2296,2299,2313,2274,2291,2300,2276,2298,2291,2273,2284,2312,2258,2320,2299
408.550,2344.9,2370,2362,2368,2321,2336,2335,2365,2322,2323,2339,2330,2346,2332,2376,2333,2361,2358,2325,2361,2390,2324,2318,2338,2359,2341,2319,2336,2360,2348,2352
408.881,2282.1,2273,2327,2273,2315,2272,2283,2252,2292,2256,2265,2282,2276,2270,2305,2304,2272,2309,2271,2278,2287,2296,2270,2265,2316,2252,2279,2270,2290,2272,2290
409.212,2248.4,2283,2234,2240,2258,2254,2246,2256,2239,2264,2222,2271,2253,2211,2242,2222,2241,2270,2235,2213,2224,2270,2245,2231,2217,2274,2275,2254,2260,2260,2288
409.543,2316.2,2332,2317,2309,2326,2354,2303,2353,2318,2301,2280,2362,2316,2371,2274,2306,2302,2298,2308,2322,2303,2307,2322,2297,2283,2294,2304,2315,2364,2330,2314
409.874,2261.3,2238,2313,2258,2240,2312,2246,2237,2229,2233,2255,2284,2256,2254,2267,2248,2237,2283,2278,2256,2267,2274,2262,2266,2278,2261,2277,2258,2255,2256,2261
410.206,2055.0,2080,2069,2073,2042,2097,2086,2047,2048,2061,2052,2085,2044,2046,2047,2036,2048,2014,2078,2037,2074,2077,2089,2019,2032,2046,2026,2050,2052,2054,2042
410.537,2126.3,2125,2156,2202,2100,2104,2138,2106,2130,2090,2116,2136,2117,2155,2152,2155,2128,2104,2081,2098,2113,2146,2136,2125,2116,2127,2079,2169,2112,2120,2154
410.868,2226.8,2243,2239,2197,2241,2212,2216,2235,2248,2240,2215,2224,2233,2216,2221,2230,2189,2230,2236,2248,2238,2203,2234,2192,2248,2207,2216,2229,2226,2240,2257
411.200,2307.6,2286,2335,2328,2319,2318,2302,2275,2289,2318,2257,2331,2301,2305,2318,2328,2300,2312,2328,2289,2305,2322,2350,2332,2272,2328,2277,2282,2275,2324,2321
411.531,2406.6,2396,2360,2385,2414,2426,2422,2403,2388,2384,2401,2404,2396,2371,2416,2416,2414,2437,2398,2456,2442,2442,2382,2357,2412,2408,2410,2428,2412,2407,2412
411.863,2096.2,2069,2092,2078,2116,2098,2073,2073,2085,2109,2089,2103,2110,2100,2067,2115,2124,2083,2107,2085,2116,2095,2096,2115,2085,2097,2102,2159,2086,2090,2069
412.194,2312.4,2297,2288,2314,2303,2290,2257,2336,2323,2328,2323,2324,2316,2293,2297,2300,2332,2315,2318,2274,2340,2340,2330,2346,2328,2326,2268,2305,2336,2312,2313
412.526,2323.6,2334,2329,2293,2326,2350,2331,2290,2304,2307,2320,2320,2329,2297,2324,2304,2338,2316,2297,2326,2319,2320,2297,2339,2369,2335,2341,2337,2357,2355,2305
412.857,2259.7,2258,2250,2255,2238,2298,2214,2285,2262,2309,2273,2276,2276,2213,2255,2280,2223,2292,2219,2250,2251,2267,2259,2235,2279,2248,2299,2284,2234,2264,2246
413.189,2231.1,2201,2243,2206,2239,2255,2222,2239,2246,2260,2215,2253,2209,2261,2225,2203,2245,2205,2210,2240,2200,2241,2247,2223,2221,2204,2256,2239,2260,2213,2251
413.521,2418.5,2433,2469,2414,2395,2437,2399,2426,2419,2398,2430,2421,2416,2379,2440,2392,2462,2425,2430,2424,2407,2446,2405,2402,2408,2417,2415,2410,2421,2373,2442
413.852,2144.2,2180,2145,2109,2146,2137,2111,2148,2160,2156,2115,2109,2148,2178,2117,2145,2188,2143,2137,2139,2111,2181,2162,2171,2138,2176,2132,2144,2127,2149,2125
414.184,2386.1,2385,2412,2407,2358,2362,2331,2430,2423,2392,2425,2322,2393,2400,2384,2361,2409,2415,2404,2373,2385,2370,2401,2364,2374,2384,2365,2390,2361,2390,2412
414.516,2334.6,2314,2331,2324,2298,2336,2304,2328,2342,2332,2329,2306,2361,2364,2345,2352,2352,2317,2374,2327,2384,2343,2348,2323,2355,2325,2321,2322,2327,2319,2334
414.847,2294.3,2296,2299,2307,2317,2317,2256,2278,2354,2289,2320,2286,2287,2290,2332,2262,2265,2291,2293,2280,2280,2316,2309,2314,2273,2307,2277,2266,2283,2284,2301
415.179,2284.5,2284,2287,2279,2304,2261,2268,2269,2296,2303,2280,2265,2278,2255,2309,2271,2292,2305,2301,2292,2298,2280,2266,2306,2275,2304,2283,2277,2319,2264,2263
415.511,2509.3,2475,2534,2465,2517,2486,2528,2486,2524,2490,2510,2473,2489,2516,2495,2533,2507,2534,2536,2541,2502,2488,2494,2519,2515,2509,2514,2544,2496,2504,2554
415.843,2277.1,2282,2266,2228,2264,2337,2232,2267,2284,2290,2281,2267,2296,2266,2262,2239,2314,2314,2272,2286,2273,2289,2297,2275,2280,2265,2254,2283,2290,2281,2278
416.175,2590.0,2580,2592,2569,2595,2604,2568,2587,2585,2573,2582,2583,2612,2587,2580,2589,2611,2596,2577,2627,2601,2561,2609,2581,2574,2598,2554,2630,2666,2564,2565
416.507,2052.7,2063,2030,2061,2037,2089,2075,2048,2064,2070,2076,2044,2056,2027,2059,2058,2042,2055,2061,2053,2079,2030,2005,2096,2030,2054,2028,2040,2068,2058,2026
416.839,2192.8,2195,2195,2170,2226,2209,2205,2170,2211,2182,2242,2162,2186,2232,2217,2189,2222,2172,2204,2211,2140,2197,2193,2188,2157,2197,2162,2189,2205,2166,2189
417.171,2341.8,2378,2340,2313,2381,2341,2337,2374,2364,2327,2335,2326,2330,2360,2330,2322,2344,2344,2332,2362,2357,2346,2329,2356,2329,2313,2305,2351,2357,2342,2329
417.503,2254.3,2278,2275,2249,2251,2269,2244,2203,2250,2234,2227,2248,2271,2255,2246,2223,2232,2257,2246,2327,2266,2250,2285,2216,2205,2288,2247,2270,2281,2247,2288
417.835,2101.0,2095,2104,2129,2086,2112,2157,2091,2105,2098,2080,2109,2114,2100,2065,2073,2095,2086,2117,2118,2069,2088,2136,2088,2106,2114,2093,2097,2138,2084,2084
418.167,2548.9,2564,2528,2528,2547,2570,2570,2546,2554,2538,2550,2549,2538,2570,2556,2505,2499,2507,2551,2564,2590,2528,2544,2548,2589,2541,2590,2551,2529,2574,2548
418.499,2111.2,2134,2090,2086,2108,2093,2127,2086,2087,2129,2120,2090,2088,2084,2134,2100,2109,2106,2088,2105,2101,2099,2112,2128,2132,2130,2157,2136,2093,2149,2136
418.832,2451.6,2470,2428,2434,2453,2440,2416,2449,2450,2422,2458,2433,2451,2493,2473,2458,2476,2431,2455,2492,2438,2460,2477,2476,2458,2456,2417,2424,2453,2450,2458
419.164,2530.2,2541,2546,2549,2498,2536,2512,2521,2487,2527,2546,2544,2535,2529,2510,2556,2510,2554,2493,2542,2548,2537,2515,2509,2512,2535,2562,2516,2548,2556,2532
419.496,2046.1,2028,2036,2061,2066,2012,2072,2077,2068,2051,2062,2011,2055,2019,2068,2074,2019,2045,2063,2066,2037,2056,2027,2050,2024,2028,2048,2042,2029,2044,2046
419.828,2041.5,2056,2059,2022,2071,2012,2033,2021,2033,2014,2040,2021,2061,2058,2063,2018,2028,2077,2045,2052,2037,2056,1989,2041,2079,2045,1989,2074,2067,2028,2056
420.161,2078.7,2121,2076,2064,2090,2066,2093,2118,2063,2081,2053,2100,2060,2077,2091,2053,2041,2045,2081,2084,2054,2092,2087,2097,2094,2067,2096,2085,2059,2095,2077
420.493,2346.9,2362,2349,2353,2309,2362,2289,2329,2348,2368,2404,2314,2343,2351,2323,2331,2304,2351,2364,2347,2365,2376,2349,2362,2362,2363,2344,2345,2379,2344,2316
420.825,2045.7,2075,2038,2053,2073,2003,2071,2046,2056,2018,2077,2067,2045,2047,2059,2030,2014,2015,2031,2030,2073,2019,2040,2066,2056,2041,2031,2057,2017,2051,2071
421.158,2410.3,2418,2419,2379,2425,2421,2451,2434,2397,2382,2412,2368,2445,2417,2413,2361,2373,2403,2437,2440,2433,2431,2440,2388,2396,2396,2389,2389,2419,2453,2380
421.490,2223.9,2230,2234,2205,2221,2220,2249,2221,2251,2241,2229,2244,2241,2226,2235,2223,2200,2200,2230,2203,2189,2168,2250,2236,2216,2246,2205,2235,2189,2246,2235
421.823,2178.0,2185,2179,2196,2200,2186,2178,2150,2171,2168,2198,2184,2173,2216,2162,2162,2180,2136,2195,2169,2178,2210,2197,2153,2174,2179,2187,2163,2146,2162,2204
422.155,2076.1,2045,2077,2056,2057,2034,2067,2086,2084,2086,2042,2078,2110,2121,2045,2118,2081,2053,2088,2033,2079,2075,2101,2091,2065,2065,2086,2093,2115,2091,2061
422.488,2233.5,2214,2241,2206,2259,2204,2258,2217,2230,2257,2236,2169,2239,2248,2206,2241,2234,2274,2230,2223,2266,2252,2232,2253,2233,2241,2211,2235,2205,2237,2254
422.820,2030.0,2034,2012,2052,2053,2062,2050,2035,2042,2026,2022,2081,2072,2025,2020,2013,2014,2014,2010,1987,2025,2057,2004,2019,2034,2032,2012,2045,2005,2000,2044
423.153,2188.1,2172,2211,2167,2162,2185,2193,2162,2187,2188,2177,2185,2193,2208,2169,2173,2172,2206,2208,2220,2213,2188,2166,2198,2190,2186,2211,2208,2154,2173,2218
423.486,2034.1,2058,2050,2018,2012,2011,2024,2024,2006,2032,2040,2006,2044,2029,2053,2003,2038,2031,2018,2050,2035,2038,2082,2045,2049,2039,2051,2050,2011,2036,2041
423.818,1905.4,1956,1891,1927,1860,1874,1917,1948,1908,1867,1922,1879,1909,1907,1873,1925,1899,1868,1914,1923,1928,1920,1909,1890,1914,1893,1904,1923,1891,1894,1929
424.151,2325.8,2287,2350,2330,2347,2350,2306,2305,2265,2284,2325,2339,2316,2350,2352,2307,2328,2355,2359,2312,2324,2316,2346,2341,2319,2319,2355,2317,2334,2314,2321
424.484,2043.3,2035,2057,1992,2016,2050,2038,1998,2069,2069,2029,2054,2011,2036,2065,2035,2056,2040,2034,2044,2049,2042,2080,2045,2036,2050,2020,2054,2056,2067,2071
424.817,2476.0,2478,2493,2462,2507,2451,2458,2504,2516,2503,2467,2456,2458,2438,2507,2489,2484,2491,2442,2495,2509,2525,2485,2450,2429,2438,2468,2498,2482,2433,2463
425.150,2007.6,2029,2053,2012,2010,1989,2026,2022,2023,2030,1998,2012,2025,2022,1995,1968,1986,1972,2012,2010,2002,1980,2016,2040,1979,1988,1990,2028,1999,1984,2029
425.483,2126.1,2110,2127,2112,2112,2119,2114,2125,2128,2152,2118,2112,2132,2136,2147,2104,2176,2115,2078,2135,2136,2114,2132,2143,2145,2157,2093,2151,2148,2102,2109
425.815,2484.3,2493,2469,2517,2490,2484,2473,2483,2492,2467,2484,2524,2455,2468,2528,2468,2466,2478,2493,2469,2488,2504,2496,2465,2456,2530,2473,2517,2465,2453,2482
426.148,2145.8,2149,2132,2124,2177,2130,2136,2163,2185,2130,2120,2168,2144,2159,2175,2147,2142,2166,2140,2121,2148,2144,2147,2172,2148,2156,2124,2116,2133,2112,2167
426.481,2038.2,2030,2072,2035,2042,2053,2059,2036,2075,2016,2035,2062,2023,2050,2075,2058,2045,2044,2028,2045,2033,2004,2014,1987,2040,1999,2036,2033,2056,1995,2066
426.814,2137.1,2137,2114,2088,2142,2126,2124,2148,2143,2136,2180,2139,2166,2171,2114,2141,2128,2111,2167,2168,2120,2080,2120,2164,2166,2158,2117,2141,2152,2129,2122
427.147,2246.8,2248,2222,2239,2241,2236,2225,2289,2253,2223,2219,2242,2207,2254,2259,2201,2254,2241,2287,2247,2281,2252,2276,2268,2192,2237,2270,2240,2271,2249,2280
427.480,1993.7,1992,2010,2013,1995,2001,2018,1989,1987,1994,1962,1992,1986,1976,1972,1999,2000,1988,2000,2025,1967,1996,1981,1994,2002,2006,1987,1995,1971,2008,2005
427.814,2275.5,2259,2276,2244,2268,2249,2274,2312,2271,2251,2293,2286,2259,2314,2266,2259,2275,2251,2306,2292,2298,2300,2287,2292,2247,2276,2291,2260,2268,2253,2288
428.147,2193.5,2220,2200,2218,2176,2169,2185,2229,2214,2172,2235,2186,2168,2162,2205,2193,2201,2181,2221,2178,2208,2193,2172,2191,2184,2191,2189,2205,2204,2168,2187
428.480,2326.5,2356,2296,2310,2344,2331,2340,2352,2320,2314,2356,2290,2289,2317,2331,2312,2334,2309,2324,2367,2297,2348,2330,2306,2298,2388,2329,2330,2345,2294,2338
428.813,2415.3,2395,2447,2411,2436,2429,2400,2412,2418,2412,2422,2430,2386,2417,2412,2425,2456,2427,2397,2416,2392,2432,2378,2415,2416,2420,2455,2389,2376,2419,2418
429.146,2829.9,2868,2785,2833,2854,2819,2818,2833,2836,2800,2811,2826,2798,2852,2831,2821,2859,2815,2792,2861,2869,2801,2865,2838,2836,2800,2874,2844,2850,2778,2831
429.480,2100.0,2082,2090,2102,2081,2101,2130,2094,2115,2113,2109,2108,2088,2095,2129,2103,2115,2069,2115,2087,2106,2087,2122,2116,2076,2121,2073,2091,2092,2080,2109
429.813,2082.9,2061,2077,2097,2078,2060,2093,2107,2130,2102,2109,2061,2068,2044,2072,2081,2070,2069,2082,2079,2068,2120,2059,2103,2112,2070,2096,2110,2078,2066,2065
430.146,2403.0,2413,2412,2381,2422,2372,2399,2401,2403,2401,2417,2404,2389,2424,2430,2434,2392,2394,2427,2380,2416,2383,2423,2415,2408,2416,2350,2377,2402,2426,2379
430.480,2362.2,2375,2370,2360,2382,2395,2346,2350,2383,2345,2342,2400,2366,2365,2354,2351,2345,2351,2393,2349,2359,2379,2345,2344,2318,2389,2353,2376,2343,2365,2374
430.813,2288.5,2292,2250,2289,2330,2306,2241,2305,2307,2305,2289,2288,2300,2269,2292,2321,2253,2280,2303,2273,2280,2288,2284,2284,2327,2289,2302,2267,2285,2257,2298
431.146,2497.0,2441,2532,2476,2471,2515,2543,2518,2462,2455,2501,2531,2512,2492,2502,2496,2520,2512,2487,2482,2461,2516,2475,2474,2495,2487,2504,2520,2500,2520,2510
431.480,2168.5,2173,2188,2196,2144,2147,2187,2201,2166,2172,2166,2140,2144,2162,2198,2184,2187,2160,2183,2155,2183,2123,2164,2182,2180,2200,2185,2144,2170,2174,2098
431.813,2105.8,2122,2113,2103,2124,2089,2108,2123,2126,2086,2109,2096,2071,2138,2097,2068,2095,2070,2103,2120,2103,2126,2122,2099,2097,2132,2107,2097,2124,2137,2069
432.147,2341.2,2356,2346,2358,2344,2358,2350,2344,2387,2349,2329,2344,2365,2338,2313,2330,2340,2367,2346,2338,2347,2331,2369,2282,2345,2260,2346,2353,2307,2339,2354
432.481,2022.4,1995,2024,1987,2036,2018,1996,2034,2018,2000,2042,2023,2012,2040,2035,2000,2012,2022,2023,2058,2048,2008,2031,2052,2005,2038,2015,2003,2031,2019,2047
432.814,2369.3,2366,2326,2369,2370,2350,2365,2382,2372,2347,2390,2405,2370,2383,2389,2392,2355,2341,2376,2328,2393,2394,2379,2374,2374,2352,2403,2414,2356,2349,2316
433.148,2167.2,2172,2159,2171,2184,2185,2167,2170,2140,2160,2161,2134,2169,2172,2155,2170,2152,2152,2191,2169,2153,2169,2154,2188,2160,2178,2161,2162,2156,2223,2179
433.482,2252.6,2220,2235,2276,2252,2256,2228,2241,2268,2227,2235,2277,2274,2236,2289,2230,2292,2243,2259,2260,2250,2255,2246,2288,2217,2280,2219,2244,2243,2265,2273
433.815,2030.6,2068,2034,2038,2012,2019,2054,2004,2056,2038,2006,2033,2022,2016,2007,2022,2049,2027,2022,2020,2063,2024,2005,1999,2031,2056,2044,2008,2036,2077,2028
434.149,1955.7,1955,1945,1946,1932,1952,1977,1957,1954,1999,1936,1952,1944,1974,1976,1936,1961,1946,1977,1950,1940,1940,1980,1966,1978,1944,1934,1956,1964,1954,1946
434.483,2155.9,2206,2157,2186,2149,2187,2118,2164,2146,2124,2143,2149,2123,2159,2156,2181,2125,2130,2139,2172,2158,2130,2161,2192,2123,2154,2149,2164,2165,2151,2216
434.817,2118.1,2134,2114,2094,2137,2123,2153,2115,2143,2116,2106,2117,2115,2149,2110,2101,2115,2118,2114,2088,2150,2106,2125,2130,2119,2106,2098,2138,2125,2081,2104
435.150,2334.4,2344,2347,2341,2330,2323,2354,2324,2350,2319,2320,2304,2298,2357,2323,2339,2336,2335,2350,2344,2318,2324,2347,2320,2346,2299,2392,2340,2318,2385,2305
435.484,2094.1,2087,2087,2079,2115,2115,2103,2099,2111,2085,2097,2081,2091,2072,2076,2096,2120,2102,2102,2071,2092,2104,2149,2062,2075,2090,2100,2072,2113,2095,2083
435.818,1973.2,1962,1952,1999,2016,1952,1961,1964,1937,1966,1988,1984,1951,1957,1995,1990,1972,1972,2004,1990,1957,1953,2009,1977,1982,1938,1991,1952,1976,1971,1978
436.152,2313.2,2337,2329,2290,2309,2298,2316,2316,2316,2331,2280,2357,2282,2313,2288,2333,2321,2336,2284,2313,2316,2358,2288,2309,2294,2309,2288,2307,2351,2284,2342
436.486,2133.6,2131,2134,2124,2144,2123,2118,2132,2108,2149,2111,2154,2144,2144,2122,2137,2130,2159,2134,2112,2117,2122,2139,2141,2125,2125,2149,2163,2144,2158,2115
436.820,2247.6,2275,2252,2261,2249,2222,2269,2249,2221,2210,2278,2281,2302,2272,2241,2256,2253,2220,2233,2278,2273,2238,2248,2211,2253,2234,2242,2246,2221,2213,2228
437.154,2429.5,2454,2399,2436,2396,2406,2418,2415,2449,2411,2457,2459,2473,2425,2414,2431,2436,2430,2413,2422,2408,2435,2435,2432,2425,2410,2445,2414,2468,2442,2426
437.488,2303.9,2284,2278,2306,2315,2301,2279,2252,2266,2282,2302,2296,2326,2367,2296,2293,2297,2293,2342,2341,2336,2353,2269,2268,2294,2334,2300,2283,2318,2331,2316
437.822,2323.7,2350,2374,2327,2319,2327,2328,2310,2355,2297,2356,2309,2315,2291,2353,2305,2306,2302,2324,2315,2299,2337,2377,2328,2326,2305,2284,2328,2275,2357,2333
438.157,2509.8,2561,2515,2475,2508,2528,2526,2526,2511,2510,2508,2549,2513,2467,2492,2488,2489,2485,2493,2561,2524,2492,2503,2492,2483,2527,2478,2494,2520,2571,2504
438.491,2447.1,2413,2444,2462,2473,2440,2424,2440,2454,2441,2459,2438,2494,2460,2420,2507,2421,2450,2416,2438,2428,2472,2440,2464,2420,2399,2448,2449,2452,2481,2466
438.825,2137.9,2172,2099,2153,2162,2126,2152,2139,2156,2125,2125,2102,2122,2154,2122,2158,2166,2156,2124,2163,2108,2138,2126,2126,2127,2185,2081,2122,2154,2157,2137
439.159,2042.6,2073,2041,2069,2001,2052,2034,2054,2048,2062,2010,2087,2041,2024,2060,2064,2044,2038,2008,2012,2048,2034,2034,2033,2074,2029,2038,2066,2006,2071,2024
439.493,2302.8,2323,2321,2290,2291,2346,2273,2293,2285,2317,2287,2278,2305,2260,2331,2298,2320,2290,2306,2293,2325,2314,2335,2272,2337,2317,2283,2298,2282,2309,2306
439.828,2023.9,2012,2010,2016,2055,2059,2075,2051,2046,2008,2022,2018,2027,2004,2034,2061,2032,2027,1971,2019,2021,2024,1990,2008,2019,2012,2038,1998,2035,1990,2034
440.162,2231.2,2188,2216,2234,2175,2243,2213,2196,2210,2242,2264,2259,2221,2215,2265,2198,2236,2258,2198,2264,2263,2256,2243,2205,2230,2231,2243,2238,2269,2250,2214
440.497,2507.8,2520,2550,2540,2479,2529,2560,2478,2526,2520,2485,2445,2533,2480,2498,2505,2526,2531,2494,2504,2460,2517,2523,2525,2480,2532,2494,2530,2482,2505,2482
440.831,2120.6,2118,2144,2114,2129,2098,2099,2066,2120,2094,2161,2102,2118,2169,2085,2128,2140,2128,2127,2101,2121,2111,2086,2115,2143,2119,2121,2157,2153,2146,2106
441.165,2065.2,2073,2073,2100,2012,2075,2097,2044,2089,2075,2076,2017,2077,2114,2043,2083,2059,2077,2051,2069,2033,2077,2091,2052,2048,2046,2041,2074,2041,2062,2088
441.500,2004.6,2055,2048,1976,1998,2011,1999,2028,2011,1997,2001,1986,1985,1997,2018,1996,2013,2005,1977,2007,2004,1981,2026,2032,2007,2019,1984,2061,1949,1974,1992
441.834,2305.9,2330,2322,2330,2261,2318,2268,2345,2294,2321,2304,2292,2307,2294,2275,2285,2259,2308,2332,2301,2318,2298,2350,2322,2335,2310,2299,2320,2280,2285,2315
442.169,2283.5,2285,2307,2280,2228,2304,2293,2290,2302,2268,2252,2310,2296,2306,2293,2232,2269,2292,2296,2320,2294,2264,2291,2294,2306,2282,2297,2256,2283,2278,2236
442.503,2299.7,2287,2329,2304,2288,2293,2322,2257,2322,2324,2283,2302,2323,2318,2262,2323,2309,2310,2240,2328,2300,2304,2329,2343,2288,2288,2250,2302,2284,2268,2310
442.838,2339.1,2334,2350,2325,2322,2321,2355,2362,2313,2352,2334,2320,2321,2348,2339,2357,2338,2371,2332,2337,2361,2353,2346,2338,2333,2341,2295,2348,2334,2350,2342
443.173,1962.3,1944,1974,1948,1983,1963,1948,1963,2004,1977,1941,1941,1951,1952,1944,1963,1944,1985,1938,1945,1963,1980,1982,1963,1955,1977,1940,1985,1990,1956,1969
443.507,2156.7,2142,2179,2158,2136,2145,2156,2150,2150,2173,2186,2174,2189,2171,2098,2172,2146,2145,2101,2174,2159,2177,2128,2155,2149,2162,2155,2147,2157,2206,2160
443.842,2340.5,2355,2363,2341,2322,2355,2333,2342,2350,2377,2277,2296,2315,2344,2321,2328,2349,2311,2333,2366,2321,2355,2289,2389,2376,2380,2307,2307,2366,2356,2392
444.177,2103.0,2131,2098,2138,2089,2066,2081,2113,2083,2134,2081,2084,2100,2123,2074,2138,2119,2091,2113,2101,2134,2104,2081,2097,2113,2058,2090,2115,2130,2109,2101
444.512,2022.3,2010,2005,2003,2037,2020,2018,2055,2027,2037,2041,2020,2030,2000,2008,2021,1977,2033,2022,2015,2027,2060,1992,2003,2019,1994,2053,2069,2013,2033,2028
444.846,1910.6,1936,1891,1938,1915,1891,1885,1953,1900,1885,1918,1917,1896,1922,1887,1919,1918,1948,1947,1909,1900,1918,1928,1905,1913,1870,1911,1915,1926,1880,1877
445.181,2168.0,2225,2146,2148,2154,2182,2178,2194,2171,2152,2108,2175,2152,2176,2161,2172,2173,2218,2169,2162,2148,2143,2148,2185,2137,2206,2120,2215,2173,2174,2174
445.516,2185.4,2180,2179,2199,2206,2193,2163,2168,2186,2161,2184,2166,2176,2193,2179,2180,2184,2208,2184,2201,2248,2176,2174,2203,2164,2195,2175,2169,2183,2202,2183
445.851,2081.5,2066,2107,2068,2079,2087,2095,2085,2061,2094,2095,2097,2107,2060,2075,2089,2107,2092,2066,2101,2100,2049,2064,2105,2054,2086,2059,2082,2077,2063,2076
446.186,2129.5,2093,2154,2126,2169,2147,2139,2143,2112,2158,2098,2118,2117,2077,2123,2131,2142,2146,2110,2141,2114,2128,2124,2116,2182,2114,2136,2148,2146,2124,2109
446.521,2069.6,2059,2072,2088,2061,2065,2034,2063,2092,2073,2080,2082,2076,2068,2035,2065,2058,2079,2066,2088,2058,2063,2072,2053,2086,2055,2108,2066,2084,2069,2071
446.856,2513.7,2538,2492,2506,2509,2536,2500,2501,2516,2530,2509,2488,2488,2478,2499,2491,2498,2560,2497,2516,2506,2522,2499,2548,2517,2520,2499,2536,2572,2544,2495
447.191,2254.3,2248,2274,2266,2239,2236,2269,2238,2248,2275,2250,2264,2251,2260,2253,2268,2243,2260,2254,2276,2255,2255,2229,2278,2258,2240,2232,2239,2270,2243,2258
447.526,2246.3,2275,2229,2235,2293,2241,2252,2237,2234,2253,2228,2235,2227,2229,2250,2260,2218,2225,2252,2253,2253,2234,2265,2244,2255,2258,2266,2231,2229,2307,2222
447.861,2106.4,2126,2125,2100,2121,2122,2082,2133,2072,2088,2121,2089,2106,2131,2109,2125,2077,2108,2080,2126,2103,2124,2112,2058,2068,2141,2108,2123,2104,2116,2094
448.196,2273.0,2256,2308,2286,2283,2294,2274,2260,2262,2288,2283,2248,2289,2312,2265,2261,2277,2217,2242,2264,2266,2302,2263,2269,2292,2287,2287,2261,2258,2284,2252
448.531,2476.2,2514,2483,2488,2456,2450,2530,2447,2492,2513,2483,2477,2514,2453,2478,2480,2424,2465,2482,2471,2497,2454,2481,2468,2485,2449,2477,2477,2475,2469,2453
448.867,2397.8,2416,2445,2390,2380,2388,2405,2406,2395,2392,2399,2382,2405,2372,2388,2411,2366,2452,2441,2374,2367,2394,2418,2388,2397,2414,2371,2397,2417,2391,2374
449.202,1979.6,1969,1958,1981,1971,1958,1957,1996,1994,1955,1989,1988,1941,1967,1987,1945,1988,2012,1983,2016,1993,1977,2013,1975,1974,1987,1979,1963,1999,1990,1983
449.537,2654.2,2663,2661,2636,2611,2648,2623,2672,2643,2633,2666,2683,2635,2632,2624,2650,2638,2659,2696,2675,2637,2687,2717,2618,2668,2658,2674,2658,2648,2650,2663
449.872,2453.3,2434,2466,2462,2472,2486,2454,2452,2432,2457,2447,2469,2420,2454,2472,2411,2488,2433,2462,2417,2438,2474,2494,2472,2451,2430,2465,2440,2457,2455,2435
450.208,2435.0,2413,2450,2417,2447,2442,2438,2393,2483,2438,2432,2421,2407,2427,2417,2424,2475,2411,2418,2440,2431,2418,2423,2449,2466,2418,2473,2454,2446,2445,2434
450.543,2492.3,2456,2525,2493,2477,2492,2483,2472,2485,2472,2509,2451,2468,2524,2484,2484,2524,2470,2484,2501,2485,2543,2460,2508,2499,2526,2481,2529,2482,2508,2493
450.879,2236.7,2223,2201,2206,2227,2234,2260,2266,2237,2263,2208,2219,2265,2258,2244,2217,2206,2239,2239,2273,2273,2230,2235,2235,2247,2253,2220,2212,2267,2230,2214
451.214,2138.0,2141,2095,2169,2122,2142,2140,2163,2145,2154,2146,2128,2121,2104,2108,2133,2149,2140,2129,2141,2107,2138,2159,2144,2133,2158,2120,2143,2154,2171,2143
451.549,2158.7,2125,2168,2149,2153,2159,2100,2145,2173,2154,2139,2132,2180,2138,2153,2182,2150,2191,2200,2128,2206,2163,2176,2146,2163,2169,2141,2163,2162,2202,2151
451.885,2249.3,2240,2287,2220,2223,2261,2250,2238,2257,2209,2263,2278,2263,2248,2228,2253,2262,2276,2250,2265,2259,2237,2211,2242,2272,2278,2236,2235,2253,2238,2248
452.220,2207.0,2204,2208,2224,2197,2213,2229,2206,2152,2220,2229,2186,2166,2226,2233,2199,2205,2194,2189,2198,2205,2244,2232,2219,2195,2196,2187,2205,2229,2216,2204
452.556,2320.8,2354,2302,2328,2340,2329,2354,2351,2303,2303,2314,2329,2335,2322,2279,2300,2320,2331,2342,2344,2313,2294,2336,2302,2367,2274,2300,2317,2312,2308,2320
452.892,2444.5,2430,2481,2437,2419,2464,2408,2415,2444,2445,2448,2465,2425,2478,2449,2447,2440,2452,2449,2469,2484,2413,2440,2456,2469,2404,2448,2411,2457,2428,2461
453.227,2436.1,2408,2453,2424,2424,2485,2479,2409,2447,2425,2381,2416,2418,2340,2438,2430,2435,2447,2442,2424,2458,2460,2440,2467,2424,2431,2453,2434,2486,2445,2460
453.563,2409.3,2404,2385,2393,2437,2406,2429,2406,2408,2428,2385,2415,2430,2376,2445,2448,2376,2375,2414,2439,2457,2419,2417,2369,2392,2390,2397,2429,2407,2373,2430
453.899,2389.3,2389,2441,2395,2387,2390,2377,2435,2381,2410,2354,2410,2408,2357,2366,2408,2434,2370,2425,2365,2395,2404,2370,2378,2355,2383,2371,2402,2371,2375,2374
454.234,2309.2,2336,2345,2349,2273,2296,2277,2298,2314,2305,2320,2293,2322,2287,2280,2296,2344,2282,2316,2339,2296,2287,2288,2284,2356,2344,2314,2281,2311,2333,2309
454.570,2128.0,2111,2118,2146,2136,2115,2131,2118,2115,2106,2128,2113,2104,2127,2137,2104,2129,2136,2109,2155,2108,2180,2136,2116,2189,2136,2135,2134,2132,2110,2125
454.906,2445.4,2436,2443,2450,2454,2468,2416,2456,2458,2415,2444,2433,2442,2409,2436,2435,2406,2479,2407,2449,2474,2463,2474,2476,2449,2439,2409,2469,2437,2474,2461
455.242,2097.2,2101,2125,2115,2142,2062,2083,2072,2102,2131,2088,2108,2117,2064,2099,2088,2104,2110,2052,2091,2098,2069,2069,2077,2130,2113,2106,2122,2088,2113,2076
455.577,2050.7,2073,2082,2040,2035,2065,2061,2056,2054,2014,2062,2018,2076,2033,2043,2046,2029,2034,2038,2066,2068,2081,2025,2079,2038,2054,2051,2044,2046,2057,2052
455.913,2002.2,2001,1981,2016,1979,2002,1982,2015,2025,1994,2029,2016,1968,2026,2022,1991,2010,1984,2015,1989,1989,2024,1976,2028,1976,1981,2042,2012,1968,2045,1981
456.249,2311.4,2343,2256,2312,2338,2264,2338,2322,2315,2305,2280,2297,2325,2313,2309,2349,2326,2309,2304,2314,2317,2292,2330,2330,2282,2320,2325,2299,2298,2349,2282
456.585,1909.2,1923,1891,1866,1912,1915,1929,1884,1944,1867,1926,1926,1894,1920,1923,1907,1891,1898,1880,1937,1928,1912,1902,1925,1885,1885,1928,1905,1924,1921,1928
456.921,2188.9,2196,2206,2195,2230,2205,2167,2150,2203,2185,2192,2192,2171,2176,2163,2230,2170,2206,2214,2227,2164,2185,2184,2192,2175,2162,2183,2165,2206,2184,2189
457.257,2386.2,2388,2393,2401,2385,2397,2430,2395,2338,2355,2391,2341,2369,2395,2404,2384,2378,2405,2355,2396,2361,2425,2332,2410,2400,2400,2381,2409,2380,2393,2396
457.593,2129.2,2156,2171,2146,2166,2135,2104,2108,2144,2123,2127,2128,2125,2121,2150,2127,2111,2142,2141,2125,2123,2117,2135,2138,2150,2110,2082,2138,2104,2116,2112
457.929,2181.2,2178,2162,2191,2192,2189,2204,2157,2183,2166,2186,2153,2172,2167,2208,2191,2189,2175,2184,2161,2185,2184,2213,2193,2150,2184,2145,2232,2181,2180,2182
458.265,2350.9,2365,2404,2340,2342,2372,2324,2345,2329,2332,2342,2336,2351,2355,2343,2350,2354,2335,2365,2360,2357,2342,2370,2344,2345,2342,2338,2386,2389,2308,2361
458.602,2140.9,2134,2158,2100,2129,2133,2152,2151,2135,2125,2112,2152,2150,2143,2124,2124,2132,2160,2125,2160,2131,2122,2144,2145,2136,2132,2157,2168,2162,2173,2158
458.938,2988.2,2990,2969,2974,3004,3017,2973,3006,2951,2993,3031,2970,2981,3019,2999,2981,2955,2973,2986,3004,2980,2994,2982,3005,3023,2981,2951,2989,2968,2978,3019
459.274,2151.3,2132,2134,2130,2177,2160,2182,2115,2163,2156,2121,2165,2151,2138,2142,2177,2141,2127,2152,2158,2169,2132,2145,2189,2140,2183,2166,2152,2140,2153,2149
459.610,2190.0,2180,2200,2212,2195,2187,2184,2173,2204,2185,2155,2203,2209,2136,2188,2163,2196,2171,2212,2132,2195,2206,2216,2197,2185,2178,2217,2235,2200,2208,2178
459.946,2606.2,2593,2624,2615,2580,2641,2651,2583,2585,2600,2627,2650,2600,2594,2574,2637,2607,2578,2620,2604,2624,2579,2589,2619,2606,2612,2607,2582,2569,2632,2605
460.283,2198.1,2202,2188,2236,2179,2219,2184,2198,2213,2204,2178,2174,2196,2224,2190,2213,2194,2155,2189,2208,2187,2207,2221,2194,2196,2189,2214,2214,2187,2228,2163
460.619,2248.1,2253,2235,2223,2298,2272,2285,2261,2224,2252,2258,2254,2219,2225,2258,2239,2280,2239,2271,2264,2221,2225,2213,2237,2275,2231,2230,2249,2294,2208,2249
460.955,2440.7,2412,2435,2412,2456,2424,2436,2437,2453,2437,2442,2458,2439,2425,2458,2447,2479,2430,2429,2453,2463,2464,2429,2460,2418,2440,2434,2424,2433,2486,2408
461.292,2183.3,2170,2161,2165,2197,2201,2187,2178,2173,2149,2195,2212,2193,2156,2173,2177,2154,2230,2168,2180,2178,2187,2185,2195,2222,2180,2179,2200,2182,2169,2204
461.628,2353.3,2303,2354,2349,2350,2375,2376,2333,2346,2337,2334,2358,2356,2354,2354,2352,2352,2389,2344,2393,2333,2341,2352,2323,2392,2329,2358,2408,2387,2346,2321
461.965,2099.9,2082,2118,2079,2101,2082,2085,2074,2124,2101,2105,2142,2107,2063,2120,2112,2066,2114,2123,2132,2096,2083,2109,2115,2081,2068,2081,2127,2095,2120,2093
462.301,2488.6,2474,2521,2520,2482,2488,2491,2459,2528,2481,2460,2484,2497,2513,2475,2501,2504,2486,2489,2459,2494,2466,2470,2486,2460,2459,2546,2476,2487,2470,2531
462.638,1975.4,1943,1951,1989,1974,1962,2011,1999,1950,1995,1968,1979,2027,1987,1952,2015,1980,1998,2009,1986,1954,1955,1915,1981,1965,1960,1970,1982,1974,1985,1947
462.974,1981.8,2009,2000,1958,1981,1982,1966,1959,1923,2002,1972,1970,1969,1986,2002,2015,1977,1999,1966,2013,2004,1956,2009,1946,1972,1975,2003,1977,1996,1979,1989
463.311,2658.7,2634,2654,2661,2648,2602,2637,2680,2679,2678,2669,2665,2625,2685,2633,2648,2651,2656,2678,2653,2656,2667,2660,2694,2663,2677,2696,2649,2624,2680,2660
463.648,2307.1,2300,2328,2285,2296,2335,2310,2316,2276,2297,2315,2322,2304,2297,2342,2315,2293,2321,2347,2302,2286,2248,2309,2283,2284,2313,2299,2297,2330,2312,2350
463.984,2161.4,2159,2173,2170,2182,2173,2159,2163,2133,2154,2165,2143,2143,2187,2125,2178,2164,2175,2168,2157,2120,2132,2184,2172,2150,2200,2114,2169,2199,2135,2197
464.321,2153.5,2161,2142,2120,2218,2187,2160,2163,2137,2163,2151,2136,2142,2160,2123,2212,2127,2176,2174,2132,2111,2110,2166,2189,2154,2168,2136,2144,2126,2156,2160
464.658,2272.3,2283,2299,2265,2290,2237,2225,2256,2265,2297,2282,2271,2257,2272,2281,2305,2280,2245,2237,2256,2291,2233,2304,2257,2248,2324,2308,2272,2242,2278,2309
464.994,2118.4,2116,2098,2136,2092,2120,2126,2126,2118,2112,2077,2135,2093,2123,2098,2115,2129,2107,2105,2094,2130,2117,2108,2177,2147,2148,2131,2082,2128,2142,2123
465.331,2062.1,2052,2058,2063,2046,2070,2075,2088,2005,2031,2061,2045,2082,2082,2073,2068,2060,2085,2092,2062,2056,2035,2056,2064,2066,2082,2064,2062,2039,2057,2084
465.668,2261.8,2248,2320,2255,2268,2273,2278,2250,2259,2253,2249,2332,2256,2301,2264,2242,2269,2283,2281,2294,2258,2234,2237,2282,2246,2216,2205,2280,2249,2261,2211
466.005,2549.1,2535,2550,2549,2556,2529,2561,2549,2532,2531,2556,2578,2555,2573,2547,2523,2575,2538,2552,2574,2528,2540,2579,2546,2561,2534,2518,2535,2557,2542,2569
466.342,2202.7,2178,2163,2198,2212,2216,2235,2188,2205,2189,2216,2207,2211,2190,2156,2157,2196,2234,2197,2209,2234,2187,2164,2213,2198,2249,2211,2204,2212,2209,2242
466.679,2053.7,2051,2052,2024,2065,2034,2032,2062,2050,2064,2040,2017,2054,2043,2062,2067,2044,1995,2069,2057,2095,2055,2090,2081,2058,2073,2030,2065,2029,2059,2095
467.016,2264.7,2263,2290,2242,2218,2244,2270,2270,2204,2285,2245,2302,2266,2262,2254,2262,2277,2235,2267,2274,2283,2245,2257,2306,2273,2237,2259,2274,2293,2300,2283
467.352,2375.7,2330,2387,2342,2392,2369,2376,2356,2373,2338,2381,2347,2329,2409,2377,2376,2378,2390,2380,2393,2384,2398,2377,2371,2429,2375,2399,2387,2359,2415,2353
467.689,2219.1,2189,2197,2153,2192,2177,2249,2248,2244,2225,2242,2234,2233,2235,2220,2200,2225,2210,2205,2256,2232,2200,2250,2221,2211,2199,2223,2233,2202,2224,2245
468.027,2411.2,2397,2457,2413,2413,2445,2399,2394,2342,2395,2388,2413,2442,2411,2382,2412,2412,2426,2383,2410,2407,2408,2412,2436,2399,2401,2406,2428,2433,2444,2429
468.364,2320.3,2313,2306,2319,2307,2319,2336,2357,2283,2317,2291,2332,2302,2320,2308,2285,2311,2331,2338,2307,2325,2341,2326,2342,2346,2289,2336,2315,2376,2292,2339
468.701,2230.8,2242,2226,2174,2214,2216,2235,2242,2232,2228,2237,2210,2210,2229,2240,2215,2275,2213,2248,2214,2220,2278,2254,2271,2249,2232,2217,2207,2252,2213,2232
469.038,2157.6,2164,2172,2140,2126,2149,2113,2154,2138,2156,2133,2180,2154,2156,2177,2168,2136,2176,2172,2181,2164,2167,2155,2149,2156,2140,2169,2165,2158,2181,2180
469.375,2273.1,2242,2276,2280,2293,2302,2260,2283,2252,2228,2282,2275,2292,2293,2265,2288,2283,2293,2293,2270,2276,2264,2277,2280,2249,2282,2275,2274,2282,2268,2217
469.712,2462.5,2447,2472,2495,2401,2432,2473,2505,2468,2453,2456,2447,2470,2523,2465,2432,2468,2501,2450,2470,2469,2445,2473,2472,2444,2461,2453,2427,2471,2466,2467
470.049,2314.6,2322,2351,2356,2289,2326,2327,2308,2281,2365,2309,2320,2319,2301,2316,2291,2308,2310,2325,2328,2315,2303,2299,2317,2283,2334,2261,2309,2349,2314,2302
470.387,2405.1,2401,2424,2407,2412,2394,2415,2408,2407,2444,2353,2461,2394,2368,2357,2426,2404,2395,2417,2364,2376,2394,2402,2412,2394,2447,2410,2429,2397,2433,2409
470.724,2383.4,2332,2388,2381,2366,2401,2420,2383,2368,2366,2437,2365,2404,2381,2375,2399,2386,2409,2405,2366,2413,2362,2414,2365,2378,2376,2370,2368,2401,2369,2355
471.061,2080.7,2093,2075,2055,2066,2064,2110,2060,2070,2065,2050,2070,2072,2091,2105,2096,2143,2104,2101,2068,2110,2067,2067,2058,2053,2099,2076,2080,2101,2068,2085
471.399,2115.0,2125,2108,2085,2118,2118,2112,2102,2125,2131,2072,2117,2125,2126,2105,2085,2117,2170,2126,2122,2121,2101,2130,2086,2128,2105,2111,2098,2116,2134,2132
471.736,2489.7,2518,2494,2505,2489,2492,2527,2485,2442,2482,2511,2539,2443,2516,2505,2442,2495,2486,2525,2438,2508,2519,2488,2467,2448,2493,2499,2508,2465,2468,2494
472.073,2079.5,2110,2068,2106,2058,2049,2108,2073,2081,2058,2076,2051,2089,2109,2064,2070,2088,2067,2094,2114,2072,2076,2072,2050,2089,2091,2088,2081,2100,2033,2101
472.411,2222.5,2197,2211,2199,2200,2261,2205,2200,2221,2220,2169,2213,2225,2201,2234,2255,2199,2234,2223,2238,2244,2210,2230,2275,2238,2226,2192,2231,2254,2242,2229
472.748,2235.6,2227,2233,2236,2214,2240,2190,2221,2246,2243,2250,2204,2260,2224,2248,2265,2238,2191,2237,2254,2226,2242,2254,2248,2230,2243,2241,2270,2216,2257,2220
473.086,2333.8,2325,2308,2335,2348,2325,2320,2308,2386,2353,2370,2355,2292,2354,2359,2310,2319,2314,2362,2316,2271,2314,2323,2314,2331,2389,2311,2378,2351,2342,2331
473.423,2105.7,2127,2118,2124,2098,2136,2114,2107,2088,2142,2081,2137,2082,2112,2132,2122,2123,2108,2115,2117,2052,2111,2079,2110,2116,2120,2096,2072,2062,2095,2075
473.761,2154.6,2172,2177,2123,2126,2184,2140,2152,2191,2132,2152,2154,2180,2124,2201,2182,2126,2141,2155,2115,2112,2177,2164,2163,2147,2197,2134,2166,2129,2163,2160
474.099,2079.9,2077,2098,2096,2088,2085,2082,2051,2084,2074,2056,2104,2106,2051,2113,2086,2043,2084,2118,2078,2056,2084,2104,2075,2037,2067,2049,2114,2070,2100,2067
474.436,2643.1,2638,2640,2644,2637,2673,2673,2689,2657,2625,2602,2644,2645,2601,2626,2608,2667,2693,2650,2668,2613,2625,2622,2629,2656,2632,2663,2672,2632,2639,2630
474.774,2078.2,2100,2059,2101,2075,2089,2078,2092,2101,2080,2092,2054,2053,2060,2085,2101,2051,2077,2072,2076,2073,2088,2065,2058,2061,2073,2088,2072,2092,2097,2083
475.112,2080.8,2068,2073,2102,2084,2106,2078,2081,2074,2075,2100,2068,2075,2059,2104,2062,2056,2089,2104,2077,2074,2083,2074,2125,2073,2053,2092,2044,2076,2112,2084
475.449,2191.1,2196,2195,2217,2183,2220,2176,2197,2223,2205,2231,2194,2188,2137,2188,2191,2200,2177,2151,2209,2160,2218,2170,2192,2199,2234,2177,2174,2193,2156,2181
475.787,2326.3,2329,2317,2341,2370,2305,2311,2349,2340,2303,2320,2305,2317,2335,2351,2279,2321,2326,2313,2357,2352,2334,2317,2310,2310,2300,2333,2360,2343,2323,2318
476.125,2339.2,2363,2337,2327,2347,2313,2331,2287,2320,2335,2367,2351,2326,2332,2383,2322,2277,2315,2383,2316,2378,2381,2323,2348,2300,2361,2391,2349,2324,2378,2312
476.463,2166.1,2155,2112,2199,2132,2143,2194,2156,2152,2184,2171,2158,2162,2161,2163,2165,2164,2201,2172,2178,2168,2203,2184,2180,2193,2125,2170,2182,2127,2141,2188
476.800,2146.6,2147,2141,2152,2128,2170,2152,2150,2143,2129,2113,2173,2152,2100,2156,2189,2126,2158,2142,2171,2130,2152,2150,2132,2169,2137,2146,2117,2159,2145,2168
477.138,2466.9,2403,2412,2472,2457,2460,2482,2485,2416,2465,2426,2471,2502,2463,2479,2500,2485,2494,2448,2447,2478,2488,2410,2485,2497,2488,2486,2469,2504,2453,2483
477.476,2553.5,2543,2542,2591,2548,2616,2524,2584,2524,2547,2547,2561,2577,2552,2520,2561,2524,2507,2522,2535,2520,2595,2559,2557,2546,2590,2536,2568,2556,2591,2562
477.814,2434.2,2398,2430,2464,2456,2461,2443,2402,2425,2393,2441,2414,2449,2412,2469,2453,2464,2418,2451,2442,2423,2434,2425,2440,2447,2416,2448,2438,2449,2378,2442
478.152,2064.9,2100,2011,2047,2035,2051,2053,2098,2017,2053,2068,2049,2091,2063,2090,2102,2063,2069,2054,2068,2012,2068,2075,2052,2084,2052,2084,2074,2079,2081,2104
478.490,2294.7,2266,2296,2334,2272,2260,2273,2252,2314,2249,2315,2334,2313,2290,2298,2341,2330,2314,2289,2337,2293,2270,2283,2341,2286,2245,2264,2276,2318,2303,2284
478.828,2218.0,2244,2241,2194,2241,2222,2212,2211,2209,2248,2198,2228,2238,2207,2197,2221,2209,2207,2239,2179,2235,2177,2213,2224,2213,2239,2213,2216,2213,2213,2238
479.166,2078.1,2115,2058,2108,2069,2083,2090,2022,2087,2069,2088,2035,2045,2113,2062,2101,2079,2093,2066,2072,2092,2098,2072,2111,2076,2094,2089,2083,2098,2047,2029
479.504,2320.8,2340,2301,2319,2348,2331,2309,2320,2311,2313,2358,2297,2299,2357,2345,2321,2312,2314,2298,2310,2324,2319,2298,2371,2274,2328,2307,2328,2287,2325,2360
479.843,2291.4,2261,2276,2327,2278,2288,2297,2283,2257,2316,2293,2270,2347,2269,2285,2314,2302,2302,2318,2311,2284,2296,2287,2289,2282,2291,2282,2290,2254,2295,2297
480.181,2464.0,2488,2444,2451,2480,2457,2478,2460,2512,2438,2470,2463,2466,2453,2441,2464,2455,2460,2441,2472,2465,2443,2444,2501,2425,2491,2463,2473,2493,2472,2456
480.519,2420.6,2441,2425,2408,2419,2430,2438,2408,2390,2401,2451,2415,2408,2419,2433,2396,2424,2423,2400,2416,2392,2421,2409,2438,2415,2415,2442,2482,2429,2423,2406
480.857,2334.9,2310,2333,2347,2336,2308,2319,2368,2329,2346,2309,2358,2342,2357,2353,2341,2333,2281,2358,2334,2339,2324,2331,2331,2337,2357,2355,2291,2354,2345,2321
481.195,2277.2,2266,2266,2255,2282,2257,2273,2280,2271,2232,2293,2250,2300,2301,2306,2266,2320,2255,2240,2277,2285,2242,2270,2322,2262,2319,2287,2276,2295,2274,2294
481.534,2225.9,2243,2216,2236,2235,2188,2251,2214,2206,2189,2265,2234,2218,2241,2223,2241,2251,2267,2250,2219,2219,2191,2191,2206,2203,2244,2248,2218,2196,2254,2220
481.872,2119.0,2096,2117,2079,2110,2104,2125,2122,2181,2116,2154,2141,2135,2140,2107,2140,2145,2124,2114,2152,2137,2120,2089,2096,2128,2123,2088,2059,2092,2130,2106
482.210,2319.3,2312,2319,2323,2296,2316,2313,2309,2328,2293,2339,2277,2321,2348,2302,2307,2295,2368,2353,2305,2360,2320,2296,2295,2316,2359,2316,2286,2326,2329,2351
482.549,2020.3,2019,2031,2004,1991,2020,2002,2052,2038,2024,2041,2025,1999,2042,1969,2003,2013,2046,2028,2042,2025,2049,2015,2019,1975,2024,2009,2067,1984,2000,2054
482.887,2393.2,2394,2427,2366,2402,2397,2387,2397,2393,2434,2365,2390,2375,2438,2443,2393,2367,2405,2463,2404,2347,2364,2387,2387,2365,2373,2380,2372,2376,2392,2413
483.226,2360.5,2399,2368,2329,2362,2333,2354,2362,2394,2347,2334,2338,2376,2364,2365,2344,2368,2348,2417,2360,2365,2370,2369,2366,2388,2357,2345,2328,2335,2376,2355
483.564,2198.4,2195,2248,2193,2231,2172,2176,2219,2176,2198,2217,2241,2241,2234,2180,2174,2224,2182,2159,2204,2220,2201,2192,2150,2202,2172,2206,2202,2171,2177,2194
483.903,2064.7,2104,2034,2047,2065,2016,2094,2068,2056,2061,2067,2068,2101,2069,2037,2069,2092,2059,2075,2090,2051,2085,2013,2045,2075,2086,2086,2070,2026,2044,2088
484.241,2152.8,2154,2138,2129,2160,2184,2184,2141,2158,2174,2086,2137,2154,2161,2185,2137,2149,2132,2152,2152,2136,2171,2152,2148,2157,2171,2155,2137,2157,2158,2174
484.580,2204.1,2238,2220,2173,2227,2193,2164,2214,2178,2187,2213,2218,2191,2227,2220,2202,2212,2243,2213,2239,2235,2184,2181,2163,2199,2243,2204,2210,2153,2146,2233
484.918,2160.3,2158,2149,2152,2140,2123,2178,2167,2189,2174,2189,2138,2181,2173,2134,2209,2126,2165,2156,2162,2176,2184,2164,2148,2125,2169,2165,2184,2134,2140,2156
485.257,2127.4,2170,2128,2141,2151,2091,2141,2110,2094,2103,2099,2144,2128,2148,2118,2131,2108,2122,2118,2126,2106,2181,2123,2153,2123,2126,2144,2104,2149,2049,2193
485.596,2732.9,2762,2749,2728,2740,2713,2730,2733,2693,2742,2750,2747,2763,2734,2728,2762,2772,2765,2721,2724,2700,2744,2688,2737,2734,2736,2719,2712,2699,2728,2735
485.934,2431.6,2413,2449,2427,2424,2469,2422,2436,2420,2418,2403,2400,2464,2425,2441,2434,2458,2434,2449,2418,2396,2463,2374,2462,2412,2420,2446,2469,2449,2443,2410
486.273,2170.0,2170,2145,2139,2208,2205,2150,2172,2177,2143,2145,2182,2178,2210,2199,2160,2179,2184,2162,2133,2173,2192,2190,2150,2160,2182,2147,2188,2183,2136,2157
486.612,2145.3,2144,2130,2132,2161,2125,2115,2126,2150,2158,2190,2164,2128,2140,2152,2140,2166,2139,2141,2182,2158,2142,2171,2099,2150,2110,2120,2173,2159,2152,2141
486.950,2189.6,2213,2185,2169,2179,2187,2222,2217,2170,2180,2190,2196,2249,2191,2194,2216,2176,2172,2168,2192,2163,2220,2188,2187,2159,2201,2153,2196,2201,2184,2170
487.289,2361.7,2304,2373,2391,2346,2305,2394,2371,2382,2357,2329,2388,2347,2366,2331,2368,2348,2390,2358,2380,2376,2373,2367,2386,2357,2374,2330,2377,2379,2338,2367
487.628,1883.7,1904,1877,1906,1880,1850,1893,1865,1876,1904,1907,1864,1903,1888,1876,1872,1884,1879,1919,1891,1876,1840,1888,1876,1888,1880,1897,1884,1876,1894,1875
487.967,2213.9,2234,2203,2186,2235,2207,2204,2217,2235,2211,2198,2232,2221,2239,2227,2199,2248,2228,2197,2187,2219,2232,2197,2177,2191,2202,2197,2206,2200,2241,2248
488.306,2237.9,2213,2258,2263,2257,2259,2214,2220,2224,2226,2220,2264,2239,2282,2244,2240,2252,2225,2254,2266,2238,2240,2207,2242,2224,2245,2255,2198,2218,2204,2246
488.645,2232.1,2223,2268,2206,2232,2243,2193,2220,2211,2214,2218,2223,2198,2233,2208,2260,2232,2249,2244,2237,2250,2250,2262,2216,2260,2208,2267,2242,2260,2219,2218
488.984,2296.0,2272,2290,2329,2317,2305,2278,2277,2300,2284,2275,2325,2264,2300,2280,2314,2320,2275,2320,2308,2319,2283,2331,2296,2314,2292,2296,2291,2239,2288,2298
489.323,2013.7,1989,2056,1989,2003,1998,2020,1977,1992,2004,2020,2061,2046,1974,2064,1996,2028,2062,2002,2020,2016,2038,1992,1990,2038,1999,2050,1995,2012,2010,1970
489.662,2446.9,2424,2406,2457,2482,2488,2421,2457,2397,2399,2427,2444,2456,2460,2453,2428,2438,2473,2456,2505,2465,2427,2459,2490,2437,2416,2457,2440,2434,2466,2445
490.001,2300.9,2277,2306,2267,2301,2293,2287,2270,2307,2286,2284,2316,2312,2290,2280,2331,2353,2311,2303,2301,2309,2313,2280,2329,2297,2324,2308,2307,2301,2292,2291
490.340,2238.0,2210,2239,2233,2263,2233,2217,2249,2258,2246,2249,2217,2221,2180,2264,2258,2254,2209,2213,2265,2221,2264,2264,2245,2205,2209,2248,2268,2236,2249,2254
490.679,2362.5,2343,2330,2386,2356,2419,2313,2383,2345,2404,2392,2351,2337,2360,2340,2376,2337,2366,2317,2335,2386,2363,2372,2370,2389,2344,2393,2335,2366,2414,2352
491.018,2294.5,2332,2299,2288,2307,2344,2279,2282,2290,2296,2302,2291,2296,2286,2298,2307,2278,2283,2280,2296,2296,2310,2290,2287,2298,2246,2306,2305,2290,2290,2284
491.357,2482.0,2483,2466,2485,2478,2465,2477,2446,2500,2494,2514,2450,2474,2497,2453,2534,2465,2473,2453,2489,2498,2478,2488,2474,2465,2485,2510,2494,2474,2501,2498
491.697,2214.8,2231,2207,2240,2233,2224,2174,2248,2232,2190,2217,2162,2195,2228,2201,2246,2190,2185,2224,2252,2231,2209,2203,2225,2227,2197,2207,2206,2226,2221,2213
492.036,2176.2,2195,2192,2121,2136,2181,2163,2156,2172,2172,2179,2163,2192,2144,2174,2205,2161,2189,2165,2182,2206,2125,2156,2186,2226,2172,2200,2217,2159,2171,2226
492.375,2470.9,2485,2485,2447,2484,2508,2451,2469,2434,2437,2520,2472,2466,2446,2467,2470,2466,2458,2459,2511,2517,2479,2492,2465,2412,2486,2485,2447,2468,2464,2477
492.714,2362.2,2393,2345,2398,2363,2361,2344,2365,2361,2378,2359,2338,2402,2349,2374,2360,2386,2328,2350,2376,2337,2342,2356,2350,2352,2367,2365,2372,2360,2340,2395
493.054,2319.6,2312,2290,2266,2305,2306,2344,2325,2318,2294,2336,2372,2332,2305,2303,2298,2300,2364,2303,2298,2337,2362,2304,2304,2354,2348,2321,2291,2298,2357,2340
493.393,1924.2,1932,1920,1904,1918,1948,1886,1914,1921,1930,1928,1887,1923,1916,1928,1922,1918,1950,1913,1916,1912,1971,1923,1939,1946,1900,1942,1910,1923,1941,1946
493.732,2360.0,2393,2392,2366,2336,2362,2377,2333,2362,2389,2335,2393,2345,2351,2341,2327,2395,2386,2321,2355,2376,2314,2344,2380,2366,2339,2365,2362,2358,2353,2384
494.072,2238.3,2241,2256,2241,2242,2258,2216,2233,2211,2253,2224,2244,2226,2229,2239,2243,2219,2233,2207,2270,2232,2296,2252,2228,2270,2237,2226,2226,2234,2267,2197
494.411,2220.3,2253,2233,2209,2206,2217,2217,2240,2212,2232,2223,2226,2217,2251,2192,2173,2209,2169,2222,2247,2263,2207,2194,2235,2197,2241,2217,2224,2235,2227,2222
494.751,2241.8,2233,2248,2214,2261,2256,2227,2284,2238,2220,2241,2242,2244,2217,2258,2226,2250,2271,2259,2250,2257,2263,2206,2237,2220,2252,2223,2197,2278,2227,2256
495.090,2161.1,2168,2165,2126,2177,2143,2158,2136,2152,2137,2195,2143,2172,2159,2186,2129,2206,2131,2168,2164,2155,2124,2193,2169,2129,2174,2184,2181,2178,2168,2163
495.430,1970.4,1973,1989,1957,1981,1995,1952,1979,1983,1943,1983,2002,1995,1922,2004,1932,1948,1956,1956,1972,1978,1954,1985,1973,1994,2008,1966,1964,1955,1962,1950
495.769,2006.9,1997,2009,1999,2001,2037,2003,2006,2026,1981,1996,2001,2020,1977,1985,2001,1994,1995,2022,2000,2026,1999,2027,2016,2004,2003,2001,2027,2028,2029,1996
496.109,2324.7,2266,2315,2300,2351,2335,2309,2311,2282,2314,2307,2330,2369,2339,2281,2342,2338,2341,2322,2349,2335,2300,2356,2322,2336,2324,2360,2324,2315,2337,2332
496.449,2015.6,1998,1991,2002,2021,2023,2023,1969,2013,1998,2046,2035,2029,1979,2013,2026,2044,1995,2001,2021,1997,1992,2049,2060,2012,2019,2019,1974,2061,2022,2036
496.788,2223.7,2208,2243,2213,2218,2227,2217,2239,2284,2232,2217,2184,2243,2234,2202,2196,2219,2258,2185,2230,2214,2243,2207,2222,2244,2237,2227,2189,2195,2230,2254
497.128,2266.3,2271,2268,2270,2273,2251,2277,2307,2236,2281,2257,2254,2259,2300,2272,2238,2229,2250,2286,2261,2270,2248,2245,2230,2273,2279,2282,2292,2277,2291,2262
497.468,2442.4,2435,2439,2406,2433,2414,2446,2425,2451,2429,2434,2425,2458,2421,2422,2468,2440,2455,2433,2445,2436,2453,2470,2451,2464,2455,2420,2462,2456,2445,2481
497.808,2081.4,2106,2074,2069,2073,2081,2063,2094,2058,2064,2088,2076,2091,2068,2096,2089,2081,2050,2127,2070,2088,2114,2094,2084,2094,2102,2090,2088,2072,2061,2038
498.147,2197.8,2179,2157,2195,2171,2196,2234,2173,2159,2221,2193,2178,2234,2221,2197,2155,2199,2207,2179,2209,2219,2225,2159,2226,2219,2176,2150,2223,2197,2250,2233
498.487,1927.1,1917,1928,1878,1927,1928,1946,1922,1893,1916,1930,1955,1924,1919,1954,1924,1928,1917,1921,1952,1920,1976,1921,1931,1919,1924,1903,1925,1941,1914,1961
498.827,2415.3,2411,2417,2420,2444,2390,2440,2398,2447,2427,2414,2426,2395,2416,2372,2370,2411,2408,2463,2425,2446,2422,2401,2421,2431,2377,2439,2418,2392,2434,2384
499.167,1913.9,1906,1886,1892,1916,1915,1923,1898,1914,1921,1898,1932,1929,1944,1899,1917,1912,1931,1934,1939,1920,1892,1888,1897,1933,1938,1923,1889,1886,1956,1888
499.507,2153.5,2134,2160,2127,2158,2153,2149,2150,2184,2174,2161,2161,2140,2118,2122,2193,2165,2122,2186,2136,2171,2120,2152,2152,2153,2168,2169,2160,2168,2155,2145
499.847,2216.6,2219,2212,2221,2240,2184,2215,2195,2177,2228,2218,2232,2241,2227,2186,2200,2214,2216,2198,2225,2242,2197,2202,2228,2218,2184,2229,2228,2246,2234,2241
500.187,2169.3,2170,2172,2151,2177,2179,2161,2204,2184,2183,2143,2165,2159,2175,2156,2134,2177,2180,2167,2154,2175,2196,2155,2156,2160,2193,2165,2175,2197,2180,2137
500.527,2511.3,2465,2487,2517,2543,2498,2504,2517,2509,2502,2501,2492,2544,2509,2469,2494,2511,2458,2512,2549,2537,2530,2552,2528,2482,2495,2525,2563,2535,2495,2516
500.867,2386.1,2382,2382,2383,2343,2410,2381,2400,2397,2384,2406,2374,2426,2335,2359,2428,2397,2333,2341,2394,2430,2380,2395,2385,2379,2412,2370,2386,2423,2367,2401
501.207,2033.1,2038,2025,2023,2026,2056,2077,2013,2037,2030,2045,2011,2050,2072,2037,2049,1996,2055,2080,2037,2022,2032,1976,2023,2044,2000,1999,2032,2034,2046,2028
501.547,2057.0,2054,2054,2035,2024,2044,2056,2048,2056,2086,2086,2065,2027,2056,2058,2067,2061,2062,2073,2044,2051,2059,2055,2098,2043,2051,2046,2014,2093,2082,2061
501.887,2128.4,2155,2112,2149,2104,2132,2137,2141,2136,2122,2120,2148,2122,2118,2076,2165,2129,2120,2139,2134,2140,2129,2118,2151,2128,2111,2136,2134,2108,2117,2120
502.227,2040.1,2069,2053,2019,2004,2050,2066,2046,1999,2012,2070,1989,2059,2065,2039,2041,2017,2042,2035,2050,2039,2024,2046,2022,2032,2044,2101,2033,2047,2047,2043
502.567,2514.6,2580,2515,2505,2516,2521,2512,2509,2489,2493,2520,2539,2539,2529,2501,2546,2484,2518,2500,2506,2501,2510,2534,2507,2534,2511,2525,2482,2499,2520,2492
502.907,2110.8,2100,2076,2141,2096,2098,2098,2108,2136,2112,2089,2120,2106,2062,2130,2153,2120,2115,2092,2115,2103,2097,2120,2137,2090,2132,2119,2116,2121,2107,2114
503.248,2231.9,2232,2237,2193,2235,2210,2260,2227,2239,2207,2200,2237,2252,2243,2254,2214,2218,2205,2224,2264,2220,2205,2249,2225,2189,2284,2257,2258,2210,2271,2237
503.588,1907.6,1902,1905,1933,1911,1914,1916,1976,1898,1918,1916,1912,1918,1889,1906,1893,1899,1884,1907,1953,1901,1904,1876,1907,1913,1896,1934,1886,1875,1891,1896
503.928,2333.9,2328,2367,2341,2349,2344,2341,2371,2353,2329,2290,2313,2296,2340,2320,2339,2373,2344,2339,2315,2322,2348,2312,2306,2342,2317,2316,2335,2367,2345,2315
504.269,2224.5,2224,2216,2170,2257,2186,2211,2238,2179,2191,2234,2208,2222,2214,2233,2223,2210,2197,2253,2234,2241,2237,2210,2253,2264,2218,2235,2274,2223,2243,2236
504.609,2117.0,2103,2131,2123,2107,2126,2117,2095,2106,2123,2136,2100,2067,2109,2127,2109,2092,2116,2109,2154,2126,2145,2124,2124,2161,2089,2106,2090,2140,2145,2111
504.949,2262.0,2258,2253,2287,2287,2304,2269,2237,2262,2198,2269,2254,2257,2255,2267,2310,2285,2242,2229,2244,2293,2267,2279,2250,2280,2279,2230,2280,2246,2238,2251
505.290,2122.4,2145,2134,2105,2106,2128,2132,2149,2113,2100,2111,2121,2083,2153,2108,2121,2148,2058,2131,2106,2112,2111,2127,2114,2154,2129,2140,2144,2126,2094,2168
505.630,2373.7,2371,2360,2366,2374,2378,2413,2344,2353,2350,2371,2352,2367,2406,2360,2360,2393,2310,2406,2378,2404,2367,2362,2382,2363,2384,2407,2379,2393,2352,2405
505.971,2263.3,2267,2263,2248,2296,2275,2277,2292,2258,2253,2267,2232,2252,2300,2294,2250,2299,2211,2268,2262,2264,2261,2237,2315,2246,2216,2250,2265,2284,2233,2264
506.311,2312.2,2259,2312,2321,2317,2332,2331,2328,2335,2283,2295,2296,2302,2350,2340,2310,2330,2288,2284,2309,2305,2311,2319,2294,2299,2299,2319,2328,2313,2308,2348
506.652,2464.8,2486,2468,2418,2466,2475,2473,2478,2431,2486,2490,2433,2474,2524,2470,2474,2465,2470,2478,2485,2419,2435,2472,2460,2471,2453,2445,2461,2441,2456,2488
506.992,2484.1,2466,2491,2490,2476,2483,2446,2485,2517,2440,2441,2458,2467,2482,2488,2482,2526,2498,2493,2465,2511,2469,2480,2472,2517,2488,2485,2498,2502,2498,2508
507.333,2102.6,2105,2159,2094,2094,2106,2080,2114,2101,2078,2104,2111,2077,2076,2047,2126,2058,2107,2122,2126,2154,2137,2107,2083,2130,2096,2107,2091,2113,2079,2095
507.673,2051.6,2033,2025,2064,2064,2024,2054,2092,2047,2042,2028,2089,2065,2034,2040,2052,2077,2018,2050,2081,2052,2052,2036,2022,2036,2059,2086,2041,2047,2075,2064
508.014,2450.0,2456,2454,2445,2493,2440,2426,2416,2431,2448,2492,2420,2426,2477,2466,2440,2419,2460,2490,2440,2407,2449,2460,2451,2461,2442,2478,2466,2441,2443,2463
508.355,2224.4,2216,2241,2234,2258,2205,2213,2232,2203,2226,2206,2250,2180,2231,2198,2277,2220,2208,2230,2248,2235,2217,2225,2218,2230,2228,2202,2232,2220,2219,2229
508.695,2284.0,2282,2303,2293,2273,2289,2291,2306,2255,2295,2300,2300,2258,2233,2326,2318,2246,2266,2295,2290,2309,2240,2303,2258,2259,2297,2267,2317,2278,2271,2302
509.036,2081.6,2088,2091,2077,2054,2063,2093,2104,2086,2100,2060,2102,2048,2068,2089,2077,2074,2075,2085,2053,2079,2092,2091,2090,2040,2105,2086,2091,2079,2099,2110
509.377,2269.2,2271,2276,2281,2276,2291,2274,2234,2277,2277,2271,2289,2270,2276,2271,2238,2257,2258,2278,2244,2318,2265,2260,2287,2255,2239,2293,2262,2261,2258,2270
509.718,2050.0,2016,2043,2031,2050,2050,2064,2043,2060,2056,2038,2040,2013,2062,2033,2040,2033,2024,2073,2078,2097,2033,2033,2077,2035,2035,2068,2076,2037,2106,2056
510.059,2151.9,2168,2159,2150,2166,2127,2140,2158,2143,2136,2187,2138,2166,2140,2138,2116,2107,2149,2152,2125,2160,2132,2184,2164,2167,2151,2162,2169,2178,2159,2165
510.399,2043.6,2055,2099,2046,2052,2032,2075,2025,2045,2034,2029,2048,2054,2006,2031,2031,2059,2025,2054,2016,2060,2037,2057,2057,2041,2035,2031,2050,2043,2062,2020
510.740,2143.3,2161,2212,2152,2146,2120,2134,2122,2126,2156,2142,2152,2123,2162,2150,2160,2112,2163,2152,2153,2155,2130,2108,2148,2160,2149,2140,2160,2121,2119,2111
511.081,2187.9,2197,2197,2198,2200,2185,2194,2193,2179,2158,2204,2168,2199,2211,2202,2228,2215,2171,2163,2203,2173,2145,2189,2190,2152,2198,2181,2184,2207,2185,2168
511.422,2104.9,2108,2069,2130,2104,2108,2116,2094,2123,2087,2093,2082,2114,2101,2104,2123,2069,2094,2123,2122,2099,2128,2103,2089,2106,2096,2129,2137,2093,2103,2099
511.763,2065.8,1999,2058,2067,2048,2078,2060,2089,2076,2073,2106,2097,2047,2102,2035,2055,2063,2040,2114,2070,2030,2093,2088,2008,2060,2033,2095,2074,2058,2095,2063
512.104,2273.2,2259,2335,2257,2246,2278,2253,2276,2270,2268,2275,2272,2307,2308,2287,2265,2255,2314,2286,2262,2302,2254,2278,2307,2262,2283,2202,2287,2251,2250,2247
512.445,2176.3,2186,2172,2196,2168,2152,2175,2177,2146,2154,2206,2166,2189,2180,2153,2186,2183,2198,2199,2167,2180,2173,2158,2173,2233,2175,2174,2172,2149,2181,2168
512.786,2178.1,2186,2151,2152,2175,2176,2185,2208,2143,2155,2191,2180,2177,2175,2222,2191,2225,2167,2172,2188,2180,2168,2190,2188,2178,2172,2198,2153,2169,2137,2191
513.127,2321.1,2237,2315,2344,2297,2344,2320,2338,2340,2284,2313,2334,2379,2328,2299,2315,2331,2335,2284,2329,2336,2328,2322,2289,2342,2317,2328,2318,2301,2360,2326
513.468,2485.6,2523,2499,2516,2434,2498,2524,2511,2460,2482,2510,2455,2454,2468,2434,2494,2476,2537,2484,2480,2529,2507,2471,2510,2429,2502,2472,2468,2464,2508,2470
513.810,2380.1,2412,2405,2369,2382,2354,2423,2394,2380,2354,2357,2370,2379,2346,2351,2344,2384,2352,2389,2384,2366,2354,2388,2378,2387,2376,2413,2412,2381,2407,2413
514.151,2378.9,2381,2411,2392,2395,2367,2344,2361,2398,2393,2386,2351,2365,2384,2406,2389,2387,2358,2413,2366,2325,2351,2374,2388,2383,2389,2391,2347,2380,2404,2387
514.492,2670.6,2654,2632,2666,2641,2690,2672,2646,2679,2650,2670,2716,2630,2696,2675,2683,2696,2686,2690,2658,2716,2669,2673,2644,2692,2658,2650,2671,2690,2672,2653
514.833,2273.1,2259,2296,2285,2246,2277,2235,2266,2235,2274,2264,2292,2302,2303,2258,2258,2293,2285,2289,2266,2264,2241,2293,2260,2248,2296,2271,2299,2264,2284,2290
515.174,2096.1,2108,2101,2089,2103,2068,2045,2132,2108,2104,2095,2082,2078,2109,2083,2108,2118,2119,2098,2073,2115,2092,2089,2080,2102,2093,2083,2100,2112,2106,2091
515.516,2129.7,2134,2092,2127,2083,2137,2082,2126,2169,2145,2073,2121,2150,2151,2113,2153,2107,2110,2104,2127,2184,2140,2117,2125,2131,2140,2156,2156,2134,2152,2153
515.857,2152.1,2173,2211,2132,2146,2166,2158,2154,2153,2107,2180,2149,2120,2136,2183,2143,2136,2129,2162,2146,2168,2168,2145,2138,2117,2156,2172,2185,2146,2147,2137
516.198,2154.3,2150,2161,2179,2204,2146,2160,2209,2155,2193,2193,2141,2177,2151,2160,2144,2145,2140,2121,2177,2134,2156,2154,2143,2160,2152,2129,2126,2105,2140,2124
516.540,2044.7,2013,2037,2066,2059,2019,2062,2014,2011,2020,2038,2062,2056,1997,2077,2035,2053,2038,2011,2032,2068,2030,2067,2048,2082,2091,2020,2025,2055,2070,2085
516.881,1919.2,1920,1940,1899,1914,1930,1940,1924,1878,1930,1917,1938,1940,1942,1896,1910,1906,1923,1906,1922,1933,1920,1939,1901,1913,1921,1904,1933,1899,1911,1928
517.223,2308.9,2290,2301,2298,2326,2310,2315,2288,2298,2287,2293,2328,2314,2316,2312,2312,2281,2318,2285,2305,2344,2315,2310,2309,2307,2321,2305,2313,2330,2345,2290
517.564,2156.8,2196,2114,2214,2178,2142,2150,2172,2189,2157,2138,2155,2165,2168,2164,2166,2158,2133,2185,2177,2141,2177,2151,2132,2164,2156,2117,2152,2122,2135,2136
517.906,2224.3,2211,2222,2252,2204,2238,2193,2255,2271,2272,2246,2236,2212,2239,2252,2212,2240,2232,2227,2213,2261,2236,2186,2209,2237,2250,2187,2189,2206,2186,2155
518.247,2206.2,2206,2240,2196,2213,2190,2219,2197,2222,2221,2129,2234,2199,2198,2219,2178,2234,2202,2203,2204,2181,2200,2224,2234,2226,2245,2201,2182,2185,2211,2193
518.589,2235.9,2248,2244,2244,2228,2208,2253,2221,2291,2254,2226,2218,2201,2197,2211,2213,2234,2257,2263,2235,2282,2222,2243,2261,2217,2254,2226,2240,2228,2256,2203
518.930,2005.3,2042,2010,2003,1985,1982,1985,1988,2005,2028,2000,2001,2019,2014,2009,2001,2004,1984,2011,1984,2010,2016,2004,2042,1998,2005,2016,2021,1981,2013,1998
519.272,2199.1,2197,2208,2174,2243,2186,2223,2200,2172,2157,2195,2182,2188,2191,2172,2180,2200,2233,2195,2218,2164,2215,2220,2201,2205,2223,2205,2226,2195,2228,2176
519.613,2200.7,2209,2200,2192,2160,2192,2215,2202,2224,2174,2226,2222,2161,2202,2168,2217,2228,2193,2204,2191,2229,2185,2220,2206,2237,2169,2204,2146,2208,2193,2243
519.955,2146.5,2172,2145,2150,2117,2135,2180,2175,2194,2147,2171,2133,2137,2174,2124,2122,2181,2148,2133,2156,2141,2123,2168,2113,2129,2103,2147,2136,2110,2146,2185
520.297,2131.2,2128,2108,2127,2130,2119,2132,2125,2134,2111,2090,2146,2107,2118,2123,2108,2117,2176,2115,2142,2156,2152,2150,2166,2151,2159,2147,2137,2117,2155,2091
520.639,2308.3,2333,2297,2309,2270,2330,2323,2294,2315,2355,2343,2285,2346,2304,2269,2300,2287,2303,2263,2300,2300,2331,2301,2278,2321,2334,2301,2331,2300,2319,2307
520.980,2077.6,2106,2041,2059,2088,2056,2069,2061,2093,2072,2081,2110,2069,2138,2062,2077,2090,2073,2014,2074,2107,2091,2079,2116,2063,2068,2067,2072,2079,2084,2068
521.322,2211.0,2200,2228,2248,2199,2235,2231,2238,2213,2212,2185,2233,2223,2191,2190,2192,2198,2183,2193,2188,2232,2202,2208,2225,2200,2234,2181,2213,2216,2220,2219
521.664,2180.7,2171,2179,2186,2188,2165,2176,2141,2179,2155,2158,2202,2220,2230,2117,2176,2169,2175,2178,2185,2175,2134,2201,2173,2220,2165,2172,2218,2176,2213,2223
522.006,2091.1,2079,2093,2105,2067,2073,2059,2100,2117,2090,2053,2105,2066,2120,2096,2145,2088,2094,2085,2074,2108,2104,2104,2087,2083,2101,2057,2084,2086,2106,2105
522.348,2211.1,2206,2200,2205,2198,2239,2199,2217,2203,2219,2165,2175,2204,2206,2237,2230,2205,2196,2200,2268,2248,2206,2200,2211,2206,2208,2192,2247,2210,2225,2207
522.690,2240.6,2237,2259,2264,2207,2239,2256,2252,2224,2218,2221,2243,2204,2251,2219,2252,2236,2298,2254,2209,2233,2264,2255,2228,2245,2274,2209,2214,2248,2266,2238
523.031,2118.0,2120,2099,2095,2065,2132,2176,2078,2161,2152,2121,2143,2172,2142,2084,2118,2132,2133,2107,2081,2082,2108,2107,2152,2101,2135,2095,2129,2106,2103,2111
523.373,2279.4,2283,2278,2298,2245,2250,2289,2257,2291,2285,2272,2270,2281,2294,2272,2296,2276,2299,2273,2276,2293,2268,2256,2316,2289,2305,2270,2253,2267,2282,2297
523.715,2481.7,2455,2457,2468,2464,2467,2429,2467,2520,2504,2450,2479,2531,2480,2454,2488,2503,2466,2478,2484,2503,2486,2502,2476,2458,2510,2461,2486,2483,2513,2530
524.057,2256.4,2222,2246,2287,2290,2224,2285,2217,2269,2266,2240,2276,2242,2249,2233,2238,2235,2249,2239,2271,2232,2306,2222,2241,2268,2285,2271,2307,2245,2277,2259
524.399,2412.0,2346,2427,2418,2414,2440,2444,2410,2441,2415,2398,2410,2452,2393,2412,2443,2451,2373,2395,2397,2422,2432,2414,2410,2391,2408,2348,2428,2425,2387,2415
524.742,2381.6,2368,2389,2425,2396,2392,2374,2386,2409,2383,2348,2373,2378,2348,2340,2368,2412,2385,2374,2372,2412,2372,2359,2387,2357,2443,2384,2370,2358,2390,2395
525.084,2297.3,2271,2261,2309,2278,2315,2307,2318,2294,2309,2258,2297,2285,2287,2322,2231,2267,2287,2326,2301,2317,2292,2321,2278,2319,2291,2326,2304,2326,2300,2321
525.426,2358.8,2352,2363,2361,2392,2370,2309,2356,2367,2354,2339,2373,2330,2373,2370,2396,2370,2357,2371,2368,2289,2322,2366,2370,2364,2355,2374,2376,2349,2372,2357
525.768,1854.0,1884,1859,1884,1836,1830,1854,1851,1873,1832,1860,1845,1849,1855,1853,1866,1875,1842,1837,1870,1848,1860,1848,1852,1845,1835,1880,1843,1843,1859,1853
526.110,2470.4,2477,2465,2468,2503,2471,2455,2439,2498,2479,2431,2482,2456,2467,2495,2445,2461,2432,2465,2484,2467,2465,2456,2501,2478,2451,2463,2500,2505,2508,2446
526.452,2340.9,2345,2280,2344,2341,2389,2344,2352,2321,2292,2363,2355,2328,2342,2399,2356,2317,2356,2290,2311,2348,2346,2328,2364,2364,2349,2320,2355,2366,2321,2341
526.795,2502.2,2509,2502,2527,2445,2493,2522,2492,2492,2519,2495,2528,2528,2488,2505,2504,2514,2521,2470,2493,2502,2454,2487,2494,2516,2512,2509,2520,2540,2497,2488
527.137,2093.2,2150,2099,2118,2077,2056,2088,2109,2096,2096,2110,2064,2078,2092,2074,2114,2056,2077,2092,2061,2098,2110,2080,2089,2083,2120,2106,2140,2113,2070,2080
527.479,2226.1,2226,2258,2230,2210,2226,2202,2211,2184,2209,2210,2215,2226,2230,2250,2246,2226,2237,2221,2219,2248,2185,2203,2237,2247,2212,2246,2219,2258,2239,2253
527.822,2324.2,2299,2335,2332,2343,2345,2322,2368,2288,2312,2301,2379,2308,2298,2307,2368,2303,2312,2326,2309,2294,2341,2291,2333,2344,2301,2314,2333,2318,2328,2375
528.164,2242.7,2259,2254,2289,2250,2229,2253,2256,2254,2228,2210,2252,2244,2226,2219,2227,2244,2240,2232,2253,2288,2246,2219,2264,2227,2252,2262,2242,2218,2208,2237
528.506,2288.6,2296,2289,2304,2285,2276,2250,2270,2285,2300,2296,2272,2333,2277,2278,2262,2280,2292,2297,2298,2296,2300,2272,2321,2301,2273,2296,2288,2301,2275,2296
528.849,2308.1,2279,2296,2347,2278,2331,2314,2282,2309,2306,2313,2286,2341,2339,2294,2327,2271,2355,2301,2282,2263,2298,2331,2311,2350,2275,2310,2314,2312,2349,2279
529.191,2071.6,2027,2041,2051,2093,2084,2136,2089,2056,2085,2082,2091,2062,2104,2084,2104,2046,2047,2072,2057,2047,2070,2090,2054,2054,2067,2066,2104,2049,2088,2047
529.534,2201.3,2184,2209,2209,2196,2205,2210,2245,2245,2212,2193,2177,2206,2174,2200,2238,2230,2188,2187,2189,2199,2191,2219,2194,2208,2198,2153,2173,2225,2192,2191
529.876,2494.1,2532,2477,2506,2499,2504,2453,2477,2499,2477,2462,2495,2507,2469,2494,2492,2509,2505,2459,2479,2532,2482,2532,2485,2488,2493,2519,2512,2485,2478,2522
530.219,2441.9,2396,2461,2459,2445,2440,2419,2425,2430,2457,2461,2408,2469,2424,2473,2441,2440,2416,2451,2467,2510,2454,2460,2413,2457,2485,2382,2457,2383,2443,2432
530.561,2327.9,2303,2331,2297,2342,2325,2314,2331,2338,2340,2330,2328,2329,2344,2316,2287,2322,2320,2328,2329,2334,2342,2346,2316,2334,2314,2328,2336,2345,2347,2341
530.904,2049.3,2054,2074,2035,2057,2015,2054,2080,2057,2028,2041,2060,2058,2062,2024,2045,2038,2064,2045,2060,2044,2077,2024,2047,2020,2097,2040,2046,2048,2047,2039
531.246,2167.1,2160,2172,2198,2186,2200,2153,2182,2178,2148,2158,2184,2164,2150,2195,2170,2217,2101,2203,2162,2174,2134,2182,2130,2168,2127,2154,2203,2152,2148,2160
531.589,2338.7,2316,2331,2344,2304,2351,2345,2342,2349,2351,2310,2321,2318,2313,2380,2348,2360,2299,2330,2314,2349,2347,2382,2342,2372,2351,2352,2349,2348,2326,2317
531.932,2499.9,2524,2508,2521,2476,2489,2508,2509,2503,2517,2537,2479,2517,2504,2460,2498,2501,2509,2506,2496,2495,2452,2499,2508,2485,2478,2518,2534,2449,2474,2543
532.274,2049.1,2052,2060,2065,2059,1976,2022,2076,2063,2019,2037,2117,2034,2050,2098,2064,2029,2058,2041,2020,2011,2059,2073,2077,2047,2057,2040,2076,2031,2018,2045
532.617,2527.6,2546,2561,2518,2501,2483,2520,2524,2517,2519,2535,2489,2513,2524,2570,2542,2526,2526,2516,2526,2558,2518,2556,2550,2543,2511,2508,2534,2520,2546,2527
532.960,2233.0,2224,2250,2203,2218,2248,2237,2197,2220,2231,2216,2240,2250,2249,2230,2255,2223,2220,2230,2252,2240,2222,2229,2242,2262,2215,2233,2217,2235,2252,2250
533.303,2347.9,2358,2341,2322,2350,2381,2386,2318,2342,2301,2352,2355,2388,2329,2355,2312,2346,2367,2380,2359,2329,2328,2365,2331,2331,2349,2320,2400,2345,2360,2338
533.645,2010.8,2019,1993,2012,2022,2014,1993,1996,1971,1994,1971,1987,2025,1989,2010,2040,2005,2056,2007,1995,2019,2019,2038,2005,2002,2028,2050,2002,2023,2004,2036
533.988,2250.4,2250,2213,2263,2275,2245,2264,2300,2239,2218,2242,2258,2274,2232,2240,2218,2242,2228,2186,2252,2265,2273,2244,2298,2285,2252,2255,2229,2282,2223,2268
534.331,2179.8,2143,2220,2193,2147,2171,2188,2182,2191,2147,2211,2162,2186,2157,2171,2184,2228,2183,2186,2191,2175,2146,2164,2227,2177,2175,2140,2204,2165,2226,2155
534.674,2294.3,2291,2324,2340,2305,2299,2295,2274,2278,2308,2248,2263,2282,2321,2288,2308,2330,2236,2282,2280,2269,2302,2273,2285,2298,2293,2316,2376,2289,2312,2264
535.017,2364.2,2368,2382,2357,2363,2360,2352,2395,2356,2368,2366,2379,2327,2377,2377,2368,2326,2408,2361,2318,2361,2359,2368,2348,2350,2372,2398,2362,2382,2382,2335
535.360,2167.0,2163,2169,2152,2147,2175,2151,2195,2193,2129,2159,2178,2188,2169,2178,2178,2198,2189,2174,2155,2177,2156,2150,2198,2150,2102,2176,2138,2182,2159,2181
535.703,2396.7,2381,2408,2382,2406,2378,2414,2356,2368,2396,2383,2457,2369,2433,2424,2379,2398,2392,2416,2368,2414,2411,2429,2434,2367,2427,2370,2373,2419,2344,2405
536.046,2349.4,2333,2354,2320,2361,2356,2359,2306,2382,2346,2365,2360,2351,2330,2352,2339,2371,2331,2379,2349,2306,2369,2373,2384,2351,2336,2348,2367,2330,2322,2353
536.389,2067.2,2094,2040,2093,2045,2061,2053,2072,2047,2036,2078,2110,2082,2077,2085,2031,2067,2059,2035,2068,2081,2047,2080,2095,2092,2074,2069,2040,2084,2086,2036
536.732,2296.0,2316,2309,2321,2292,2278,2296,2327,2307,2296,2288,2290,2254,2347,2278,2256,2305,2285,2309,2275,2286,2291,2302,2256,2314,2257,2297,2305,2319,2308,2315
537.075,2247.2,2251,2268,2267,2249,2237,2290,2268,2235,2243,2218,2230,2259,2225,2252,2264,2233,2246,2232,2226,2239,2253,2263,2267,2225,2257,2274,2240,2232,2197,2277
537.418,2159.6,2182,2159,2165,2142,2158,2140,2146,2150,2235,2212,2159,2120,2175,2150,2156,2194,2184,2117,2192,2187,2192,2100,2157,2114,2149,2114,2190,2172,2165,2112
537.761,2259.6,2241,2261,2285,2278,2237,2270,2288,2259,2262,2254,2280,2277,2245,2276,2248,2252,2229,2266,2269,2245,2268,2232,2260,2263,2250,2261,2268,2255,2233,2277
538.105,2454.7,2458,2439,2443,2414,2452,2419,2471,2456,2462,2462,2429,2454,2480,2464,2506,2488,2478,2412,2461,2453,2468,2424,2428,2450,2428,2426,2468,2491,2498,2458
538.448,2306.3,2328,2264,2322,2338,2339,2323,2341,2312,2312,2301,2338,2292,2298,2266,2266,2276,2329,2344,2315,2269,2282,2327,2313,2308,2245,2280,2319,2286,2313,2342
538.791,2010.5,2026,2020,2028,1989,2034,2010,2012,1988,1993,2009,2037,2010,2004,1998,1994,2008,2045,1982,2009,1991,1995,2003,2040,1977,2029,1997,2010,2050,2000,2028
539.134,2166.9,2212,2158,2187,2162,2160,2196,2154,2193,2165,2126,2157,2158,2148,2191,2175,2175,2192,2167,2155,2137,2174,2169,2152,2159,2162,2143,2182,2158,2182,2159
539.478,2356.1,2365,2365,2382,2376,2358,2412,2344,2359,2340,2373,2315,2345,2370,2379,2325,2342,2308,2356,2354,2370,2315,2362,2365,2342,2358,2373,2363,2322,2371,2373
539.821,2224.5,2210,2234,2193,2216,2212,2227,2216,2218,2257,2168,2227,2227,2198,2193,2218,2251,2223,2210,2184,2243,2187,2253,2260,2274,2212,2226,2273,2235,2250,2239
540.164,2141.2,2124,2169,2130,2161,2089,2139,2156,2165,2144,2136,2166,2141,2104,2138,2148,2126,2125,2164,2127,2156,2130,2139,2140,2123,2148,2157,2137,2137,2144,2172
540.508,2484.3,2634,2678,2674,2632,2640,2662,2681,2634,2614,2632,2597,2672,2642,2642,2606,2397,2292,2336,2332,2325,2322,2337,2278,2347,2334,2312,2317,2342,2296,2322
540.851,2398.3,2412,2383,2356,2394,2379,2389,2425,2420,2384,2344,2414,2394,2386,2374,2400,2370,2395,2390,2400,2396,2386,2388,2409,2414,2408,2436,2425,2467,2377,2434
541.194,2300.7,2315,2275,2270,2279,2281,2278,2334,2309,2306,2274,2285,2281,2309,2297,2310,2312,2316,2297,2296,2296,2323,2337,2291,2293,2319,2312,2291,2310,2334,2292
541.538,2240.7,2244,2258,2248,2227,2237,2249,2240,2256,2209,2214,2240,2242,2241,2237,2232,2228,2234,2211,2248,2264,2265,2245,2220,2227,2232,2285,2266,2228,2271,2222
541.881,2153.6,2158,2146,2135,2168,2169,2165,2116,2193,2134,2149,2153,2147,2142,2154,2165,2152,2171,2187,2144,2114,2130,2164,2204,2156,2110,2148,2169,2147,2184,2134
542.225,2197.0,2203,2213,2208,2216,2184,2200,2187,2185,2205,2180,2162,2204,2222,2154,2224,2201,2184,2188,2205,2200,2191,2177,2184,2208,2174,2226,2189,2237,2186,2212
542.568,2129.0,2098,2128,2145,2112,2122,2163,2105,2091,2143,2115,2152,2125,2155,2142,2145,2121,2111,2153,2157,2152,2105,2123,2155,2129,2119,2117,2118,2124,2129,2116
542.912,1900.2,1863,1872,1892,1915,1929,1890,1888,1874,1890,1896,1916,1900,1889,1930,1883,1884,1907,1941,1927,1898,1871,1928,1889,1916,1914,1905,1913,1909,1896,1880
543.256,1888.1,1874,1912,1876,1885,1849,1875,1866,1899,1908,1898,1922,1865,1900,1866,1871,1925,1871,1886,1888,1886,1885,1901,1908,1912,1883,1896,1888,1892,1866,1891
543.599,2361.9,2333,2350,2337,2379,2392,2379,2363,2302,2380,2363,2380,2375,2374,2345,2362,2386,2376,2345,2332,2366,2369,2376,2374,2360,2295,2344,2379,2362,2373,2405
543.943,2269.6,2224,2268,2270,2243,2284,2245,2289,2246,2302,2234,2239,2249,2252,2328,2307,2273,2322,2233,2252,2271,2292,2273,2236,2258,2286,2288,2289,2269,2262,2303
544.286,2149.3,2133,2146,2174,2147,2124,2132,2146,2125,2182,2143,2120,2183,2143,2188,2187,2158,2164,2154,2179,2156,2152,2136,2119,2126,2130,2154,2174,2121,2090,2193
544.630,2311.1,2313,2327,2350,2316,2337,2284,2262,2316,2293,2296,2311,2309,2321,2293,2308,2296,2332,2292,2332,2303,2325,2333,2324,2281,2328,2294,2321,2325,2330,2281
544.974,2525.5,2479,2564,2538,2548,2499,2510,2517,2555,2508,2491,2528,2542,2506,2544,2521,2515,2534,2530,2521,2530,2505,2517,2532,2510,2540,2545,2544,2559,2529,2504
545.318,2357.2,2344,2364,2383,2350,2369,2348,2377,2404,2386,2370,2387,2315,2338,2353,2399,2348,2313,2351,2350,2339,2361,2374,2359,2332,2336,2347,2377,2351,2360,2331
545.661,2480.9,2484,2501,2438,2478,2474,2478,2469,2486,2480,2474,2511,2495,2508,2491,2473,2477,2477,2484,2454,2458,2454,2484,2504,2522,2476,2465,2482,2522,2467,2462
546.005,2182.7,2179,2200,2195,2159,2156,2241,2150,2132,2184,2168,2203,2164,2210,2189,2227,2181,2136,2185,2175,2162,2205,2191,2198,2198,2152,2202,2187,2197,2170,2186
546.349,2199.5,2168,2200,2182,2218,2160,2216,2165,2193,2207,2194,2199,2216,2211,2228,2180,2193,2201,2202,2208,2195,2198,2210,2249,2178,2208,2187,2206,2201,2217,2196
546.693,2056.0,2053,2074,2074,2045,2028,2081,2049,2065,2045,2075,2066,2068,2020,2072,2063,2040,2088,2056,2013,2066,2050,2052,2016,2080,2073,2028,2051,2082,2040,2066
547.037,2257.5,2240,2236,2237,2255,2273,2266,2251,2236,2266,2252,2243,2243,2257,2217,2273,2242,2246,2264,2298,2294,2241,2267,2269,2305,2249,2213,2324,2249,2286,2233
547.381,2181.9,2202,2223,2184,2208,2189,2177,2123,2193,2203,2171,2180,2185,2187,2152,2166,2166,2162,2177,2201,2178,2178,2201,2193,2174,2193,2186,2143,2172,2196,2194
547.725,2081.6,2064,2105,2096,2092,2081,2098,2073,2091,2087,2091,2091,2037,2070,2090,2056,2081,2076,2093,2081,2078,2075,2076,2098,2101,2051,2109,2094,2067,2104,2043
548.069,2273.3,2270,2279,2255,2251,2265,2263,2264,2249,2292,2270,2252,2272,2280,2289,2242,2254,2264,2293,2310,2257,2290,2296,2287,2277,2297,2265,2277,2307,2271,2262
548.413,2248.4,2252,2227,2242,2248,2220,2226,2242,2230,2213,2219,2256,2275,2226,2239,2241,2302,2287,2271,2234,2246,2275,2259,2254,2236,2254,2220,2243,2264,2294,2258
548.757,1908.4,1923,1896,1897,1904,1919,1907,1932,1905,1912,1903,1890,1892,1914,1909,1933,1888,1907,1904,1930,1884,1899,1889,1918,1893,1948,1889,1917,1903,1928,1919
549.101,1935.0,1962,1937,1934,1916,1937,1953,1958,1943,1894,1918,1898,1939,1924,1966,1900,1922,1939,1924,1951,1932,1916,1952,1925,1950,1933,1947,1923,1980,1968,1908
549.445,2120.7,2126,2127,2076,2157,2067,2094,2122,2124,2098,2145,2129,2096,2116,2145,2118,2154,2094,2131,2112,2096,2086,2144,2101,2116,2120,2152,2176,2103,2159,2136
549.789,2339.8,2303,2345,2323,2313,2376,2360,2366,2365,2392,2364,2374,2357,2335,2305,2349,2307,2374,2325,2287,2369,2361,2314,2296,2339,2348,2348,2300,2338,2330,2332
550.133,2019.5,2014,2041,2005,2011,2039,2014,2030,2010,2031,2011,1995,2011,2020,1996,2009,2022,2040,2015,2005,1996,2022,1992,2022,2048,2013,2037,2051,2023,1999,2064
550.477,2084.3,2104,2091,2056,2084,2081,2114,2072,2114,2098,2073,2087,2083,2077,2072,2111,2119,2058,2081,2100,2035,2098,2055,2079,2075,2063,2075,2119,2083,2087,2085
550.822,2303.8,2298,2306,2289,2327,2321,2278,2320,2313,2290,2288,2315,2278,2304,2293,2300,2271,2336,2303,2288,2281,2298,2324,2325,2299,2314,2325,2273,2335,2326,2297
551.166,2162.4,2202,2149,2160,2192,2189,2174,2126,2156,2200,2144,2118,2188,2196,2184,2164,2125,2165,2175,2145,2184,2152,2162,2164,2162,2138,2133,2169,2149,2152,2155
551.510,2282.4,2286,2260,2287,2261,2280,2296,2282,2303,2263,2269,2280,2275,2297,2258,2312,2296,2284,2297,2281,2337,2260,2306,2268,2305,2265,2268,2275,2282,2295,2243
551.854,1982.6,2004,1976,1986,1945,1955,1962,1953,1992,1989,1987,1993,1948,1993,1973,1954,2000,1993,1968,1952,2004,2010,1964,1996,2000,1999,2026,1981,1995,1994,1987
552.199,2295.0,2276,2297,2315,2301,2329,2263,2254,2258,2300,2313,2316,2270,2321,2258,2305,2315,2302,2354,2292,2301,2299,2292,2323,2300,2265,2284,2289,2280,2291,2287
552.543,2084.9,2079,2057,2100,2094,2092,2079,2076,2102,2089,2059,2095,2097,2091,2085,2068,2074,2093,2100,2075,2099,2055,2067,2092,2082,2043,2137,2092,2112,2067,2097
552.887,2212.7,2232,2205,2229,2188,2206,2203,2172,2194,2185,2235,2238,2236,2224,2224,2226,2177,2217,2239,2211,2184,2188,2237,2214,2228,2186,2232,2227,2193,2239,2211
553.232,2208.3,2217,2191,2213,2203,2190,2221,2197,2224,2192,2211,2225,2226,2209,2220,2204,2191,2193,2222,2175,2177,2231,2198,2197,2226,2254,2228,2214,2217,2208,2175
553.576,2314.7,2318,2307,2283,2287,2324,2316,2280,2356,2318,2321,2265,2341,2314,2294,2331,2320,2335,2313,2318,2303,2329,2322,2308,2311,2301,2358,2357,2283,2325,2304
553.921,2262.9,2274,2225,2240,2312,2290,2214,2255,2312,2276,2265,2267,2254,2246,2241,2216,2280,2272,2293,2286,2246,2290,2259,2274,2236,2264,2284,2249,2266,2254,2246
554.265,2074.4,2075,2076,2068,2065,2104,2087,2080,2064,2078,2072,2066,2128,2034,2078,2088,2081,2088,2043,2058,2072,2060,2085,2077,2051,2076,2066,2064,2079,2107,2063
554.609,2136.1,2142,2096,2111,2136,2168,2129,2122,2133,2166,2146,2134,2163,2085,2142,2111,2144,2115,2153,2157,2118,2148,2108,2129,2157,2165,2120,2129,2143,2152,2160
554.954,2183.7,2184,2169,2193,2195,2184,2184,2201,2166,2128,2184,2204,2179,2208,2189,2201,2177,2168,2181,2170,2165,2200,2160,2172,2181,2214,2186,2199,2184,2199,2185
555.299,1897.5,1904,1890,1898,1903,1919,1931,1900,1907,1908,1886,1887,1898,1890,1894,1880,1911,1906,1920,1873,1902,1880,1896,1906,1870,1874,1893,1925,1892,1880,1901
555.643,2193.7,2187,2152,2164,2186,2171,2166,2224,2224,2164,2181,2212,2216,2142,2166,2217,2176,2227,2224,2194,2200,2193,2171,2174,2205,2216,2225,2202,2221,2189,2223
555.988,1996.6,1998,1954,1983,1993,2002,2023,1980,1993,1987,2024,2005,2008,1984,1954,2016,2005,2010,1995,1988,1974,2010,1972,1982,2022,2007,1997,1986,2011,2015,2020
556.332,2262.9,2266,2270,2266,2254,2254,2255,2251,2283,2287,2258,2280,2253,2249,2306,2225,2255,2262,2288,2239,2256,2250,2289,2251,2263,2265,2268,2235,2280,2239,2290
556.677,2442.6,2421,2437,2491,2474,2456,2439,2431,2421,2441,2462,2452,2437,2416,2413,2449,2472,2434,2415,2441,2424,2454,2428,2461,2451,2428,2456,2447,2449,2420,2459
557.022,2193.5,2191,2188,2188,2156,2214,2249,2202,2214,2186,2160,2203,2203,2210,2212,2190,2206,2197,2216,2171,2202,2192,2208,2147,2157,2184,2220,2164,2207,2168,2200
557.366,2320.1,2361,2350,2366,2377,2318,2282,2334,2360,2317,2307,2301,2258,2310,2293,2346,2288,2290,2304,2304,2259,2333,2300,2330,2353,2333,2303,2332,2324,2329,2342
557.711,2263.0,2269,2266,2297,2273,2282,2275,2274,2298,2233,2259,2239,2266,2232,2275,2237,2290,2273,2305,2266,2244,2232,2281,2242,2267,2253,2278,2263,2233,2267,2222
558.056,2195.7,2196,2219,2154,2164,2199,2166,2184,2229,2177,2151,2172,2187,2211,2185,2223,2190,2198,2185,2243,2178,2258,2177,2200,2186,2224,2208,2222,2202,2181,2203
558.401,2153.6,2126,2134,2168,2161,2147,2154,2156,2152,2144,2168,2100,2188,2126,2161,2134,2141,2192,2190,2135,2159,2157,2130,2156,2158,2147,2143,2185,2189,2152,2156
558.745,2054.7,2055,2060,2036,2050,2089,2062,2065,2054,2060,2072,2032,2045,2047,2065,2020,2069,2091,2056,2041,2049,2039,2056,2052,2056,2042,2057,2048,2099,2051,2023
559.090,2178.0,2178,2179,2205,2177,2195,2183,2158,2170,2176,2177,2203,2200,2179,2158,2182,2178,2151,2186,2198,2185,2161,2184,2185,2175,2163,2164,2178,2151,2172,2188
559.435,2100.2,2113,2072,2106,2117,2113,2078,2101,2098,2120,2075,2083,2110,2085,2113,2098,2110,2107,2085,2130,2137,2072,2069,2099,2093,2072,2113,2136,2098,2114,2090
559.780,2380.4,2379,2369,2390,2413,2364,2362,2355,2382,2348,2364,2407,2370,2411,2385,2382,2369,2367,2374,2412,2369,2425,2360,2397,2393,2372,2371,2408,2348,2347,2419
560.125,2154.0,2143,2150,2135,2165,2173,2180,2150,2131,2172,2172,2180,2145,2168,2140,2146,2130,2167,2153,2169,2193,2111,2112,2177,2111,2182,2186,2144,2133,2172,2131
560.470,2283.7,2313,2271,2321,2264,2268,2273,2320,2266,2278,2289,2340,2282,2279,2280,2299,2228,2300,2305,2292,2290,2255,2273,2289,2244,2287,2298,2253,2220,2330,2303
560.815,2238.5,2215,2255,2239,2216,2236,2255,2237,2262,2231,2264,2256,2266,2278,2254,2260,2223,2235,2176,2221,2215,2280,2244,2232,2205,2257,2275,2219,2221,2222,2205
561.160,2457.7,2496,2389,2516,2493,2497,2461,2470,2488,2441,2434,2442,2454,2429,2454,2473,2424,2447,2447,2451,2432,2477,2468,2474,2475,2474,2499,2427,2399,2452,2449
561.505,2404.5,2379,2397,2424,2432,2394,2396,2447,2433,2409,2428,2409,2393,2406,2361,2376,2370,2394,2433,2427,2439,2393,2404,2391,2375,2376,2430,2429,2388,2425,2376
561.850,2403.0,2398,2386,2373,2373,2398,2436,2416,2406,2388,2393,2414,2460,2397,2427,2438,2430,2428,2377,2394,2421,2411,2397,2360,2370,2392,2409,2378,2377,2432,2410
562.195,2245.4,2229,2239,2266,2259,2294,2289,2198,2238,2265,2266,2241,2248,2245,2251,2259,2249,2249,2250,2249,2261,2216,2236,2230,2232,2279,2228,2211,2205,2269,2210
562.540,2273.2,2259,2298,2232,2278,2268,2274,2273,2277,2248,2274,2312,2297,2275,2276,2288,2287,2254,2296,2317,2239,2274,2272,2255,2261,2262,2327,2249,2278,2228,2268
562.885,2232.9,2223,2254,2257,2243,2241,2228,2251,2198,2253,2245,2278,2237,2203,2237,2243,2246,2242,2241,2220,2228,2194,2240,2198,2191,2244,2241,2234,2245,2211,2222
563.231,2017.0,2022,2026,1974,2019,2022,2069,2046,2012,2008,2009,2013,2034,2025,2002,2012,2001,2055,2026,2022,2042,2003,1989,1999,1970,2030,2028,1975,2002,2032,2044
563.576,2604.0,2602,2594,2585,2591,2616,2605,2658,2611,2603,2600,2619,2652,2596,2556,2626,2611,2573,2568,2579,2608,2633,2619,2570,2623,2601,2585,2612,2611,2613,2600
563.921,1935.9,1906,1922,1941,1929,1924,1929,1935,1985,1942,1970,1946,1913,1913,1967,1937,1971,1930,1957,1915,1926,1933,1903,1925,1897,1957,1962,1923,1946,1917,1955
564.266,2420.5,2489,2466,2420,2474,2421,2395,2431,2398,2464,2428,2403,2405,2372,2440,2440,2421,2429,2406,2418,2420,2445,2430,2369,2418,2413,2382,2414,2388,2409,2406
564.611,2460.6,2462,2490,2492,2447,2469,2484,2505,2487,2414,2501,2476,2483,2430,2442,2412,2496,2436,2500,2439,2464,2482,2465,2468,2414,2460,2437,2465,2450,2449,2398
564.957,2249.1,2264,2234,2235,2278,2234,2268,2277,2268,2250,2274,2260,2260,2216,2291,2200,2250,2244,2267,2224,2272,2220,2266,2256,2232,2224,2212,2248,2249,2264,2235
565.302,2060.9,2075,2076,2072,2063,2053,2031,2052,2038,2076,2036,2025,2082,2104,2067,2067,2081,2048,2058,2031,2073,2066,2022,2054,2062,2088,2097,2081,2045,2051,2052
565.647,1944.2,1953,1962,1901,1930,1908,1945,1969,1942,1932,1933,1967,1963,1927,1929,1962,1949,1944,1946,1966,1958,1955,1918,1955,1922,1960,1942,1940,1959,1949,1941
565.993,2216.9,2209,2248,2204,2201,2241,2180,2226,2204,2159,2210,2246,2202,2205,2225,2212,2232,2207,2237,2207,2251,2243,2207,2239,2200,2242,2221,2204,2210,2187,2249
566.338,1980.2,2012,2011,1973,1992,1965,1973,1983,1955,2010,1993,2012,1968,2003,1961,1977,2013,1944,1992,1961,1968,1974,1970,1975,1968,1963,1998,1968,1992,1970,1963
566.684,2456.3,2440,2468,2476,2424,2475,2469,2438,2456,2483,2457,2438,2476,2486,2463,2454,2464,2462,2456,2469,2463,2444,2472,2437,2459,2467,2424,2456,2448,2444,2421
567.029,2349.6,2339,2351,2312,2356,2364,2333,2328,2394,2331,2370,2351,2323,2365,2380,2338,2388,2345,2363,2338,2336,2398,2313,2363,2344,2352,2324,2345,2322,2341,2380
567.375,2184.7,2242,2187,2178,2173,2193,2176,2187,2164,2215,2204,2195,2188,2166,2180,2156,2206,2193,2165,2164,2161,2179,2166,2163,2194,2195,2187,2216,2184,2191,2173
567.720,2117.4,2129,2115,2123,2137,2131,2125,2112,2121,2063,2116,2098,2084,2104,2138,2126,2108,2114,2111,2148,2156,2108,2136,2176,2136,2136,2064,2098,2084,2104,2122
568.066,2046.5,2056,2026,2045,2074,2036,2044,2041,2058,2030,2044,2042,2040,2069,2032,2014,2071,2070,2056,2016,2036,2037,2034,2072,2065,2052,2042,2046,2036,2067,2045
568.411,2194.6,2195,2197,2141,2221,2209,2229,2192,2205,2180,2196,2208,2206,2187,2192,2201,2200,2164,2208,2198,2188,2221,2194,2145,2182,2195,2201,2224,2164,2183,2211
568.757,2339.3,2342,2392,2337,2338,2345,2323,2372,2374,2357,2304,2368,2332,2277,2324,2338,2345,2347,2349,2335,2328,2323,2379,2299,2345,2326,2347,2311,2322,2357,2343
569.102,2135.2,2142,2134,2113,2098,2102,2158,2124,2126,2121,2127,2148,2123,2160,2125,2122,2148,2122,2160,2140,2140,2172,2151,2120,2131,2122,2149,2139,2132,2150,2158
569.448,1971.6,1985,1984,1940,1949,2009,1952,2001,2008,1947,1967,1997,1950,1966,1968,1962,1949,1950,1960,1964,1996,2001,1991,1959,1925,1963,2012,1962,1977,1973,1980
569.794,2262.4,2250,2245,2240,2289,2274,2279,2247,2244,2277,2259,2242,2241,2302,2240,2288,2278,2270,2226,2244,2274,2281,2271,2255,2305,2265,2276,2226,2236,2257,2292
570.139,2345.2,2347,2356,2317,2326,2372,2347,2365,2337,2335,2326,2364,2320,2353,2334,2360,2361,2360,2366,2354,2367,2356,2385,2327,2305,2366,2323,2356,2301,2325,2344
570.485,2061.5,2052,2066,2062,2050,2053,2120,2046,2039,2032,2072,2066,2082,2044,2022,2079,2078,2068,2044,2080,2081,2016,2027,2036,2071,2072,2105,2060,2065,2085,2072
570.831,2422.2,2418,2409,2456,2394,2412,2401,2452,2398,2429,2441,2424,2409,2409,2414,2407,2399,2416,2417,2440,2418,2425,2451,2427,2446,2420,2432,2409,2457,2431,2405
571.177,2397.5,2359,2434,2384,2381,2397,2383,2400,2407,2437,2395,2348,2399,2420,2429,2379,2403,2395,2404,2347,2380,2424,2387,2434,2412,2392,2394,2426,2396,2365,2414
571.522,2478.0,2511,2500,2445,2464,2484,2485,2491,2491,2475,2464,2518,2483,2447,2433,2504,2447,2523,2479,2438,2500,2460,2468,2465,2439,2463,2482,2562,2456,2495,2469
571.868,2053.0,2045,2062,2058,2034,2046,2025,2078,2060,2089,2056,2054,2046,2042,2083,2037,2058,2074,1997,2049,2033,2057,2073,2023,2073,2068,2038,2065,2067,2043,2056
572.214,2134.6,2130,2151,2160,2163,2142,2097,2143,2129,2119,2138,2086,2174,2140,2129,2147,2128,2136,2132,2140,2131,2128,2146,2121,2148,2137,2141,2120,2121,2164,2097
572.560,2213.8,2198,2220,2183,2185,2175,2217,2224,2220,2216,2249,2206,2217,2230,2262,2193,2205,2209,2194,2209,2206,2240,2200,2225,2217,2241,2198,2189,2244,2198,2244
572.906,2181.0,2173,2145,2214,2186,2216,2207,2157,2151,2184,2140,2189,2157,2200,2138,2172,2134,2221,2195,2202,2167,2221,2161,2179,2188,2210,2166,2194,2180,2184,2200
573.252,2247.0,2227,2242,2197,2232,2248,2230,2220,2245,2251,2295,2239,2247,2246,2216,2241,2223,2239,2260,2235,2255,2253,2283,2271,2245,2266,2264,2228,2252,2291,2268
573.598,2248.6,2251,2203,2221,2228,2235,2228,2210,2230,2238,2283,2249,2276,2272,2264,2275,2242,2255,2263,2267,2230,2264,2304,2250,2243,2256,2249,2260,2217,2230,2264
573.944,2317.0,2343,2318,2307,2307,2321,2301,2309,2316,2296,2331,2258,2290,2326,2337,2296,2284,2321,2348,2342,2338,2327,2320,2327,2325,2356,2322,2264,2373,2303,2304
574.290,2154.1,2171,2138,2132,2108,2158,2150,2149,2179,2186,2184,2158,2127,2170,2147,2186,2137,2188,2136,2134,2158,2185,2119,2126,2157,2158,2103,2150,2159,2174,2195
574.636,2351.0,2348,2361,2343,2372,2362,2334,2353,2366,2344,2351,2324,2323,2332,2341,2342,2320,2357,2367,2357,2344,2350,2385,2362,2340,2326,2353,2360,2381,2397,2336
574.982,2065.0,2078,2053,2052,2080,2076,2050,2066,2092,2040,2070,2061,2048,2066,2065,2060,2074,2066,2072,2058,2088,2066,2084,2059,2022,2070,2076,2081,2059,2075,2044
575.328,2392.5,2402,2365,2354,2365,2445,2377,2370,2341,2407,2363,2371,2417,2378,2400,2440,2385,2438,2384,2393,2394,2425,2386,2360,2395,2431,2432,2408,2399,2390,2361
575.674,2141.2,2110,2181,2165,2137,2154,2151,2153,2129,2146,2113,2123,2147,2127,2168,2111,2156,2150,2127,2175,2136,2171,2136,2116,2161,2123,2121,2164,2132,2115,2139
576.020,2254.7,2271,2278,2249,2257,2250,2221,2240,2284,2242,2298,2252,2279,2230,2248,2236,2278,2251,2289,2211,2254,2253,2234,2293,2268,2223,2241,2240,2262,2273,2237
576.366,2271.8,2258,2294,2239,2255,2296,2229,2254,2301,2258,2264,2255,2264,2290,2291,2305,2294,2266,2282,2271,2269,2275,2283,2280,2240,2267,2293,2267,2247,2260,2307
576.712,2571.9,2593,2616,2598,2571,2545,2542,2538,2580,2550,2579,2587,2562,2572,2646,2562,2558,2534,2530,2565,2678,2543,2589,2553,2540,2591,2571,2583,2565,2560,2557
577.058,2487.8,2476,2474,2521,2496,2519,2488,2520,2513,2512,2520,2493,2487,2471,2524,2457,2495,2492,2434,2454,2440,2504,2452,2485,2482,2485,2476,2464,2543,2479,2477
577.405,1981.0,1976,1961,2006,1959,1953,2001,1999,1994,1987,1979,1962,1990,1976,1971,2001,1985,1985,1989,2023,1977,1970,2009,1984,1999,1960,1971,1952,1973,1970,1968
577.751,2119.5,2107,2113,2109,2126,2127,2089,2154,2118,2139,2062,2125,2062,2100,2089,2131,2100,2136,2137,2154,2141,2104,2126,2076,2153,2116,2150,2143,2120,2147,2130
578.097,2357.9,2392,2367,2343,2348,2349,2347,2349,2364,2346,2345,2322,2333,2331,2386,2360,2325,2353,2328,2397,2349,2381,2364,2366,2368,2360,2368,2381,2379,2355,2381
578.444,2376.7,2403,2408,2348,2377,2372,2377,2364,2361,2401,2384,2385,2355,2402,2401,2372,2364,2371,2372,2347,2401,2374,2351,2410,2349,2360,2347,2374,2369,2387,2414
578.790,2121.9,2109,2122,2137,2114,2145,2066,2163,2112,2115,2139,2146,2133,2081,2151,2099,2093,2158,2106,2124,2111,2112,2138,2130,2124,2115,2149,2136,2107,2126,2096
579.136,2250.8,2264,2279,2236,2260,2236,2255,2276,2214,2262,2248,2259,2289,2246,2210,2285,2224,2248,2244,2210,2259,2252,2299,2221,2277,2255,2253,2236,2278,2258,2192
579.483,2376.8,2352,2375,2394,2423,2406,2382,2386,2367,2376,2381,2381,2368,2316,2409,2357,2370,2401,2421,2411,2360,2375,2347,2347,2392,2350,2371,2383,2360,2351,2392
579.829,2103.3,2113,2094,2102,2100,2107,2093,2123,2094,2111,2098,2104,2110,2101,2076,2104,2108,2124,2118,2089,2063,2129,2122,2083,2062,2088,2114,2088,2105,2146,2129
580.176,2207.8,2219,2237,2230,2210,2220,2209,2246,2160,2174,2207,2220,2203,2188,2227,2200,2174,2213,2212,2221,2189,2239,2198,2186,2193,2225,2186,2230,2235,2190,2194
580.522,2274.0,2243,2238,2325,2271,2269,2253,2310,2272,2267,2304,2308,2268,2284,2276,2282,2261,2237,2253,2267,2245,2282,2287,2274,2310,2252,2259,2305,2274,2258,2286
580.868,2228.7,2197,2220,2243,2235,2243,2238,2208,2172,2239,2237,2241,2218,2217,2250,2232,2231,2249,2248,2207,2224,2274,2219,2244,2236,2210,2201,2236,2226,2244,2221
581.215,2357.5,2357,2352,2336,2349,2320,2348,2318,2383,2374,2367,2365,2291,2316,2394,2340,2336,2383,2417,2319,2401,2343,2390,2378,2347,2325,2372,2417,2355,2392,2339
581.562,2186.3,2180,2173,2169,2191,2202,2182,2213,2190,2169,2191,2152,2180,2230,2212,2174,2165,2213,2197,2176,2184,2204,2178,2199,2216,2190,2153,2173,2144,2189,2201
581.908,2082.0,2082,2139,2105,2042,2074,2114,2063,2101,2095,2100,2114,2097,2073,2103,2069,2081,2095,2071,2102,2044,2084,2067,2094,2082,2079,2059,2080,2092,2047,2012
582.255,2194.2,2186,2170,2198,2210,2184,2213,2203,2190,2186,2215,2228,2189,2200,2177,2175,2136,2211,2179,2184,2216,2205,2229,2194,2162,2211,2190,2186,2171,2222,2205
582.601,2040.3,2027,2030,2050,2053,2045,2047,2030,2026,2047,2069,2025,2026,2032,2049,2038,1998,2054,2058,2033,2066,2037,2060,2045,2029,2074,2028,2036,2046,1999,2053
582.948,2159.1,2182,2165,2137,2166,2148,2159,2159,2156,2120,2171,2180,2129,2174,2159,2174,2122,2177,2150,2152,2196,2154,2158,2178,2139,2121,2178,2165,2184,2151,2169
583.295,2083.8,2076,2086,2075,2095,2102,2071,2073,2068,2061,2112,2106,2068,2109,2110,2070,2083,2092,2103,2114,2034,2102,2111,2066,2059,2074,2078,2086,2118,2051,2061
583.641,2101.9,2107,2112,2079,2110,2089,2119,2087,2136,2068,2083,2112,2085,2134,2103,2115,2105,2075,2088,2137,2122,2089,2088,2110,2142,2077,2106,2089,2099,2099,2091
583.988,2479.2,2513,2485,2450,2433,2463,2441,2451,2494,2451,2478,2435,2489,2451,2472,2491,2504,2447,2472,2502,2527,2475,2484,2489,2501,2486,2520,2509,2513,2477,2474
584.335,2138.2,2114,2139,2106,2169,2179,2122,2131,2132,2116,2132,2169,2155,2151,2164,2123,2136,2163,2121,2105,2154,2145,2121,2157,2126,2134,2096,2178,2131,2145,2132
584.681,2297.0,2283,2264,2277,2323,2290,2352,2316,2303,2281,2278,2301,2301,2280,2305,2316,2315,2300,2286,2272,2290,2307,2291,2317,2296,2293,2358,2266,2295,2284,2271
585.028,2090.1,2067,2106,2092,2100,2088,2095,2097,2135,2059,2086,2116,2101,2083,2115,2067,2117,2053,2093,2069,2100,2078,2093,2084,2076,2084,2081,2101,2078,2109,2079
585.375,2076.1,2108,2083,2082,2071,2091,2049,2074,2102,2078,2090,2025,2040,2124,2080,2081,2061,2053,2064,2062,2077,2117,2075,2067,2075,2091,2112,2080,2094,2012,2066
585.722,2233.8,2229,2232,2273,2226,2265,2230,2228,2267,2202,2275,2243,2189,2236,2223,2241,2247,2202,2218,2246,2245,2253,2191,2232,2248,2238,2222,2232,2236,2196,2248
586.069,2337.9,2324,2353,2321,2329,2344,2341,2354,2312,2358,2317,2354,2292,2380,2327,2338,2327,2290,2336,2300,2368,2280,2380,2362,2349,2363,2376,2333,2343,2334,2353
586.416,2156.5,2154,2137,2191,2154,2164,2196,2139,2196,2119,2156,2144,2138,2149,2178,2117,2156,2127,2179,2184,2173,2204,2130,2142,2147,2142,2171,2115,2159,2161,2172
586.763,2249.8,2246,2275,2246,2207,2241,2267,2248,2240,2245,2239,2239,2253,2216,2277,2232,2270,2274,2249,2259,2259,2268,2214,2245,2276,2241,2256,2230,2238,2252,2292
587.110,2423.4,2473,2421,2427,2433,2428,2419,2392,2432,2414,2456,2421,2393,2371,2469,2412,2427,2460,2451,2420,2442,2417,2446,2381,2431,2416,2383,2411,2378,2408,2470
587.457,2254.7,2264,2203,2274,2265,2248,2267,2241,2261,2258,2233,2251,2275,2262,2268,2242,2253,2280,2218,2254,2253,2246,2306,2298,2252,2250,2226,2276,2250,2207,2259
587.804,2071.0,2081,2041,2113,2082,2102,2097,2057,2073,2093,2042,2063,2037,2076,2076,2031,2083,2076,2060,2060,2077,2053,2094,2069,2077,2088,2041,2083,2063,2059,2083
588.151,1950.9,1967,1960,1947,1944,1977,1924,1935,1953,1974,1955,1940,1911,1961,1977,1941,1964,1968,1934,1940,1949,1957,1897,2003,1976,1951,1942,1965,1956,1891,1967
588.498,2459.7,2454,2461,2425,2430,2473,2448,2437,2500,2451,2433,2451,2455,2464,2450,2466,2436,2416,2499,2504,2479,2473,2486,2443,2448,2486,2423,2465,2495,2432,2508
588.845,2310.4,2297,2305,2327,2341,2333,2304,2299,2288,2290,2325,2319,2305,2316,2320,2303,2348,2300,2323,2294,2318,2276,2304,2299,2321,2307,2325,2311,2322,2301,2291
589.192,2267.8,2267,2279,2268,2253,2274,2239,2248,2285,2258,2212,2217,2281,2283,2291,2260,2237,2287,2250,2264,2309,2276,2290,2304,2267,2238,2248,2267,2316,2297,2269
589.539,1965.6,1990,1941,1966,1964,1988,1950,1991,1945,1975,1995,1967,1963,1990,1987,1963,1961,1951,1960,1979,1960,1969,1962,1941,1968,1979,1942,1960,1949,1961,1950
589.886,2227.3,2216,2212,2262,2213,2246,2209,2275,2200,2216,2276,2203,2178,2209,2250,2229,2217,2267,2261,2233,2200,2229,2256,2228,2211,2235,2237,2208,2220,2208,2216
590.233,2085.7,2114,2037,2086,2113,2062,2079,2075,2084,2069,2098,2084,2069,2071,2120,2072,2066,2082,2108,2104,2061,2115,2090,2094,2068,2054,2114,2079,2114,2086,2103
590.580,2095.2,2127,2098,2085,2088,2080,2112,2067,2104,2080,2088,2060,2093,2075,2067,2120,2072,2125,2117,2108,2131,2091,2090,2115,2107,2111,2091,2095,2107,2072,2081
590.928,1997.7,2013,2025,1976,1972,2014,1988,2040,2001,1985,1991,1995,1998,2004,1983,2013,1994,1971,2008,1987,2020,2002,1980,1976,1984,2040,2009,1974,1995,1996,1996
591.275,2140.0,2133,2118,2137,2169,2152,2132,2162,2139,2127,2154,2120,2168,2114,2136,2176,2152,2158,2158,2125,2111,2126,2125,2102,2114,2140,2158,2163,2141,2161,2129
591.622,2073.3,2099,2080,2086,2060,2081,2077,2080,2066,2052,2091,2058,2091,2099,2060,2021,2074,2073,2096,2045,2102,2093,2068,2112,2040,2092,2051,2035,2077,2068,2072
591.969,2276.8,2261,2329,2254,2305,2254,2331,2270,2280,2264,2284,2270,2242,2299,2284,2254,2266,2238,2264,2280,2275,2288,2274,2297,2286,2285,2296,2278,2238,2287,2272
592.317,1998.8,2018,1996,1995,1986,2014,1995,2003,2031,1995,1997,2004,2047,1984,1997,2022,1976,2021,2020,1999,2011,1961,1968,1960,2009,1997,1957,2004,1997,2001,1998
592.664,2247.4,2259,2294,2268,2250,2242,2238,2264,2243,2253,2259,2229,2237,2250,2274,2219,2230,2252,2226,2215,2221,2243,2232,2288,2207,2251,2248,2249,2282,2232,2268
593.011,2759.5,2766,2737,2744,2750,2760,2796,2742,2794,2722,2738,2732,2741,2780,2726,2763,2781,2757,2777,2763,2767,2800,2744,2728,2751,2740,2805,2790,2783,2753,2755
593.359,2250.9,2284,2244,2240,2244,2281,2226,2261,2266,2282,2237,2264,2250,2263,2241,2229,2223,2245,2260,2255,2200,2284,2205,2259,2263,2258,2257,2239,2244,2278,2245
593.706,2173.8,2177,2135,2168,2205,2141,2195,2172,2156,2175,2176,2179,2166,2172,2200,2142,2163,2193,2155,2154,2181,2159,2183,2169,2186,2185,2173,2215,2176,2168,2196
594.054,2255.6,2289,2258,2232,2233,2261,2252,2256,2249,2229,2292,2274,2290,2292,2270,2250,2236,2267,2274,2269,2230,2256,2254,2229,2237,2274,2239,2262,2246,2236,2233
594.401,2164.2,2147,2133,2160,2149,2136,2152,2204,2168,2150,2127,2147,2189,2170,2200,2164,2137,2174,2215,2185,2192,2161,2123,2184,2156,2163,2174,2152,2169,2150,2196
594.749,2238.1,2287,2277,2228,2174,2248,2234,2225,2248,2251,2248,2256,2198,2216,2222,2284,2237,2220,2249,2236,2230,2246,2242,2259,2230,2232,2248,2232,2216,2220,2250
595.096,2268.4,2254,2248,2292,2215,2225,2228,2266,2266,2268,2255,2283,2289,2260,2306,2301,2284,2288,2285,2268,2298,2245,2270,2286,2263,2260,2284,2260,2294,2254,2258
595.444,2359.0,2384,2337,2354,2345,2404,2360,2378,2366,2360,2396,2392,2371,2378,2349,2383,2326,2342,2333,2346,2364,2345,2354,2351,2352,2379,2360,2334,2354,2318,2355
595.791,2209.0,2192,2226,2171,2237,2219,2195,2170,2190,2221,2193,2223,2201,2246,2218,2265,2195,2225,2204,2176,2213,2226,2224,2212,2221,2238,2183,2188,2191,2191,2216
596.139,2545.2,2580,2521,2542,2559,2517,2518,2543,2536,2541,2577,2548,2541,2558,2513,2561,2535,2539,2523,2552,2538,2524,2523,2553,2555,2565,2596,2515,2569,2540,2573
596.486,2173.5,2166,2200,2180,2160,2158,2139,2147,2184,2155,2184,2200,2198,2164,2195,2181,2160,2204,2162,2172,2168,2151,2187,2195,2184,2131,2164,2173,2161,2171,2210
596.834,2082.8,2099,2092,2114,2082,2065,2086,2049,2112,2080,2054,2072,2082,2056,2056,2094,2132,2075,2044,2074,2097,2081,2087,2067,2128,2064,2085,2091,2056,2085,2126
597.182,1952.3,1929,2005,1974,1949,1939,1940,1918,1959,1985,1933,1993,1986,1939,1945,1968,1968,1957,1912,1962,1968,1955,1961,1941,1939,1924,1939,1916,1951,1972,1941
597.529,2311.8,2283,2272,2329,2280,2327,2304,2303,2332,2369,2320,2312,2325,2352,2351,2328,2256,2307,2325,2324,2289,2292,2319,2273,2315,2329,2267,2320,2296,2319,2335
597.877,2169.3,2169,2180,2174,2181,2178,2162,2174,2182,2188,2182,2184,2149,2142,2177,2209,2175,2152,2117,2149,2175,2152,2165,2155,2173,2162,2156,2172,2171,2197,2177
598.225,2167.5,2146,2195,2190,2171,2154,2145,2156,2152,2181,2153,2160,2144,2168,2177,2167,2207,2145,2122,2212,2194,2150,2185,2181,2132,2176,2179,2189,2147,2167,2181
598.573,1997.8,1993,2030,2024,1949,1980,2035,2003,1971,2046,1993,1998,1982,2032,2010,2015,1976,1978,1977,1989,2015,2026,2005,1984,1973,1984,1974,2019,2008,1997,1969
598.920,2436.9,2435,2460,2420,2436,2422,2447,2434,2460,2436,2437,2426,2477,2456,2429,2459,2420,2447,2438,2376,2455,2454,2469,2458,2414,2424,2418,2448,2440,2396,2415
599.268,2184.4,2195,2178,2202,2162,2223,2197,2159,2188,2186,2186,2217,2171,2188,2158,2198,2190,2194,2156,2166,2158,2205,2168,2144,2196,2149,2216,2192,2183,2212,2195
599.616,2005.8,1996,2012,2005,1997,1990,2008,1987,2006,1993,2024,2030,2010,2027,2000,2028,2013,1987,1986,2023,2020,2019,1985,2026,1983,2047,1978,1983,2033,1999,1979
599.964,2180.9,2190,2194,2238,2176,2179,2177,2143,2209,2149,2161,2152,2181,2160,2192,2191,2198,2185,2161,2196,2179,2169,2195,2193,2195,2203,2183,2146,2202,2182,2147
600.312,1969.8,1948,1992,1957,1939,1984,1977,1980,1987,1953,1979,1981,1957,1981,1986,1984,1995,1974,1990,1978,1977,1966,1978,1918,1975,1961,1939,1967,1983,1978,1931
600.660,2060.7,2052,2057,2073,2078,2091,2085,2057,2076,2042,2038,2075,2063,1988,2058,2047,2081,2045,2041,2073,2034,2085,2070,2064,2085,2038,2088,2095,2055,2067,2021
601.008,2125.4,2088,2141,2123,2102,2124,2128,2127,2112,2140,2148,2108,2121,2148,2128,2164,2141,2141,2093,2096,2150,2148,2123,2106,2159,2091,2084,2115,2156,2116,2140
601.356,2268.9,2270,2216,2270,2262,2278,2261,2283,2270,2268,2252,2281,2250,2266,2264,2268,2264,2292,2253,2276,2273,2277,2265,2267,2295,2287,2248,2266,2264,2306,2275
601.704,1833.4,1801,1832,1834,1831,1860,1832,1832,1813,1840,1835,1803,1833,1857,1812,1853,1791,1854,1844,1816,1848,1857,1818,1832,1867,1849,1825,1830,1855,1812,1836
602.052,2132.4,2142,2161,2122,2146,2130,2130,2125,2133,2120,2086,2116,2170,2172,2143,2141,2137,2146,2110,2132,2151,2168,2139,2101,2120,2114,2123,2115,2127,2131,2120
602.400,2164.7,2151,2168,2160,2142,2164,2159,2144,2160,2213,2148,2190,2177,2121,2144,2162,2162,2155,2189,2172,2143,2170,2189,2159,2154,2143,2112,2156,2237,2190,2206
602.748,2501.9,2505,2511,2450,2536,2520,2545,2564,2512,2527,2493,2496,2511,2501,2489,2527,2461,2506,2480,2524,2501,2544,2448,2480,2500,2479,2458,2473,2528,2494,2493
603.096,2060.4,2058,2039,2065,2064,2061,2068,2029,2079,2088,2081,2057,2052,2025,2027,2045,2040,2033,2054,2088,2046,2094,2078,2037,2074,2062,2028,2061,2117,2082,2080
603.444,2052.6,2048,2057,2058,2069,2058,2088,2044,2067,2064,2057,2057,2030,2059,2057,2015,2024,2065,2041,2067,2024,2062,2037,2051,2066,2090,2029,2034,2052,2048,2060
603.792,2295.2,2314,2318,2296,2293,2320,2299,2355,2284,2303,2252,2318,2272,2284,2242,2302,2260,2305,2321,2272,2281,2263,2308,2290,2303,2266,2298,2295,2350,2291,2301
604.140,2145.8,2166,2143,2157,2139,2152,2167,2093,2167,2152,2138,2149,2119,2187,2154,2150,2127,2120,2173,2149,2156,2116,2125,2139,2128,2124,2159,2176,2179,2134,2137
604.488,2232.7,2250,2251,2251,2191,2207,2221,2217,2211,2256,2239,2253,2249,2227,2205,2257,2270,2196,2243,2245,2221,2228,2226,2234,2264,2234,2188,2239,2221,2262,2226
604.836,2172.9,2159,2164,2179,2157,2180,2144,2146,2137,2191,2177,2147,2167,2149,2173,2197,2179,2158,2180,2211,2189,2184,2178,2172,2155,2163,2161,2165,2249,2176,2200
605.185,2154.7,2188,2190,2143,2136,2170,2162,2115,2130,2119,2143,2140,2154,2190,2120,2152,2173,2201,2142,2179,2141,2139,2175,2149,2142,2136,2143,2162,2178,2134,2195
605.533,2349.3,2379,2367,2315,2354,2356,2344,2308,2382,2384,2344,2314,2352,2344,2351,2362,2322,2369,2348,2365,2309,2322,2354,2341,2318,2336,2344,2359,2336,2435,2364
605.881,2121.4,2133,2107,2133,2160,2123,2110,2062,2102,2123,2143,2137,2144,2116,2121,2161,2104,2108,2125,2148,2110,2129,2098,2118,2154,2120,2115,2128,2112,2102,2097
606.230,2400.5,2409,2382,2412,2369,2406,2429,2376,2447,2415,2424,2396,2363,2401,2405,2418,2399,2406,2346,2422,2395,2385,2408,2418,2366,2408,2417,2362,2414,2377,2440
606.578,2362.9,2381,2389,2376,2346,2328,2374,2387,2390,2328,2363,2370,2371,2347,2387,2373,2386,2325,2366,2340,2345,2356,2364,2360,2374,2370,2350,2348,2347,2382,2365
606.926,2269.5,2310,2271,2299,2256,2263,2299,2255,2248,2277,2268,2284,2258,2272,2251,2295,2270,2253,2276,2265,2267,2280,2270,2281,2244,2262,2277,2242,2268,2243,2281
607.275,2363.7,2344,2385,2289,2366,2379,2366,2349,2300,2344,2402,2387,2387,2378,2363,2331,2359,2360,2365,2390,2370,2356,2378,2367,2348,2353,2356,2409,2408,2381,2342
607.623,2270.9,2270,2305,2240,2236,2273,2255,2222,2267,2282,2278,2277,2278,2290,2256,2271,2288,2252,2282,2314,2259,2257,2241,2270,2285,2277,2277,2248,2287,2296,2294
607.971,1971.3,1944,1924,1964,1981,1972,1953,1983,1970,1953,1979,1974,1994,1957,1947,1993,1936,1987,1993,2012,1947,1968,1953,1954,1989,1987,1988,1977,2008,1977,1974
608.320,2591.7,2610,2578,2588,2584,2614,2560,2570,2556,2631,2578,2603,2617,2645,2587,2612,2588,2574,2585,2596,2559,2605,2618,2621,2632,2565,2518,2594,2593,2582,2587
608.668,2245.6,2271,2239,2236,2250,2267,2204,2236,2281,2237,2258,2233,2239,2232,2227,2296,2234,2246,2228,2256,2258,2232,2246,2206,2223,2236,2219,2282,2273,2267,2255
609.017,2394.8,2427,2390,2371,2399,2400,2408,2404,2405,2395,2403,2372,2412,2357,2406,2368,2416,2401,2386,2384,2403,2418,2354,2380,2382,2454,2416,2423,2341,2373,2395
609.365,2380.0,2373,2385,2396,2408,2398,2377,2415,2339,2387,2389,2363,2362,2356,2404,2375,2383,2368,2362,2383,2367,2378,2355,2365,2414,2402,2348,2352,2396,2397,2402
609.714,2000.7,1978,1993,1984,1968,1980,2023,2024,2003,2047,1981,2002,2017,1985,2021,2001,1988,2025,1989,2022,2020,1986,1989,1996,2019,2012,1985,1975,2010,1992,2005
610.062,2233.4,2215,2221,2248,2191,2235,2219,2226,2209,2243,2248,2216,2248,2232,2189,2316,2202,2232,2298,2275,2216,2235,2236,2205,2228,2222,2242,2255,2249,2220,2231
610.411,1962.0,1974,1961,1971,1953,1960,1991,1953,1969,1941,1978,1950,1967,1936,2011,1953,1957,1972,1938,1946,1987,1938,1967,1960,1923,1986,1963,1965,1990,1953,1946
610.760,2138.1,2115,2129,2139,2136,2129,2102,2130,2127,2200,2151,2127,2136,2145,2161,2122,2155,2112,2127,2115,2114,2168,2143,2159,2180,2134,2181,2122,2092,2129,2164
611.108,2064.5,2028,2028,2089,2050,2097,2105,2050,2077,2077,2071,2022,2066,2062,2043,2048,2062,2057,2057,2047,2078,2051,2070,2062,2088,2038,2097,2085,2040,2095,2094
611.457,2180.2,2203,2179,2190,2172,2181,2200,2233,2130,2149,2165,2143,2203,2176,2193,2151,2173,2186,2204,2190,2162,2200,2191,2186,2187,2170,2193,2160,2163,2202,2172
611.805,2427.7,2422,2405,2413,2388,2427,2400,2446,2421,2411,2433,2429,2429,2465,2437,2436,2447,2447,2430,2412,2427,2429,2439,2443,2424,2453,2411,2436,2424,2443,2403
612.154,2272.1,2263,2264,2264,2297,2237,2279,2260,2286,2270,2283,2253,2250,2285,2307,2307,2275,2308,2274,2341,2256,2256,2257,2274,2256,2258,2271,2237,2235,2299,2260
612.503,2503.4,2506,2500,2546,2500,2529,2509,2485,2510,2508,2527,2452,2485,2531,2516,2508,2537,2485,2525,2497,2475,2441,2534,2505,2498,2513,2473,2519,2462,2494,2532
612.852,2328.7,2284,2353,2334,2329,2357,2332,2336,2315,2347,2330,2383,2328,2356,2300,2321,2352,2301,2273,2316,2292,2352,2317,2324,2337,2337,2339,2358,2333,2280,2344
613.200,2362.2,2366,2345,2352,2408,2362,2358,2365,2356,2365,2380,2361,2379,2334,2378,2380,2354,2323,2382,2354,2380,2353,2336,2363,2399,2324,2330,2369,2366,2366,2379
613.549,2382.0,2393,2368,2344,2418,2385,2390,2392,2426,2392,2350,2393,2403,2382,2362,2408,2348,2388,2377,2395,2390,2375,2406,2355,2353,2355,2392,2369,2392,2380,2378
613.898,2322.8,2328,2324,2344,2325,2330,2331,2323,2342,2324,2343,2335,2321,2328,2319,2344,2281,2308,2315,2318,2342,2322,2331,2316,2329,2306,2336,2288,2341,2281,2308
614.247,2403.3,2423,2416,2408,2377,2400,2380,2378,2400,2420,2394,2395,2368,2434,2392,2441,2427,2417,2419,2419,2405,2361,2428,2416,2427,2354,2396,2402,2412,2390,2399
614.596,2275.5,2265,2259,2267,2281,2258,2267,2286,2262,2267,2289,2275,2257,2263,2269,2277,2296,2259,2311,2294,2275,2302,2274,2312,2289,2287,2240,2275,2280,2287,2241
614.945,2312.3,2325,2312,2364,2297,2325,2290,2337,2305,2308,2310,2318,2322,2307,2307,2320,2284,2295,2304,2296,2330,2341,2316,2335,2285,2297,2293,2315,2303,2299,2328
615.294,2207.8,2207,2238,2198,2184,2198,2169,2244,2174,2244,2251,2204,2191,2189,2203,2230,2207,2207,2209,2219,2210,2218,2205,2222,2201,2202,2209,2201,2174,2181,2245
615.642,2284.6,2288,2324,2292,2279,2355,2280,2280,2286,2288,2251,2286,2258,2277,2275,2275,2300,2275,2298,2284,2270,2261,2293,2260,2279,2278,2333,2268,2298,2257,2290
615.991,2703.7,2657,2694,2713,2733,2724,2694,2726,2719,2708,2720,2736,2706,2625,2701,2684,2739,2713,2658,2677,2674,2692,2773,2718,2678,2708,2738,2704,2668,2717,2713
616.340,2197.7,2237,2213,2205,2176,2202,2192,2235,2211,2201,2185,2192,2184,2213,2200,2167,2184,2252,2168,2216,2211,2198,2217,2178,2153,2195,2161,2187,2196,2215,2186
616.689,2107.9,2128,2090,2139,2106,2088,2115,2150,2104,2143,2117,2070,2053,2119,2125,2061,2089,2129,2078,2114,2112,2071,2120,2128,2121,2098,2137,2139,2101,2101,2091
617.038,2420.8,2399,2413,2397,2421,2446,2443,2424,2417,2417,2384,2415,2426,2440,2438,2412,2442,2411,2392,2446,2381,2400,2444,2426,2422,2428,2467,2431,2426,2414,2402
617.387,2223.2,2202,2212,2261,2226,2235,2205,2204,2218,2195,2252,2248,2251,2204,2195,2195,2242,2224,2238,2258,2226,2224,2236,2226,2277,2198,2199,2196,2210,2215,2224
617.737,2387.8,2354,2368,2385,2418,2357,2389,2380,2434,2377,2376,2376,2372,2373,2381,2379,2410,2397,2381,2366,2404,2389,2410,2414,2377,2373,2382,2391,2394,2382,2445
618.086,2199.1,2186,2209,2180,2192,2220,2177,2184,2230,2157,2217,2162,2196,2183,2214,2210,2208,2204,2199,2226,2180,2189,2181,2195,2222,2198,2227,2203,2232,2190,2201
618.435,2378.9,2393,2402,2392,2386,2361,2364,2413,2399,2404,2371,2366,2360,2394,2401,2378,2333,2382,2400,2394,2349,2402,2364,2368,2362,2356,2396,2374,2405,2362,2335
618.784,2396.7,2407,2332,2328,2404,2399,2391,2401,2413,2377,2400,2367,2353,2418,2444,2424,2379,2409,2415,2420,2405,2398,2382,2382,2393,2401,2412,2411,2409,2425,2403
619.133,2109.9,2149,2134,2125,2080,2126,2120,2136,2077,2110,2117,2107,2121,2098,2078,2114,2098,2112,2132,2126,2090,2140,2104,2107,2114,2061,2106,2090,2112,2101,2113
619.482,2245.9,2233,2281,2237,2204,2225,2249,2260,2223,2236,2239,2255,2253,2276,2248,2224,2240,2252,2234,2226,2231,2266,2246,2250,2278,2238,2248,2227,2252,2267,2280
619.832,2088.6,2145,2097,2117,2084,2081,2072,2075,2080,2113,2093,2075,2087,2060,2084,2087,2088,2095,2127,2083,2083,2081,2097,2089,2065,2097,2095,2091,2071,2095,2051
620.181,2074.0,2073,2053,2098,2088,2116,2060,2078,2077,2051,2077,2098,2080,2069,2070,2037,2073,2073,2080,2072,2106,2050,2068,2049,2059,2093,2045,2096,2057,2054,2121
620.530,2439.6,2422,2424,2453,2466,2467,2417,2442,2428,2430,2420,2452,2430,2440,2433,2438,2441,2408,2416,2442,2404,2437,2452,2431,2492,2437,2452,2438,2450,2477,2449
620.879,2384.3,2390,2385,2366,2377,2448,2380,2387,2397,2395,2376,2366,2382,2381,2405,2384,2393,2398,2398,2363,2416,2357,2353,2363,2381,2427,2347,2378,2392,2374,2370
621.229,2136.1,2159,2126,2143,2144,2168,2149,2142,2084,2122,2129,2121,2098,2168,2191,2143,2156,2162,2130,2161,2132,2120,2123,2130,2129,2118,2117,2120,2134,2140,2125
621.578,2737.9,2717,2752,2753,2726,2710,2741,2756,2729,2724,2675,2714,2729,2738,2766,2690,2772,2744,2727,2769,2782,2741,2701,2756,2776,2710,2710,2725,2784,2742,2778
621.927,2423.2,2475,2442,2436,2451,2413,2467,2467,2403,2419,2399,2411,2395,2387,2416,2381,2413,2419,2381,2443,2474,2433,2418,2429,2435,2418,2411,2415,2433,2429,2382
622.277,2101.9,2115,2101,2092,2099,2105,2094,2095,2138,2110,2055,2097,2084,2109,2117,2115,2098,2105,2081,2111,2084,2100,2092,2126,2133,2062,2095,2099,2132,2115,2098
622.626,2179.6,2161,2169,2182,2176,2196,2184,2191,2185,2178,2161,2187,2214,2180,2148,2222,2174,2173,2202,2200,2157,2169,2185,2182,2198,2178,2177,2159,2154,2166,2181
622.975,2157.7,2132,2154,2178,2169,2159,2136,2163,2115,2148,2141,2183,2157,2170,2168,2112,2122,2193,2192,2143,2155,2155,2151,2207,2152,2123,2138,2178,2206,2165,2165
623.325,2213.1,2188,2193,2221,2222,2236,2234,2204,2214,2202,2201,2195,2226,2185,2211,2224,2219,2218,2189,2233,2219,2220,2206,2185,2236,2228,2237,2222,2224,2244,2157
623.674,2253.7,2245,2255,2283,2303,2242,2240,2252,2269,2260,2222,2260,2261,2239,2231,2282,2227,2270,2260,2245,2272,2216,2287,2245,2217,2232,2243,2243,2276,2282,2252
624.024,2610.3,2593,2617,2630,2630,2650,2560,2646,2561,2582,2595,2622,2598,2641,2594,2646,2602,2613,2604,2593,2628,2630,2607,2636,2624,2614,2602,2593,2611,2595,2593
624.373,2343.9,2331,2312,2350,2362,2325,2339,2316,2348,2339,2371,2349,2362,2368,2321,2360,2382,2349,2336,2347,2340,2314,2368,2332,2366,2370,2350,2317,2324,2292,2378
624.723,2358.9,2304,2349,2401,2372,2353,2351,2320,2346,2373,2380,2355,2389,2341,2404,2329,2335,2389,2355,2360,2320,2356,2376,2347,2396,2360,2368,2324,2336,2400,2378
625.072,2299.3,2289,2285,2295,2277,2284,2306,2320,2256,2270,2271,2293,2354,2278,2325,2284,2323,2292,2272,2314,2329,2289,2308,2294,2360,2285,2332,2296,2293,2291,2313
625.422,2069.5,2042,2042,2046,2067,2047,2049,2131,2048,2079,2096,2041,2061,2058,2129,2063,2098,2062,2063,2057,2098,2065,2054,2069,2082,2054,2076,2108,2075,2092,2033
625.772,2243.5,2224,2255,2237,2213,2261,2268,2258,2239,2276,2236,2230,2236,2240,2245,2204,2258,2208,2225,2240,2262,2215,2273,2246,2277,2248,2223,2248,2256,2251,2253
626.121,2179.5,2162,2189,2186,2170,2185,2155,2202,2164,2135,2149,2220,2197,2179,2188,2184,2141,2180,2162,2192,2153,2179,2191,2197,2163,2169,2236,2202,2200,2177,2178
626.471,2331.9,2329,2304,2311,2310,2366,2326,2318,2325,2342,2314,2303,2361,2353,2303,2341,2392,2319,2304,2319,2333,2334,2333,2332,2345,2347,2336,2330,2330,2346,2352
626.821,2338.1,2306,2331,2350,2364,2333,2338,2369,2314,2328,2356,2349,2318,2321,2370,2346,2386,2296,2380,2303,2300,2341,2352,2306,2325,2363,2329,2364,2370,2341,2293
627.170,2203.6,2216,2182,2175,2248,2168,2261,2207,2200,2200,2208,2170,2192,2222,2225,2206,2205,2239,2180,2228,2207,2177,2213,2212,2171,2203,2185,2194,2179,2245,2189
627.520,2104.3,2132,2085,2130,2091,2086,2083,2112,2077,2086,2098,2134,2108,2068,2096,2096,2090,2104,2112,2086,2132,2140,2107,2115,2152,2116,2081,2093,2099,2089,2130
627.870,2423.2,2397,2408,2425,2400,2407,2467,2392,2390,2432,2405,2434,2466,2418,2445,2417,2451,2445,2419,2392,2441,2427,2431,2417,2417,2413,2457,2407,2441,2421,2415
628.220,2199.0,2211,2190,2212,2174,2157,2176,2204,2147,2231,2154,2174,2218,2219,2227,2222,2207,2216,2151,2220,2248,2177,2206,2203,2195,2184,2192,2206,2242,2205,2203
628.569,2249.9,2194,2231,2258,2234,2284,2212,2248,2280,2273,2225,2267,2265,2262,2236,2230,2264,2246,2238,2296,2236,2280,2232,2206,2241,2248,2280,2239,2266,2256,2271
628.919,2367.1,2354,2387,2371,2374,2424,2376,2353,2380,2366,2363,2357,2314,2377,2376,2399,2368,2352,2348,2323,2404,2374,2367,2360,2395,2352,2342,2400,2358,2355,2345
629.269,2314.4,2316,2294,2322,2315,2297,2328,2298,2303,2328,2313,2321,2312,2324,2331,2349,2308,2334,2306,2323,2336,2271,2322,2300,2269,2308,2296,2329,2322,2329,2327
629.619,2327.5,2306,2351,2339,2390,2304,2367,2280,2317,2327,2363,2296,2341,2328,2282,2342,2311,2350,2312,2354,2298,2328,2308,2351,2318,2362,2347,2301,2326,2304,2321
629.969,2425.0,2397,2442,2443,2397,2446,2410,2398,2444,2456,2428,2424,2421,2369,2475,2438,2425,2418,2458,2426,2408,2450,2440,2441,2392,2383,2420,2399,2424,2453,2424
630.319,2316.0,2306,2339,2304,2335,2328,2292,2331,2341,2291,2323,2334,2330,2279,2285,2291,2334,2320,2298,2338,2322,2319,2322,2367,2354,2337,2289,2304,2296,2323,2249
630.669,2222.3,2272,2191,2264,2259,2221,2232,2239,2240,2189,2202,2237,2226,2232,2208,2228,2216,2228,2211,2184,2218,2226,2228,2228,2229,2239,2208,2188,2215,2189,2222
631.019,2122.6,2126,2123,2139,2136,2143,2120,2105,2140,2108,2158,2149,2110,2086,2142,2127,2126,2144,2065,2127,2100,2094,2114,2133,2132,2124,2080,2128,2145,2137,2118
631.368,2333.9,2318,2337,2361,2329,2308,2353,2312,2309,2321,2366,2360,2304,2346,2347,2349,2331,2336,2320,2318,2360,2365,2338,2339,2338,2319,2333,2290,2326,2329,2354
631.718,2473.8,2504,2479,2483,2432,2505,2465,2463,2492,2486,2468,2467,2437,2453,2522,2491,2465,2448,2443,2470,2503,2436,2462,2507,2462,2480,2476,2475,2469,2508,2462
632.068,2294.4,2282,2291,2287,2309,2304,2264,2307,2296,2304,2333,2267,2344,2262,2320,2251,2308,2301,2293,2318,2307,2308,2301,2297,2289,2286,2297,2297,2250,2267,2293
632.419,2391.7,2370,2370,2364,2392,2399,2418,2404,2395,2393,2433,2384,2397,2398,2359,2406,2400,2363,2385,2414,2395,2381,2384,2405,2389,2368,2383,2415,2394,2407,2386
632.769,2088.6,2085,2056,2095,2076,2090,2094,2091,2098,2110,2108,2106,2081,2070,2068,2078,2095,2075,2120,2073,2066,2111,2117,2048,2090,2099,2084,2101,2080,2085,2107
633.119,2245.9,2280,2235,2265,2255,2236,2223,2231,2233,2264,2264,2260,2250,2255,2261,2244,2251,2238,2265,2256,2235,2270,2225,2258,2252,2217,2205,2234,2236,2232,2247
633.469,2509.0,2497,2478,2510,2483,2504,2514,2484,2503,2531,2480,2508,2502,2511,2506,2573,2505,2497,2493,2509,2424,2541,2550,2537,2473,2517,2546,2502,2520,2532,2539
633.819,2257.1,2264,2241,2267,2294,2264,2233,2197,2244,2279,2306,2263,2233,2256,2282,2274,2242,2251,2215,2249,2213,2274,2219,2256,2255,2271,2263,2267,2278,2293,2269
634.169,2259.0,2278,2252,2230,2267,2276,2277,2239,2277,2297,2262,2270,2256,2284,2255,2258,2232,2232,2251,2275,2220,2236,2258,2251,2258,2249,2284,2245,2290,2249,2262
634.519,2494.4,2494,2482,2487,2504,2484,2498,2517,2523,2521,2482,2500,2472,2499,2515,2523,2496,2494,2506,2532,2439,2506,2472,2504,2466,2475,2508,2484,2453,2510,2485
634.869,2158.1,2174,2142,2171,2143,2140,2116,2155,2154,2170,2155,2143,2152,2161,2142,2157,2178,2142,2168,2151,2174,2169,2158,2155,2174,2181,2198,2153,2145,2165,2157
635.220,2520.0,2506,2514,2535,2505,2504,2538,2498,2506,2482,2538,2608,2544,2489,2523,2529,2533,2484,2497,2485,2548,2546,2539,2536,2496,2520,2491,2515,2548,2547,2495
635.570,2361.6,2330,2367,2384,2364,2377,2400,2371,2360,2316,2346,2375,2347,2333,2358,2389,2392,2342,2359,2362,2316,2353,2389,2343,2374,2353,2365,2370,2398,2355,2361
635.920,2098.0,2052,2092,2076,2121,2109,2101,2096,2067,2116,2088,2157,2089,2055,2123,2094,2111,2069,2121,2106,2057,2077,2077,2127,2104,2109,2116,2099,2068,2139,2125
636.270,2897.0,2852,2951,2865,2909,2875,2884,2884,2905,2903,2907,2823,2861,2893,2906,2949,2970,2854,2905,2930,2872,2904,2847,2880,2938,2930,2892,2920,2944,2880,2876
636.621,2510.4,2512,2525,2546,2504,2509,2506,2458,2547,2522,2486,2490,2521,2492,2512,2509,2515,2538,2523,2547,2466,2505,2536,2524,2486,2474,2453,2557,2525,2531,2494
636.971,2577.3,2556,2593,2582,2611,2555,2587,2573,2568,2562,2581,2604,2566,2581,2607,2643,2602,2568,2593,2587,2548,2575,2575,2593,2538,2553,2511,2570,2556,2591,2589
637.321,2343.2,2337,2355,2348,2350,2367,2368,2346,2326,2342,2362,2328,2315,2328,2340,2363,2335,2307,2376,2323,2316,2346,2355,2320,2357,2347,2373,2345,2362,2314,2346
637.672,2159.6,2154,2132,2192,2149,2173,2151,2123,2120,2156,2157,2162,2187,2200,2141,2115,2174,2143,2198,2169,2161,2149,2173,2173,2173,2170,2112,2183,2161,2177,2160
638.022,2129.0,2112,2104,2136,2154,2138,2136,2149,2146,2084,2121,2137,2142,2112,2143,2136,2139,2123,2145,2162,2117,2129,2152,2109,2116,2098,2132,2129,2150,2148,2070
638.373,2090.3,2097,2048,2092,2109,2078,2107,2108,2144,2118,2102,2077,2055,2077,2091,2096,2089,2120,2065,2063,2075,2087,2084,2085,2091,2095,2085,2097,2101,2060,2112
638.723,2368.0,2364,2328,2399,2374,2360,2371,2362,2355,2431,2349,2356,2365,2302,2331,2395,2398,2383,2363,2344,2376,2368,2387,2382,2348,2367,2369,2373,2378,2355,2408
639.073,2485.3,2525,2441,2468,2476,2488,2506,2416,2494,2500,2466,2458,2480,2455,2514,2525,2470,2522,2466,2482,2483,2484,2468,2491,2497,2514,2517,2479,2510,2480,2485
639.424,2656.3,2651,2642,2696,2660,2643,2648,2678,2631,2618,2690,2650,2662,2648,2646,2653,2642,2678,2649,2675,2617,2660,2629,2676,2637,2662,2663,2675,2665,2670,2674
639.774,2201.8,2216,2178,2204,2199,2178,2238,2205,2193,2217,2189,2212,2238,2216,2234,2186,2170,2206,2202,2223,2178,2237,2201,2225,2214,2200,2158,2216,2214,2169,2139
640.125,2408.1,2405,2405,2406,2429,2349,2416,2425,2401,2396,2434,2445,2404,2381,2399,2410,2442,2453,2402,2395,2400,2419,2377,2419,2424,2385,2380,2359,2426,2429,2429
640.476,2624.9,2600,2640,2629,2590,2613,2611,2631,2603,2643,2637,2619,2650,2580,2654,2611,2626,2629,2622,2634,2608,2648,2623,2641,2673,2600,2604,2610,2664,2646,2608
640.826,2329.7,2297,2328,2392,2304,2324,2297,2336,2320,2312,2321,2380,2360,2340,2309,2338,2340,2344,2321,2355,2315,2316,2276,2316,2314,2364,2332,2347,2338,2341,2313
641.177,2047.5,2089,2038,2085,2042,2050,2062,2075,2086,2021,2036,2081,2073,2069,2038,2022,2033,2008,2058,2022,2046,2051,2054,2026,2043,2051,2074,2036,2017,2018,2020
641.527,2427.4,2431,2413,2456,2442,2440,2446,2422,2387,2433,2403,2454,2457,2413,2410,2400,2431,2457,2411,2417,2441,2426,2436,2411,2387,2422,2429,2425,2426,2489,2406
641.878,2330.6,2341,2318,2320,2344,2319,2345,2329,2369,2366,2370,2344,2335,2346,2327,2324,2298,2284,2405,2346,2337,2349,2344,2290,2296,2347,2285,2327,2293,2303,2316
642.229,2379.4,2371,2415,2354,2425,2354,2366,2385,2383,2399,2371,2376,2404,2344,2423,2383,2401,2358,2338,2379,2356,2366,2400,2340,2384,2386,2441,2323,2394,2418,2345
642.579,2277.3,2245,2276,2275,2276,2294,2246,2273,2302,2263,2266,2277,2271,2269,2260,2250,2295,2285,2318,2313,2280,2269,2280,2274,2250,2283,2269,2301,2298,2290,2272
642.930,3031.5,3005,3004,3052,3000,3021,3040,3009,3097,3015,3024,3022,3039,3030,3021,2996,3052,3067,3028,3039,3036,3064,3066,2999,3027,3011,3067,2989,3048,3039,3037
643.281,2388.9,2350,2341,2390,2374,2342,2362,2386,2437,2407,2434,2420,2406,2419,2420,2394,2382,2360,2385,2381,2397,2398,2368,2381,2387,2376,2406,2340,2401,2409,2415
643.631,2462.5,2446,2435,2489,2429,2443,2462,2466,2420,2504,2473,2483,2415,2475,2440,2433,2423,2439,2491,2468,2463,2481,2476,2496,2474,2456,2428,2450,2511,2513,2492
643.982,2769.9,2735,2755,2756,2827,2751,2742,2769,2720,2773,2766,2794,2759,2769,2789,2748,2734,2782,2788,2812,2794,2774,2797,2734,2771,2759,2751,2771,2780,2797,2801
644.333,2669.6,2639,2631,2652,2643,2637,2641,2680,2696,2671,2666,2646,2659,2672,2660,2716,2634,2693,2660,2704,2678,2678,2669,2665,2642,2673,2700,2643,2699,2730,2711
644.684,2528.7,2510,2531,2525,2499,2500,2533,2518,2481,2492,2530,2525,2542,2545,2518,2552,2520,2546,2542,2522,2554,2543,2534,2549,2504,2527,2483,2553,2524,2569,2590
645.035,2865.7,2864,2873,2858,2828,2867,2885,2850,2818,2808,2876,2832,2854,2873,2876,2882,2869,2842,2882,2837,2841,2854,2848,2864,2865,2877,2913,2893,2852,2941,2950
645.385,2499.8,2473,2456,2462,2482,2502,2507,2477,2447,2494,2520,2495,2514,2518,2510,2482,2504,2555,2494,2484,2493,2470,2554,2506,2500,2459,2499,2488,2542,2565,2543
645.736,3219.6,3159,3168,3233,3190,3214,3237,3170,3207,3285,3187,3227,3238,3221,3205,3216,3269,3204,3257,3195,3245,3226,3262,3237,3202,3195,3218,3198,3217,3264,3242
646.087,2489.7,2430,2489,2462,2472,2482,2477,2480,2490,2515,2480,2476,2450,2529,2479,2449,2518,2484,2495,2465,2517,2530,2489,2472,2470,2495,2512,2502,2500,2528,2553
646.438,2992.7,3003,2974,2960,2991,2962,2986,2968,2970,2990,2969,2951,2972,3000,3014,3026,2986,2979,2994,3002,3052,3012,3006,3032,2977,2997,3026,2983,3038,2968,2992
646.789,3050.3,3012,3034,3022,3096,3039,2990,3043,3012,3060,3032,3026,3088,3023,3067,3040,3034,3061,3032,3071,3053,3106,3019,3052,3037,3044,3008,3053,3100,3121,3133
647.140,3013.1,3007,3023,2933,2988,3020,2980,2983,2979,2986,3032,2976,2989,3022,3001,2974,3010,3036,3036,3020,3022,3025,3074,3016,3023,3048,3017,3028,3024,3058,3064
647.491,2892.9,2923,2844,2857,2874,2834,2894,2876,2864,2917,2861,2867,2870,2888,2882,2856,2900,2882,2883,2906,2907,2896,2923,2889,2933,2909,2930,2904,2894,2949,2974
647.842,3134.0,3122,3110,3144,3106,3115,3156,3102,3108,3064,3126,3144,3117,3093,3148,3158,3108,3126,3117,3122,3178,3162,3133,3138,3104,3129,3143,3185,3169,3196,3198
648.193,2545.8,2490,2487,2499,2511,2533,2538,2556,2555,2534,2524,2521,2509,2540,2556,2601,2570,2526,2610,2558,2557,2555,2569,2586,2513,2543,2538,2571,2546,2616,2563
648.544,2581.6,2482,2546,2515,2537,2559,2578,2582,2569,2572,2658,2559,2562,2584,2603,2617,2593,2613,2597,2610,2561,2597,2611,2607,2540,2589,2588,2603,2576,2619,2622
648.895,2719.7,2622,2704,2725,2680,2719,2714,2696,2677,2635,2732,2720,2718,2725,2667,2745,2753,2734,2687,2757,2724,2773,2754,2719,2715,2712,2739,2771,2751,2790,2732
649.246,2635.5,2619,2596,2638,2595,2591,2612,2611,2624,2619,2668,2635,2652,2640,2632,2600,2626,2669,2649,2671,2684,2687,2632,2616,2648,2605,2580,2632,2689,2654,2691
649.597,2699.9,2707,2648,2644,2666,2674,2710,2631,2700,2737,2720,2705,2632,2733,2710,2703,2683,2675,2672,2696,2701,2696,2780,2706,2712,2693,2722,2705,2752,2722,2762
649.949,2743.2,2697,2729,2737,2702,2727,2732,2709,2730,2760,2713,2731,2744,2759,2730,2782,2772,2777,2766,2758,2731,2733,2748,2710,2774,2768,2712,2729,2741,2792,2804
650.300,2444.9,2412,2391,2387,2388,2431,2482,2445,2437,2464,2425,2427,2423,2442,2442,2446,2421,2451,2453,2406,2446,2492,2472,2482,2421,2472,2474,2464,2499,2475,2478
650.651,2683.6,2649,2664,2659,2632,2652,2654,2683,2690,2651,2649,2649,2680,2672,2701,2668,2716,2670,2706,2677,2679,2686,2744,2677,2703,2684,2681,2700,2752,2729,2751
651.002,2655.1,2616,2644,2595,2661,2637,2629,2658,2640,2612,2688,2649,2644,2603,2675,2640,2623,2676,2722,2653,2676,2656,2642,2665,2656,2651,2673,2668,2686,2683,2731
651.353,2656.5,2617,2641,2599,2580,2632,2616,2623,2662,2590,2653,2657,2646,2700,2645,2635,2696,2605,2646,2664,2633,2699,2728,2657,2664,2699,2664,2667,2728,2714,2734
651.705,3076.1,3029,3101,3022,3014,3100,3001,3070,3073,3060,3062,3087,3073,3108,3076,3013,3026,3031,3078,3102,3141,3130,3150,3079,3047,3113,3072,3056,3114,3105,3149
652.056,2820.3,2792,2771,2776,2768,2792,2798,2855,2829,2839,2810,2818,2810,2837,2810,2795,2875,2829,2805,2841,2832,2880,2816,2842,2763,2851,2831,2813,2829,2862,2840
652.407,3486.3,3404,3462,3453,3451,3461,3446,3497,3444,3467,3487,3516,3469,3477,3455,3506,3475,3503,3495,3466,3507,3443,3496,3530,3512,3500,3535,3508,3508,3556,3559
652.758,3124.8,3048,3093,3064,3118,3130,3093,3083,3109,3105,3117,3126,3152,3098,3119,3136,3115,3172,3124,3097,3112,3155,3141,3177,3122,3140,3160,3120,3158,3189,3170
653.110,2951.2,2882,2958,2904,2950,2927,2921,2972,2934,2927,2927,2957,2948,2942,2902,2952,2924,2924,2946,3005,2969,2990,2994,2925,2985,2884,2955,2964,3034,3016,3017
653.461,2926.0,2837,2894,2877,2904,2920,2850,2924,2920,2939,2894,2902,2967,2920,2842,2925,2945,2945,2911,3001,2964,2959,2935,2939,2968,2925,2917,2924,2911,3007,3014
653.812,2518.5,2462,2481,2499,2458,2504,2502,2513,2487,2509,2463,2477,2530,2514,2546,2557,2573,2502,2509,2528,2515,2549,2575,2516,2534,2541,2569,2516,2549,2549,2527
654.164,2813.1,2744,2796,2806,2796,2781,2781,2802,2778,2802,2830,2781,2812,2768,2840,2815,2811,2827,2815,2842,2870,2843,2898,2813,2809,2815,2824,2799,2865,2826,2804
654.515,2588.0,2531,2579,2536,2512,2582,2587,2580,2564,2537,2560,2577,2591,2614,2617,2568,2611,2598,2640,2640,2558,2604,2580,2609,2598,2605,2572,2629,2604,2625,2633
654.867,2586.4,2574,2575,2561,2577,2582,2510,2546,2548,2544,2568,2549,2646,2600,2621,2612,2565,2607,2550,2580,2633,2626,2602,2572,2608,2600,2556,2612,2614,2630,2624
655.218,2640.9,2588,2576,2593,2600,2616,2608,2648,2648,2632,2602,2605,2632,2640,2610,2680,2673,2703,2645,2654,2711,2660,2651,2638,2604,2603,2677,2704,2653,2677,2696
655.570,2447.0,2413,2403,2424,2396,2421,2438,2428,2440,2425,2420,2429,2426,2465,2484,2463,2459,2484,2451,2439,2474,2471,2442,2473,2468,2435,2451,2456,2487,2454,2491
655.921,2476.9,2492,2447,2403,2462,2393,2452,2453,2451,2468,2433,2442,2482,2497,2455,2467,2482,2516,2498,2500,2504,2494,2474,2471,2536,2478,2521,2501,2481,2511,2543
656.273,2710.2,2664,2699,2658,2720,2679,2644,2655,2692,2664,2678,2661,2708,2686,2761,2706,2696,2733,2750,2735,2723,2781,2690,2715,2758,2717,2716,2746,2784,2761,2725
656.624,2764.1,2716,2738,2717,2726,2747,2706,2725,2719,2791,2733,2737,2771,2802,2781,2717,2833,2732,2789,2812,2794,2776,2786,2785,2753,2760,2776,2774,2778,2791,2858
656.976,2801.7,2745,2744,2717,2758,2819,2786,2751,2807,2827,2769,2737,2817,2815,2773,2808,2835,2843,2783,2833,2801,2784,2866,2808,2836,2805,2802,2805,2887,2843,2848
657.327,2840.3,2793,2816,2769,2804,2792,2808,2834,2796,2817,2897,2843,2787,2874,2824,2838,2862,2854,2855,2852,2885,2842,2872,2844,2838,2818,2851,2847,2876,2907,2914
657.679,2534.4,2530,2523,2499,2458,2499,2522,2508,2527,2552,2549,2531,2471,2542,2542,2560,2550,2543,2498,2507,2532,2555,2559,2531,2561,2511,2538,2573,2556,2606,2598
658.030,2510.6,2449,2489,2458,2459,2495,2450,2489,2480,2492,2509,2458,2459,2511,2523,2533,2513,2487,2511,2521,2560,2559,2585,2534,2542,2487,2524,2525,2575,2549,2591
658.382,2960.1,2914,2911,2865,2961,2982,2914,2922,2941,2981,2952,2936,2940,2973,2982,2949,2960,2986,2931,2973,2995,2977,2996,3000,2934,2952,2956,2951,3036,3048,2985
658.734,2938.5,2923,2895,2920,2939,2878,2936,2938,2908,2924,2893,2896,2933,2913,2920,2964,2937,2920,2939,2956,2968,2964,2975,2947,2953,2950,2965,2959,2991,2973,2979
659.085,2536.0,2480,2512,2506,2542,2537,2501,2479,2520,2524,2552,2510,2526,2589,2521,2528,2518,2559,2560,2546,2586,2531,2541,2571,2555,2515,2574,2549,2536,2519,2593
659.437,2797.2,2771,2762,2772,2770,2784,2782,2776,2767,2743,2799,2801,2785,2756,2765,2809,2808,2832,2831,2815,2778,2796,2824,2783,2824,2800,2813,2792,2869,2860,2850
659.789,2679.4,2658,2627,2681,2640,2614,2680,2718,2659,2683,2640,2661,2607,2680,2676,2671,2689,2687,2708,2692,2693,2694,2722,2673,2712,2714,2670,2675,2721,2728,2708
660.141,2606.2,2614,2585,2580,2564,2539,2571,2558,2632,2598,2634,2554,2557,2594,2597,2590,2624,2665,2653,2622,2616,2595,2585,2567,2585,2609,2676,2596,2686,2668,2672
660.492,2568.4,2572,2518,2500,2567,2533,2515,2582,2584,2539,2578,2586,2571,2548,2587,2556,2534,2594,2511,2562,2597,2581,2615,2567,2593,2614,2602,2529,2603,2626,2589
660.844,2417.0,2366,2405,2362,2370,2436,2449,2440,2373,2423,2417,2428,2398,2402,2372,2404,2418,2445,2432,2412,2408,2456,2463,2371,2400,2412,2424,2440,2484,2434,2467
661.196,2548.4,2474,2509,2498,2521,2524,2552,2569,2526,2515,2531,2545,2533,2515,2548,2504,2520,2532,2589,2626,2609,2585,2562,2596,2536,2576,2602,2536,2563,2583,2572
661.548,2431.2,2360,2423,2395,2388,2337,2421,2442,2405,2380,2408,2412,2407,2460,2402,2406,2434,2414,2438,2456,2410,2452,2438,2440,2446,2482,2493,2480,2463,2497,2548
661.900,2774.4,2745,2744,2776,2747,2784,2744,2733,2783,2734,2766,2807,2723,2770,2716,2778,2787,2788,2778,2792,2806,2785,2797,2780,2785,2739,2793,2803,2795,2787,2866
662.252,2806.4,2754,2783,2768,2821,2763,2785,2781,2767,2766,2778,2808,2829,2784,2775,2819,2811,2826,2824,2860,2834,2776,2843,2802,2796,2870,2803,2811,2873,2840,2843
662.603,2564.3,2539,2547,2542,2548,2518,2513,2502,2546,2545,2527,2557,2544,2542,2563,2565,2574,2560,2585,2578,2576,2610,2583,2556,2586,2576,2603,2599,2597,2622,2626
662.955,2853.1,2782,2819,2811,2810,2813,2805,2851,2861,2819,2843,2838,2857,2851,2844,2837,2833,2835,2841,2832,2892,2927,2900,2842,2854,2876,2891,2865,2900,2925,2940
663.307,3007.7,2963,2984,2941,2960,2974,2939,2984,3012,2993,2976,3020,3009,3014,2985,3047,2966,2989,3098,3022,3017,3021,2997,3000,3006,3052,3022,3013,3097,3040,3090
663.659,2458.2,2434,2408,2424,2405,2449,2396,2400,2429,2395,2429,2418,2435,2453,2395,2478,2460,2462,2441,2472,2491,2530,2504,2484,2477,2497,2534,2502,2505,2521,2519
664.011,2855.7,2787,2828,2813,2820,2860,2750,2844,2848,2799,2803,2818,2859,2844,2883,2852,2893,2893,2881,2905,2886,2878,2920,2845,2840,2860,2865,2884,2904,2904,2904
664.363,2384.9,2344,2338,2369,2401,2390,2355,2388,2345,2394,2385,2341,2324,2346,2370,2374,2393,2359,2416,2410,2415,2414,2402,2437,2363,2421,2397,2368,2422,2454,2411
664.715,2327.1,2336,2291,2305,2273,2318,2292,2300,2316,2297,2307,2340,2293,2280,2343,2339,2372,2288,2323,2299,2334,2387,2358,2337,2320,2374,2385,2348,2361,2335,2361
665.067,2822.1,2810,2802,2784,2799,2790,2777,2771,2821,2788,2822,2788,2805,2852,2830,2828,2828,2853,2861,2851,2831,2824,2809,2810,2803,2827,2876,2810,2833,2878,2901
665.419,3268.3,3265,3252,3253,3326,3236,3214,3254,3221,3195,3261,3295,3240,3204,3286,3262,3237,3272,3262,3250,3283,3310,3328,3305,3285,3269,3255,3298,3319,3314,3298
665.771,2476.0,2469,2490,2490,2438,2448,2425,2427,2489,2433,2474,2451,2496,2467,2464,2442,2504,2507,2481,2494,2455,2468,2513,2462,2469,2476,2475,2498,2528,2533,2515
666.123,2617.9,2590,2599,2622,2625,2597,2576,2629,2596,2566,2562,2621,2589,2600,2599,2640,2577,2605,2612,2657,2555,2671,2640,2628,2637,2621,2645,2655,2675,2636,2711
666.476,2784.9,2725,2715,2744,2766,2776,2747,2730,2784,2725,2764,2786,2697,2790,2793,2802,2816,2789,2822,2771,2845,2762,2787,2831,2827,2776,2805,2870,2844,2799,2859
666.828,2653.2,2565,2604,2607,2640,2594,2637,2642,2633,2583,2640,2658,2651,2666,2658,2708,2606,2613,2676,2648,2661,2703,2683,2635,2705,2650,2701,2728,2697,2728,2675
667.180,2774.9,2764,2757,2710,2758,2772,2774,2754,2722,2768,2726,2816,2713,2731,2779,2780,2778,2771,2761,2804,2791,2833,2837,2749,2792,2776,2689,2827,2865,2851,2800
667.532,2628.0,2583,2605,2572,2597,2619,2611,2613,2609,2596,2616,2633,2605,2656,2632,2656,2641,2554,2612,2594,2629,2643,2706,2617,2640,2605,2691,2589,2683,2713,2721
667.884,2529.1,2471,2486,2500,2514,2498,2503,2529,2486,2502,2546,2515,2498,2545,2555,2504,2583,2536,2505,2533,2542,2570,2560,2518,2540,2536,2536,2575,2562,2557,2568
668.236,2893.2,2846,2848,2869,2883,2824,2804,2923,2877,2866,2891,2897,2869,2851,2885,2905,2886,2890,2899,2899,2968,2896,2941,2869,2883,2930,2942,2920,2933,2933,2970
668.589,2856.4,2788,2822,2846,2884,2877,2830,2855,2817,2799,2904,2856,2831,2836,2862,2857,2819,2835,2889,2836,2883,2879,2846,2866,2886,2863,2864,2879,2894,2859,2931
668.941,2297.6,2264,2267,2280,2273,2257,2274,2256,2285,2296,2278,2272,2316,2264,2280,2306,2267,2305,2313,2260,2322,2316,2316,2321,2312,2315,2374,2290,2339,2342,2368
669.293,2600.4,2597,2517,2541,2572,2545,2588,2594,2572,2544,2572,2582,2597,2637,2579,2607,2653,2652,2624,2562,2620,2615,2652,2588,2662,2594,2637,2640,2590,2649,2629
669.646,2692.0,2635,2664,2655,2667,2671,2707,2679,2730,2636,2690,2661,2712,2653,2726,2715,2681,2665,2692,2659,2697,2735,2708,2713,2739,2689,2692,2718,2755,2692,2725
669.998,2732.1,2675,2702,2767,2719,2700,2671,2746,2703,2696,2702,2750,2709,2701,2714,2751,2724,2777,2759,2745,2763,2707,2769,2696,2774,2741,2703,2744,2747,2754,2854
670.350,2674.2,2649,2639,2684,2699,2684,2653,2646,2623,2678,2634,2658,2687,2696,2674,2625,2711,2618,2728,2679,2674,2749,2667,2627,2691,2664,2701,2695,2709,2681,2704
670.703,2688.6,2697,2622,2680,2675,2674,2656,2620,2684,2665,2662,2729,2672,2707,2717,2701,2676,2666,2703,2688,2725,2690,2705,2667,2722,2696,2706,2666,2732,2761,2693
671.055,2429.0,2438,2399,2360,2411,2393,2400,2401,2434,2450,2392,2413,2406,2430,2388,2455,2443,2442,2492,2430,2415,2445,2426,2476,2435,2440,2448,2457,2458,2463,2430
671.407,2320.1,2296,2310,2297,2325,2303,2307,2285,2286,2293,2275,2340,2290,2325,2328,2306,2299,2318,2369,2310,2280,2368,2374,2324,2290,2333,2317,2351,2344,2384,2377
671.760,2485.6,2465,2443,2449,2464,2427,2458,2488,2445,2477,2440,2545,2464,2456,2456,2523,2506,2508,2438,2485,2492,2530,2529,2456,2524,2519,2518,2498,2518,2526,2521
672.112,2777.0,2765,2708,2777,2765,2736,2740,2816,2774,2760,2774,2737,2732,2742,2783,2749,2787,2780,2778,2745,2773,2819,2870,2759,2804,2791,2755,2810,2838,2834,2808
672.465,2642.1,2619,2615,2633,2608,2624,2627,2597,2584,2613,2633,2616,2622,2604,2647,2637,2626,2612,2686,2650,2689,2664,2658,2674,2671,2675,2650,2670,2691,2674,2694
672.817,2531.7,2506,2474,2520,2515,2529,2504,2534,2520,2481,2556,2520,2538,2527,2509,2566,2508,2548,2556,2554,2527,2570,2556,2496,2513,2510,2577,2538,2548,2542,2610
673.170,2153.1,2093,2110,2121,2110,2147,2120,2094,2146,2153,2128,2103,2129,2165,2182,2143,2169,2148,2178,2213,2154,2178,2165,2171,2177,2169,2193,2164,2168,2196,2205
673.522,2402.5,2347,2363,2359,2377,2408,2390,2348,2367,2391,2379,2423,2393,2353,2432,2401,2424,2412,2392,2377,2435,2452,2444,2424,2432,2399,2464,2424,2398,2425,2441
673.875,2451.1,2420,2380,2449,2440,2419,2424,2413,2378,2476,2411,2479,2468,2454,2457,2428,2442,2484,2460,2483,2456,2470,2462,2454,2453,2483,2451,2488,2458,2502,2492
674.227,2639.2,2585,2609,2575,2587,2606,2637,2594,2633,2625,2600,2635,2618,2644,2630,2674,2655,2653,2623,2671,2654,2663,2658,2686,2640,2610,2662,2708,2687,2679,2676
674.580,2480.0,2492,2428,2436,2474,2400,2504,2480,2486,2474,2458,2476,2432,2462,2498,2521,2529,2485,2485,2471,2512,2489,2497,2465,2456,2472,2506,2491,2501,2514,2505
674.932,2597.4,2572,2574,2536,2604,2583,2594,2556,2598,2588,2586,2572,2593,2573,2589,2614,2568,2554,2618,2619,2624,2606,2635,2637,2609,2622,2609,2593,2597,2648,2651
675.285,2592.0,2574,2567,2553,2562,2492,2573,2607,2587,2606,2539,2601,2608,2594,2560,2603,2612,2598,2557,2560,2594,2595,2618,2630,2619,2578,2604,2593,2659,2635,2683
675.638,2413.8,2388,2378,2393,2397,2367,2412,2387,2381,2392,2408,2401,2416,2367,2395,2405,2408,2429,2432,2451,2418,2459,2405,2399,2429,2438,2446,2474,2436,2413,2491
675.990,2470.9,2408,2414,2403,2430,2466,2498,2381,2418,2459,2487,2427,2457,2488,2471,2511,2532,2467,2507,2468,2483,2488,2502,2479,2493,2463,2473,2478,2490,2545,2542
676.343,2667.0,2619,2628,2669,2653,2651,2638,2638,2643,2685,2643,2673,2636,2688,2674,2703,2675,2688,2627,2651,2664,2642,2664,2705,2653,2709,2664,2735,2715,2688,2688
676.696,2407.2,2356,2342,2371,2379,2358,2360,2370,2388,2390,2382,2442,2422,2413,2389,2423,2411,2417,2362,2408,2467,2405,2427,2449,2420,2421,2415,2430,2478,2459,2463
677.048,2662.6,2668,2612,2661,2634,2630,2623,2657,2666,2631,2705,2641,2680,2660,2625,2668,2629,2642,2634,2660,2674,2691,2668,2680,2629,2604,2718,2699,2729,2700,2760
677.401,2649.1,2633,2624,2575,2669,2580,2641,2624,2628,2661,2664,2635,2627,2685,2608,2639,2646,2634,2623,2608,2670,2677,2682,2675,2674,2677,2672,2680,2689,2690,2682
677.754,2417.0,2386,2412,2382,2429,2376,2388,2396,2377,2389,2421,2406,2386,2429,2409,2420,2419,2410,2457,2384,2380,2419,2435,2452,2434,2431,2399,2429,2449,2494,2511
678.107,2404.9,2349,2332,2364,2339,2380,2379,2392,2421,2389,2388,2378,2408,2423,2363,2404,2460,2438,2394,2406,2412,2407,2445,2455,2436,2398,2402,2404,2488,2452,2442
678.459,2668.1,2640,2644,2638,2629,2664,2630,2651,2638,2680,2684,2640,2684,2677,2694,2640,2692,2642,2645,2656,2682,2653,2702,2724,2673,2672,2668,2707,2684,2726,2684
678.812,2607.0,2550,2565,2584,2588,2587,2589,2614,2592,2556,2549,2588,2648,2631,2615,2580,2593,2648,2567,2662,2629,2650,2655,2617,2639,2568,2610,2604,2658,2654,2619
679.165,2107.2,2052,2037,2075,2099,2114,2086,2063,2098,2068,2056,2112,2078,2100,2089,2047,2123,2114,2092,2118,2129,2089,2159,2139,2118,2162,2141,2143,2132,2181,2202
679.518,2376.7,2341,2333,2350,2331,2333,2350,2346,2351,2373,2379,2380,2376,2397,2415,2357,2355,2416,2365,2400,2369,2395,2398,2392,2392,2343,2417,2426,2410,2432,2379
679.871,2597.2,2589,2546,2566,2543,2559,2568,2580,2602,2524,2585,2552,2604,2576,2541,2586,2643,2616,2620,2609,2604,2646,2634,2606,2605,2594,2628,2638,2697,2614,2640
680.224,2711.8,2667,2695,2661,2678,2608,2721,2695,2727,2699,2697,2710,2684,2683,2708,2702,2750,2675,2719,2749,2696,2776,2721,2720,2764,2727,2729,2765,2749,2720,2758
680.577,2464.4,2450,2429,2428,2397,2387,2421,2432,2447,2418,2458,2435,2444,2484,2472,2424,2477,2479,2489,2496,2480,2486,2502,2487,2512,2461,2493,2478,2546,2488,2532
680.930,2139.7,2097,2097,2105,2130,2119,2132,2145,2101,2147,2100,2098,2106,2126,2111,2150,2162,2134,2151,2146,2175,2144,2137,2150,2164,2203,2131,2169,2200,2188,2172
681.283,2406.2,2378,2380,2366,2342,2408,2357,2375,2373,2368,2409,2396,2427,2418,2405,2420,2423,2426,2408,2436,2390,2424,2446,2382,2415,2449,2377,2468,2427,2463,2431
681.636,2246.3,2234,2224,2230,2185,2215,2206,2238,2216,2251,2223,2212,2235,2235,2260,2250,2265,2244,2259,2249,2235,2251,2263,2255,2312,2267,2285,2271,2302,2253,2265
681.989,2498.1,2492,2481,2469,2471,2476,2463,2441,2473,2529,2460,2459,2503,2515,2480,2503,2521,2543,2466,2492,2491,2518,2545,2505,2523,2513,2484,2533,2511,2521,2563
682.342,2638.5,2598,2582,2589,2609,2626,2651,2638,2634,2601,2601,2643,2596,2638,2594,2646,2648,2648,2627,2637,2661,2641,2618,2667,2662,2648,2669,2665,2699,2701,2717
682.695,2610.5,2608,2561,2566,2596,2592,2578,2607,2585,2591,2620,2612,2593,2605,2601,2618,2602,2609,2626,2603,2640,2618,2633,2658,2617,2639,2613,2663,2600,2654,2606
683.048,2260.2,2249,2225,2244,2235,2284,2249,2236,2255,2237,2233,2239,2274,2205,2243,2261,2229,2256,2252,2272,2268,2308,2274,2293,2285,2248,2265,2311,2294,2265,2316
683.401,2206.8,2176,2152,2150,2190,2216,2163,2185,2206,2189,2197,2216,2181,2202,2165,2200,2211,2248,2242,2206,2200,2227,2240,2217,2218,2254,2173,2245,2210,2288,2236
683.754,2639.2,2607,2587,2596,2636,2588,2585,2646,2599,2584,2675,2636,2645,2618,2616,2655,2624,2656,2653,2676,2644,2678,2675,2659,2681,2636,2622,2668,2657,2670,2703
684.107,2435.7,2398,2404,2456,2373,2445,2422,2402,2413,2397,2449,2436,2435,2423,2419,2465,2446,2474,2414,2427,2421,2460,2428,2449,2461,2437,2413,2408,2461,2509,2525
684.460,2495.7,2485,2478,2492,2443,2457,2476,2478,2456,2501,2457,2492,2488,2521,2467,2573,2468,2506,2506,2452,2528,2488,2529,2481,2511,2480,2532,2522,2501,2551,2553
684.813,2401.6,2350,2351,2376,2364,2392,2401,2386,2405,2370,2335,2407,2395,2375,2370,2403,2428,2427,2393,2399,2409,2399,2458,2421,2385,2410,2410,2427,2454,2468,2479
685.166,2351.9,2328,2328,2320,2310,2296,2336,2319,2358,2350,2339,2329,2325,2332,2350,2322,2336,2372,2339,2361,2406,2381,2378,2412,2344,2381,2373,2379,2384,2382,2388
685.520,2481.5,2473,2401,2452,2508,2459,2434,2444,2461,2496,2474,2458,2511,2474,2457,2498,2513,2476,2524,2492,2473,2489,2490,2508,2500,2478,2497,2526,2486,2512,2481
685.873,2423.9,2392,2390,2360,2395,2334,2403,2378,2440,2399,2347,2424,2381,2450,2394,2464,2458,2399,2439,2480,2423,2417,2442,2485,2436,2450,2464,2420,2448,2520,2484
686.226,2674.3,2617,2653,2616,2624,2654,2655,2618,2640,2681,2681,2622,2661,2682,2643,2682,2705,2676,2702,2699,2673,2668,2708,2701,2686,2735,2694,2671,2681,2757,2744
686.579,2450.2,2433,2402,2419,2432,2423,2460,2442,2455,2443,2429,2398,2446,2431,2445,2480,2411,2479,2457,2451,2432,2460,2479,2460,2466,2472,2480,2476,2456,2510,2478
686.932,2574.3,2554,2524,2531,2533,2580,2562,2552,2535,2582,2570,2548,2562,2616,2563,2607,2549,2611,2622,2540,2540,2588,2607,2563,2584,2593,2560,2603,2622,2638,2590
687.286,2323.4,2272,2302,2301,2305,2290,2315,2312,2303,2301,2296,2328,2327,2345,2360,2321,2308,2283,2353,2350,2345,2344,2370,2316,2287,2338,2311,2353,2319,2363,2385
687.639,2534.6,2520,2500,2485,2514,2518,2497,2492,2559,2528,2500,2488,2513,2532,2501,2504,2536,2554,2547,2517,2552,2580,2577,2552,2571,2550,2517,2594,2576,2568,2597
687.992,2247.9,2214,2197,2242,2217,2210,2225,2230,2264,2249,2202,2236,2221,2248,2231,2263,2256,2223,2227,2253,2256,2262,2253,2256,2274,2265,2260,2232,2307,2355,2308
688.346,2515.7,2465,2471,2507,2508,2514,2494,2500,2480,2479,2543,2505,2515,2513,2467,2477,2532,2464,2519,2583,2539,2500,2513,2505,2556,2574,2524,2572,2503,2557,2592
688.699,2825.2,2853,2727,2774,2808,2765,2831,2780,2788,2850,2834,2811,2815,2782,2854,2851,2826,2830,2824,2816,2832,2864,2859,2825,2805,2860,2879,2871,2863,2833,2846
689.052,2312.0,2302,2273,2283,2211,2272,2298,2314,2276,2284,2319,2320,2275,2310,2284,2331,2319,2307,2294,2312,2361,2321,2333,2335,2355,2340,2307,2338,2348,2379,2359
689.406,2464.3,2402,2459,2442,2449,2494,2401,2424,2458,2465,2485,2472,2433,2453,2498,2461,2475,2482,2473,2469,2488,2439,2450,2428,2468,2450,2464,2491,2536,2489,2531
689.759,2533.0,2500,2484,2494,2524,2482,2512,2465,2528,2494,2517,2544,2532,2509,2485,2540,2538,2544,2529,2554,2557,2553,2566,2571,2582,2589,2550,2534,2574,2563,2576
690.113,2459.7,2414,2451,2436,2445,2448,2415,2389,2414,2459,2448,2453,2452,2469,2518,2466,2442,2423,2436,2439,2491,2498,2474,2498,2460,2522,2477,2485,2437,2491,2541
690.466,2551.4,2529,2547,2536,2486,2522,2526,2512,2538,2521,2512,2545,2579,2550,2549,2543,2552,2585,2561,2564,2587,2568,2521,2538,2619,2590,2560,2546,2555,2595,2605
690.820,2579.4,2541,2512,2538,2564,2544,2559,2561,2565,2540,2527,2527,2566,2574,2591,2559,2622,2604,2576,2569,2630,2617,2593,2581,2574,2612,2598,2636,2613,2619,2670
691.173,2295.3,2260,2280,2246,2232,2259,2256,2270,2301,2282,2283,2278,2278,2292,2318,2276,2296,2305,2320,2278,2307,2329,2282,2320,2262,2317,2328,2325,2388,2322,2368
691.527,2510.6,2452,2481,2466,2523,2501,2437,2518,2501,2520,2519,2532,2492,2486,2542,2526,2475,2525,2522,2477,2472,2572,2527,2517,2519,2553,2519,2562,2525,2522,2536
691.880,2488.1,2461,2444,2379,2460,2495,2495,2487,2468,2469,2479,2489,2457,2467,2478,2448,2532,2509,2479,2491,2505,2525,2495,2489,2532,2509,2497,2522,2469,2602,2511
692.234,2286.2,2218,2263,2221,2220,2268,2276,2282,2299,2273,2298,2263,2246,2256,2283,2265,2310,2303,2304,2287,2337,2315,2234,2337,2312,2288,2312,2316,2339,2356,2305
692.587,2324.9,2285,2280,2282,2285,2316,2277,2222,2303,2310,2312,2309,2335,2340,2294,2305,2313,2339,2322,2328,2329,2355,2308,2348,2375,2382,2371,2396,2382,2354,2389
692.941,2659.7,2638,2646,2614,2643,2588,2605,2636,2655,2634,2639,2677,2678,2636,2704,2673,2666,2639,2658,2643,2666,2683,2681,2700,2747,2664,2675,2648,2672,2652,2731
693.294,2383.2,2359,2321,2322,2355,2394,2340,2338,2360,2336,2358,2382,2420,2429,2375,2370,2367,2353,2423,2389,2352,2421,2410,2394,2430,2416,2388,2448,2392,2430,2424
693.648,2287.1,2280,2243,2252,2271,2262,2256,2229,2272,2280,2238,2284,2266,2321,2264,2293,2314,2274,2326,2319,2296,2327,2311,2302,2322,2246,2309,2328,2281,2346,2300
694.002,2702.6,2648,2637,2660,2708,2726,2642,2701,2696,2694,2659,2674,2713,2689,2698,2673,2696,2730,2696,2697,2662,2738,2758,2713,2763,2706,2749,2751,2702,2760,2739
694.355,2413.5,2384,2393,2360,2382,2365,2429,2378,2401,2411,2390,2369,2428,2368,2440,2428,2418,2418,2415,2440,2430,2440,2395,2407,2469,2419,2434,2426,2437,2462,2470
694.709,2335.2,2303,2289,2286,2350,2342,2326,2290,2333,2310,2323,2272,2304,2356,2342,2337,2317,2357,2330,2344,2353,2326,2364,2333,2330,2329,2367,2360,2407,2377,2399
695.063,2415.2,2385,2355,2371,2336,2381,2325,2414,2379,2415,2393,2438,2430,2425,2382,2408,2395,2418,2449,2403,2411,2454,2471,2473,2452,2450,2410,2418,2467,2483,2465
695.416,2528.5,2518,2478,2545,2498,2522,2530,2533,2493,2478,2571,2517,2526,2469,2532,2525,2499,2524,2533,2570,2524,2502,2549,2518,2557,2536,2580,2550,2523,2594,2560
695.770,2683.3,2617,2640,2658,2668,2646,2701,2658,2626,2679,2684,2668,2640,2671,2657,2688,2686,2695,2713,2688,2671,2681,2704,2700,2716,2655,2732,2713,2773,2749,2721
696.124,2929.0,2866,2897,2899,2926,2911,2891,2904,2924,2928,2884,2910,2910,2946,2937,2936,2927,2965,2919,2948,2924,2932,2932,2931,2919,2972,2963,2948,2952,2979,2989
696.478,2271.8,2186,2200,2272,2252,2280,2228,2225,2233,2262,2274,2266,2241,2252,2267,2278,2271,2237,2284,2244,2255,2301,2296,2280,2330,2294,2289,2308,2359,2358,2333
696.831,2566.8,2526,2539,2482,2520,2569,2506,2524,2542,2540,2547,2530,2564,2576,2588,2590,2588,2557,2584,2627,2613,2570,2615,2566,2535,2582,2556,2627,2614,2630,2596
697.185,2706.2,2663,2643,2644,2684,2678,2724,2714,2696,2673,2663,2693,2655,2675,2707,2719,2680,2749,2714,2744,2737,2744,2742,2717,2741,2713,2696,2737,2730,2762,2748
697.539,2670.0,2602,2649,2634,2618,2616,2697,2681,2659,2619,2673,2633,2637,2649,2648,2704,2642,2727,2696,2714,2690,2673,2722,2665,2701,2685,2665,2704,2677,2704,2717
697.893,2983.1,2954,2982,2940,2983,2950,2961,2952,2962,2946,2874,2964,2978,2953,3005,2992,3021,2988,3023,2971,3023,3026,2975,2963,2985,3002,3036,3014,3053,3005,3011
698.247,2563.4,2504,2512,2532,2547,2544,2552,2502,2561,2516,2542,2580,2563,2553,2549,2554,2568,2580,2598,2596,2561,2591,2548,2623,2558,2594,2602,2582,2603,2558,2629
698.601,2546.0,2496,2508,2528,2550,2490,2509,2510,2572,2525,2523,2511,2545,2574,2530,2569,2588,2534,2508,2561,2567,2571,2559,2539,2560,2515,2575,2614,2528,2590,2630
698.955,2784.0,2796,2760,2774,2734,2780,2750,2760,2793,2769,2715,2741,2741,2758,2774,2792,2783,2764,2769,2843,2818,2837,2786,2828,2773,2782,2798,2818,2777,2834,2872
699.309,2473.9,2440,2429,2440,2470,2442,2458,2437,2464,2464,2417,2520,2495,2517,2479,2479,2470,2428,2492,2442,2484,2504,2488,2476,2487,2523,2467,2493,2460,2504,2548
699.662,2524.4,2493,2479,2543,2502,2498,2506,2524,2523,2532,2482,2525,2472,2508,2526,2496,2508,2532,2556,2535,2513,2596,2571,2516,2524,2532,2542,2576,2539,2518,2565
700.016,2340.2,2311,2294,2326,2289,2317,2305,2333,2305,2317,2358,2315,2334,2349,2347,2328,2371,2378,2344,2342,2392,2329,2372,2334,2357,2332,2400,2331,2378,2362,2355
700.370,2442.3,2391,2411,2378,2451,2460,2402,2442,2419,2428,2458,2425,2401,2435,2435,2399,2454,2412,2434,2488,2462,2452,2422,2450,2460,2498,2488,2477,2454,2481,2502
700.724,2123.9,2079,2090,2102,2068,2093,2104,2118,2118,2095,2105,2127,2127,2173,2116,2100,2083,2086,2120,2126,2122,2141,2162,2159,2063,2170,2150,2168,2194,2205,2154
701.078,2298.5,2262,2271,2255,2243,2332,2245,2303,2264,2287,2296,2249,2269,2283,2289,2286,2305,2277,2315,2321,2314,2333,2322,2320,2303,2346,2337,2328,2364,2308,2327
701.432,2755.7,2681,2731,2670,2752,2718,2730,2746,2708,2749,2730,2730,2758,2733,2755,2785,2738,2771,2784,2737,2796,2766,2817,2769,2792,2808,2765,2739,2820,2807,2787
701.786,2296.5,2288,2243,2250,2272,2239,2240,2252,2226,2316,2292,2288,2292,2281,2278,2303,2316,2340,2357,2304,2332,2302,2300,2328,2290,2342,2290,2337,2314,2340,2344
702.141,2408.8,2328,2412,2369,2348,2365,2421,2410,2393,2426,2355,2396,2395,2392,2402,2372,2411,2381,2405,2430,2376,2475,2460,2395,2432,2434,2477,2454,2432,2451,2467
702.495,2185.4,2182,2128,2167,2145,2145,2168,2169,2125,2158,2156,2200,2214,2159,2175,2169,2185,2202,2170,2202,2228,2237,2186,2213,2168,2214,2198,2226,2259,2188,2225
702.849,2338.4,2302,2303,2296,2309,2312,2328,2300,2321,2334,2291,2329,2287,2360,2335,2352,2343,2373,2326,2341,2346,2382,2344,2371,2354,2346,2392,2335,2384,2366,2391
703.203,2316.7,2260,2280,2291,2227,2248,2298,2271,2309,2313,2314,2298,2312,2300,2338,2301,2321,2297,2341,2324,2300,2346,2346,2323,2344,2329,2382,2357,2336,2387,2409
703.557,2469.4,2422,2402,2465,2386,2411,2444,2428,2450,2407,2428,2458,2469,2441,2465,2478,2440,2494,2467,2456,2492,2524,2525,2530,2501,2527,2505,2514,2521,2487,2544
703.911,2230.6,2194,2199,2217,2162,2178,2222,2225,2208,2204,2186,2191,2222,2214,2230,2214,2241,2216,2265,2226,2249,2311,2261,2252,2232,2241,2292,2276,2274,2224,2292
704.265,2456.6,2419,2404,2410,2394,2427,2416,2441,2403,2425,2432,2458,2435,2494,2441,2425,2458,2440,2485,2492,2534,2488,2505,2461,2468,2422,2526,2463,2537,2490,2505
704.619,2510.9,2447,2463,2444,2455,2468,2475,2486,2501,2479,2513,2521,2500,2498,2499,2551,2539,2526,2489,2563,2527,2533,2572,2515,2538,2525,2536,2498,2563,2573,2530
704.974,2711.4,2642,2624,2689,2699,2698,2695,2700,2705,2731,2635,2680,2709,2736,2702,2701,2696,2703,2740,2704,2703,2704,2719,2737,2725,2738,2753,2748,2769,2756,2802
705.328,2706.4,2641,2639,2685,2677,2657,2710,2693,2713,2723,2680,2704,2696,2694,2642,2723,2690,2679,2736,2739,2743,2739,2717,2733,2723,2750,2698,2732,2725,2765,2747
705.682,2537.9,2539,2492,2488,2494,2526,2505,2484,2507,2500,2498,2525,2555,2520,2546,2562,2534,2529,2547,2558,2524,2560,2579,2562,2562,2570,2559,2556,2569,2604,2583
706.036,2548.1,2458,2508,2559,2531,2564,2513,2533,2526,2556,2505,2508,2534,2527,2557,2533,2581,2576,2599,2544,2572,2505,2572,2618,2580,2540,2550,2543,2560,2564,2626
706.391,2468.6,2440,2463,2473,2490,2427,2457,2445,2419,2451,2450,2460,2468,2464,2438,2419,2458,2458,2508,2442,2510,2465,2489,2495,2443,2507,2517,2482,2509,2482,2529
706.745,2673.7,2612,2638,2677,2619,2663,2654,2660,2632,2664,2657,2618,2660,2700,2703,2665,2670,2694,2664,2701,2696,2693,2696,2657,2684,2693,2682,2723,2677,2732,2728
707.099,2478.1,2480,2451,2467,2472,2415,2481,2448,2453,2520,2456,2461,2432,2447,2493,2453,2491,2476,2525,2520,2492,2480,2479,2474,2446,2501,2491,2524,2528,2461,2525
707.454,2368.8,2323,2362,2320,2318,2317,2369,2302,2357,2378,2362,2342,2351,2415,2400,2324,2375,2385,2355,2392,2361,2331,2417,2381,2403,2359,2402,2392,2449,2399,2424
707.808,2516.1,2457,2460,2533,2470,2512,2488,2512,2496,2492,2518,2517,2488,2535,2544,2554,2541,2490,2517,2499,2530,2517,2535,2488,2547,2505,2581,2548,2549,2509,2550
708.162,2451.4,2371,2440,2420,2498,2416,2447,2428,2436,2460,2488,2429,2462,2469,2462,2434,2448,2458,2441,2486,2429,2421,2461,2432,2462,2441,2453,2478,2488,2458,2526
708.517,2572.4,2537,2562,2570,2529,2493,2550,2526,2573,2560,2570,2544,2556,2557,2574,2594,2573,2596,2605,2585,2582,2554,2556,2606,2641,2602,2634,2577,2600,2602,2564
708.871,2369.0,2402,2349,2347,2357,2344,2360,2353,2348,2341,2354,2389,2335,2342,2370,2405,2362,2405,2347,2337,2341,2367,2373,2393,2354,2367,2388,2410,2430,2362,2437
709.226,2435.3,2364,2425,2426,2396,2417,2387,2377,2404,2395,2418,2410,2424,2454,2458,2432,2445,2459,2449,2442,2506,2458,2450,2407,2490,2460,2464,2479,2400,2469,2494
709.580,2451.8,2395,2442,2432,2409,2421,2403,2462,2407,2440,2367,2431,2403,2494,2452,2461,2433,2442,2400,2501,2502,2492,2464,2466,2518,2468,2472,2493,2530,2490,2463
709.934,2340.9,2319,2321,2304,2282,2300,2277,2352,2373,2320,2343,2317,2357,2325,2318,2338,2389,2317,2324,2317,2382,2354,2337,2369,2312,2351,2386,2344,2380,2386,2434
710.289,2769.2,2736,2760,2735,2785,2700,2772,2756,2733,2804,2708,2741,2749,2790,2778,2766,2779,2777,2763,2754,2812,2754,2772,2832,2781,2799,2766,2804,2796,2778,2797
710.643,2664.6,2629,2606,2626,2654,2640,2653,2658,2612,2681,2655,2621,2590,2658,2692,2706,2669,2670,2685,2690,2662,2667,2688,2678,2687,2701,2709,2694,2672,2699,2686
710.998,2210.5,2170,2196,2200,2184,2195,2177,2177,2188,2171,2224,2193,2209,2201,2252,2191,2214,2207,2209,2250,2211,2177,2203,2244,2259,2257,2239,2214,2211,2264,2228
711.353,2625.2,2613,2603,2616,2578,2572,2624,2661,2570,2590,2563,2588,2630,2596,2617,2586,2645,2629,2637,2608,2661,2648,2663,2643,2670,2632,2653,2657,2661,2654,2688
711.707,3026.2,3008,2999,2991,3007,2982,3016,3045,3035,3009,3050,3012,2992,3058,2961,3023,3009,3042,3003,2992,3057,3036,2997,3051,3102,3032,3049,3089,3055,3011,3072
712.062,2434.5,2445,2374,2374,2354,2445,2385,2421,2443,2386,2395,2435,2404,2473,2410,2407,2469,2438,2421,2475,2418,2484,2427,2456,2444,2433,2482,2447,2520,2470,2500
712.416,2427.0,2417,2365,2414,2395,2386,2377,2403,2429,2424,2409,2420,2388,2445,2414,2445,2497,2451,2408,2417,2395,2433,2404,2456,2473,2414,2448,2456,2485,2482,2460
712.771,2459.4,2391,2450,2437,2454,2450,2436,2433,2452,2466,2408,2417,2437,2409,2474,2402,2436,2452,2488,2501,2469,2495,2532,2486,2508,2503,2490,2484,2476,2464,2482
713.125,2766.1,2723,2768,2713,2766,2741,2773,2748,2762,2760,2734,2683,2772,2763,2765,2744,2764,2725,2774,2776,2770,2793,2778,2776,2785,2780,2773,2833,2811,2818,2813
713.480,2473.2,2449,2400,2429,2439,2461,2458,2444,2467,2483,2460,2492,2479,2473,2458,2456,2468,2508,2500,2479,2509,2492,2450,2498,2507,2455,2478,2472,2473,2524,2536
713.835,2452.2,2392,2463,2472,2441,2436,2422,2424,2405,2489,2521,2414,2436,2463,2419,2450,2453,2483,2425,2427,2448,2454,2440,2460,2490,2430,2472,2465,2483,2482,2507
714.189,2079.3,2041,2077,2053,2087,2024,2017,2044,2057,2108,2075,2060,2041,2092,2061,2089,2078,2081,2071,2082,2072,2127,2090,2096,2103,2101,2110,2095,2153,2117,2077
714.544,2257.9,2255,2226,2287,2281,2210,2256,2233,2239,2253,2265,2244,2229,2220,2249,2258,2270,2248,2246,2215,2216,2276,2266,2288,2275,2279,2255,2312,2285,2298,2302
714.899,2619.7,2573,2596,2623,2600,2600,2593,2556,2618,2634,2610,2616,2614,2603,2631,2596,2624,2580,2614,2636,2616,2662,2618,2657,2625,2634,2631,2618,2677,2691,2644
715.253,2759.6,2776,2737,2753,2775,2701,2731,2707,2790,2712,2754,2789,2725,2739,2667,2772,2752,2777,2712,2790,2766,2752,2777,2752,2788,2782,2824,2799,2805,2774,2809
715.608,2187.7,2158,2177,2150,2163,2189,2174,2160,2163,2149,2152,2180,2175,2193,2229,2184,2171,2217,2166,2202,2186,2196,2195,2247,2179,2250,2216,2196,2205,2190,2220
715.963,2516.4,2417,2492,2518,2493,2489,2474,2479,2494,2513,2527,2502,2497,2494,2541,2500,2573,2541,2522,2501,2528,2536,2527,2512,2529,2538,2542,2550,2539,2581,2543
716.318,2409.3,2367,2411,2409,2381,2400,2385,2379,2378,2436,2413,2414,2396,2380,2384,2434,2426,2408,2437,2392,2364,2412,2435,2453,2456,2420,2432,2403,2428,2420,2425
716.673,2369.6,2346,2381,2374,2373,2381,2294,2315,2363,2299,2359,2401,2392,2348,2347,2352,2378,2378,2316,2374,2353,2368,2415,2402,2400,2394,2415,2369,2417,2394,2391
717.027,2448.4,2427,2391,2426,2441,2444,2402,2443,2434,2449,2402,2445,2426,2449,2486,2467,2456,2398,2472,2488,2432,2460,2478,2472,2432,2472,2433,2478,2518,2459,2473
717.382,2300.3,2279,2252,2253,2303,2265,2270,2283,2340,2295,2273,2265,2316,2246,2312,2287,2310,2284,2303,2279,2287,2313,2291,2272,2362,2332,2337,2370,2331,2329,2371
717.737,2499.4,2490,2508,2495,2492,2475,2511,2456,2472,2459,2495,2469,2501,2464,2489,2513,2498,2511,2470,2506,2518,2552,2518,2499,2511,2484,2522,2505,2504,2531,2565
718.092,2643.3,2635,2588,2624,2600,2608,2592,2600,2607,2648,2640,2683,2654,2647,2637,2644,2636,2644,2644,2681,2640,2633,2654,2682,2632,2672,2660,2652,2687,2690,2686
718.447,2325.3,2317,2305,2333,2323,2282,2348,2321,2323,2309,2299,2318,2347,2257,2299,2355,2302,2344,2324,2329,2354,2325,2325,2342,2345,2345,2329,2352,2346,2341,2321
718.802,2643.1,2602,2616,2629,2599,2588,2582,2658,2604,2613,2655,2622,2688,2655,2657,2639,2674,2646,2600,2660,2616,2699,2661,2632,2645,2645,2681,2690,2671,2661,2706
719.157,2556.7,2494,2527,2511,2506,2512,2552,2479,2545,2539,2543,2570,2547,2530,2556,2574,2585,2546,2544,2590,2572,2593,2580,2582,2561,2629,2541,2593,2597,2616,2587
719.511,2746.0,2724,2711,2740,2723,2728,2753,2739,2772,2706,2707,2727,2723,2732,2744,2764,2724,2754,2726,2741,2750,2729,2745,2752,2804,2785,2771,2760,2757,2778,2812
719.866,2474.0,2473,2448,2414,2476,2456,2456,2482,2448,2457,2441,2458,2428,2466,2467,2486,2495,2499,2467,2500,2507,2480,2463,2510,2505,2467,2472,2504,2505,2515,2475
720.221,2398.5,2354,2362,2411,2367,2375,2362,2379,2353,2376,2373,2389,2383,2404,2390,2411,2396,2418,2450,2405,2397,2415,2404,2408,2425,2420,2389,2414,2429,2423,2472
720.576,2822.6,2791,2860,2805,2831,2783,2802,2785,2788,2794,2811,2831,2790,2820,2820,2805,2837,2845,2822,2807,2832,2826,2815,2835,2828,2824,2900,2849,2838,2880,2824
720.931,2410.4,2388,2385,2369,2404,2393,2396,2405,2386,2406,2389,2377,2405,2403,2421,2387,2432,2443,2394,2421,2444,2495,2410,2429,2429,2416,2419,2462,2366,2396,2441
721.286,2182.5,2171,2175,2179,2151,2139,2139,2150,2145,2166,2186,2138,2141,2178,2224,2206,2198,2180,2169,2240,2196,2224,2188,2129,2179,2188,2215,2182,2197,2274,2227
721.641,2385.6,2372,2361,2331,2373,2403,2394,2348,2341,2377,2349,2387,2390,2356,2401,2331,2355,2427,2396,2389,2367,2419,2415,2383,2431,2351,2377,2424,2442,2438,2439
721.996,2701.6,2648,2713,2685,2722,2666,2703,2701,2650,2696,2671,2679,2706,2692,2728,2721,2726,2682,2699,2688,2682,2742,2657,2657,2736,2780,2727,2726,2690,2741,2733
722.352,2590.7,2564,2600,2564,2555,2586,2592,2588,2560,2567,2582,2621,2590,2587,2586,2551,2616,2543,2554,2593,2609,2588,2545,2680,2590,2625,2605,2616,2627,2624,2612
722.707,2319.3,2309,2268,2304,2320,2282,2288,2335,2292,2340,2301,2306,2347,2313,2319,2313,2312,2317,2363,2338,2351,2324,2357,2325,2312,2316,2333,2316,2305,2342,2331
723.062,2967.9,2899,2949,2949,2953,2916,2937,2966,2981,2889,2972,2982,2959,3002,2943,3009,2990,2955,2978,3009,2981,3019,2960,3000,2940,2975,3012,2918,2990,3022,2983
723.417,2633.6,2622,2605,2623,2640,2642,2616,2615,2619,2645,2672,2634,2671,2579,2600,2619,2636,2640,2614,2642,2621,2656,2639,2620,2581,2683,2689,2628,2664,2660,2634
723.772,2470.5,2427,2441,2425,2467,2450,2502,2487,2424,2502,2468,2456,2467,2499,2467,2438,2507,2463,2467,2465,2456,2509,2500,2501,2445,2481,2478,2466,2497,2488,2473
724.127,2894.0,2857,2894,2850,2828,2931,2934,2876,2890,2881,2872,2851,2848,2900,2893,2914,2834,2907,2902,2907,2909,2912,2902,2889,2884,2943,2918,2925,2894,2938,2937
724.482,2678.9,2621,2664,2676,2629,2642,2669,2673,2694,2661,2648,2689,2684,2647,2673,2663,2691,2695,2737,2649,2707,2717,2690,2670,2664,2715,2699,2688,2705,2694,2712
724.837,2624.0,2575,2598,2608,2610,2573,2615,2578,2613,2609,2622,2647,2630,2658,2666,2637,2632,2597,2665,2626,2652,2655,2622,2617,2630,2601,2675,2630,2616,2649,2613
725.193,2592.8,2590,2597,2565,2564,2557,2542,2576,2561,2613,2542,2542,2609,2596,2594,2588,2609,2617,2612,2628,2606,2587,2611,2608,2592,2597,2632,2593,2624,2612,2619
725.548,2539.3,2502,2484,2532,2546,2504,2563,2524,2553,2539,2541,2498,2530,2509,2565,2559,2571,2549,2528,2541,2520,2525,2584,2566,2536,2590,2570,2526,2527,2541,2555
725.903,2728.9,2719,2724,2687,2728,2691,2690,2765,2740,2734,2691,2748,2735,2706,2721,2699,2746,2769,2731,2721,2724,2732,2746,2726,2701,2766,2728,2712,2765,2772,2749
726.258,2471.7,2422,2421,2441,2449,2494,2438,2469,2491,2448,2476,2462,2442,2471,2483,2478,2494,2453,2474,2464,2478,2478,2494,2492,2480,2474,2506,2476,2472,2518,2512
726.614,2459.7,2451,2433,2443,2447,2425,2434,2444,2440,2449,2490,2411,2512,2445,2431,2464,2486,2504,2498,2432,2494,2441,2460,2489,2474,2489,2428,2456,2469,2485,2467
726.969,2593.0,2578,2549,2543,2537,2579,2590,2541,2537,2549,2594,2624,2614,2566,2586,2597,2620,2618,2603,2588,2672,2614,2614,2587,2572,2605,2582,2604,2621,2680,2625
727.324,2673.4,2664,2646,2708,2597,2719,2665,2656,2660,2670,2657,2601,2655,2669,2626,2680,2649,2710,2678,2617,2683,2705,2693,2696,2703,2685,2732,2708,2711,2665,2695
727.680,2740.6,2755,2728,2688,2742,2723,2709,2704,2679,2692,2744,2783,2751,2745,2718,2795,2716,2736,2725,2734,2772,2765,2747,2759,2764,2781,2764,2721,2779,2760,2739
728.035,3030.1,3071,3018,3022,3027,2978,2985,3030,3033,3039,3040,3022,3032,3001,3048,2978,3053,3080,3089,3032,2959,3028,3029,3029,3024,3043,3039,3023,3063,3048,3040
728.390,2448.9,2419,2401,2426,2402,2456,2429,2438,2421,2449,2419,2461,2451,2483,2443,2418,2406,2468,2488,2440,2459,2454,2483,2474,2476,2434,2462,2491,2466,2433,2518
728.746,2666.7,2646,2685,2653,2654,2658,2657,2654,2658,2633,2617,2684,2662,2651,2664,2624,2650,2700,2680,2689,2651,2717,2683,2668,2688,2677,2718,2656,2690,2652,2683
729.101,2406.2,2367,2377,2405,2424,2436,2380,2398,2388,2419,2421,2384,2395,2385,2391,2425,2429,2412,2403,2384,2412,2396,2408,2439,2433,2403,2424,2411,2401,2400,2435
729.456,2582.9,2532,2577,2598,2564,2562,2581,2549,2588,2607,2587,2529,2618,2561,2532,2555,2592,2617,2581,2555,2600,2608,2581,2581,2579,2633,2598,2595,2594,2604,2630
729.812,2596.4,2562,2620,2545,2591,2563,2574,2560,2577,2572,2550,2601,2576,2596,2591,2605,2574,2599,2656,2598,2620,2639,2609,2616,2617,2636,2643,2613,2548,2607,2634
730.167,2540.6,2498,2501,2514,2495,2509,2550,2528,2502,2531,2565,2526,2495,2560,2510,2531,2480,2574,2583,2578,2535,2565,2546,2591,2529,2594,2553,2552,2563,2557,2602
730.523,2639.4,2680,2585,2599,2588,2605,2662,2664,2581,2571,2673,2678,2638,2640,2625,2607,2646,2629,2667,2648,2695,2645,2629,2651,2628,2642,2639,2661,2673,2666,2667
730.878,2680.4,2665,2643,2673,2668,2663,2659,2646,2682,2706,2649,2655,2684,2681,2692,2640,2690,2703,2674,2667,2742,2666,2677,2669,2682,2676,2720,2681,2729,2735,2695
731.234,2554.7,2526,2525,2506,2552,2525,2545,2554,2566,2508,2531,2566,2569,2544,2589,2579,2530,2565,2490,2583,2533,2586,2548,2618,2562,2589,2560,2584,2566,2582,2559
731.589,2469.5,2473,2437,2489,2435,2495,2437,2419,2475,2445,2446,2437,2430,2491,2443,2466,2451,2488,2488,2440,2501,2479,2434,2501,2522,2500,2500,2490,2476,2486,2510
731.945,2729.9,2692,2682,2696,2720,2728,2732,2728,2698,2732,2737,2673,2734,2739,2754,2697,2730,2732,2757,2754,2733,2749,2734,2734,2759,2777,2749,2759,2724,2760,2704
732.300,2362.4,2341,2342,2285,2321,2386,2370,2373,2357,2337,2349,2359,2345,2367,2321,2335,2348,2370,2361,2400,2374,2368,2364,2378,2416,2369,2406,2382,2414,2382,2352
732.656,2463.8,2449,2457,2470,2445,2472,2434,2475,2430,2443,2434,2452,2456,2447,2449,2474,2427,2501,2505,2412,2528,2407,2458,2484,2442,2499,2493,2500,2490,2451,2529
733.011,2444.5,2411,2437,2411,2412,2421,2438,2453,2414,2437,2452,2456,2424,2444,2427,2454,2459,2440,2443,2427,2458,2458,2516,2440,2457,2473,2458,2444,2454,2458,2459
733.367,2745.8,2709,2726,2757,2773,2729,2702,2719,2738,2720,2694,2704,2712,2753,2729,2771,2785,2745,2739,2776,2827,2736,2716,2782,2782,2767,2726,2790,2758,2774,2735
733.722,2650.0,2617,2592,2635,2632,2636,2626,2641,2633,2656,2638,2665,2700,2634,2602,2658,2659,2629,2657,2696,2674,2623,2676,2665,2639,2660,2665,2692,2693,2664,2643
734.078,2596.2,2588,2555,2589,2606,2571,2551,2563,2589,2602,2598,2612,2561,2627,2580,2624,2568,2595,2621,2633,2577,2650,2600,2568,2552,2621,2630,2586,2634,2653,2583
734.434,2648.1,2600,2599,2644,2624,2620,2670,2656,2624,2603,2676,2645,2656,2644,2682,2657,2644,2653,2651,2653,2668,2637,2680,2635,2643,2642,2674,2657,2650,2690,2666
734.789,2170.9,2140,2193,2166,2155,2132,2116,2197,2134,2151,2189,2170,2143,2128,2132,2185,2157,2179,2197,2188,2198,2163,2202,2189,2203,2190,2166,2189,2185,2198,2193
735.145,2821.1,2793,2791,2752,2821,2789,2796,2831,2838,2817,2822,2770,2819,2789,2817,2846,2820,2807,2829,2813,2838,2817,2873,2820,2840,2864,2809,2845,2874,2851,2843
735.501,2585.7,2579,2589,2606,2572,2564,2569,2558,2541,2556,2534,2573,2591,2594,2561,2578,2609,2600,2569,2581,2585,2602,2589,2586,2650,2593,2611,2569,2601,2625,2635
735.856,2412.2,2382,2373,2413,2393,2408,2388,2383,2454,2423,2389,2338,2403,2420,2453,2426,2447,2392,2394,2366,2384,2403,2399,2430,2441,2443,2470,2464,2433,2420,2433
736.212,2356.8,2355,2373,2344,2324,2335,2345,2309,2337,2336,2336,2340,2369,2359,2392,2347,2329,2345,2360,2338,2355,2366,2381,2366,2330,2390,2400,2418,2337,2349,2438
736.568,2409.6,2348,2399,2376,2392,2417,2418,2365,2373,2370,2430,2365,2394,2403,2449,2437,2442,2451,2396,2393,2404,2383,2399,2382,2408,2483,2404,2474,2423,2432,2479
736.923,2643.4,2616,2617,2574,2613,2612,2634,2615,2612,2670,2665,2651,2659,2660,2646,2664,2641,2666,2598,2669,2633,2702,2656,2661,2634,2690,2612,2662,2665,2681,2623
737.279,2578.6,2597,2542,2530,2553,2560,2552,2557,2561,2568,2551,2574,2568,2573,2586,2593,2600,2584,2580,2626,2572,2595,2570,2590,2603,2593,2600,2543,2671,2596,2569
737.635,2514.7,2478,2491,2512,2490,2496,2446,2504,2508,2516,2525,2515,2505,2498,2484,2538,2537,2474,2488,2525,2526,2536,2513,2589,2567,2541,2503,2478,2568,2515,2575
737.991,2523.3,2486,2508,2506,2518,2507,2497,2503,2493,2512,2558,2490,2482,2488,2527,2504,2546,2576,2536,2574,2514,2518,2540,2557,2520,2545,2572,2511,2545,2547,2518
738.347,2134.9,2132,2122,2112,2095,2122,2114,2160,2102,2152,2124,2138,2121,2127,2137,2133,2119,2158,2125,2125,2163,2119,2133,2144,2111,2172,2142,2160,2164,2136,2185
738.702,2655.5,2639,2634,2592,2654,2640,2668,2620,2601,2627,2634,2657,2637,2660,2689,2634,2655,2655,2685,2668,2652,2672,2657,2670,2667,2660,2745,2658,2680,2679,2675
739.058,1995.6,1959,1976,1980,1967,1990,2004,1981,1985,1964,2006,1960,1982,2013,2009,1999,2024,1994,2006,1975,1986,2024,2020,2018,2019,1968,1998,2011,2030,2007,2014
739.414,2374.0,2347,2392,2339,2340,2341,2363,2374,2326,2376,2318,2349,2388,2373,2364,2376,2432,2376,2386,2389,2400,2386,2374,2419,2412,2394,2366,2380,2365,2371,2403
739.770,2257.9,2219,2211,2228,2223,2190,2229,2260,2271,2264,2233,2201,2271,2230,2261,2252,2303,2323,2269,2293,2287,2277,2291,2242,2255,2270,2265,2258,2271,2293,2296
740.126,2452.1,2442,2411,2473,2455,2423,2440,2404,2437,2447,2446,2449,2441,2463,2456,2443,2446,2466,2429,2435,2448,2447,2486,2499,2496,2480,2469,2470,2472,2462,2427
740.482,2434.4,2402,2398,2426,2410,2440,2390,2385,2433,2423,2405,2431,2442,2411,2455,2446,2451,2448,2441,2440,2435,2420,2428,2444,2424,2466,2476,2420,2498,2484,2461
740.838,2431.6,2403,2381,2407,2407,2408,2446,2421,2385,2411,2434,2453,2392,2427,2461,2444,2439,2442,2454,2416,2454,2430,2478,2428,2435,2411,2411,2440,2452,2500,2478
741.194,2572.1,2536,2570,2550,2550,2561,2582,2561,2556,2508,2537,2546,2605,2567,2540,2569,2597,2587,2574,2614,2577,2557,2579,2596,2566,2603,2593,2564,2593,2646,2579
741.550,2577.4,2571,2564,2559,2570,2563,2558,2548,2554,2557,2571,2542,2596,2581,2537,2558,2615,2565,2581,2600,2567,2541,2593,2567,2604,2612,2595,2623,2615,2620,2596
741.905,2315.2,2320,2319,2308,2296,2274,2314,2293,2296,2337,2329,2261,2332,2356,2282,2303,2307,2316,2307,2368,2326,2308,2319,2305,2334,2287,2304,2360,2330,2341,2324
742.261,2527.4,2505,2536,2552,2486,2511,2540,2474,2522,2600,2536,2518,2501,2499,2496,2477,2533,2515,2537,2528,2556,2492,2512,2502,2506,2564,2515,2597,2588,2531,2593
742.617,2408.1,2361,2420,2335,2365,2403,2423,2407,2433,2355,2384,2417,2410,2394,2377,2399,2410,2401,2390,2406,2441,2426,2457,2446,2386,2461,2429,2412,2429,2429,2438
742.973,2459.2,2456,2457,2459,2423,2451,2421,2485,2460,2470,2438,2421,2459,2458,2419,2474,2437,2441,2453,2425,2429,2515,2443,2472,2495,2492,2474,2489,2472,2480,2507
743.329,2521.8,2485,2510,2501,2554,2504,2488,2457,2540,2505,2509,2558,2596,2501,2509,2529,2532,2491,2526,2525,2529,2564,2538,2520,2526,2552,2504,2533,2512,2534,2523
743.686,2363.3,2370,2335,2373,2389,2370,2328,2347,2338,2329,2328,2374,2361,2362,2370,2312,2365,2368,2355,2371,2400,2368,2380,2347,2372,2370,2379,2353,2399,2391,2395
744.042,2571.7,2557,2497,2545,2588,2570,2572,2568,2568,2519,2552,2537,2598,2561,2630,2550,2570,2578,2580,2532,2569,2561,2603,2580,2616,2568,2615,2607,2582,2602,2577
744.398,2296.0,2279,2292,2302,2278,2285,2294,2274,2271,2281,2249,2281,2306,2306,2274,2298,2292,2318,2262,2301,2308,2260,2338,2287,2275,2300,2357,2346,2314,2338,2314
744.754,2553.5,2521,2564,2520,2540,2575,2545,2520,2516,2501,2557,2556,2563,2556,2542,2559,2509,2571,2564,2573,2547,2582,2559,2600,2603,2511,2585,2563,2577,2536,2590
745.110,2297.3,2246,2280,2293,2296,2276,2296,2294,2281,2290,2333,2286,2281,2297,2300,2310,2327,2303,2281,2269,2307,2312,2319,2316,2298,2305,2297,2306,2312,2288,2319
745.466,2524.3,2510,2502,2500,2536,2502,2511,2480,2522,2506,2489,2523,2515,2546,2517,2517,2505,2548,2523,2541,2548,2550,2542,2492,2596,2545,2497,2556,2540,2543,2527
745.822,2323.5,2323,2298,2325,2316,2308,2274,2298,2328,2288,2325,2272,2304,2315,2329,2339,2320,2339,2301,2338,2342,2349,2345,2311,2270,2340,2358,2357,2348,2398,2348
746.178,2634.3,2600,2618,2595,2631,2574,2613,2643,2650,2635,2681,2625,2585,2615,2637,2646,2628,2632,2598,2703,2611,2626,2659,2645,2623,2656,2642,2672,2672,2626,2688
746.534,2136.4,2138,2107,2107,2151,2104,2129,2071,2127,2112,2138,2109,2140,2121,2122,2116,2156,2123,2139,2122,2141,2186,2181,2166,2155,2151,2159,2165,2140,2165,2152
746.891,2439.4,2450,2402,2445,2425,2425,2436,2462,2417,2410,2440,2399,2415,2439,2443,2447,2418,2450,2420,2463,2412,2445,2432,2480,2452,2455,2441,2487,2446,2421,2505
747.247,2675.7,2703,2681,2686,2647,2670,2655,2617,2628,2669,2685,2657,2658,2659,2654,2657,2710,2694,2645,2706,2647,2695,2732,2689,2701,2703,2669,2662,2639,2728,2724
747.603,2172.2,2149,2133,2138,2132,2181,2182,2121,2155,2137,2148,2219,2170,2169,2174,2160,2184,2175,2169,2219,2183,2178,2147,2169,2224,2251,2165,2164,2189,2173,2208
747.959,2502.9,2473,2542,2475,2472,2461,2489,2489,2498,2502,2537,2484,2498,2485,2529,2534,2505,2488,2476,2535,2509,2536,2522,2513,2507,2516,2477,2525,2531,2483,2495
748.315,2324.4,2334,2322,2356,2294,2324,2329,2298,2309,2267,2346,2289,2305,2337,2336,2328,2344,2255,2317,2337,2322,2284,2317,2332,2370,2305,2352,2390,2346,2376,2312
748.672,2581.3,2593,2593,2532,2578,2584,2587,2557,2600,2538,2565,2580,2544,2568,2604,2579,2589,2595,2594,2536,2581,2581,2611,2574,2614,2594,2598,2616,2584,2531,2640
749.028,2656.0,2665,2674,2629,2633,2636,2624,2662,2657,2592,2640,2670,2697,2651,2645,2654,2640,2631,2670,2662,2649,2644,2683,2659,2674,2699,2641,2672,2712,2656,2660
749.384,2155.7,2156,2123,2137,2158,2156,2147,2110,2160,2169,2147,2154,2130,2162,2170,2149,2126,2110,2197,2146,2199,2169,2160,2183,2177,2150,2147,2189,2164,2143,2182
749.741,2084.9,2096,2087,2054,2063,2066,2048,2059,2087,2040,2105,2093,2019,2120,2069,2074,2040,2051,2085,2122,2106,2077,2110,2088,2112,2097,2107,2099,2120,2131,2121
750.097,2527.6,2552,2525,2501,2521,2505,2577,2521,2530,2501,2503,2527,2497,2562,2548,2553,2559,2480,2501,2506,2532,2521,2552,2491,2530,2573,2542,2501,2543,2527,2548
750.453,2402.8,2408,2390,2353,2376,2366,2416,2402,2408,2354,2393,2401,2370,2390,2446,2443,2423,2403,2400,2401,2395,2415,2386,2402,2403,2408,2416,2437,2448,2408,2424
750.809,2400.3,2384,2370,2363,2386,2403,2360,2431,2374,2389,2350,2419,2375,2421,2422,2447,2409,2382,2426,2408,2398,2384,2415,2399,2403,2425,2399,2408,2404,2412,2444
751.166,2462.3,2404,2431,2412,2429,2488,2469,2460,2460,2454,2490,2478,2451,2472,2426,2486,2469,2476,2462,2488,2460,2431,2457,2475,2491,2491,2489,2443,2470,2500,2456
751.522,2524.2,2504,2552,2504,2506,2501,2514,2564,2530,2462,2507,2508,2498,2580,2523,2517,2517,2543,2513,2556,2538,2493,2525,2511,2515,2538,2542,2541,2554,2529,2542
751.879,2632.4,2620,2639,2615,2627,2613,2665,2584,2648,2603,2582,2644,2629,2629,2598,2691,2628,2627,2636,2630,2630,2669,2655,2638,2655,2597,2657,2644,2604,2665,2649
752.235,2151.5,2139,2146,2130,2138,2147,2155,2157,2156,2136,2167,2139,2142,2136,2127,2148,2175,2120,2137,2159,2212,2156,2105,2155,2164,2136,2179,2153,2166,2176,2188
752.591,2458.9,2426,2423,2452,2457,2478,2433,2489,2443,2440,2461,2460,2481,2428,2427,2425,2461,2458,2466,2448,2479,2472,2452,2487,2471,2499,2456,2466,2476,2482,2472
752.948,2277.1,2208,2294,2280,2245,2274,2253,2264,2267,2274,2257,2266,2289,2303,2259,2215,2275,2267,2290,2284,2287,2308,2249,2304,2299,2301,2290,2296,2299,2333,2284
753.304,2297.0,2279,2296,2250,2281,2262,2285,2319,2285,2267,2283,2289,2283,2261,2287,2337,2323,2283,2298,2253,2323,2348,2307,2276,2332,2328,2343,2298,2299,2334,2301
753.661,2485.0,2436,2504,2459,2479,2439,2482,2467,2472,2445,2465,2499,2479,2490,2486,2489,2473,2444,2487,2513,2532,2469,2513,2509,2485,2513,2522,2479,2510,2513,2497
754.017,2364.4,2332,2351,2370,2366,2362,2381,2339,2374,2350,2329,2388,2379,2346,2369,2344,2373,2356,2335,2357,2387,2382,2363,2350,2370,2385,2430,2368,2384,2381,2331
754.374,2361.5,2316,2317,2299,2358,2340,2350,2337,2355,2323,2302,2372,2382,2353,2403,2394,2414,2365,2362,2380,2377,2355,2335,2368,2394,2375,2350,2405,2366,2356,2442
754.730,2190.2,2185,2104,2179,2171,2155,2198,2177,2152,2177,2194,2181,2164,2206,2187,2154,2177,2197,2214,2201,2180,2216,2205,2194,2190,2210,2275,2216,2165,2248,2234
755.087,2317.2,2269,2327,2310,2219,2272,2312,2338,2329,2314,2265,2351,2305,2328,2300,2355,2297,2312,2342,2311,2326,2327,2333,2317,2352,2304,2298,2352,2354,2365,2333
755.443,2320.0,2321,2328,2312,2261,2255,2294,2308,2324,2333,2316,2316,2333,2334,2307,2332,2340,2330,2331,2328,2309,2365,2293,2316,2358,2309,2333,2305,2342,2324,2344
755.800,2359.9,2340,2328,2353,2379,2368,2366,2337,2356,2344,2359,2363,2331,2369,2300,2357,2378,2337,2343,2339,2346,2408,2404,2373,2372,2361,2378,2388,2382,2329,2409
756.156,2411.8,2395,2366,2408,2415,2382,2409,2407,2404,2408,2388,2413,2408,2421,2360,2406,2403,2438,2432,2390,2449,2425,2424,2421,2426,2415,2392,2438,2401,2469,2442
756.513,2153.6,2138,2159,2164,2129,2141,2158,2159,2161,2152,2129,2171,2132,2139,2134,2133,2095,2169,2173,2163,2196,2153,2142,2176,2150,2176,2150,2138,2186,2182,2159
756.870,2236.4,2177,2188,2251,2222,2191,2208,2236,2217,2279,2232,2246,2270,2203,2245,2270,2240,2212,2264,2217,2208,2245,2228,2229,2251,2245,2261,2241,2293,2249,2273
757.226,2533.8,2495,2525,2502,2531,2501,2549,2517,2488,2497,2503,2525,2510,2548,2494,2541,2560,2532,2532,2548,2529,2574,2566,2526,2579,2537,2532,2586,2578,2556,2553
757.583,2294.9,2283,2325,2258,2294,2270,2305,2264,2324,2293,2320,2285,2268,2281,2286,2261,2287,2322,2260,2311,2337,2300,2307,2275,2303,2309,2284,2293,2302,2322,2318
757.939,2525.6,2512,2557,2485,2491,2529,2528,2529,2510,2503,2522,2501,2561,2512,2526,2502,2509,2520,2522,2555,2552,2562,2504,2525,2504,2499,2558,2524,2603,2521,2542
758.296,2262.4,2235,2249,2298,2202,2217,2262,2287,2259,2260,2246,2265,2248,2253,2231,2267,2241,2283,2253,2316,2249,2259,2253,2283,2270,2260,2252,2301,2296,2278,2298
758.653,2419.8,2422,2399,2413,2423,2376,2408,2383,2403,2392,2424,2392,2453,2379,2406,2441,2425,2416,2388,2452,2393,2425,2424,2418,2478,2419,2489,2445,2439,2413,2457
759.010,2157.5,2143,2134,2124,2132,2125,2147,2169,2144,2127,2168,2156,2168,2148,2153,2140,2159,2160,2173,2138,2178,2182,2164,2158,2169,2157,2181,2191,2201,2188,2147
759.366,2233.7,2220,2219,2205,2249,2208,2219,2252,2234,2205,2233,2187,2238,2248,2242,2224,2231,2175,2259,2223,2223,2218,2239,2243,2292,2278,2216,2264,2235,2258,2274
759.723,2351.1,2347,2349,2388,2325,2322,2307,2331,2287,2371,2333,2358,2374,2360,2363,2329,2399,2391,2314,2341,2360,2375,2365,2324,2337,2392,2334,2383,2362,2345,2368
760.080,2453.5,2417,2412,2460,2448,2417,2422,2440,2383,2473,2449,2457,2434,2443,2440,2465,2457,2474,2430,2453,2460,2461,2435,2492,2529,2504,2481,2480,2461,2465,2462
760.436,2253.0,2223,2225,2265,2220,2234,2271,2214,2246,2236,2232,2279,2259,2265,2277,2259,2252,2254,2243,2232,2232,2288,2255,2262,2234,2245,2267,2299,2301,2260,2262
760.793,2320.7,2300,2312,2316,2264,2300,2333,2296,2332,2278,2305,2310,2312,2322,2346,2314,2307,2287,2315,2351,2340,2333,2334,2315,2355,2338,2307,2389,2316,2350,2344
761.150,2440.8,2406,2451,2462,2443,2425,2438,2399,2411,2442,2454,2447,2435,2434,2437,2449,2390,2463,2446,2456,2443,2434,2440,2476,2473,2460,2471,2405,2429,2427,2478
761.507,2354.0,2381,2338,2305,2312,2344,2338,2315,2369,2350,2301,2357,2315,2366,2332,2345,2346,2342,2328,2387,2368,2362,2366,2375,2387,2374,2366,2408,2352,2382,2410
761.864,2232.2,2219,2231,2170,2189,2228,2237,2203,2212,2233,2175,2275,2249,2236,2233,2223,2234,2289,2204,2255,2269,2250,2195,2239,2237,2221,2269,2239,2235,2257,2259
762.220,2256.9,2215,2235,2241,2243,2235,2239,2199,2247,2255,2264,2252,2256,2226,2266,2216,2273,2240,2275,2267,2286,2256,2265,2290,2273,2273,2267,2293,2296,2267,2296
762.577,2268.4,2257,2274,2269,2216,2254,2278,2244,2226,2321,2282,2223,2251,2294,2277,2248,2251,2278,2278,2234,2302,2264,2257,2267,2294,2262,2270,2318,2306,2302,2254
762.934,2369.3,2379,2369,2332,2319,2362,2360,2390,2413,2383,2392,2353,2390,2344,2316,2355,2375,2418,2379,2366,2377,2376,2340,2398,2377,2357,2339,2377,2384,2375,2385
763.291,2400.0,2415,2390,2329,2348,2402,2356,2422,2386,2407,2386,2366,2410,2403,2418,2367,2408,2414,2391,2390,2431,2393,2437,2400,2400,2409,2432,2385,2468,2436,2402
763.648,2535.8,2530,2523,2507,2527,2498,2558,2523,2490,2542,2530,2490,2591,2571,2575,2552,2561,2524,2538,2500,2538,2491,2561,2534,2547,2575,2523,2570,2547,2540,2519
764.005,2012.2,1968,2004,1988,1987,1981,2005,2006,1969,2037,2014,1987,2047,1996,2019,2012,2042,2013,2044,2021,2029,2035,2000,2005,2023,2030,1988,2020,2031,2041,2025
764.362,2626.6,2612,2585,2572,2594,2619,2609,2652,2631,2586,2585,2638,2595,2655,2699,2629,2575,2613,2636,2649,2642,2660,2618,2616,2628,2648,2649,2677,2668,2645,2614
764.718,2186.8,2143,2255,2145,2190,2153,2187,2150,2203,2156,2182,2182,2193,2106,2185,2220,2209,2215,2168,2203,2220,2207,2165,2208,2160,2183,2199,2217,2212,2190,2199
765.075,2598.2,2564,2590,2633,2581,2602,2618,2618,2568,2580,2626,2546,2577,2588,2597,2601,2592,2612,2615,2577,2640,2600,2632,2599,2613,2581,2581,2600,2626,2616,2572
765.432,2178.3,2143,2150,2125,2153,2147,2154,2216,2173,2150,2191,2157,2152,2178,2169,2192,2187,2184,2173,2217,2188,2198,2185,2185,2171,2208,2160,2200,2242,2217,2185
765.789,2599.8,2564,2554,2605,2603,2590,2584,2595,2568,2599,2617,2639,2561,2632,2595,2592,2593,2617,2577,2587,2546,2623,2616,2602,2616,2610,2628,2630,2618,2608,2624
766.146,2468.8,2424,2485,2467,2399,2473,2456,2471,2399,2496,2514,2472,2490,2439,2451,2444,2437,2481,2443,2508,2474,2467,2440,2464,2504,2510,2499,2511,2488,2472,2485
766.503,2236.8,2195,2226,2227,2216,2206,2219,2202,2235,2230,2225,2226,2233,2234,2234,2224,2239,2303,2250,2229,2236,2261,2249,2237,2267,2214,2241,2275,2284,2267,2220
766.860,2501.1,2466,2481,2467,2527,2484,2454,2530,2477,2501,2530,2522,2509,2488,2510,2504,2461,2488,2531,2498,2488,2473,2479,2553,2492,2507,2515,2508,2539,2520,2532
767.217,2468.5,2460,2457,2470,2422,2416,2462,2464,2444,2476,2468,2456,2482,2477,2412,2485,2480,2509,2504,2480,2489,2470,2478,2483,2445,2489,2454,2485,2457,2489,2493
767.574,2784.5,2767,2801,2788,2788,2748,2780,2772,2818,2762,2750,2762,2821,2827,2760,2749,2782,2700,2772,2748,2799,2821,2796,2793,2775,2833,2786,2803,2796,2809,2828
767.931,2268.4,2238,2251,2252,2249,2259,2254,2264,2255,2298,2314,2301,2218,2266,2239,2286,2245,2293,2215,2276,2275,2276,2270,2315,2263,2297,2259,2256,2287,2293,2289
768.288,2538.3,2502,2514,2538,2525,2526,2526,2569,2526,2498,2537,2542,2518,2554,2487,2504,2588,2535,2548,2560,2564,2531,2553,2570,2558,2515,2535,2546,2572,2588,2521
768.645,2192.0,2199,2200,2218,2139,2199,2201,2185,2180,2157,2159,2188,2183,2191,2173,2214,2220,2180,2181,2217,2203,2166,2177,2242,2176,2215,2200,2203,2184,2217,2194
769.002,2236.7,2175,2218,2212,2253,2235,2240,2237,2209,2209,2198,2218,2264,2275,2177,2276,2259,2242,2250,2252,2293,2212,2262,2211,2253,2245,2239,2225,2265,2270,2228
769.360,2339.8,2302,2307,2323,2314,2330,2321,2303,2355,2312,2351,2391,2333,2370,2304,2336,2340,2323,2324,2357,2382,2327,2339,2354,2357,2332,2373,2395,2337,2332,2369
769.717,2272.7,2273,2250,2221,2246,2258,2289,2297,2261,2262,2283,2303,2253,2273,2238,2264,2286,2236,2284,2275,2244,2284,2303,2256,2304,2255,2312,2328,2261,2270,2312
770.074,2259.3,2274,2229,2245,2228,2276,2214,2232,2253,2256,2223,2290,2248,2208,2258,2257,2265,2265,2287,2282,2259,2270,2270,2294,2248,2255,2290,2280,2271,2283,2268
770.431,2367.1,2350,2355,2363,2362,2350,2399,2389,2357,2378,2381,2332,2372,2351,2338,2350,2361,2426,2358,2346,2359,2380,2366,2401,2335,2352,2340,2379,2395,2376,2413
770.788,2199.8,2200,2156,2202,2195,2164,2168,2227,2173,2146,2195,2166,2174,2154,2198,2218,2232,2235,2196,2186,2206,2204,2213,2200,2245,2214,2221,2259,2204,2209,2235
771.145,2323.9,2323,2352,2330,2314,2315,2305,2316,2313,2309,2314,2338,2305,2283,2285,2292,2350,2351,2350,2336,2296,2309,2337,2342,2337,2364,2347,2296,2337,2330,2340
771.502,2369.9,2327,2373,2319,2363,2356,2328,2395,2334,2400,2342,2391,2356,2331,2390,2390,2390,2344,2372,2404,2391,2329,2385,2350,2368,2392,2421,2395,2386,2404,2372
771.860,2279.8,2265,2262,2256,2287,2230,2265,2280,2283,2256,2285,2283,2277,2232,2274,2324,2266,2299,2296,2275,2254,2274,2353,2302,2268,2286,2291,2274,2298,2335,2264
772.217,2319.8,2283,2324,2264,2306,2298,2299,2310,2291,2280,2264,2345,2327,2308,2362,2296,2278,2335,2321,2340,2348,2338,2360,2341,2342,2337,2325,2357,2360,2325,2330
772.574,2323.0,2333,2345,2303,2329,2307,2294,2318,2352,2304,2309,2310,2320,2307,2317,2333,2296,2344,2290,2308,2295,2338,2335,2306,2341,2327,2347,2337,2359,2363,2322
772.931,2426.6,2432,2420,2408,2435,2379,2417,2445,2422,2443,2379,2416,2411,2446,2394,2422,2454,2440,2424,2424,2460,2415,2433,2435,2388,2416,2474,2475,2392,2431,2468
773.289,2256.5,2225,2208,2240,2194,2256,2218,2251,2217,2235,2268,2281,2255,2218,2270,2303,2249,2223,2241,2286,2288,2247,2215,2295,2272,2318,2257,2313,2304,2280,2269
773.646,2258.1,2249,2244,2226,2226,2249,2204,2236,2237,2228,2281,2297,2257,2244,2275,2262,2272,2297,2212,2252,2302,2274,2238,2266,2244,2266,2253,2267,2281,2293,2312
774.003,2486.4,2495,2488,2479,2474,2488,2488,2454,2468,2478,2498,2446,2485,2460,2481,2496,2480,2507,2472,2511,2488,2474,2480,2490,2482,2526,2476,2511,2469,2513,2536
774.360,2285.4,2269,2278,2289,2282,2316,2251,2275,2282,2290,2246,2271,2254,2264,2283,2308,2304,2320,2299,2270,2277,2306,2241,2277,2313,2260,2315,2321,2267,2336,2297
774.718,2249.5,2241,2235,2273,2244,2271,2233,2222,2204,2245,2203,2234,2274,2275,2246,2277,2246,2212,2238,2280,2265,2255,2248,2237,2238,2254,2261,2286,2263,2298,2227
775.075,2342.9,2328,2265,2335,2341,2372,2350,2290,2316,2320,2354,2342,2329,2338,2331,2350,2339,2392,2328,2354,2336,2352,2363,2356,2344,2336,2376,2366,2376,2360,2347
775.432,2540.0,2518,2532,2500,2571,2507,2505,2515,2613,2519,2515,2559,2530,2548,2526,2561,2521,2578,2545,2541,2548,2517,2512,2541,2527,2556,2528,2579,2585,2550,2552
775.790,2329.9,2282,2315,2322,2353,2337,2336,2331,2355,2315,2288,2311,2334,2361,2368,2360,2313,2276,2331,2364,2329,2320,2358,2308,2318,2342,2328,2318,2331,2370,2322
776.147,2395.1,2344,2365,2380,2369,2361,2401,2368,2388,2353,2411,2408,2379,2400,2390,2374,2382,2404,2410,2396,2405,2423,2368,2427,2426,2372,2450,2405,2415,2420,2458
776.504,2203.5,2195,2194,2147,2167,2177,2211,2196,2206,2169,2208,2218,2213,2180,2195,2217,2243,2200,2176,2201,2217,2185,2217,2229,2188,2202,2230,2238,2216,2197,2272
776.862,2359.1,2361,2331,2346,2350,2337,2376,2341,2394,2330,2358,2335,2347,2395,2338,2357,2377,2361,2345,2353,2396,2347,2358,2389,2394,2346,2363,2366,2361,2342,2378
777.219,2312.7,2279,2315,2296,2251,2328,2301,2315,2284,2294,2327,2313,2337,2323,2292,2332,2323,2291,2304,2296,2338,2326,2318,2317,2298,2303,2363,2327,2318,2306,2365
777.577,2834.9,2811,2821,2827,2827,2808,2829,2798,2874,2845,2814,2844,2779,2824,2816,2848,2867,2863,2792,2861,2841,2821,2831,2855,2838,2838,2858,2837,2830,2879,2872
777.934,2743.6,2663,2723,2728,2762,2752,2727,2750,2699,2759,2715,2780,2784,2712,2737,2768,2768,2730,2756,2715,2784,2737,2711,2742,2757,2756,2783,2740,2750,2784,2737
778.291,2325.4,2289,2298,2342,2296,2332,2300,2257,2291,2332,2340,2331,2297,2330,2328,2330,2313,2300,2351,2371,2354,2334,2316,2339,2388,2339,2301,2299,2355,2332,2378
778.649,2231.1,2229,2189,2206,2225,2184,2188,2212,2240,2229,2186,2217,2226,2229,2252,2220,2260,2222,2272,2230,2262,2249,2248,2239,2221,2228,2280,2240,2257,2280,2214
779.006,2207.1,2208,2202,2150,2180,2176,2238,2184,2180,2210,2149,2221,2193,2206,2216,2197,2209,2196,2247,2230,2215,2217,2218,2194,2227,2212,2220,2205,2255,2235,2222
779.364,2252.8,2206,2216,2230,2223,2249,2231,2232,2241,2274,2273,2230,2236,2287,2257,2235,2239,2236,2238,2244,2293,2296,2260,2238,2312,2217,2291,2265,2268,2271,2295
779.721,2071.0,2080,2068,2077,2061,2043,2041,2044,2063,2075,2032,2068,2071,2081,2037,2073,2088,2052,2075,2080,2081,2072,2091,2074,2094,2082,2079,2092,2091,2069,2097
780.079,2128.6,2121,2116,2117,2088,2099,2138,2153,2112,2096,2114,2159,2108,2141,2148,2134,2134,2102,2136,2130,2128,2138,2167,2152,2083,2130,2145,2136,2180,2119,2134
780.436,2526.0,2492,2500,2505,2539,2523,2522,2523,2552,2522,2538,2536,2531,2471,2553,2514,2517,2500,2534,2499,2517,2520,2546,2541,2497,2535,2556,2547,2529,2584,2536
780.794,2223.5,2227,2197,2188,2234,2214,2244,2230,2248,2240,2218,2223,2204,2209,2236,2168,2216,2198,2219,2203,2241,2264,2209,2206,2245,2263,2240,2195,2219,2264,2244
781.151,2322.1,2312,2326,2300,2351,2319,2328,2283,2318,2308,2325,2297,2328,2312,2323,2346,2285,2315,2309,2323,2323,2307,2304,2354,2331,2334,2336,2331,2324,2390,2321
781.509,2249.3,2196,2249,2238,2229,2182,2219,2288,2248,2294,2239,2264,2244,2204,2259,2221,2243,2227,2249,2236,2267,2215,2243,2286,2253,2261,2303,2271,2281,2248,2322
781.867,2437.9,2429,2442,2416,2414,2433,2435,2428,2431,2434,2404,2442,2403,2432,2424,2433,2457,2416,2503,2433,2456,2439,2461,2454,2454,2440,2425,2395,2483,2485,2436
782.224,2563.1,2538,2569,2584,2576,2556,2543,2558,2594,2536,2582,2530,2544,2509,2603,2574,2543,2628,2556,2534,2540,2582,2572,2560,2564,2574,2584,2563,2532,2591,2574
782.582,2444.6,2459,2390,2412,2432,2395,2442,2470,2454,2421,2451,2434,2441,2403,2427,2358,2466,2480,2460,2464,2445,2442,2466,2436,2458,2449,2500,2501,2424,2474,2484
782.939,2328.7,2313,2306,2293,2331,2312,2284,2319,2353,2282,2342,2335,2336,2312,2297,2274,2348,2339,2335,2291,2378,2378,2351,2319,2352,2360,2346,2380,2307,2352,2337
783.297,2520.0,2524,2531,2462,2512,2494,2558,2483,2474,2528,2477,2529,2501,2498,2546,2486,2518,2552,2507,2522,2554,2504,2500,2517,2532,2528,2545,2535,2542,2608,2534
783.655,2134.6,2123,2163,2127,2117,2140,2127,2102,2102,2108,2099,2114,2129,2136,2131,2149,2138,2102,2150,2179,2151,2153,2136,2150,2115,2163,2134,2163,2171,2094,2171
784.012,2376.7,2329,2408,2397,2367,2368,2308,2321,2365,2362,2328,2388,2365,2409,2372,2349,2340,2369,2418,2371,2368,2403,2357,2385,2424,2415,2402,2429,2368,2406,2409
784.370,2339.9,2328,2305,2342,2307,2318,2349,2325,2324,2330,2302,2353,2304,2337,2303,2329,2381,2320,2329,2321,2371,2364,2337,2343,2403,2348,2365,2335,2388,2392,2344
784.728,2093.0,2090,2075,2083,2079,2077,2046,2099,2142,2109,2055,2108,2120,2091,2088,2035,2096,2113,2096,2112,2066,2097,2108,2069,2099,2088,2110,2114,2134,2114,2078
785.085,2451.4,2393,2454,2460,2440,2441,2429,2436,2430,2490,2440,2443,2471,2462,2434,2435,2433,2473,2449,2468,2477,2472,2465,2461,2470,2451,2429,2460,2433,2437,2507
785.443,2342.3,2364,2324,2302,2313,2345,2318,2350,2321,2366,2310,2336,2361,2345,2328,2338,2342,2349,2377,2377,2337,2374,2374,2344,2311,2329,2340,2341,2386,2331,2337
785.801,2424.5,2413,2409,2422,2406,2386,2422,2426,2438,2435,2432,2424,2438,2417,2412,2461,2423,2437,2415,2453,2406,2437,2411,2468,2441,2364,2420,2414,2443,2431,2431
786.158,2313.3,2286,2288,2330,2293,2275,2296,2277,2286,2287,2307,2290,2316,2312,2303,2351,2292,2354,2306,2289,2301,2314,2357,2300,2360,2326,2315,2355,2349,2325,2359
786.516,2354.9,2274,2287,2331,2334,2344,2327,2404,2337,2340,2338,2334,2343,2329,2346,2351,2369,2416,2363,2380,2373,2350,2383,2373,2347,2360,2383,2371,2414,2362,2383
786.874,2094.1,2039,2061,2056,2096,2117,2100,2084,2116,2118,2041,2076,2098,2124,2113,2056,2094,2090,2116,2114,2106,2075,2113,2092,2067,2083,2113,2088,2107,2138,2132
787.232,2014.9,1992,1994,2012,2012,2023,2031,1987,2042,2019,1975,2034,1974,2023,1992,2041,1997,2024,1997,2013,1980,2043,2018,1997,2074,2037,2005,2028,2045,2035,2003
787.589,2348.9,2339,2340,2344,2334,2366,2325,2322,2356,2378,2307,2338,2383,2338,2346,2334,2355,2351,2342,2318,2343,2342,2367,2364,2325,2372,2339,2385,2395,2349,2371
787.947,2481.0,2481,2491,2447,2490,2486,2472,2517,2482,2437,2465,2467,2424,2465,2488,2492,2454,2512,2510,2498,2463,2474,2499,2478,2515,2503,2461,2496,2486,2510,2468
788.305,2677.9,2668,2696,2655,2704,2678,2614,2629,2666,2670,2648,2696,2687,2681,2652,2652,2707,2701,2677,2663,2707,2656,2676,2654,2744,2671,2702,2726,2678,2715,2665
788.663,2005.2,1993,1998,1970,1989,1985,2044,1996,1996,1987,1972,2030,2042,2024,2034,2008,2032,2000,1993,1967,2047,1983,2010,2006,2027,2002,2017,2010,1992,1990,2012
789.021,2297.9,2257,2258,2275,2245,2262,2304,2299,2306,2338,2278,2310,2305,2305,2328,2281,2277,2275,2301,2303,2298,2293,2312,2300,2350,2296,2306,2318,2352,2309,2296
789.378,2388.9,2327,2378,2381,2361,2368,2386,2363,2388,2411,2388,2360,2359,2355,2395,2404,2381,2406,2419,2390,2400,2367,2392,2374,2386,2411,2414,2430,2436,2418,2420
789.736,2329.0,2324,2317,2318,2319,2361,2324,2290,2274,2282,2335,2328,2278,2300,2318,2322,2333,2337,2326,2364,2328,2335,2311,2371,2369,2349,2363,2372,2373,2324,2326
790.094,2465.8,2426,2448,2469,2444,2451,2458,2465,2406,2414,2427,2488,2453,2468,2472,2432,2518,2491,2458,2494,2456,2476,2503,2481,2498,2458,2464,2503,2492,2488,2472
790.452,2035.5,2025,2041,2006,2029,2006,2041,2060,1988,2011,2053,2019,2038,2089,2015,1988,2021,2031,2088,2026,2044,2014,2041,2060,2040,2062,1991,2040,2040,2084,2075
790.810,2235.8,2174,2250,2234,2264,2231,2235,2197,2221,2241,2215,2225,2210,2251,2234,2231,2235,2269,2232,2217,2222,2250,2267,2247,2228,2264,2209,2265,2259,2285,2213
791.168,2343.5,2356,2346,2277,2273,2321,2355,2339,2358,2345,2332,2360,2368,2325,2362,2342,2337,2347,2337,2380,2321,2351,2352,2360,2320,2325,2386,2339,2380,2378,2333
791.526,2059.1,2021,2072,2054,2064,2025,2078,2040,2069,2047,2045,2053,2069,2047,2058,2069,2032,2014,2047,2054,2053,2089,2070,2095,2060,2057,2074,2056,2086,2091,2084
791.884,2240.6,2211,2227,2248,2208,2240,2283,2248,2220,2230,2229,2218,2262,2252,2209,2246,2219,2283,2252,2296,2217,2265,2224,2262,2225,2227,2206,2240,2277,2266,2228
792.242,2114.2,2088,2095,2080,2104,2101,2082,2113,2108,2099,2102,2113,2137,2089,2095,2095,2130,2112,2092,2117,2152,2117,2124,2130,2145,2109,2128,2116,2150,2171,2133
792.600,2170.5,2137,2142,2159,2180,2197,2149,2128,2222,2181,2129,2155,2180,2158,2138,2195,2209,2164,2206,2184,2148,2158,2141,2183,2200,2135,2214,2163,2208,2182,2171
792.957,2319.9,2294,2304,2324,2312,2299,2294,2320,2259,2345,2320,2281,2316,2342,2376,2326,2350,2290,2351,2324,2331,2285,2297,2322,2349,2324,2347,2344,2296,2350,2326
793.315,2240.9,2235,2214,2264,2235,2241,2178,2235,2226,2226,2259,2243,2245,2203,2220,2223,2247,2237,2245,2234,2227,2251,2268,2237,2240,2280,2280,2280,2240,2260,2253
793.673,2342.1,2333,2323,2294,2317,2312,2333,2351,2329,2336,2360,2301,2308,2337,2348,2307,2378,2394,2341,2355,2346,2377,2330,2370,2351,2344,2360,2356,2387,2329,2355
794.031,2456.9,2449,2429,2429,2453,2411,2459,2426,2451,2423,2462,2500,2434,2433,2456,2493,2482,2464,2438,2462,2490,2437,2447,2420,2520,2491,2459,2454,2476,2443,2516
794.389,2346.1,2308,2348,2335,2351,2322,2340,2330,2366,2368,2340,2335,2365,2353,2354,2333,2344,2315,2351,2345,2317,2366,2372,2347,2368,2359,2350,2326,2379,2332,2363
794.747,1875.2,1847,1876,1871,1878,1836,1848,1839,1868,1826,1854,1891,1867,1864,1902,1882,1876,1878,1891,1867,1885,1865,1883,1903,1918,1896,1881,1913,1900,1886,1866
795.105,2316.9,2262,2298,2311,2342,2286,2302,2287,2329,2281,2271,2326,2302,2333,2322,2355,2303,2360,2345,2265,2357,2318,2338,2319,2282,2337,2324,2353,2334,2300,2364
795.464,2144.9,2109,2127,2148,2141,2126,2178,2133,2150,2132,2165,2132,2136,2152,2179,2098,2128,2154,2190,2145,2113,2136,2148,2170,2137,2162,2135,2162,2136,2150,2174
795.822,2252.8,2281,2213,2205,2275,2254,2192,2242,2226,2235,2261,2249,2194,2240,2305,2248,2277,2257,2208,2226,2252,2265,2287,2256,2294,2250,2274,2241,2310,2286,2282
796.180,2222.2,2209,2227,2225,2181,2255,2198,2229,2162,2221,2221,2205,2225,2172,2244,2236,2232,2233,2184,2195,2211,2273,2270,2224,2250,2185,2275,2235,2250,2232,2208
796.538,2366.5,2319,2374,2384,2360,2373,2344,2312,2385,2345,2354,2376,2377,2365,2371,2368,2309,2392,2349,2361,2353,2355,2390,2393,2391,2365,2373,2389,2397,2402,2368
796.896,2292.8,2257,2314,2266,2298,2297,2288,2290,2277,2279,2298,2279,2304,2270,2309,2297,2296,2245,2290,2292,2332,2312,2261,2297,2305,2268,2280,2309,2295,2328,2352
797.254,2243.1,2266,2242,2229,2213,2209,2242,2225,2257,2268,2230,2210,2204,2277,2282,2244,2222,2194,2248,2252,2253,2250,2230,2233,2234,2236,2257,2266,2241,2267,2311
797.612,2323.9,2303,2337,2317,2324,2312,2315,2309,2330,2308,2312,2328,2286,2306,2350,2353,2362,2314,2320,2341,2316,2312,2331,2303,2315,2325,2339,2312,2326,2357,2353
797.970,2163.7,2162,2130,2161,2182,2136,2185,2170,2157,2146,2164,2169,2161,2161,2143,2139,2172,2156,2165,2143,2172,2185,2168,2113,2179,2173,2210,2163,2180,2173,2192
798.328,2175.3,2186,2154,2166,2194,2192,2167,2143,2178,2148,2142,2182,2150,2165,2176,2211,2177,2209,2175,2208,2184,2171,2193,2173,2161,2202,2163,2158,2169,2167,2196
798.686,2297.0,2302,2290,2297,2301,2325,2271,2316,2290,2273,2275,2281,2264,2270,2297,2264,2296,2318,2298,2278,2248,2280,2316,2311,2320,2297,2306,2327,2294,2350,2356
799.045,2278.6,2218,2278,2300,2310,2281,2236,2248,2233,2291,2276,2266,2265,2314,2270,2294,2312,2301,2302,2287,2272,2272,2240,2306,2287,2290,2275,2328,2274,2274,2258
799.403,2159.6,2120,2160,2128,2144,2144,2173,2142,2141,2165,2171,2159,2088,2176,2187,2186,2154,2153,2148,2163,2165,2176,2146,2147,2148,2188,2201,2176,2175,2158,2205
799.761,2514.0,2504,2532,2462,2502,2514,2478,2442,2551,2519,2528,2517,2491,2488,2536,2483,2486,2486,2509,2555,2506,2511,2531,2521,2556,2516,2549,2525,2519,2570,2534
800.119,2470.1,2481,2448,2494,2481,2464,2454,2446,2466,2449,2463,2457,2487,2465,2480,2474,2472,2522,2465,2507,2441,2440,2453,2473,2477,2472,2515,2452,2472,2462,2470
800.477,3047.6,3022,3004,3027,3023,3025,3037,3004,3048,3025,3115,3076,3062,2985,3055,3059,3020,3061,3032,3044,3052,3052,3067,3085,3064,3072,3026,3082,3063,3065,3076
800.836,2494.5,2466,2475,2513,2440,2481,2489,2499,2510,2493,2528,2491,2483,2518,2494,2485,2491,2515,2493,2518,2507,2478,2504,2468,2497,2505,2499,2531,2459,2518,2488
801.194,2298.5,2305,2285,2300,2280,2282,2305,2310,2300,2273,2288,2313,2263,2266,2350,2310,2313,2292,2308,2308,2318,2301,2295,2306,2275,2347,2303,2299,2303,2299,2258
801.552,2563.2,2539,2531,2568,2529,2555,2563,2546,2581,2522,2554,2555,2603,2544,2575,2541,2576,2572,2558,2584,2607,2556,2548,2569,2563,2582,2556,2563,2537,2634,2584
801.910,2526.5,2493,2460,2506,2565,2526,2521,2550,2533,2496,2513,2515,2504,2523,2498,2520,2537,2521,2495,2559,2497,2552,2528,2562,2532,2526,2564,2567,2532,2581,2520
802.269,2368.8,2332,2341,2302,2348,2343,2398,2393,2352,2374,2347,2324,2373,2333,2389,2338,2382,2351,2399,2385,2377,2415,2378,2365,2396,2408,2362,2354,2393,2394,2417
802.627,2512.7,2528,2478,2541,2515,2498,2478,2493,2499,2502,2515,2500,2495,2541,2498,2509,2534,2568,2523,2547,2496,2523,2495,2568,2501,2504,2525,2483,2521,2526,2476
802.985,2253.0,2241,2235,2243,2226,2235,2250,2243,2270,2231,2280,2240,2233,2206,2250,2280,2216,2300,2289,2238,2270,2231,2229,2257,2250,2249,2286,2288,2280,2287,2257
803.344,2128.9,2091,2105,2143,2106,2136,2108,2106,2124,2141,2116,2132,2175,2078,2149,2129,2169,2132,2147,2128,2143,2157,2104,2154,2122,2108,2131,2131,2155,2116,2132
803.702,2180.3,2160,2117,2190,2199,2165,2171,2175,2198,2132,2173,2207,2200,2166,2177,2172,2185,2187,2173,2224,2175,2189,2137,2227,2218,2173,2202,2177,2180,2198,2162
804.060,2279.7,2252,2274,2231,2264,2310,2258,2274,2301,2249,2291,2298,2351,2268,2268,2231,2221,2309,2294,2250,2301,2260,2294,2278,2306,2270,2308,2293,2270,2300,2316
804.419,2266.8,2285,2248,2210,2260,2245,2269,2259,2288,2288,2277,2246,2273,2249,2285,2242,2261,2267,2262,2260,2281,2285,2261,2281,2292,2250,2297,2300,2251,2275,2256
804.777,2554.9,2511,2536,2558,2535,2532,2546,2542,2586,2570,2575,2568,2519,2503,2567,2556,2586,2576,2561,2579,2524,2554,2562,2531,2562,2550,2546,2592,2561,2590,2568
805.135,2124.4,2154,2147,2112,2082,2122,2102,2098,2088,2104,2137,2119,2100,2136,2160,2138,2120,2098,2100,2120,2143,2104,2124,2157,2146,2101,2152,2132,2140,2146,2150
805.494,2426.4,2400,2408,2387,2441,2431,2413,2417,2387,2411,2451,2415,2409,2350,2444,2460,2446,2399,2465,2424,2468,2437,2422,2420,2458,2447,2438,2479,2385,2426,2454
805.852,2317.4,2342,2287,2316,2294,2333,2317,2303,2280,2322,2335,2348,2307,2322,2336,2346,2347,2290,2312,2318,2336,2290,2305,2333,2290,2313,2314,2330,2320,2322,2314
806.210,2410.0,2417,2392,2398,2425,2423,2394,2340,2406,2421,2408,2372,2428,2394,2400,2378,2417,2400,2437,2440,2435,2432,2382,2412,2412,2421,2454,2421,2423,2399,2419
806.569,2535.2,2579,2497,2478,2521,2543,2542,2544,2558,2528,2556,2500,2528,2529,2540,2521,2572,2538,2534,2493,2545,2520,2531,2564,2552,2554,2510,2548,2548,2515,2567
806.927,2316.2,2356,2317,2291,2300,2327,2317,2304,2307,2320,2330,2285,2316,2240,2313,2321,2348,2313,2325,2371,2317,2292,2328,2289,2315,2343,2330,2298,2299,2353,2322
807.286,2044.3,2001,2050,2031,2006,2019,2044,2024,2057,2031,2043,2051,2005,2024,2048,2057,2075,2067,2072,2053,2052,2064,2050,2063,2028,2074,2053,2020,2030,2062,2074
807.644,2246.1,2266,2201,2195,2250,2252,2230,2234,2270,2231,2249,2196,2241,2245,2266,2225,2212,2218,2275,2264,2245,2235,2242,2217,2240,2271,2267,2304,2261,2290,2290
808.003,2267.6,2271,2257,2259,2276,2267,2254,2269,2279,2260,2254,2305,2284,2255,2234,2265,2250,2279,2326,2283,2229,2250,2292,2239,2248,2284,2270,2264,2281,2273,2271
808.361,2768.1,2771,2762,2741,2776,2763,2810,2733,2762,2788,2732,2781,2767,2774,2759,2805,2762,2787,2779,2744,2784,2756,2763,2756,2728,2799,2774,2761,2775,2778,2774
808.720,1993.4,2014,1995,1993,2006,1993,1944,1998,1984,2016,1947,1995,2012,1978,1964,2025,1978,1997,1996,2010,1988,2002,1988,1983,2055,1993,1960,1965,2006,2002,2015
809.078,2129.2,2115,2098,2152,2137,2133,2117,2126,2166,2134,2122,2124,2121,2138,2139,2064,2128,2105,2168,2165,2181,2160,2122,2112,2105,2147,2122,2112,2134,2097,2131
809.437,2220.4,2194,2201,2200,2196,2222,2195,2219,2200,2209,2246,2225,2200,2208,2191,2244,2240,2220,2218,2210,2195,2248,2245,2241,2220,2258,2243,2239,2197,2246,2241
809.795,2274.6,2262,2269,2254,2277,2231,2263,2271,2263,2281,2250,2294,2313,2255,2299,2276,2303,2296,2262,2251,2296,2299,2280,2278,2299,2275,2289,2233,2236,2300,2282
810.154,2515.5,2491,2501,2518,2525,2536,2516,2553,2483,2510,2505,2523,2506,2492,2510,2549,2491,2485,2482,2499,2520,2507,2587,2521,2484,2528,2574,2522,2504,2485,2558
810.512,2220.9,2245,2169,2204,2208,2157,2205,2229,2188,2254,2218,2253,2253,2200,2226,2184,2264,2207,2239,2225,2247,2225,2228,2212,2223,2206,2233,2239,2201,2247,2237
810.871,2246.5,2230,2227,2218,2244,2247,2208,2212,2229,2231,2216,2252,2253,2264,2246,2252,2268,2286,2257,2241,2241,2255,2278,2237,2291,2269,2257,2239,2275,2213,2260
811.229,2286.5,2295,2270,2257,2266,2283,2303,2264,2299,2290,2264,2271,2293,2295,2261,2314,2287,2274,2270,2290,2281,2313,2281,2273,2278,2275,2278,2306,2285,2335,2344
811.588,2233.7,2238,2211,2224,2209,2214,2255,2259,2226,2207,2240,2233,2213,2272,2220,2266,2215,2264,2222,2221,2228,2226,2216,2285,2216,2249,2222,2246,2238,2232,2243
811.946,2477.5,2443,2444,2464,2454,2447,2529,2523,2422,2430,2483,2458,2451,2470,2476,2442,2484,2461,2482,2490,2486,2500,2464,2510,2527,2515,2520,2492,2475,2479,2504
812.305,2378.8,2368,2352,2355,2372,2406,2387,2360,2376,2371,2371,2360,2379,2372,2355,2423,2388,2336,2389,2367,2411,2381,2388,2381,2386,2360,2394,2381,2399,2379,2418
812.664,2159.8,2152,2143,2179,2144,2152,2169,2152,2145,2114,2196,2131,2150,2168,2165,2126,2207,2165,2168,2096,2161,2148,2171,2179,2130,2191,2165,2184,2178,2177,2189
813.022,2289.0,2294,2296,2274,2298,2300,2267,2290,2260,2278,2290,2304,2328,2319,2301,2308,2289,2270,2291,2246,2297,2297,2278,2287,2289,2293,2269,2314,2280,2264,2300
813.381,2189.1,2207,2172,2189,2174,2204,2138,2152,2210,2167,2195,2222,2180,2185,2188,2188,2204,2191,2217,2152,2190,2192,2193,2196,2205,2193,2197,2200,2170,2171,2232
813.739,2445.2,2432,2446,2446,2433,2411,2402,2450,2416,2459,2424,2446,2456,2478,2438,2431,2440,2467,2429,2448,2465,2458,2440,2474,2449,2457,2449,2466,2436,2440,2470
814.098,2357.7,2366,2324,2324,2368,2371,2337,2336,2346,2371,2342,2415,2345,2369,2326,2364,2367,2317,2357,2299,2353,2375,2380,2362,2375,2368,2353,2393,2397,2369,2362
814.457,2389.0,2395,2386,2384,2349,2382,2396,2389,2388,2397,2363,2387,2376,2426,2399,2348,2355,2363,2384,2394,2395,2355,2405,2422,2429,2419,2392,2408,2377,2420,2388
814.815,2177.1,2159,2180,2153,2168,2113,2201,2191,2172,2218,2172,2187,2157,2173,2152,2175,2200,2167,2205,2179,2191,2187,2183,2173,2155,2167,2185,2170,2191,2190,2200
815.174,2297.1,2251,2256,2309,2280,2282,2293,2286,2337,2268,2265,2286,2315,2297,2290,2276,2275,2346,2259,2312,2289,2271,2296,2301,2336,2303,2328,2323,2333,2323,2328
815.533,2302.6,2314,2297,2306,2272,2309,2307,2302,2278,2268,2280,2261,2309,2278,2313,2298,2324,2339,2274,2278,2301,2328,2306,2315,2310,2334,2315,2328,2321,2327,2285
815.891,2349.9,2324,2330,2356,2369,2347,2368,2330,2342,2367,2341,2365,2335,2342,2342,2328,2363,2358,2384,2366,2356,2381,2334,2334,2368,2326,2343,2353,2342,2355,2349
816.250,2438.3,2472,2467,2419,2445,2382,2380,2396,2404,2435,2465,2464,2440,2424,2437,2475,2435,2480,2436,2429,2456,2438,2491,2421,2421,2425,2433,2470,2469,2409,2432
816.609,2141.8,2118,2175,2085,2158,2097,2111,2104,2156,2122,2174,2170,2178,2124,2137,2175,2167,2145,2134,2141,2137,2128,2149,2107,2127,2158,2170,2134,2175,2134,2163
816.968,2545.3,2596,2566,2572,2566,2569,2527,2525,2477,2507,2548,2523,2539,2543,2527,2513,2515,2533,2544,2553,2578,2555,2583,2529,2566,2537,2518,2551,2564,2568,2568
817.326,2449.2,2419,2440,2426,2429,2463,2445,2478,2467,2456,2437,2459,2453,2447,2464,2406,2471,2458,2431,2450,2411,2444,2456,2443,2491,2525,2443,2446,2438,2419,2462
817.685,2002.1,1992,1995,2002,1962,1944,1978,2021,1956,1979,1994,2009,2015,1980,2015,1981,2004,2031,2022,2016,2008,1989,2025,1984,2017,2028,2015,2031,2008,2027,2034
818.044,2583.7,2568,2597,2548,2587,2606,2598,2557,2606,2620,2608,2552,2570,2568,2611,2574,2592,2546,2576,2609,2583,2602,2554,2616,2587,2572,2599,2505,2611,2593,2597
818.403,2395.2,2381,2377,2404,2396,2378,2418,2398,2400,2379,2402,2411,2389,2381,2385,2402,2366,2397,2396,2379,2437,2382,2413,2365,2381,2422,2411,2410,2381,2408,2408
818.761,1897.0,1900,1886,1901,1890,1887,1920,1905,1920,1855,1889,1895,1887,1887,1882,1900,1926,1923,1897,1848,1911,1879,1920,1876,1937,1877,1940,1854,1895,1918,1905
819.120,2253.9,2244,2241,2214,2273,2216,2203,2264,2240,2256,2221,2256,2251,2239,2247,2245,2296,2258,2305,2240,2220,2243,2274,2309,2255,2248,2212,2282,2280,2296,2290
819.479,2349.4,2379,2314,2346,2312,2362,2337,2366,2375,2334,2357,2294,2379,2372,2342,2320,2368,2323,2360,2335,2333,2325,2354,2388,2363,2354,2351,2340,2368,2369,2362
819.838,2294.5,2315,2335,2259,2291,2311,2288,2294,2309,2268,2336,2259,2292,2313,2307,2304,2249,2302,2292,2287,2277,2271,2277,2301,2344,2277,2315,2261,2314,2292,2296
820.197,2248.1,2232,2233,2196,2246,2322,2230,2248,2258,2226,2208,2246,2252,2243,2238,2235,2239,2216,2291,2260,2259,2256,2228,2216,2278,2224,2257,2259,2260,2296,2291
820.556,2375.6,2402,2348,2337,2398,2346,2360,2382,2402,2406,2362,2348,2357,2340,2395,2355,2389,2360,2347,2378,2393,2364,2377,2363,2374,2384,2378,2400,2437,2369,2418
820.914,2312.1,2341,2325,2253,2323,2292,2302,2245,2285,2259,2331,2321,2274,2320,2303,2290,2325,2269,2305,2355,2346,2301,2308,2297,2347,2351,2313,2328,2333,2346,2374
821.273,2133.8,2121,2112,2122,2165,2092,2141,2116,2115,2161,2122,2090,2140,2145,2148,2117,2137,2139,2127,2141,2109,2177,2150,2128,2126,2126,2175,2137,2157,2146,2131
821.632,2196.1,2218,2197,2162,2212,2194,2157,2197,2211,2178,2230,2168,2180,2218,2201,2187,2166,2212,2184,2154,2157,2196,2212,2167,2238,2210,2198,2211,2210,2196,2263
821.991,2261.2,2256,2249,2232,2239,2230,2229,2234,2279,2256,2232,2243,2259,2309,2265,2273,2272,2249,2279,2317,2267,2256,2248,2243,2289,2262,2270,2280,2272,2280,2268
822.350,2136.9,2139,2140,2118,2126,2108,2082,2130,2126,2126,2160,2128,2142,2136,2111,2123,2132,2154,2112,2141,2136,2136,2155,2136,2153,2152,2191,2161,2147,2130,2177
822.709,2303.5,2270,2324,2290,2304,2279,2303,2316,2287,2271,2322,2289,2291,2260,2246,2360,2290,2318,2336,2289,2322,2322,2292,2307,2296,2344,2303,2298,2312,2313,2352
823.068,2723.7,2732,2699,2699,2739,2709,2688,2697,2704,2684,2723,2687,2725,2720,2698,2740,2794,2776,2719,2704,2792,2720,2746,2690,2714,2729,2733,2727,2765,2744,2715
823.427,2217.5,2200,2197,2234,2207,2203,2194,2206,2232,2232,2241,2194,2232,2228,2221,2197,2187,2238,2215,2191,2232,2189,2208,2240,2242,2192,2210,2234,2273,2227,2230
823.786,2663.0,2651,2645,2668,2611,2675,2675,2631,2677,2670,2654,2644,2629,2668,2658,2678,2686,2686,2675,2675,2673,2689,2647,2671,2705,2644,2683,2672,2625,2637,2689
824.144,2324.9,2344,2292,2267,2339,2302,2328,2333,2324,2351,2336,2327,2302,2319,2364,2330,2313,2329,2304,2324,2315,2296,2290,2348,2329,2387,2318,2328,2331,2333,2345
824.503,2521.9,2543,2519,2480,2497,2511,2472,2494,2538,2514,2545,2502,2516,2508,2525,2523,2512,2503,2519,2577,2527,2537,2486,2544,2578,2496,2529,2547,2536,2523,2556
824.862,2195.2,2202,2168,2161,2182,2160,2190,2198,2212,2169,2203,2226,2186,2223,2214,2184,2191,2200,2196,2205,2195,2175,2219,2185,2213,2230,2208,2178,2183,2206,2195
825.221,2701.8,2675,2692,2687,2703,2681,2671,2731,2678,2687,2683,2704,2691,2734,2725,2713,2726,2684,2682,2716,2736,2749,2705,2670,2722,2702,2637,2705,2729,2710,2727
825.580,2373.0,2361,2315,2346,2384,2380,2349,2380,2363,2380,2365,2381,2332,2416,2350,2420,2358,2337,2375,2389,2338,2368,2358,2379,2400,2380,2421,2394,2381,2380,2409
825.939,2483.6,2498,2478,2484,2472,2497,2491,2472,2460,2467,2474,2507,2513,2454,2516,2526,2493,2490,2456,2482,2481,2472,2477,2451,2454,2475,2469,2475,2479,2530,2516
826.298,2545.3,2492,2541,2522,2538,2590,2557,2537,2536,2552,2536,2507,2520,2560,2564,2570,2543,2563,2560,2499,2537,2564,2556,2561,2537,2537,2563,2594,2532,2508,2582
826.657,2713.9,2667,2719,2696,2753,2752,2735,2696,2680,2753,2710,2696,2679,2688,2725,2681,2703,2705,2677,2701,2707,2762,2740,2709,2749,2744,2702,2755,2701,2725,2707
827.016,2311.3,2281,2277,2314,2308,2299,2303,2320,2322,2324,2290,2321,2312,2312,2322,2309,2283,2363,2304,2298,2302,2329,2292,2320,2294,2369,2328,2311,2319,2304,2309
827.375,2466.7,2434,2456,2449,2449,2442,2499,2504,2474,2454,2523,2478,2449,2421,2488,2467,2443,2459,2511,2446,2472,2507,2470,2497,2441,2445,2445,2466,2440,2494,2479
827.734,2288.5,2257,2277,2281,2305,2259,2285,2289,2293,2303,2280,2270,2285,2269,2290,2276,2251,2312,2325,2275,2327,2280,2290,2292,2302,2307,2280,2289,2310,2305,2290
828.093,2268.4,2279,2253,2252,2290,2310,2270,2211,2254,2295,2243,2259,2286,2280,2296,2284,2286,2269,2250,2265,2266,2267,2235,2248,2241,2275,2264,2276,2287,2291,2271
828.453,2336.9,2312,2384,2345,2353,2357,2314,2347,2330,2331,2337,2314,2344,2348,2324,2333,2339,2322,2345,2314,2340,2366,2308,2345,2370,2330,2322,2315,2384,2314,2320
828.812,2310.2,2286,2325,2293,2304,2318,2316,2325,2283,2291,2301,2344,2345,2305,2318,2298,2288,2336,2310,2308,2297,2331,2333,2319,2281,2294,2279,2284,2338,2331,2324
829.171,2557.0,2553,2525,2589,2580,2554,2591,2573,2547,2559,2542,2503,2562,2553,2538,2554,2545,2546,2546,2509,2552,2553,2609,2576,2607,2544,2579,2560,2512,2582,2568
829.530,2076.3,2067,2092,2031,2076,2072,2109,2100,2063,2082,2075,2060,2067,2070,2076,2075,2067,2140,2038,2052,2025,2112,2114,2084,2070,2072,2032,2093,2097,2082,2096
829.889,2334.7,2324,2328,2317,2350,2290,2377,2325,2287,2333,2316,2289,2320,2308,2369,2364,2311,2330,2312,2355,2332,2323,2389,2347,2297,2358,2360,2394,2344,2355,2336
830.248,2166.3,2116,2147,2149,2179,2162,2129,2171,2224,2136,2148,2152,2201,2185,2181,2212,2143,2159,2178,2128,2176,2136,2186,2169,2195,2192,2198,2142,2156,2144,2196
830.607,2113.8,2102,2142,2102,2088,2095,2085,2103,2137,2093,2109,2104,2106,2109,2099,2102,2154,2095,2101,2136,2097,2105,2134,2109,2157,2117,2123,2125,2131,2140,2115
830.966,2191.4,2166,2176,2225,2179,2186,2146,2200,2209,2187,2171,2213,2159,2187,2217,2197,2186,2153,2178,2204,2185,2217,2218,2214,2217,2182,2189,2209,2166,2222,2184
831.325,1816.4,1806,1808,1820,1798,1854,1813,1857,1804,1795,1813,1817,1802,1842,1811,1803,1821,1780,1818,1806,1801,1841,1801,1830,1818,1841,1822,1818,1799,1797,1856
831.685,2535.6,2517,2540,2563,2537,2568,2550,2573,2520,2536,2556,2539,2501,2485,2516,2537,2546,2537,2528,2529,2522,2537,2560,2536,2512,2525,2566,2534,2512,2543,2542
832.044,2394.5,2368,2352,2430,2361,2376,2384,2412,2416,2345,2411,2391,2376,2409,2395,2400,2416,2379,2372,2370,2384,2430,2403,2424,2393,2445,2384,2404,2418,2395,2392
832.403,2814.4,2806,2812,2812,2801,2825,2766,2816,2846,2788,2817,2796,2744,2828,2777,2814,2802,2834,2825,2810,2850,2830,2816,2818,2829,2827,2821,2797,2844,2850,2830
832.762,2349.0,2350,2351,2348,2360,2328,2365,2334,2354,2355,2333,2356,2344,2388,2399,2316,2338,2317,2347,2329,2358,2344,2369,2345,2323,2383,2345,2337,2347,2353,2354
833.121,2329.5,2342,2316,2333,2338,2316,2318,2319,2329,2309,2317,2288,2315,2321,2360,2331,2340,2330,2337,2335,2344,2344,2310,2345,2332,2330,2330,2324,2356,2328,2348
833.480,2099.3,2083,2098,2133,2097,2063,2072,2102,2080,2093,2072,2068,2031,2140,2109,2091,2126,2101,2111,2129,2086,2115,2146,2107,2120,2112,2093,2105,2093,2089,2115
833.840,2183.1,2181,2154,2184,2195,2190,2172,2136,2165,2202,2171,2203,2163,2206,2159,2194,2194,2145,2165,2190,2174,2166,2202,2207,2185,2173,2207,2196,2196,2213,2205
834.199,2165.2,2190,2163,2150,2185,2142,2149,2166,2130,2161,2170,2173,2131,2188,2153,2148,2169,2174,2162,2136,2171,2143,2228,2182,2165,2187,2149,2176,2166,2182,2168
834.558,2250.9,2313,2262,2243,2256,2320,2240,2248,2217,2228,2245,2268,2238,2262,2237,2253,2228,2254,2242,2243,2240,2237,2272,2262,2259,2229,2218,2229,2274,2265,2245
834.917,2192.2,2173,2171,2174,2185,2213,2161,2204,2178,2157,2186,2204,2158,2192,2202,2222,2185,2180,2198,2228,2224,2214,2160,2205,2173,2215,2206,2201,2213,2190,2195
835.277,2453.1,2473,2470,2435,2429,2474,2408,2457,2439,2424,2404,2473,2419,2464,2450,2478,2459,2450,2484,2430,2429,2508,2470,2460,2482,2477,2406,2445,2454,2433,2508
835.636,2163.4,2159,2141,2211,2145,2179,2145,2165,2175,2129,2175,2170,2186,2155,2149,2140,2184,2183,2172,2148,2116,2139,2184,2169,2146,2160,2191,2148,2203,2187,2147
835.995,2332.4,2301,2325,2372,2342,2340,2312,2326,2362,2320,2369,2314,2337,2314,2280,2322,2306,2293,2308,2310,2317,2367,2388,2344,2367,2332,2342,2344,2326,2331,2361
836.354,2132.3,2109,2125,2103,2103,2116,2127,2128,2147,2125,2129,2177,2154,2061,2123,2125,2114,2120,2124,2179,2152,2150,2158,2124,2142,2124,2159,2143,2151,2141,2136
836.714,2126.9,2134,2104,2128,2137,2115,2170,2108,2139,2133,2095,2085,2102,2109,2123,2141,2127,2133,2165,2119,2129,2145,2133,2158,2142,2108,2092,2123,2140,2108,2161
837.073,2090.8,2086,2108,2103,2101,2073,2079,2092,2067,2068,2122,2098,2086,2068,2075,2076,2101,2084,2109,2086,2098,2077,2123,2052,2092,2116,2097,2072,2132,2092,2090
837.432,2356.5,2376,2410,2362,2312,2330,2337,2383,2353,2339,2333,2361,2370,2387,2325,2337,2344,2335,2363,2362,2340,2362,2358,2368,2362,2382,2362,2347,2382,2381,2333
837.792,2444.5,2425,2467,2447,2462,2449,2462,2430,2390,2449,2480,2442,2450,2437,2462,2433,2405,2442,2466,2438,2468,2460,2456,2426,2421,2412,2424,2472,2454,2449,2457
838.151,2017.3,2017,1990,2008,2042,1992,2012,1985,2002,2018,2035,2005,2021,2060,2019,2046,1993,2003,2022,2000,2030,1997,2063,2015,2035,2036,1977,2011,2038,1999,2048
838.510,2200.6,2192,2198,2175,2219,2181,2195,2191,2187,2194,2174,2192,2204,2194,2216,2230,2234,2203,2202,2187,2166,2219,2234,2178,2232,2201,2230,2203,2217,2193,2178
838.870,2292.4,2313,2280,2307,2258,2260,2289,2294,2252,2265,2280,2280,2267,2317,2320,2292,2269,2266,2277,2319,2354,2283,2283,2296,2310,2273,2322,2331,2292,2310,2313
839.229,2185.9,2133,2187,2141,2201,2188,2192,2178,2191,2181,2185,2189,2179,2185,2156,2184,2200,2177,2195,2192,2165,2243,2221,2168,2163,2210,2203,2198,2192,2197,2184
839.588,2181.1,2150,2186,2170,2201,2163,2170,2190,2183,2169,2181,2201,2172,2192,2178,2139,2189,2155,2204,2175,2208,2177,2202,2168,2195,2200,2174,2196,2166,2200,2180
839.948,2247.3,2262,2260,2215,2242,2235,2213,2261,2222,2256,2260,2232,2250,2254,2265,2264,2245,2258,2239,2235,2269,2236,2256,2263,2289,2235,2216,2249,2252,2278,2208
840.307,2115.6,2108,2085,2111,2158,2107,2148,2123,2140,2103,2094,2107,2171,2097,2093,2113,2094,2079,2137,2111,2083,2125,2098,2127,2120,2131,2120,2121,2131,2097,2137
840.666,2117.8,2111,2099,2050,2133,2117,2120,2086,2108,2100,2108,2130,2118,2104,2144,2109,2121,2130,2102,2149,2124,2093,2133,2131,2109,2160,2124,2083,2148,2162,2129
841.026,1999.4,1993,1958,2009,1955,1961,1965,1971,2015,2017,2021,1997,2008,1998,1994,1983,2010,2003,1990,2008,2029,1993,2035,1984,2046,1988,2022,2035,2004,1985,2006
841.385,2088.3,2060,2102,2074,2105,2068,2099,2056,2098,2063,2096,2068,2085,2102,2080,2092,2055,2083,2092,2097,2137,2081,2078,2124,2110,2100,2088,2095,2098,2057,2106
841.745,2255.8,2241,2244,2254,2233,2232,2287,2224,2214,2218,2284,2258,2297,2239,2257,2249,2287,2301,2266,2244,2240,2249,2280,2249,2267,2260,2232,2257,2241,2272,2299
842.104,2256.7,2239,2237,2243,2277,2278,2256,2275,2252,2227,2259,2232,2234,2270,2236,2234,2227,2258,2253,2266,2235,2250,2262,2281,2267,2286,2235,2276,2290,2278,2287
842.463,2102.4,2076,2073,2114,2088,2059,2093,2110,2060,2094,2068,2101,2128,2086,2114,2069,2116,2086,2121,2121,2090,2150,2151,2068,2116,2149,2120,2110,2111,2125,2104
842.823,1840.6,1860,1811,1842,1834,1841,1834,1819,1825,1844,1829,1845,1836,1849,1849,1834,1883,1837,1811,1825,1890,1856,1866,1818,1804,1862,1843,1866,1826,1852,1827
843.182,2244.8,2229,2225,2223,2217,2218,2195,2244,2216,2248,2259,2232,2232,2233,2281,2258,2272,2232,2233,2226,2295,2293,2261,2198,2280,2245,2256,2270,2269,2272,2232
843.542,2138.3,2113,2171,2150,2113,2120,2104,2141,2119,2167,2132,2126,2120,2137,2139,2121,2139,2121,2123,2153,2168,2163,2142,2140,2143,2136,2160,2152,2144,2154,2137
843.901,2104.3,2075,2084,2132,2090,2072,2104,2083,2096,2084,2079,2086,2096,2073,2136,2108,2105,2093,2084,2061,2129,2130,2129,2133,2120,2105,2097,2133,2172,2116,2125
844.261,2014.8,2008,1990,2006,2005,1990,2005,2040,1994,2041,2003,2002,2000,2013,2034,1987,2021,2022,2015,2041,1985,2044,1987,2002,2021,2027,2074,2010,2005,2055,2018
844.620,1977.0,1967,1985,1959,1941,1928,1976,1986,1976,1996,1977,1993,1946,1976,1989,2002,1999,1981,1953,1961,1988,1973,1974,1979,1981,1971,1976,1965,1998,2001,2012
844.980,2061.3,2068,2058,2055,2046,2078,2020,2071,2033,2028,2077,2090,2032,2090,2046,2026,2066,2114,2049,2056,2043,2066,2078,2056,2047,2070,2046,2071,2087,2068,2105
845.339,2561.1,2561,2599,2549,2563,2569,2587,2545,2586,2521,2537,2532,2553,2558,2604,2543,2582,2570,2559,2523,2545,2583,2570,2548,2591,2530,2602,2559,2577,2572,2515
845.699,1797.8,1778,1765,1787,1776,1819,1791,1796,1774,1754,1792,1776,1808,1771,1816,1802,1848,1808,1791,1779,1801,1813,1816,1837,1796,1806,1834,1786,1813,1805,1796
846.058,2006.4,1968,2024,1983,1982,2014,2013,1971,2012,1999,2028,2015,2008,2010,1993,2014,1993,2013,1998,2011,1997,2018,2010,2042,2043,2025,1985,1959,2050,2017,1997
846.418,1770.5,1756,1779,1773,1736,1768,1791,1798,1760,1793,1769,1773,1788,1744,1793,1773,1776,1760,1752,1761,1766,1757,1784,1765,1764,1757,1787,1786,1769,1765,1772
846.777,2051.9,2045,2030,2042,2042,2068,2025,2079,2051,2031,2085,2005,2015,2049,2058,2057,2046,2044,2045,2030,2080,2060,2066,2058,2054,2053,2055,2041,2110,2069,2064
847.137,1807.0,1792,1814,1802,1783,1806,1790,1797,1771,1813,1795,1830,1806,1798,1826,1798,1805,1832,1820,1790,1792,1811,1806,1832,1796,1860,1827,1852,1790,1809,1768
847.496,1833.4,1848,1823,1866,1804,1816,1832,1834,1821,1821,1835,1809,1835,1811,1838,1852,1811,1827,1817,1852,1834,1875,1848,1847,1830,1837,1871,1844,1850,1807,1807
847.856,1652.0,1672,1633,1649,1637,1645,1657,1650,1673,1642,1627,1628,1675,1626,1619,1637,1665,1662,1657,1681,1652,1669,1627,1670,1695,1658,1640,1648,1670,1679,1617
ExternalTrigger,,,,,,,,,,,,,,,,,,,,,,,,,,,,,,,
