Wavelength[nm],Average,1,2,3,4,5,6,7,8,9,10,11,12,13,14,15,16,17,18,19,20,21,22,23,24,25,26,27,28,29,30
160.473,2031.7,2014,2058,2047,1998,2046,1989,2017,2069,1987,2017,2024,2053,2038,2071,2030,2030,2041,2039,2048,2040,2023,2006,2031,2032,2031,2070,2009,2047,2013,2032
160.772,2146.9,2140,2181,2141,2162,2132,2142,2184,2145,2122,2146,2142,2142,2166,2186,2106,2160,2122,2146,2131,2143,2152,2136,2148,2168,2120,2149,2144,2123,2142,2187
161.072,1967.5,1999,1970,1953,1973,1979,1943,1972,1973,1992,1981,1954,1960,1948,1949,1969,1970,1948,1944,1968,1981,1988,1926,1948,1965,2008,1984,1968,1948,2002,1961
161.372,2143.7,2167,2159,2142,2170,2141,2092,2157,2141,2163,2165,2180,2150,2164,2117,2171,2156,2166,2109,2142,2123,2122,2176,2152,2152,2086,2110,2114,2146,2145,2134
161.671,1980.0,2010,1984,1948,2021,1979,1986,1965,1960,1970,1984,2010,1984,2004,1948,1953,1960,1987,1960,2036,1982,2001,1948,1980,1990,2005,1977,1944,1969,1971,1983
161.971,2258.3,2239,2274,2277,2259,2240,2237,2226,2266,2280,2298,2268,2255,2235,2236,2263,2259,2268,2265,2245,2248,2267,2236,2239,2296,2245,2278,2269,2256,2276,2248
162.271,2036.4,2063,2003,2060,2034,2017,2053,2060,2043,2063,2043,2018,2060,2031,2003,2010,2040,2040,2061,2038,2028,2056,2040,2042,2034,2025,2009,2007,2026,2067,2019
162.571,2087.3,2060,2074,2070,2101,2036,2054,2057,2090,2078,2117,2089,2076,2113,2113,2076,2098,2099,2094,2102,2089,2066,2102,2140,2094,2098,2060,2089,2059,2109,2116
162.871,2256.0,2264,2246,2249,2232,2251,2265,2278,2258,2232,2297,2258,2271,2255,2236,2273,2249,2263,2269,2272,2229,2219,2278,2237,2305,2245,2256,2274,2248,2249,2223
163.170,2146.1,2147,2128,2175,2112,2140,2157,2140,2168,2172,2148,2140,2123,2159,2161,2143,2188,2113,2100,2176,2161,2164,2159,2093,2132,2181,2150,2153,2147,2143,2110
163.470,2080.3,2076,2081,2093,2072,2073,2090,2043,2100,2070,2098,2075,2088,2047,2067,2094,2055,2115,2035,2098,2072,2114,2098,2103,2061,2093,2098,2075,2080,2067,2079
163.771,2111.0,2087,2113,2104,2102,2105,2084,2113,2127,2099,2095,2122,2099,2114,2075,2153,2133,2102,2117,2103,2095,2107,2123,2129,2130,2125,2095,2149,2111,2100,2118
164.071,2353.2,2318,2351,2365,2392,2371,2315,2383,2361,2376,2334,2333,2327,2386,2289,2379,2312,2399,2371,2371,2373,2323,2338,2367,2380,2351,2329,2320,2327,2392,2362
164.371,2103.6,2069,2120,2123,2125,2071,2099,2093,2124,2090,2096,2106,2126,2137,2083,2090,2079,2123,2068,2109,2094,2098,2120,2125,2130,2100,2079,2099,2096,2138,2098
164.671,2220.9,2261,2240,2196,2238,2144,2211,2200,2203,2228,2237,2245,2191,2226,2250,2219,2212,2229,2217,2241,2223,2252,2210,2212,2223,2260,2206,2202,2210,2212,2229
164.971,2499.3,2450,2501,2458,2546,2538,2514,2563,2450,2504,2482,2500,2525,2502,2500,2525,2493,2496,2515,2490,2483,2471,2538,2482,2507,2464,2497,2471,2446,2541,2527
165.271,2330.4,2324,2326,2332,2341,2336,2343,2361,2332,2348,2315,2324,2328,2316,2342,2334,2314,2289,2340,2348,2277,2329,2309,2328,2360,2357,2292,2362,2345,2330,2330
165.572,2301.4,2251,2276,2324,2312,2328,2275,2335,2344,2301,2321,2301,2308,2320,2288,2316,2348,2289,2261,2287,2297,2301,2286,2329,2321,2269,2254,2274,2325,2321,2279
165.872,2185.8,2175,2206,2200,2185,2168,2187,2199,2177,2176,2185,2184,2230,2157,2159,2211,2235,2185,2179,2184,2204,2179,2193,2160,2179,2182,2177,2190,2176,2177,2175
166.172,2462.0,2472,2500,2472,2481,2466,2457,2465,2502,2450,2448,2438,2465,2470,2451,2430,2468,2416,2461,2445,2485,2477,2474,2453,2453,2434,2456,2491,2456,2489,2435
166.473,2562.1,2558,2518,2538,2538,2601,2598,2554,2541,2545,2586,2588,2550,2585,2586,2561,2559,2523,2581,2511,2571,2591,2594,2564,2591,2546,2568,2504,2579,2575,2559
166.773,2479.2,2501,2510,2520,2488,2478,2474,2491,2485,2487,2473,2460,2440,2447,2420,2450,2474,2488,2493,2482,2486,2470,2487,2499,2458,2495,2461,2506,2477,2476,2500
167.074,2533.3,2550,2555,2553,2550,2515,2549,2510,2566,2500,2507,2554,2505,2503,2550,2499,2542,2522,2540,2563,2547,2555,2522,2511,2563,2555,2513,2528,2527,2517,2528
167.374,2433.6,2475,2397,2456,2432,2455,2445,2420,2455,2402,2462,2423,2415,2440,2397,2415,2433,2427,2423,2434,2451,2420,2491,2469,2400,2408,2388,2414,2464,2451,2447
167.675,2419.4,2415,2423,2440,2382,2409,2497,2444,2409,2398,2416,2366,2405,2435,2371,2362,2421,2433,2429,2397,2442,2454,2424,2382,2407,2413,2440,2473,2422,2443,2429
167.976,2135.7,2115,2127,2139,2120,2111,2119,2155,2102,2145,2139,2152,2107,2156,2165,2116,2133,2124,2095,2129,2131,2150,2158,2180,2131,2153,2112,2152,2162,2150,2142
168.276,2701.9,2715,2671,2697,2665,2690,2684,2713,2684,2737,2687,2706,2689,2685,2723,2696,2725,2710,2692,2687,2659,2687,2717,2708,2695,2719,2712,2739,2729,2715,2721
168.577,2419.9,2459,2421,2388,2390,2421,2459,2446,2410,2445,2441,2403,2473,2411,2402,2417,2412,2381,2435,2418,2391,2420,2424,2442,2426,2393,2416,2388,2433,2399,2434
168.878,2399.7,2377,2406,2371,2419,2438,2370,2427,2426,2412,2393,2385,2363,2376,2383,2425,2442,2424,2381,2424,2360,2398,2406,2392,2386,2400,2411,2401,2402,2397,2397
169.179,2331.6,2334,2301,2392,2296,2348,2361,2334,2316,2319,2362,2326,2341,2328,2355,2325,2327,2334,2355,2280,2340,2325,2371,2376,2322,2326,2327,2304,2319,2329,2276
169.480,2412.1,2392,2358,2432,2434,2435,2392,2400,2375,2379,2417,2410,2403,2434,2398,2422,2401,2442,2420,2399,2412,2421,2412,2384,2414,2421,2456,2405,2428,2432,2435
169.780,2613.5,2625,2627,2597,2640,2624,2624,2602,2601,2588,2631,2642,2607,2595,2575,2583,2652,2593,2625,2599,2605,2624,2595,2643,2615,2625,2626,2638,2593,2606,2606
170.081,2584.1,2585,2546,2563,2571,2568,2621,2607,2562,2585,2574,2599,2605,2578,2618,2534,2579,2587,2581,2563,2612,2616,2511,2618,2573,2598,2565,2610,2601,2616,2577
170.382,2381.0,2394,2361,2381,2337,2389,2424,2335,2377,2364,2346,2393,2412,2404,2406,2405,2366,2397,2394,2392,2365,2378,2383,2360,2386,2370,2364,2389,2413,2365,2380
170.684,2539.3,2532,2530,2565,2525,2533,2536,2569,2494,2532,2553,2576,2531,2571,2556,2536,2521,2550,2524,2552,2515,2552,2519,2553,2546,2557,2542,2509,2541,2505,2554
170.985,2561.9,2563,2552,2526,2563,2529,2554,2538,2544,2584,2590,2591,2567,2590,2574,2556,2559,2545,2550,2569,2523,2570,2514,2557,2570,2568,2584,2534,2600,2566,2628
171.286,2493.1,2465,2493,2507,2470,2504,2489,2491,2472,2523,2525,2465,2527,2495,2488,2427,2481,2482,2501,2482,2489,2491,2507,2460,2473,2504,2531,2526,2494,2537,2495
171.587,2458.0,2500,2488,2451,2429,2447,2446,2440,2493,2443,2460,2446,2428,2456,2473,2499,2412,2385,2472,2437,2500,2473,2460,2455,2449,2466,2465,2478,2459,2463,2467
171.888,2519.3,2497,2529,2495,2518,2503,2517,2515,2568,2507,2520,2505,2532,2508,2534,2492,2490,2506,2477,2546,2526,2544,2468,2526,2509,2520,2554,2534,2561,2527,2552
172.189,2669.3,2687,2671,2740,2651,2681,2635,2672,2674,2627,2687,2657,2671,2635,2663,2664,2651,2719,2656,2683,2657,2664,2679,2662,2654,2711,2658,2692,2641,2667,2670
172.491,2957.5,2986,2950,2973,2943,2927,2952,2967,2964,2913,2923,2970,2952,2993,3003,2968,2986,2960,2964,2946,2950,2970,2921,2935,2989,2961,2947,2964,2985,2946,2917
172.792,2724.3,2696,2747,2693,2706,2776,2748,2749,2757,2705,2706,2720,2711,2718,2711,2703,2728,2719,2692,2728,2741,2727,2714,2679,2738,2728,2778,2726,2735,2727,2722
173.094,2729.1,2688,2731,2725,2729,2724,2702,2728,2725,2729,2729,2712,2793,2754,2746,2728,2752,2761,2750,2717,2724,2744,2720,2718,2737,2713,2710,2737,2722,2719,2706
173.395,2655.4,2602,2637,2658,2655,2651,2654,2666,2657,2631,2644,2635,2696,2657,2653,2668,2681,2662,2656,2648,2664,2624,2656,2638,2679,2690,2686,2658,2667,2630,2660
173.697,2584.6,2579,2613,2584,2552,2607,2607,2596,2587,2626,2561,2618,2558,2623,2605,2578,2573,2612,2563,2595,2558,2614,2579,2578,2634,2557,2561,2553,2573,2540,2555
173.998,2750.9,2795,2769,2787,2766,2712,2723,2704,2744,2771,2740,2743,2726,2784,2739,2765,2739,2725,2762,2749,2731,2764,2798,2727,2723,2776,2758,2744,2776,2772,2714
174.300,2244.9,2238,2257,2255,2230,2260,2231,2259,2262,2274,2244,2243,2277,2250,2264,2267,2197,2248,2257,2232,2250,2218,2202,2242,2272,2226,2237,2248,2217,2238,2252
174.601,2769.7,2798,2787,2772,2787,2760,2745,2748,2742,2818,2756,2723,2788,2772,2762,2710,2770,2764,2803,2731,2736,2833,2740,2821,2781,2802,2780,2734,2784,2808,2735
174.903,2382.5,2348,2392,2414,2388,2405,2431,2366,2408,2408,2350,2351,2325,2381,2395,2409,2421,2396,2390,2392,2388,2377,2368,2378,2342,2371,2367,2356,2340,2386,2431
175.205,2692.5,2729,2714,2699,2662,2634,2696,2700,2662,2686,2654,2710,2674,2655,2705,2706,2692,2716,2697,2676,2680,2705,2712,2677,2684,2712,2697,2763,2702,2657,2718
175.507,2453.5,2502,2441,2453,2464,2449,2438,2455,2461,2409,2458,2445,2429,2457,2460,2416,2483,2436,2470,2471,2442,2467,2430,2459,2460,2470,2440,2445,2438,2466,2490
175.808,2328.9,2305,2326,2326,2355,2316,2346,2333,2359,2345,2335,2289,2315,2332,2336,2345,2324,2312,2339,2303,2366,2306,2331,2337,2361,2322,2344,2330,2322,2294,2314
176.110,2515.0,2508,2458,2540,2503,2532,2478,2523,2546,2528,2529,2489,2509,2512,2501,2518,2569,2512,2515,2568,2527,2472,2532,2547,2541,2502,2505,2472,2510,2506,2499
176.412,2456.3,2446,2456,2456,2453,2467,2424,2435,2465,2441,2449,2476,2447,2434,2467,2447,2477,2444,2457,2472,2481,2461,2427,2434,2456,2472,2463,2454,2451,2486,2490
176.714,2524.5,2507,2515,2508,2549,2535,2512,2572,2483,2488,2496,2538,2523,2529,2534,2495,2556,2549,2536,2560,2536,2555,2547,2520,2497,2516,2528,2527,2519,2474,2530
177.016,2851.8,2861,2809,2876,2851,2855,2849,2840,2831,2856,2851,2851,2863,2875,2839,2819,2862,2863,2822,2866,2862,2863,2858,2840,2845,2848,2852,2849,2844,2894,2861
177.318,2537.5,2580,2557,2550,2526,2569,2537,2565,2521,2487,2551,2516,2565,2534,2513,2529,2539,2586,2525,2511,2501,2524,2543,2549,2511,2538,2546,2533,2565,2533,2522
177.620,2346.9,2325,2336,2332,2372,2326,2377,2374,2360,2335,2322,2318,2316,2350,2334,2341,2344,2371,2347,2359,2336,2364,2345,2353,2364,2359,2307,2343,2348,2379,2369
177.922,2456.0,2391,2464,2466,2418,2468,2442,2431,2460,2476,2467,2445,2477,2480,2479,2470,2457,2454,2448,2422,2456,2486,2456,2493,2441,2440,2487,2460,2445,2446,2456
178.224,2724.6,2751,2681,2734,2717,2736,2730,2712,2718,2709,2698,2700,2750,2734,2724,2760,2730,2736,2719,2731,2729,2696,2682,2720,2692,2731,2772,2749,2744,2738,2714
178.527,2537.9,2518,2514,2508,2552,2538,2506,2556,2517,2549,2563,2570,2532,2473,2536,2536,2528,2548,2545,2610,2528,2559,2565,2547,2534,2537,2530,2536,2572,2503,2527
178.829,2270.0,2259,2264,2276,2260,2275,2264,2283,2268,2251,2315,2266,2271,2255,2265,2243,2261,2285,2261,2305,2277,2247,2240,2308,2303,2255,2267,2313,2260,2264,2239
179.131,2964.5,2965,2996,3016,2928,2949,2965,2918,2978,2939,2987,2975,2980,3032,2913,2955,2982,2993,2951,2952,2948,2956,2951,2962,2958,3001,2927,2985,2933,2968,2973
179.434,2669.5,2655,2688,2664,2705,2652,2696,2698,2659,2669,2685,2690,2645,2681,2633,2677,2650,2690,2618,2679,2652,2659,2666,2701,2674,2686,2681,2610,2650,2710,2663
179.736,2667.7,2703,2648,2674,2687,2651,2652,2669,2681,2660,2673,2655,2679,2638,2652,2697,2637,2655,2698,2637,2718,2657,2645,2664,2694,2677,2677,2661,2657,2708,2627
180.038,2831.8,2828,2861,2815,2817,2863,2828,2832,2843,2850,2793,2833,2739,2826,2848,2841,2853,2858,2832,2811,2820,2851,2789,2856,2840,2835,2835,2846,2856,2811,2843
180.341,2550.9,2518,2570,2578,2526,2541,2491,2565,2561,2559,2549,2520,2554,2533,2559,2531,2601,2572,2600,2533,2542,2542,2549,2563,2552,2564,2560,2541,2544,2537,2571
180.643,2527.4,2498,2506,2542,2520,2524,2478,2562,2536,2547,2560,2520,2547,2543,2556,2521,2536,2509,2527,2494,2506,2532,2546,2506,2548,2508,2532,2495,2552,2545,2525
180.946,2469.9,2485,2484,2462,2516,2488,2459,2461,2438,2488,2482,2457,2485,2470,2490,2500,2449,2489,2474,2451,2463,2447,2468,2478,2463,2453,2497,2489,2463,2430,2418
181.249,2212.5,2218,2216,2212,2202,2206,2195,2224,2230,2235,2234,2228,2256,2195,2191,2206,2224,2150,2241,2171,2237,2201,2280,2190,2240,2231,2184,2196,2175,2220,2186
181.551,2946.2,2962,2905,2966,2925,2921,2949,2916,2974,2959,2944,2956,2925,3004,2921,2972,2988,2943,2930,2925,2933,2911,2961,2939,2984,2920,2947,2954,2951,2953,2949
181.854,2350.4,2318,2333,2357,2333,2365,2357,2340,2338,2353,2350,2336,2383,2333,2352,2329,2383,2349,2348,2329,2369,2363,2340,2374,2387,2367,2348,2322,2340,2358,2358
182.157,2572.8,2512,2574,2584,2528,2536,2543,2582,2585,2601,2622,2557,2547,2611,2554,2602,2580,2552,2536,2586,2575,2603,2584,2601,2572,2557,2579,2578,2572,2615,2555
182.459,3039.3,3036,3044,3043,3010,3030,3052,3054,3028,3030,3017,3069,3019,3050,3005,3048,3060,3065,3050,3020,3064,3081,3019,3057,3041,3047,3001,3036,3040,3049,3015
182.762,2561.8,2566,2569,2570,2570,2593,2578,2552,2580,2590,2630,2558,2577,2603,2537,2567,2484,2564,2531,2528,2573,2577,2517,2591,2541,2540,2548,2546,2573,2571,2529
183.065,2385.5,2383,2430,2394,2372,2402,2333,2409,2382,2399,2414,2396,2372,2358,2379,2440,2398,2380,2324,2365,2381,2395,2396,2389,2392,2388,2388,2401,2398,2363,2344
183.368,2659.1,2662,2679,2662,2625,2650,2673,2665,2672,2626,2648,2619,2653,2693,2649,2692,2631,2670,2662,2644,2652,2652,2672,2668,2680,2657,2651,2662,2664,2700,2639
183.671,2557.9,2582,2560,2558,2587,2615,2569,2572,2577,2569,2571,2515,2553,2494,2532,2561,2576,2505,2576,2524,2571,2568,2623,2574,2568,2574,2545,2542,2552,2506,2517
183.974,2606.8,2579,2560,2616,2628,2601,2557,2603,2575,2630,2600,2617,2589,2600,2645,2652,2590,2582,2633,2591,2603,2633,2609,2657,2619,2592,2574,2609,2628,2579,2654
184.277,2423.9,2411,2446,2442,2420,2410,2440,2428,2451,2438,2448,2448,2376,2442,2436,2390,2416,2400,2380,2422,2436,2446,2423,2421,2432,2385,2430,2410,2440,2424,2426
184.580,3216.1,3213,3199,3233,3200,3248,3262,3196,3184,3236,3188,3199,3226,3176,3203,3212,3233,3186,3260,3220,3162,3201,3232,3211,3211,3226,3250,3263,3214,3215,3224
184.883,2520.9,2539,2514,2522,2534,2479,2511,2501,2519,2505,2555,2517,2543,2539,2573,2495,2525,2526,2512,2513,2533,2555,2489,2472,2486,2558,2541,2512,2492,2530,2536
185.187,2633.0,2652,2582,2627,2683,2683,2642,2615,2619,2638,2652,2585,2662,2621,2643,2627,2611,2652,2606,2625,2619,2636,2640,2660,2608,2617,2651,2610,2616,2668,2640
185.490,2535.0,2548,2554,2559,2530,2554,2556,2532,2568,2543,2542,2527,2509,2512,2543,2536,2504,2496,2546,2547,2532,2532,2523,2515,2557,2491,2530,2574,2518,2521,2550
185.793,2825.9,2848,2811,2836,2841,2811,2816,2816,2828,2792,2865,2782,2825,2841,2808,2827,2799,2859,2830,2799,2859,2849,2824,2828,2817,2838,2833,2815,2819,2821,2841
186.096,2413.5,2377,2432,2396,2392,2422,2417,2392,2410,2426,2412,2412,2410,2425,2462,2434,2440,2419,2400,2376,2420,2393,2426,2388,2392,2412,2419,2458,2409,2434,2401
186.400,2695.4,2675,2722,2632,2675,2681,2661,2676,2728,2709,2713,2729,2704,2723,2692,2750,2659,2708,2666,2673,2745,2728,2713,2722,2668,2696,2706,2695,2666,2662,2684
186.703,2594.1,2611,2625,2625,2585,2564,2586,2608,2594,2591,2572,2592,2569,2594,2629,2612,2594,2590,2554,2576,2622,2618,2576,2596,2589,2634,2587,2558,2593,2620,2558
187.007,2157.7,2173,2152,2177,2180,2216,2113,2165,2178,2157,2168,2104,2182,2127,2123,2170,2179,2140,2151,2166,2166,2140,2141,2147,2151,2110,2177,2171,2139,2189,2179
187.310,2728.1,2743,2736,2740,2712,2742,2715,2684,2728,2730,2700,2761,2704,2722,2712,2717,2702,2744,2774,2738,2727,2746,2720,2766,2764,2715,2687,2696,2750,2709,2760
187.614,2499.1,2511,2515,2487,2473,2530,2488,2485,2466,2493,2504,2480,2499,2506,2504,2508,2547,2528,2539,2474,2497,2503,2501,2511,2453,2499,2510,2476,2513,2501,2472
187.917,2455.3,2466,2465,2461,2449,2441,2483,2476,2430,2414,2434,2473,2482,2492,2465,2461,2451,2473,2444,2408,2467,2453,2486,2413,2490,2463,2422,2443,2450,2472,2433
188.221,3066.4,3072,3064,3046,3043,3080,3082,3080,3024,3045,3074,3078,3054,3104,3056,3023,3071,3074,3034,3069,3059,3068,3046,3106,3144,3060,3055,3080,3049,3128,3024
188.525,2541.4,2538,2565,2534,2585,2495,2511,2540,2546,2520,2551,2556,2524,2550,2558,2563,2520,2519,2582,2497,2532,2511,2548,2568,2569,2568,2543,2508,2532,2563,2547
188.828,2408.4,2380,2426,2413,2425,2413,2368,2404,2367,2392,2403,2424,2357,2378,2417,2415,2387,2408,2412,2447,2389,2388,2393,2416,2424,2456,2453,2421,2436,2410,2431
189.132,2729.2,2717,2704,2763,2718,2724,2721,2750,2715,2726,2712,2805,2702,2668,2739,2712,2654,2730,2809,2688,2724,2736,2723,2765,2762,2710,2736,2744,2730,2726,2763
189.436,2692.7,2681,2668,2715,2675,2679,2673,2690,2653,2668,2672,2673,2694,2662,2734,2694,2694,2698,2678,2717,2686,2740,2694,2725,2724,2720,2701,2691,2682,2703,2697
189.740,2613.0,2593,2570,2627,2631,2594,2575,2623,2622,2617,2618,2605,2611,2569,2624,2602,2643,2595,2587,2594,2638,2644,2622,2650,2604,2641,2594,2613,2630,2655,2600
190.044,2676.1,2657,2674,2640,2677,2648,2669,2641,2655,2685,2666,2649,2664,2701,2668,2702,2677,2696,2639,2716,2730,2646,2701,2647,2726,2674,2664,2696,2711,2664,2700
190.348,2883.6,2846,2895,2850,2904,2867,2890,2876,2904,2883,2867,2871,2888,2893,2876,2851,2900,2884,2864,2931,2879,2883,2878,2880,2862,2916,2903,2919,2870,2885,2894
190.651,2492.6,2472,2493,2482,2508,2482,2491,2529,2484,2490,2489,2498,2484,2484,2522,2512,2476,2493,2544,2507,2485,2529,2491,2507,2490,2471,2504,2460,2468,2440,2493
190.956,2922.6,2905,2916,2905,2931,2959,2910,2931,2910,2912,2906,2941,2922,2905,2899,2940,2899,2949,2931,2929,2909,2960,2913,2938,2910,2906,2959,2909,2929,2903,2942
191.260,2290.7,2265,2301,2318,2349,2264,2291,2291,2291,2265,2306,2263,2285,2333,2284,2261,2279,2287,2301,2298,2298,2310,2258,2300,2275,2271,2302,2268,2294,2274,2339
191.564,2970.4,2985,2982,2946,2992,2997,2986,2984,2949,2949,2973,2927,2991,2987,2976,2957,2973,2974,2959,3010,2936,3012,2927,2970,3003,2996,2995,2980,2955,2897,2945
191.868,2705.8,2704,2743,2722,2699,2710,2725,2710,2705,2659,2705,2688,2672,2714,2762,2728,2654,2726,2673,2717,2704,2747,2699,2708,2736,2735,2657,2670,2725,2712,2665
192.172,2808.5,2830,2834,2806,2807,2817,2815,2787,2846,2792,2837,2800,2776,2804,2809,2792,2826,2798,2786,2786,2802,2788,2839,2839,2838,2804,2797,2779,2825,2822,2773
192.476,2408.5,2386,2394,2458,2373,2421,2435,2412,2393,2390,2444,2403,2428,2393,2436,2384,2373,2436,2432,2411,2412,2388,2393,2444,2406,2389,2424,2387,2413,2406,2391
192.781,2470.5,2440,2483,2438,2431,2479,2456,2477,2478,2455,2442,2468,2492,2504,2437,2450,2541,2490,2438,2487,2467,2454,2475,2464,2492,2466,2514,2462,2485,2463,2488
193.085,2482.0,2492,2502,2472,2494,2466,2487,2493,2483,2453,2456,2461,2465,2451,2487,2472,2494,2499,2541,2480,2479,2464,2459,2456,2524,2477,2501,2484,2513,2467,2488
193.389,2513.4,2520,2564,2523,2495,2536,2479,2496,2505,2526,2520,2534,2513,2494,2518,2502,2531,2489,2520,2540,2532,2534,2530,2518,2486,2518,2504,2531,2479,2469,2495
193.694,2749.7,2722,2739,2772,2732,2741,2726,2761,2705,2761,2774,2735,2735,2786,2735,2750,2760,2735,2729,2742,2755,2781,2734,2716,2762,2770,2771,2760,2773,2773,2757
193.998,2283.2,2257,2253,2268,2248,2282,2292,2275,2281,2289,2288,2308,2294,2253,2301,2303,2323,2271,2307,2260,2317,2303,2266,2312,2252,2297,2292,2301,2262,2260,2281
194.303,2525.3,2534,2514,2528,2520,2532,2527,2556,2532,2522,2497,2517,2539,2568,2518,2497,2522,2510,2517,2517,2534,2540,2522,2559,2509,2518,2542,2569,2472,2516,2510
194.607,2652.1,2644,2683,2646,2691,2670,2653,2644,2641,2636,2634,2649,2684,2664,2661,2668,2632,2644,2657,2667,2627,2680,2684,2636,2648,2638,2644,2630,2656,2627,2626
194.912,2940.5,2988,2932,2952,2977,2952,2910,2977,2988,2950,2973,2971,2931,2936,2935,2916,2895,2929,2917,2952,2950,2927,2911,2934,2938,2927,2936,2900,2907,2970,2934
195.216,2550.2,2557,2567,2556,2580,2547,2556,2552,2549,2529,2540,2560,2579,2527,2585,2572,2548,2516,2556,2520,2536,2536,2545,2559,2527,2549,2552,2550,2550,2541,2565
195.521,2672.4,2668,2630,2696,2715,2701,2677,2637,2648,2678,2680,2697,2671,2608,2692,2614,2728,2651,2727,2667,2682,2672,2665,2636,2650,2712,2664,2673,2677,2690,2667
195.826,2528.1,2543,2495,2514,2529,2530,2542,2505,2539,2501,2550,2543,2513,2553,2523,2531,2531,2528,2540,2535,2554,2507,2546,2518,2514,2541,2543,2541,2487,2526,2522
196.131,2471.9,2481,2482,2463,2483,2469,2464,2489,2492,2450,2480,2452,2449,2450,2470,2449,2458,2467,2456,2473,2465,2482,2505,2474,2485,2480,2464,2481,2496,2475,2473
196.435,2844.1,2811,2831,2810,2864,2822,2842,2876,2885,2881,2815,2847,2874,2832,2838,2851,2862,2848,2811,2864,2861,2789,2849,2828,2827,2832,2860,2862,2845,2849,2856
196.740,2384.6,2366,2345,2377,2364,2400,2380,2398,2402,2389,2376,2389,2365,2384,2427,2410,2388,2364,2342,2403,2362,2398,2411,2399,2377,2393,2414,2367,2407,2380,2360
197.045,2864.8,2877,2874,2918,2861,2881,2827,2840,2866,2876,2863,2872,2859,2839,2841,2861,2872,2837,2874,2864,2845,2829,2832,2870,2905,2884,2885,2840,2871,2872,2909
197.350,2362.3,2380,2367,2403,2349,2352,2385,2369,2366,2322,2379,2355,2368,2369,2344,2364,2350,2352,2370,2328,2392,2356,2346,2378,2337,2318,2371,2376,2400,2375,2347
197.655,2600.3,2598,2622,2589,2626,2588,2613,2612,2608,2607,2603,2545,2565,2631,2622,2585,2585,2569,2618,2645,2582,2560,2610,2574,2638,2583,2554,2609,2628,2639,2602
197.960,2600.4,2618,2630,2617,2632,2644,2598,2586,2579,2590,2616,2622,2612,2575,2633,2599,2601,2598,2568,2568,2579,2623,2590,2609,2592,2594,2616,2589,2588,2565,2581
198.265,2759.4,2777,2808,2774,2784,2781,2746,2763,2739,2759,2740,2750,2792,2733,2760,2706,2729,2742,2749,2731,2757,2746,2795,2761,2770,2766,2790,2758,2774,2798,2703
198.570,2553.5,2510,2601,2575,2531,2538,2535,2556,2563,2515,2593,2523,2618,2513,2566,2539,2602,2582,2580,2571,2520,2520,2560,2529,2556,2573,2520,2563,2558,2555,2541
198.876,2403.4,2395,2445,2422,2377,2414,2386,2380,2380,2347,2418,2421,2363,2392,2428,2415,2407,2412,2402,2384,2420,2408,2420,2381,2394,2452,2386,2415,2413,2413,2413
199.181,2269.2,2250,2276,2282,2296,2294,2310,2279,2290,2255,2281,2252,2277,2290,2277,2270,2244,2277,2278,2297,2250,2218,2251,2304,2268,2274,2248,2229,2246,2255,2258
199.486,2565.0,2589,2566,2589,2538,2580,2588,2534,2550,2554,2557,2624,2549,2568,2561,2567,2540,2573,2573,2560,2525,2549,2572,2602,2522,2556,2577,2559,2583,2556,2588
199.791,3041.7,3065,3041,3025,3067,3041,3057,3000,3038,3076,3015,3017,3031,3026,3087,3076,3056,3024,3019,3102,3013,3017,3058,3025,3057,3036,3061,3017,3029,3064,3011
200.097,2522.6,2510,2484,2529,2546,2495,2527,2512,2518,2509,2542,2543,2581,2513,2568,2530,2509,2495,2557,2534,2499,2537,2545,2542,2531,2513,2518,2466,2528,2487,2509
200.402,2870.9,2847,2842,2904,2874,2840,2911,2880,2845,2876,2850,2856,2916,2871,2822,2938,2897,2888,2878,2882,2856,2835,2908,2873,2877,2811,2879,2870,2869,2895,2838
200.707,2841.4,2853,2816,2840,2866,2843,2804,2800,2833,2811,2841,2828,2902,2857,2851,2867,2852,2825,2837,2841,2852,2866,2902,2819,2800,2834,2874,2836,2824,2828,2839
201.013,2709.1,2713,2696,2724,2683,2720,2696,2763,2673,2751,2699,2736,2703,2743,2692,2730,2696,2678,2741,2706,2710,2628,2717,2700,2727,2738,2663,2703,2724,2719,2702
201.318,2695.0,2690,2677,2702,2746,2681,2680,2656,2719,2718,2694,2694,2655,2721,2678,2671,2678,2716,2708,2720,2677,2706,2703,2692,2653,2750,2677,2700,2701,2679,2707
201.624,2815.6,2824,2788,2794,2845,2776,2827,2796,2797,2824,2821,2848,2815,2817,2797,2811,2841,2816,2769,2776,2841,2860,2839,2822,2784,2822,2823,2768,2837,2861,2828
201.930,2546.3,2578,2523,2552,2544,2546,2568,2510,2518,2574,2547,2520,2562,2529,2555,2578,2551,2564,2524,2530,2532,2534,2532,2547,2506,2583,2521,2553,2601,2563,2545
202.235,2781.5,2750,2798,2739,2769,2779,2783,2861,2789,2767,2789,2785,2838,2804,2801,2785,2770,2746,2812,2774,2780,2777,2788,2739,2780,2785,2762,2781,2798,2777,2738
202.541,2678.8,2702,2679,2681,2708,2709,2633,2683,2675,2666,2692,2680,2700,2719,2661,2680,2699,2716,2692,2653,2625,2643,2692,2657,2652,2671,2687,2720,2664,2681,2643
202.847,2294.1,2273,2267,2319,2355,2285,2346,2314,2285,2324,2240,2281,2290,2275,2252,2276,2319,2290,2276,2298,2304,2314,2292,2293,2325,2319,2278,2284,2287,2256,2305
203.152,2591.3,2616,2565,2600,2580,2602,2619,2569,2582,2556,2598,2582,2630,2548,2635,2590,2636,2554,2600,2600,2557,2543,2615,2613,2569,2569,2626,2596,2549,2641,2598
203.458,2873.8,2892,2875,2875,2877,2898,2863,2920,2856,2891,2889,2855,2872,2895,2850,2860,2876,2867,2886,2861,2854,2835,2865,2900,2866,2868,2848,2870,2912,2888,2850
203.764,2779.5,2778,2724,2766,2758,2796,2814,2788,2784,2766,2746,2776,2776,2781,2763,2753,2765,2792,2790,2786,2798,2799,2769,2781,2794,2770,2782,2778,2793,2794,2826
204.070,2787.6,2748,2799,2796,2796,2787,2796,2754,2786,2777,2802,2765,2821,2797,2801,2776,2754,2821,2816,2807,2776,2756,2818,2721,2776,2786,2802,2839,2814,2762,2778
204.376,2509.5,2529,2493,2511,2512,2493,2535,2468,2513,2504,2547,2520,2498,2486,2517,2541,2512,2464,2543,2504,2517,2521,2496,2507,2493,2484,2494,2517,2500,2548,2518
204.682,2265.2,2253,2278,2268,2284,2264,2254,2245,2259,2275,2280,2268,2281,2280,2292,2250,2247,2274,2259,2330,2271,2222,2272,2232,2240,2292,2266,2239,2249,2249,2282
204.988,2939.6,2955,2901,2954,2959,2939,2896,2929,2936,2964,2930,2915,2894,2942,2965,2968,2950,2971,2916,2962,2962,2943,2936,2907,2893,2957,2965,2947,2920,2960,2952
205.294,2530.8,2514,2563,2529,2468,2514,2529,2524,2529,2561,2501,2549,2529,2566,2488,2553,2542,2518,2539,2525,2483,2510,2539,2509,2508,2593,2521,2548,2568,2548,2557
205.600,2728.8,2719,2718,2710,2741,2759,2729,2728,2780,2709,2771,2724,2736,2731,2760,2724,2785,2722,2712,2736,2678,2721,2712,2705,2699,2758,2717,2709,2711,2733,2728
205.906,2835.0,2863,2820,2857,2803,2739,2805,2862,2807,2808,2795,2821,2873,2791,2888,2874,2839,2832,2844,2833,2833,2861,2813,2842,2870,2850,2869,2840,2848,2822,2847
206.212,2445.6,2467,2422,2414,2452,2438,2437,2456,2426,2422,2468,2447,2426,2523,2446,2427,2436,2419,2469,2422,2451,2456,2423,2458,2422,2451,2426,2481,2449,2484,2450
206.519,2563.7,2586,2580,2545,2581,2573,2569,2573,2578,2550,2526,2515,2523,2573,2567,2576,2566,2564,2587,2580,2557,2587,2577,2558,2553,2543,2601,2580,2537,2553,2553
206.825,2321.3,2313,2289,2309,2324,2328,2321,2337,2343,2308,2304,2299,2328,2333,2338,2300,2349,2282,2320,2325,2321,2319,2319,2328,2337,2323,2362,2312,2324,2328,2317
207.131,2654.5,2670,2694,2620,2653,2654,2695,2625,2646,2624,2700,2628,2645,2616,2639,2639,2624,2653,2680,2648,2665,2661,2650,2650,2701,2627,2611,2673,2693,2667,2684
207.438,2861.4,2856,2824,2866,2872,2818,2855,2852,2840,2921,2873,2882,2837,2881,2874,2870,2831,2861,2838,2859,2842,2926,2881,2844,2849,2892,2892,2835,2828,2863,2880
207.744,2630.4,2627,2598,2653,2659,2629,2694,2634,2671,2636,2612,2672,2668,2584,2634,2608,2628,2641,2622,2604,2650,2644,2605,2600,2615,2637,2590,2626,2648,2624,2600
208.051,2263.2,2270,2283,2249,2276,2234,2276,2267,2246,2278,2275,2277,2264,2238,2291,2281,2258,2251,2260,2232,2252,2288,2252,2276,2265,2233,2281,2280,2255,2263,2245
208.357,2441.8,2392,2404,2452,2443,2487,2438,2430,2431,2488,2426,2484,2417,2437,2470,2470,2422,2447,2410,2504,2451,2456,2421,2450,2417,2428,2445,2445,2440,2404,2444
208.664,2742.2,2713,2768,2735,2732,2755,2739,2734,2760,2735,2767,2690,2758,2760,2734,2758,2719,2749,2728,2772,2789,2769,2699,2760,2740,2691,2813,2725,2731,2756,2686
208.970,2461.1,2436,2464,2449,2483,2461,2493,2472,2473,2441,2460,2500,2477,2416,2488,2460,2414,2437,2495,2480,2493,2430,2468,2474,2500,2389,2485,2443,2495,2469,2388
209.277,2620.3,2682,2618,2664,2596,2578,2597,2572,2677,2594,2586,2650,2594,2632,2603,2616,2640,2650,2624,2638,2599,2661,2575,2622,2618,2633,2584,2623,2616,2645,2621
209.584,2836.4,2830,2797,2787,2818,2833,2861,2876,2842,2841,2837,2831,2862,2812,2817,2852,2815,2817,2835,2843,2867,2849,2835,2812,2844,2832,2892,2835,2876,2805,2839
209.890,2769.2,2773,2757,2763,2752,2776,2783,2764,2719,2731,2766,2798,2817,2807,2792,2752,2795,2789,2814,2786,2737,2761,2774,2733,2737,2719,2832,2740,2799,2765,2745
210.197,2543.6,2559,2520,2547,2518,2546,2524,2516,2533,2548,2515,2548,2574,2523,2513,2565,2557,2546,2544,2544,2530,2565,2543,2554,2554,2570,2549,2568,2549,2539,2548
210.504,2429.5,2427,2434,2399,2425,2405,2455,2431,2412,2436,2468,2452,2396,2434,2449,2412,2438,2451,2432,2424,2443,2425,2427,2431,2422,2481,2427,2448,2387,2390,2424
210.811,2665.9,2638,2715,2688,2659,2696,2680,2674,2639,2659,2688,2681,2631,2651,2665,2699,2657,2650,2650,2661,2653,2682,2655,2689,2669,2658,2650,2655,2672,2656,2656
211.118,2834.3,2836,2854,2901,2796,2818,2808,2877,2825,2838,2798,2841,2811,2810,2872,2828,2826,2780,2812,2842,2851,2820,2840,2860,2851,2822,2854,2856,2827,2868,2808
211.425,2591.7,2578,2612,2589,2545,2599,2607,2611,2616,2628,2590,2572,2578,2588,2593,2626,2633,2584,2554,2587,2589,2602,2587,2590,2590,2591,2546,2572,2611,2601,2581
211.732,2404.4,2391,2396,2441,2388,2388,2398,2425,2371,2405,2417,2403,2371,2421,2370,2372,2404,2397,2422,2432,2398,2414,2403,2409,2408,2432,2406,2422,2427,2408,2393
212.039,2716.2,2688,2715,2710,2703,2738,2709,2663,2698,2704,2738,2726,2673,2747,2696,2673,2699,2741,2717,2744,2673,2753,2748,2746,2766,2717,2743,2681,2733,2702,2743
212.346,2675.8,2670,2655,2675,2621,2649,2666,2684,2661,2656,2662,2755,2647,2732,2685,2716,2667,2672,2600,2699,2664,2622,2726,2665,2672,2696,2734,2681,2674,2712,2657
212.653,2643.0,2648,2660,2632,2634,2646,2653,2622,2618,2674,2649,2674,2646,2633,2609,2638,2645,2635,2598,2680,2644,2638,2650,2645,2676,2646,2653,2666,2674,2606,2598
212.960,2589.1,2591,2573,2604,2581,2568,2585,2551,2588,2543,2607,2643,2572,2567,2608,2617,2568,2609,2568,2609,2564,2616,2623,2589,2596,2587,2610,2549,2596,2603,2589
213.267,2716.2,2739,2657,2688,2689,2709,2754,2731,2670,2704,2747,2716,2740,2742,2734,2695,2694,2753,2706,2676,2758,2712,2691,2734,2654,2705,2717,2752,2736,2735,2747
213.574,2648.0,2644,2603,2661,2651,2639,2664,2680,2690,2687,2647,2639,2628,2598,2640,2631,2686,2685,2652,2654,2653,2656,2650,2635,2621,2674,2624,2617,2670,2624,2638
213.882,2572.5,2546,2572,2577,2572,2594,2553,2538,2580,2559,2614,2569,2535,2571,2609,2593,2552,2615,2529,2592,2585,2560,2554,2628,2578,2599,2563,2568,2574,2594,2502
214.189,2439.0,2468,2478,2482,2462,2483,2460,2442,2470,2443,2371,2468,2399,2434,2443,2441,2400,2386,2420,2413,2434,2444,2414,2468,2421,2445,2454,2428,2431,2435,2433
214.496,2493.5,2545,2456,2512,2539,2495,2533,2476,2484,2487,2478,2498,2468,2472,2470,2496,2488,2501,2479,2490,2448,2497,2485,2497,2514,2469,2515,2512,2513,2493,2496
214.804,2326.0,2300,2346,2285,2321,2333,2326,2323,2325,2329,2311,2344,2319,2336,2336,2330,2322,2323,2350,2360,2330,2310,2299,2325,2345,2326,2332,2308,2334,2320,2332
215.111,2673.1,2693,2684,2617,2692,2632,2703,2676,2704,2660,2713,2648,2686,2661,2665,2696,2640,2717,2654,2662,2717,2655,2653,2670,2642,2642,2663,2716,2677,2683,2671
215.419,2577.7,2621,2578,2594,2603,2576,2574,2573,2586,2565,2587,2585,2593,2597,2571,2556,2545,2559,2575,2601,2577,2616,2554,2542,2572,2550,2607,2564,2571,2566,2574
215.726,2764.0,2780,2770,2772,2750,2801,2760,2740,2752,2784,2742,2800,2744,2743,2752,2782,2725,2777,2769,2733,2770,2751,2774,2774,2757,2788,2765,2793,2752,2750,2770
216.034,2437.7,2457,2453,2451,2447,2410,2479,2459,2439,2443,2445,2435,2410,2419,2466,2433,2409,2415,2416,2439,2433,2440,2428,2454,2434,2460,2442,2423,2407,2450,2434
216.342,2770.9,2829,2795,2754,2774,2787,2798,2763,2784,2812,2797,2754,2752,2775,2760,2779,2796,2734,2757,2760,2784,2725,2716,2772,2764,2732,2764,2794,2773,2774,2769
216.649,2928.2,2956,2920,2953,2895,2916,2909,2934,2939,2968,2918,2968,2930,2899,2929,2925,2932,2939,2898,2936,2893,2909,2969,2940,2912,2931,2939,2933,2956,2906,2893
216.957,2584.6,2603,2567,2576,2593,2542,2650,2625,2583,2578,2553,2645,2594,2581,2605,2575,2580,2606,2565,2560,2555,2552,2599,2581,2608,2593,2588,2596,2578,2589,2518
217.265,2514.5,2530,2513,2545,2530,2506,2543,2454,2511,2538,2529,2555,2520,2498,2470,2513,2491,2524,2516,2507,2530,2529,2511,2482,2515,2502,2516,2488,2532,2520,2516
217.572,2698.6,2686,2712,2693,2676,2706,2707,2732,2684,2739,2665,2675,2680,2736,2704,2708,2741,2715,2673,2733,2704,2702,2679,2709,2664,2684,2704,2675,2688,2709,2674
217.880,2888.4,2873,2885,2888,2857,2839,2901,2889,2892,2917,2925,2898,2862,2922,2874,2884,2912,2882,2866,2893,2940,2826,2906,2865,2883,2925,2922,2859,2867,2926,2873
218.188,2736.1,2778,2728,2723,2744,2710,2715,2724,2761,2738,2735,2745,2729,2719,2728,2741,2745,2769,2721,2690,2702,2744,2747,2745,2718,2729,2767,2774,2736,2749,2730
218.496,2580.6,2634,2588,2604,2574,2578,2585,2601,2575,2622,2572,2552,2587,2591,2584,2557,2566,2584,2553,2589,2537,2596,2610,2572,2529,2572,2582,2554,2578,2600,2593
218.804,2755.8,2740,2750,2778,2749,2761,2701,2737,2813,2746,2749,2798,2746,2744,2799,2731,2726,2751,2780,2795,2779,2757,2752,2754,2725,2732,2816,2704,2740,2758,2764
219.112,2682.5,2676,2696,2705,2680,2665,2676,2673,2700,2641,2681,2692,2706,2688,2671,2658,2673,2687,2685,2673,2671,2703,2699,2669,2670,2728,2677,2688,2669,2698,2678
219.420,2778.4,2804,2781,2763,2797,2790,2740,2769,2770,2820,2792,2781,2767,2810,2757,2777,2780,2784,2740,2797,2795,2770,2793,2731,2748,2784,2768,2771,2792,2783,2797
219.728,2488.1,2486,2485,2484,2525,2498,2434,2492,2500,2520,2486,2488,2490,2530,2471,2487,2505,2492,2449,2502,2531,2506,2489,2508,2476,2498,2468,2481,2462,2458,2441
220.036,2663.4,2657,2664,2637,2661,2703,2659,2680,2673,2635,2667,2673,2652,2717,2641,2643,2694,2717,2644,2676,2682,2637,2648,2643,2676,2670,2655,2652,2633,2645,2669
220.345,2747.3,2746,2714,2763,2777,2740,2761,2804,2776,2729,2710,2740,2780,2754,2709,2724,2719,2717,2740,2739,2746,2707,2768,2769,2763,2759,2778,2745,2743,2752,2747
220.653,2800.0,2788,2792,2801,2774,2821,2830,2802,2841,2789,2749,2776,2769,2832,2768,2795,2823,2783,2784,2758,2835,2788,2825,2781,2836,2789,2810,2837,2791,2821,2811
220.961,2545.9,2555,2539,2560,2555,2517,2526,2547,2557,2583,2517,2616,2587,2552,2510,2509,2548,2549,2574,2524,2586,2542,2507,2535,2508,2547,2521,2536,2518,2574,2577
221.269,3215.7,3173,3196,3172,3241,3229,3213,3201,3252,3261,3211,3254,3167,3213,3251,3214,3243,3237,3216,3229,3223,3198,3178,3261,3222,3211,3180,3222,3180,3175,3247
221.578,2691.2,2705,2660,2701,2668,2698,2677,2651,2694,2658,2697,2712,2663,2693,2681,2676,2694,2692,2663,2682,2682,2728,2717,2739,2712,2712,2717,2675,2675,2709,2704
221.886,2531.5,2528,2496,2500,2532,2524,2537,2467,2536,2500,2515,2554,2522,2553,2545,2536,2540,2558,2540,2556,2550,2573,2518,2529,2513,2535,2553,2486,2549,2543,2557
222.195,2814.6,2840,2837,2835,2771,2791,2802,2819,2798,2821,2797,2784,2800,2833,2782,2789,2805,2811,2850,2802,2842,2817,2833,2835,2805,2839,2809,2792,2838,2835,2825
222.503,3040.4,3046,3040,3045,3032,3000,3027,3037,3014,3040,3084,2996,3070,3009,3033,3032,3077,3057,3036,3062,3049,3020,3022,3050,3061,3029,3034,3038,3036,3071,3065
222.812,2517.5,2527,2517,2561,2527,2528,2496,2519,2524,2517,2465,2519,2523,2515,2519,2513,2514,2517,2548,2517,2489,2517,2525,2518,2523,2533,2512,2504,2514,2541,2482
223.120,2713.7,2691,2756,2763,2709,2714,2719,2709,2681,2737,2717,2723,2746,2677,2710,2702,2674,2682,2700,2728,2734,2703,2694,2769,2722,2736,2723,2717,2721,2691,2663
223.429,3369.6,3365,3400,3371,3341,3348,3416,3403,3357,3372,3388,3361,3355,3325,3344,3361,3370,3388,3378,3317,3373,3359,3376,3372,3347,3398,3404,3374,3374,3335,3417
223.738,2508.8,2512,2507,2484,2498,2492,2502,2500,2522,2517,2528,2524,2491,2493,2482,2488,2523,2521,2523,2522,2557,2502,2559,2494,2513,2518,2490,2507,2495,2509,2491
224.046,2541.3,2604,2558,2559,2546,2574,2576,2540,2573,2519,2518,2559,2556,2542,2507,2506,2533,2541,2520,2560,2502,2532,2541,2538,2546,2526,2541,2530,2526,2528,2539
224.355,2552.9,2543,2584,2569,2544,2555,2554,2524,2523,2559,2545,2553,2537,2592,2557,2570,2540,2550,2564,2569,2545,2534,2552,2571,2567,2541,2576,2523,2545,2554,2547
224.664,2718.4,2755,2742,2709,2725,2704,2732,2739,2698,2715,2696,2714,2741,2728,2717,2711,2720,2749,2697,2708,2771,2699,2733,2742,2682,2732,2709,2694,2737,2667,2685
224.973,2288.1,2308,2282,2314,2297,2269,2296,2300,2281,2236,2296,2269,2323,2298,2284,2269,2307,2296,2283,2325,2284,2289,2275,2274,2266,2290,2297,2280,2284,2289,2281
225.281,2985.0,2948,2991,2969,2987,2938,2996,3000,2951,2960,2958,2992,2948,2984,3033,2962,3008,2965,2970,2991,3008,2986,2995,3001,3000,2982,2998,2991,3044,3012,2981
225.590,2577.3,2546,2580,2628,2548,2584,2546,2558,2525,2597,2554,2590,2566,2590,2528,2573,2560,2606,2565,2604,2567,2617,2619,2560,2625,2569,2597,2552,2587,2568,2611
225.899,2847.9,2801,2873,2870,2869,2837,2865,2839,2872,2851,2812,2846,2816,2872,2842,2839,2856,2888,2827,2854,2833,2831,2871,2851,2810,2857,2835,2854,2878,2854,2835
226.208,3004.4,3001,2984,3010,3043,3023,2983,2983,3019,2993,3005,2996,2997,2989,3010,2997,3024,3008,2988,3038,2980,3010,2994,3038,2968,3000,3013,3042,2997,3002,2997
226.517,2734.8,2713,2737,2710,2732,2717,2738,2744,2708,2750,2740,2735,2738,2758,2726,2705,2763,2761,2747,2744,2723,2724,2730,2770,2758,2725,2738,2694,2704,2778,2733
226.826,2795.9,2792,2798,2744,2754,2825,2809,2776,2833,2780,2808,2752,2851,2799,2787,2791,2808,2805,2756,2803,2818,2776,2764,2862,2765,2813,2796,2825,2768,2815,2803
227.136,2537.7,2547,2573,2507,2532,2516,2568,2504,2553,2547,2512,2561,2568,2500,2515,2544,2522,2544,2551,2536,2559,2564,2543,2557,2554,2532,2548,2527,2506,2518,2522
227.445,2600.4,2588,2628,2618,2595,2585,2581,2575,2593,2628,2583,2623,2623,2597,2578,2593,2588,2601,2601,2599,2591,2574,2578,2639,2596,2638,2636,2648,2581,2594,2560
227.754,2898.2,2898,2936,2920,2906,2856,2891,2870,2913,2896,2941,2873,2873,2864,2879,2903,2885,2846,2934,2896,2896,2937,2913,2915,2893,2918,2913,2856,2869,2947,2909
228.063,2501.1,2460,2510,2490,2462,2495,2487,2505,2518,2501,2496,2519,2536,2520,2506,2489,2495,2554,2448,2495,2511,2483,2499,2481,2512,2529,2538,2537,2491,2468,2499
228.373,3237.1,3253,3218,3246,3232,3256,3283,3204,3256,3240,3188,3233,3255,3270,3235,3256,3275,3230,3216,3180,3209,3269,3218,3209,3247,3232,3193,3222,3274,3236,3278
228.682,2909.5,2931,2899,2912,2922,2871,2890,2880,2919,2863,2880,2899,2907,2915,2896,2895,2927,2900,2926,2925,2974,2879,2889,2915,2866,2897,2907,2965,2973,2970,2893
228.991,2360.2,2357,2392,2322,2397,2376,2390,2348,2330,2340,2350,2340,2379,2341,2368,2371,2358,2326,2381,2382,2351,2391,2370,2344,2362,2354,2342,2356,2381,2393,2315
229.301,2739.2,2705,2758,2728,2741,2740,2756,2712,2749,2767,2736,2729,2761,2751,2782,2754,2711,2690,2761,2765,2740,2724,2715,2761,2767,2726,2705,2763,2732,2722,2724
229.610,2679.8,2701,2675,2664,2650,2611,2660,2658,2668,2702,2695,2694,2685,2656,2670,2685,2669,2702,2705,2691,2728,2716,2653,2665,2696,2710,2687,2651,2687,2695,2664
229.920,2411.9,2418,2409,2374,2418,2376,2405,2377,2415,2400,2417,2449,2449,2386,2422,2404,2385,2393,2422,2441,2424,2463,2414,2405,2442,2397,2450,2379,2406,2409,2409
230.229,2646.7,2715,2661,2635,2641,2592,2655,2650,2625,2625,2684,2631,2620,2621,2694,2648,2663,2653,2664,2667,2604,2622,2604,2626,2668,2605,2646,2673,2659,2681,2669
230.539,2700.0,2702,2700,2707,2691,2739,2735,2703,2684,2665,2676,2673,2697,2670,2665,2683,2732,2721,2720,2731,2731,2740,2705,2698,2701,2666,2700,2664,2707,2712,2683
230.848,2858.9,2871,2869,2886,2857,2831,2862,2872,2847,2843,2871,2897,2929,2860,2849,2848,2843,2863,2877,2866,2808,2914,2761,2834,2875,2836,2873,2877,2811,2877,2859
231.158,2811.1,2820,2795,2835,2825,2836,2815,2793,2812,2778,2822,2828,2791,2819,2849,2792,2840,2777,2769,2810,2807,2822,2776,2822,2821,2824,2794,2809,2791,2840,2820
231.468,2781.2,2744,2803,2804,2766,2771,2804,2799,2754,2785,2772,2869,2785,2767,2743,2804,2787,2742,2757,2799,2811,2792,2750,2763,2783,2767,2786,2770,2770,2817,2771
231.778,2942.0,2924,2923,2905,2959,2980,2941,2950,2952,2912,2930,2954,2931,2953,2951,2921,2949,2958,2911,2952,2948,2954,2886,2936,2956,2947,2984,2989,2909,2945,2951
232.087,2791.9,2795,2788,2781,2796,2819,2758,2788,2838,2824,2813,2821,2752,2785,2824,2746,2800,2783,2777,2837,2762,2814,2768,2807,2771,2782,2780,2809,2777,2795,2767
232.397,2688.4,2702,2662,2736,2689,2654,2729,2688,2696,2663,2712,2688,2692,2648,2661,2734,2667,2690,2704,2702,2688,2681,2692,2698,2680,2672,2701,2739,2632,2669,2683
232.707,2287.1,2304,2271,2290,2255,2316,2290,2298,2324,2239,2286,2278,2271,2278,2291,2309,2281,2288,2308,2284,2312,2253,2329,2273,2287,2305,2277,2298,2243,2310,2266
233.017,2428.2,2444,2433,2424,2430,2415,2488,2410,2435,2452,2424,2403,2401,2418,2380,2431,2439,2408,2450,2402,2436,2401,2421,2425,2474,2412,2440,2436,2429,2422,2462
233.327,2620.6,2634,2624,2633,2619,2602,2637,2639,2641,2578,2613,2610,2593,2679,2592,2605,2593,2608,2628,2632,2612,2623,2624,2602,2669,2624,2560,2659,2647,2622,2616
233.637,2457.0,2462,2441,2468,2458,2496,2454,2443,2479,2461,2460,2411,2450,2467,2478,2501,2450,2491,2455,2440,2421,2446,2473,2436,2476,2423,2431,2456,2467,2449,2468
233.947,2771.5,2752,2749,2754,2792,2735,2802,2784,2762,2768,2788,2773,2785,2795,2770,2781,2772,2766,2762,2753,2778,2785,2724,2784,2767,2770,2750,2806,2753,2768,2816
234.257,2749.8,2753,2719,2762,2735,2725,2777,2732,2765,2776,2768,2729,2738,2744,2749,2755,2781,2779,2743,2718,2751,2770,2729,2726,2772,2774,2772,2797,2701,2740,2715
234.567,2438.9,2412,2440,2468,2427,2404,2472,2401,2453,2414,2414,2431,2423,2484,2457,2461,2438,2457,2434,2438,2419,2441,2404,2475,2424,2453,2468,2413,2447,2448,2447
234.878,2580.6,2524,2607,2545,2582,2582,2574,2577,2581,2565,2599,2561,2570,2576,2578,2600,2616,2571,2596,2615,2593,2593,2600,2541,2563,2566,2584,2601,2591,2603,2565
235.188,2605.9,2616,2608,2608,2617,2617,2620,2592,2622,2575,2589,2632,2584,2580,2593,2607,2550,2630,2569,2613,2585,2651,2575,2608,2638,2645,2597,2587,2605,2640,2625
235.498,2615.4,2584,2638,2614,2613,2572,2639,2622,2605,2603,2611,2598,2595,2621,2633,2638,2596,2658,2600,2610,2613,2583,2597,2640,2654,2610,2590,2627,2654,2618,2626
235.808,2699.5,2665,2710,2713,2702,2704,2643,2743,2742,2758,2692,2664,2660,2713,2709,2653,2679,2676,2655,2710,2748,2740,2688,2701,2708,2729,2706,2689,2644,2706,2734
236.119,2741.7,2701,2737,2733,2719,2761,2770,2787,2771,2778,2772,2714,2722,2728,2729,2666,2717,2728,2767,2740,2740,2736,2777,2708,2756,2707,2752,2734,2770,2754,2776
236.429,2701.3,2695,2694,2677,2697,2718,2680,2704,2666,2676,2749,2672,2720,2701,2708,2731,2771,2698,2716,2673,2682,2702,2681,2733,2660,2665,2681,2735,2715,2709,2731
236.740,2533.4,2504,2509,2541,2559,2515,2506,2548,2513,2516,2552,2517,2565,2536,2544,2554,2565,2548,2578,2534,2499,2543,2528,2552,2526,2522,2509,2540,2517,2556,2505
237.050,2730.0,2738,2711,2705,2767,2720,2702,2724,2742,2787,2784,2674,2726,2756,2674,2784,2728,2694,2714,2746,2795,2728,2770,2732,2707,2697,2734,2739,2706,2704,2713
237.361,2547.8,2539,2568,2572,2516,2515,2562,2526,2546,2557,2505,2579,2562,2547,2534,2538,2565,2543,2556,2594,2532,2578,2547,2557,2550,2531,2531,2561,2523,2541,2560
237.671,2630.5,2630,2657,2630,2601,2662,2617,2643,2614,2596,2648,2584,2627,2680,2572,2606,2659,2589,2644,2639,2657,2629,2643,2651,2619,2632,2578,2659,2642,2658,2648
237.982,2256.3,2242,2254,2247,2249,2259,2243,2279,2243,2248,2259,2284,2255,2277,2248,2257,2243,2256,2307,2302,2275,2255,2245,2255,2279,2252,2203,2240,2225,2232,2277
238.293,2847.3,2847,2821,2846,2836,2855,2840,2863,2830,2790,2854,2814,2842,2869,2848,2880,2818,2815,2877,2909,2874,2828,2837,2888,2817,2812,2841,2861,2822,2888,2896
238.603,2553.3,2553,2566,2570,2519,2518,2616,2576,2549,2499,2538,2545,2571,2555,2569,2546,2570,2549,2536,2560,2553,2548,2557,2549,2507,2555,2546,2552,2582,2565,2579
238.914,2666.5,2636,2663,2684,2688,2645,2672,2658,2675,2690,2606,2662,2664,2688,2659,2687,2679,2696,2659,2668,2644,2648,2637,2652,2686,2676,2655,2691,2680,2661,2685
239.225,2522.8,2496,2519,2519,2495,2549,2481,2512,2585,2504,2508,2524,2532,2521,2498,2549,2496,2554,2510,2565,2456,2512,2562,2512,2542,2552,2528,2517,2519,2528,2540
239.536,2509.1,2505,2476,2472,2479,2540,2477,2513,2500,2494,2500,2473,2473,2539,2548,2531,2549,2511,2540,2490,2536,2549,2514,2511,2513,2465,2471,2510,2575,2546,2474
239.846,2257.5,2246,2256,2243,2261,2233,2231,2230,2284,2216,2301,2291,2255,2275,2283,2275,2262,2235,2251,2261,2278,2270,2265,2270,2232,2257,2248,2259,2248,2262,2247
240.157,2409.9,2402,2422,2394,2392,2443,2443,2397,2377,2383,2401,2407,2421,2425,2407,2397,2466,2403,2419,2403,2386,2406,2388,2370,2430,2402,2451,2422,2379,2436,2426
240.468,2666.6,2703,2647,2665,2638,2621,2663,2694,2654,2658,2646,2643,2678,2689,2670,2622,2681,2683,2672,2683,2667,2712,2649,2664,2681,2630,2660,2692,2692,2698,2643
240.779,2589.6,2602,2571,2635,2605,2589,2585,2585,2600,2597,2600,2581,2552,2601,2582,2637,2595,2599,2577,2566,2515,2559,2592,2577,2597,2587,2608,2617,2569,2596,2612
241.090,2545.1,2560,2529,2506,2586,2570,2533,2574,2526,2566,2529,2589,2507,2556,2546,2504,2544,2526,2529,2523,2552,2540,2565,2547,2576,2514,2535,2552,2539,2590,2539
241.401,2510.3,2504,2447,2514,2532,2526,2531,2495,2516,2492,2499,2537,2521,2469,2479,2487,2493,2571,2528,2496,2514,2543,2524,2527,2511,2491,2531,2494,2525,2531,2482
241.713,2639.8,2634,2680,2625,2598,2612,2638,2671,2629,2695,2657,2596,2657,2665,2652,2627,2637,2661,2629,2594,2662,2705,2680,2652,2608,2632,2628,2654,2594,2592,2629
242.024,2280.3,2271,2285,2289,2299,2290,2286,2283,2256,2257,2264,2241,2252,2297,2297,2277,2289,2288,2272,2288,2315,2248,2259,2251,2289,2309,2260,2312,2302,2303,2280
242.335,2574.5,2553,2545,2585,2545,2578,2594,2605,2568,2565,2573,2587,2572,2588,2548,2567,2562,2580,2598,2580,2592,2603,2512,2613,2581,2575,2570,2567,2578,2590,2560
242.646,2571.9,2582,2600,2585,2518,2546,2588,2556,2568,2573,2552,2546,2589,2610,2572,2576,2571,2539,2536,2607,2576,2601,2615,2624,2584,2533,2589,2579,2512,2588,2542
242.957,2400.3,2392,2409,2419,2386,2373,2381,2402,2355,2443,2413,2380,2355,2428,2385,2369,2381,2440,2414,2419,2421,2405,2398,2420,2409,2362,2414,2346,2429,2444,2418
243.269,2800.9,2787,2776,2828,2786,2792,2771,2790,2809,2809,2830,2808,2768,2788,2793,2792,2797,2771,2805,2823,2776,2825,2815,2825,2797,2790,2787,2824,2819,2818,2829
243.580,2371.4,2395,2402,2356,2387,2353,2327,2357,2391,2398,2398,2388,2377,2392,2390,2346,2338,2353,2338,2389,2402,2356,2363,2371,2418,2367,2355,2353,2373,2370,2340
243.892,2387.5,2422,2414,2360,2397,2398,2387,2370,2397,2408,2397,2398,2377,2413,2374,2414,2384,2391,2397,2419,2394,2392,2342,2354,2394,2370,2373,2352,2351,2361,2425
244.203,2790.2,2761,2765,2782,2764,2783,2782,2782,2783,2786,2779,2793,2796,2790,2818,2760,2747,2779,2831,2784,2758,2821,2839,2796,2787,2807,2840,2812,2810,2764,2806
244.514,2350.2,2314,2365,2324,2392,2346,2305,2287,2326,2314,2345,2321,2386,2370,2346,2376,2349,2373,2363,2327,2384,2344,2368,2392,2359,2330,2351,2388,2362,2340,2358
244.826,2437.2,2399,2435,2458,2411,2415,2444,2465,2437,2442,2454,2426,2432,2410,2444,2447,2464,2409,2414,2459,2429,2438,2447,2432,2420,2472,2434,2453,2415,2454,2456
245.138,2295.3,2326,2252,2256,2267,2298,2283,2315,2294,2283,2271,2257,2307,2275,2319,2303,2339,2281,2304,2296,2296,2267,2339,2281,2310,2360,2316,2278,2328,2271,2287
245.449,2948.0,2903,2909,2953,2967,2974,2928,2948,2951,2937,2978,2943,2936,2936,2953,2963,2929,2968,2993,2953,2960,2964,2960,2929,2953,2941,2952,2942,2936,2938,2942
245.761,2574.6,2539,2650,2572,2583,2618,2556,2592,2546,2600,2558,2538,2577,2584,2567,2575,2584,2559,2601,2543,2536,2558,2564,2578,2633,2607,2540,2567,2557,2579,2576
246.073,2183.4,2143,2180,2174,2213,2185,2179,2184,2173,2214,2212,2191,2190,2166,2187,2154,2210,2133,2168,2202,2162,2184,2168,2209,2201,2175,2208,2211,2132,2210,2183
246.384,2395.3,2373,2399,2439,2405,2359,2389,2374,2411,2397,2388,2385,2434,2389,2432,2348,2385,2382,2400,2413,2415,2374,2403,2390,2410,2360,2410,2378,2399,2370,2448
246.696,2395.1,2365,2419,2381,2377,2441,2405,2376,2407,2394,2397,2395,2399,2347,2434,2374,2414,2397,2401,2408,2404,2388,2393,2418,2376,2370,2417,2390,2389,2384,2394
247.008,2231.2,2230,2238,2205,2232,2216,2232,2208,2240,2217,2211,2209,2243,2268,2243,2251,2255,2236,2246,2199,2244,2224,2234,2230,2240,2260,2244,2217,2214,2225,2226
247.320,2380.8,2416,2350,2368,2369,2398,2387,2392,2386,2335,2381,2408,2388,2378,2362,2373,2379,2375,2366,2383,2392,2371,2371,2356,2393,2388,2386,2398,2399,2404,2372
247.632,2496.6,2511,2485,2509,2511,2516,2513,2527,2510,2506,2480,2507,2471,2522,2503,2430,2515,2490,2511,2493,2457,2517,2469,2506,2515,2456,2464,2497,2522,2482,2502
247.944,2400.9,2386,2386,2428,2414,2399,2377,2368,2384,2412,2428,2431,2420,2411,2374,2385,2382,2406,2361,2375,2399,2397,2419,2427,2456,2379,2402,2390,2432,2397,2403
248.256,2577.1,2563,2568,2578,2585,2575,2572,2583,2550,2565,2596,2573,2589,2574,2613,2543,2615,2621,2596,2605,2559,2615,2553,2566,2607,2591,2543,2593,2574,2537,2512
248.568,2333.0,2326,2335,2315,2350,2302,2319,2331,2331,2299,2358,2341,2349,2328,2338,2331,2329,2326,2315,2355,2297,2370,2354,2349,2311,2349,2337,2342,2330,2326,2346
248.880,2474.0,2496,2489,2499,2489,2452,2484,2459,2481,2453,2434,2463,2495,2476,2495,2462,2457,2500,2442,2463,2497,2432,2489,2450,2525,2489,2477,2442,2469,2502,2460
249.192,2399.0,2416,2460,2436,2442,2395,2376,2358,2427,2403,2419,2399,2362,2393,2388,2390,2368,2367,2405,2360,2404,2376,2384,2395,2396,2393,2389,2408,2442,2415,2404
249.504,3348.2,3340,3336,3374,3370,3357,3310,3331,3345,3337,3329,3333,3347,3340,3329,3418,3409,3354,3327,3361,3329,3381,3323,3333,3344,3393,3351,3376,3326,3336,3307
249.816,2575.2,2566,2576,2587,2537,2577,2612,2545,2581,2552,2537,2572,2577,2574,2570,2559,2542,2594,2553,2600,2586,2574,2620,2577,2551,2580,2573,2586,2586,2594,2618
250.129,2485.1,2481,2467,2482,2511,2501,2489,2492,2513,2504,2488,2472,2466,2481,2479,2504,2456,2480,2491,2480,2460,2484,2481,2518,2495,2491,2465,2467,2493,2506,2456
250.441,2197.1,2168,2208,2200,2211,2172,2214,2196,2217,2202,2173,2208,2162,2217,2203,2198,2241,2146,2186,2205,2236,2219,2165,2218,2190,2186,2210,2211,2178,2169,2204
250.753,2187.3,2209,2176,2198,2196,2171,2209,2199,2167,2215,2200,2189,2219,2180,2181,2170,2168,2134,2202,2209,2156,2178,2176,2229,2199,2175,2197,2180,2176,2163,2197
251.066,2301.5,2310,2272,2309,2268,2322,2288,2336,2293,2280,2267,2289,2314,2301,2319,2276,2310,2284,2289,2345,2310,2309,2310,2317,2287,2306,2312,2304,2309,2309,2300
251.378,2259.0,2233,2281,2256,2231,2248,2243,2243,2247,2264,2262,2275,2276,2267,2264,2306,2250,2253,2253,2295,2271,2218,2269,2250,2245,2272,2295,2264,2255,2248,2236
251.690,2217.3,2253,2200,2251,2229,2218,2194,2214,2280,2231,2249,2201,2201,2171,2228,2181,2238,2208,2208,2193,2225,2227,2230,2224,2233,2193,2218,2209,2221,2232,2160
252.003,2497.9,2491,2512,2498,2520,2490,2487,2501,2537,2511,2484,2477,2463,2482,2526,2480,2518,2498,2496,2486,2509,2517,2465,2520,2524,2507,2474,2486,2472,2523,2482
252.315,2497.6,2493,2475,2524,2530,2495,2473,2538,2529,2478,2454,2507,2493,2484,2491,2480,2492,2466,2530,2466,2504,2484,2475,2486,2505,2496,2504,2502,2548,2533,2492
252.628,2683.7,2642,2693,2673,2686,2676,2681,2690,2694,2677,2667,2643,2718,2682,2719,2688,2736,2657,2679,2692,2707,2665,2646,2662,2683,2706,2687,2656,2683,2706,2718
252.941,2470.9,2474,2477,2418,2479,2455,2434,2465,2509,2485,2476,2498,2440,2491,2447,2475,2425,2508,2483,2473,2522,2454,2472,2503,2444,2424,2509,2473,2449,2505,2460
253.253,2424.2,2410,2386,2404,2427,2396,2456,2440,2426,2457,2427,2404,2408,2455,2438,2456,2403,2424,2464,2438,2400,2436,2418,2437,2417,2443,2426,2402,2401,2438,2388
253.566,2579.5,2589,2594,2583,2600,2593,2569,2572,2573,2619,2584,2542,2592,2554,2588,2557,2581,2591,2558,2577,2622,2588,2601,2556,2565,2544,2565,2585,2574,2622,2547
253.879,2695.2,2664,2714,2689,2704,2692,2692,2696,2675,2745,2705,2661,2712,2652,2692,2703,2732,2665,2706,2689,2700,2694,2744,2672,2687,2706,2720,2694,2689,2657,2705
254.192,2492.4,2508,2441,2513,2473,2511,2467,2499,2486,2518,2500,2483,2506,2492,2509,2510,2479,2465,2472,2476,2479,2513,2510,2484,2494,2491,2536,2496,2504,2441,2517
254.504,2538.8,2530,2498,2518,2524,2584,2567,2542,2502,2508,2554,2521,2531,2549,2550,2523,2543,2537,2554,2530,2533,2559,2495,2552,2536,2494,2580,2587,2570,2574,2520
254.817,2271.3,2275,2284,2296,2266,2279,2268,2257,2264,2300,2275,2271,2236,2243,2281,2279,2275,2316,2280,2255,2292,2276,2272,2216,2259,2262,2292,2256,2252,2297,2265
255.130,2673.7,2686,2627,2665,2652,2651,2702,2669,2678,2662,2680,2696,2709,2663,2696,2673,2693,2721,2668,2668,2653,2667,2638,2670,2684,2644,2708,2718,2674,2599,2696
255.443,2427.6,2449,2467,2410,2397,2437,2440,2457,2439,2448,2453,2426,2425,2382,2433,2412,2432,2420,2411,2428,2441,2443,2424,2407,2396,2408,2421,2428,2414,2443,2437
255.756,2713.0,2720,2718,2715,2712,2749,2716,2761,2713,2712,2679,2714,2709,2698,2758,2679,2683,2722,2734,2678,2681,2693,2729,2730,2706,2720,2724,2698,2682,2719,2737
256.069,2176.2,2192,2144,2164,2207,2201,2178,2172,2186,2196,2202,2174,2196,2113,2169,2171,2180,2195,2153,2186,2196,2150,2154,2171,2136,2192,2203,2178,2163,2162,2202
256.382,2671.5,2644,2664,2676,2658,2686,2673,2672,2666,2677,2671,2701,2669,2671,2662,2658,2629,2682,2711,2698,2624,2685,2719,2663,2653,2693,2700,2660,2643,2668,2668
256.695,2661.0,2668,2682,2654,2660,2648,2638,2649,2642,2678,2668,2628,2652,2689,2662,2638,2680,2647,2644,2675,2657,2632,2671,2638,2707,2666,2696,2647,2671,2689,2654
257.009,2173.3,2174,2154,2169,2121,2190,2152,2139,2198,2184,2151,2234,2181,2172,2172,2174,2170,2177,2206,2180,2198,2166,2166,2176,2184,2158,2165,2191,2140,2198,2158
257.322,2788.1,2788,2754,2754,2765,2732,2706,2767,2811,2843,2825,2806,2808,2771,2795,2815,2798,2788,2754,2800,2821,2825,2797,2795,2790,2792,2774,2794,2763,2788,2824
257.635,2319.4,2303,2296,2331,2362,2305,2333,2346,2327,2343,2340,2318,2354,2314,2351,2300,2326,2282,2328,2320,2323,2273,2335,2325,2310,2298,2289,2323,2306,2289,2333
257.948,2681.0,2676,2644,2691,2645,2673,2640,2643,2685,2703,2664,2690,2664,2672,2637,2671,2687,2676,2685,2676,2690,2709,2704,2693,2735,2722,2701,2691,2688,2660,2714
258.262,2599.1,2601,2576,2587,2584,2609,2584,2625,2618,2564,2583,2584,2587,2608,2568,2601,2584,2587,2578,2586,2600,2604,2640,2605,2596,2569,2639,2653,2629,2632,2591
258.575,2534.4,2540,2522,2492,2519,2566,2508,2566,2532,2565,2506,2527,2543,2532,2561,2486,2522,2546,2531,2512,2586,2561,2530,2545,2528,2491,2551,2533,2563,2524,2545
258.888,2782.7,2806,2761,2758,2815,2742,2781,2759,2808,2777,2813,2767,2806,2808,2751,2846,2754,2791,2750,2797,2810,2781,2741,2811,2722,2790,2760,2786,2793,2813,2784
259.202,2090.6,2094,2068,2097,2090,2064,2059,2080,2094,2078,2110,2094,2108,2073,2108,2108,2119,2131,2082,2051,2093,2072,2088,2074,2114,2097,2081,2093,2077,2103,2117
259.515,2273.4,2280,2274,2274,2284,2282,2270,2289,2273,2305,2313,2247,2254,2257,2294,2267,2281,2265,2307,2259,2291,2288,2259,2289,2223,2255,2285,2262,2264,2278,2232
259.829,2166.6,2143,2185,2147,2163,2156,2149,2174,2162,2140,2150,2137,2171,2177,2166,2193,2165,2155,2164,2161,2164,2218,2155,2193,2152,2197,2192,2184,2149,2197,2140
260.142,2192.6,2195,2227,2197,2211,2206,2171,2126,2194,2232,2222,2152,2177,2185,2171,2213,2218,2185,2180,2171,2189,2170,2187,2171,2226,2223,2167,2184,2182,2221,2224
260.456,2340.3,2358,2345,2323,2335,2343,2296,2340,2346,2344,2382,2353,2364,2313,2380,2377,2329,2353,2366,2342,2335,2321,2378,2315,2334,2286,2290,2345,2349,2348,2318
260.770,2574.7,2584,2576,2589,2596,2598,2551,2565,2579,2578,2566,2579,2558,2534,2586,2542,2570,2538,2577,2550,2609,2573,2584,2543,2548,2611,2610,2610,2561,2587,2590
261.083,2725.1,2720,2734,2741,2769,2702,2692,2708,2707,2709,2735,2735,2728,2725,2738,2714,2732,2792,2674,2711,2770,2718,2682,2745,2771,2725,2704,2727,2717,2708,2721
261.397,2240.5,2206,2229,2244,2257,2241,2226,2226,2248,2239,2248,2206,2245,2255,2271,2227,2228,2276,2200,2230,2256,2248,2296,2215,2218,2228,2263,2248,2255,2208,2279
261.711,2237.8,2237,2227,2218,2225,2268,2273,2241,2250,2252,2260,2186,2200,2252,2217,2223,2260,2241,2249,2217,2203,2236,2230,2218,2234,2273,2268,2248,2269,2224,2235
262.025,2141.2,2165,2158,2140,2105,2127,2105,2121,2144,2104,2164,2177,2136,2126,2179,2160,2146,2168,2134,2139,2177,2111,2125,2163,2109,2126,2092,2143,2172,2140,2180
262.339,2706.7,2699,2734,2702,2697,2708,2697,2712,2726,2715,2748,2692,2683,2670,2658,2708,2703,2678,2703,2719,2705,2704,2730,2724,2706,2713,2734,2724,2678,2745,2687
262.653,2143.7,2113,2155,2137,2123,2128,2118,2134,2149,2163,2206,2140,2148,2178,2142,2132,2188,2137,2115,2146,2119,2164,2166,2110,2138,2180,2143,2155,2146,2114,2124
262.967,2524.8,2542,2522,2540,2543,2468,2537,2512,2525,2523,2514,2520,2556,2551,2525,2532,2499,2540,2513,2476,2505,2529,2484,2497,2541,2529,2539,2558,2529,2572,2522
263.281,2548.7,2550,2549,2564,2554,2583,2539,2486,2578,2515,2563,2508,2550,2563,2525,2556,2553,2537,2572,2537,2550,2574,2563,2584,2554,2537,2510,2579,2530,2556,2541
263.595,2506.3,2557,2489,2484,2485,2469,2479,2502,2515,2535,2498,2518,2468,2513,2498,2493,2540,2539,2485,2512,2487,2517,2499,2514,2494,2507,2558,2495,2460,2530,2550
263.909,2209.3,2219,2226,2216,2220,2255,2198,2179,2213,2206,2210,2236,2179,2184,2203,2206,2217,2191,2220,2178,2233,2207,2174,2218,2196,2223,2213,2214,2218,2205,2222
264.223,2323.9,2338,2311,2329,2285,2340,2336,2336,2320,2344,2318,2332,2324,2316,2319,2305,2318,2328,2332,2334,2309,2332,2312,2323,2318,2369,2325,2338,2328,2280,2318
264.537,2213.2,2191,2212,2215,2207,2201,2242,2230,2184,2188,2214,2250,2248,2211,2155,2191,2216,2219,2222,2213,2235,2249,2235,2241,2211,2217,2208,2227,2169,2208,2186
264.851,2334.7,2319,2343,2301,2381,2362,2323,2333,2302,2324,2362,2318,2337,2294,2307,2338,2275,2392,2368,2354,2337,2325,2282,2360,2371,2303,2344,2353,2365,2346,2322
265.165,2363.5,2371,2356,2358,2402,2415,2376,2320,2318,2374,2373,2358,2342,2367,2369,2324,2346,2389,2349,2358,2366,2388,2329,2410,2376,2348,2358,2360,2363,2365,2376
265.480,2383.4,2376,2368,2382,2380,2406,2382,2380,2389,2375,2415,2365,2390,2377,2367,2365,2371,2388,2378,2354,2392,2411,2392,2388,2421,2382,2372,2364,2413,2393,2365
265.794,2244.8,2211,2276,2232,2258,2270,2215,2252,2228,2256,2231,2290,2258,2200,2237,2249,2225,2270,2214,2270,2271,2210,2288,2223,2266,2232,2282,2246,2228,2244,2211
266.108,2210.9,2216,2225,2222,2216,2210,2196,2200,2232,2232,2204,2232,2209,2208,2187,2194,2223,2207,2200,2210,2198,2233,2227,2206,2203,2197,2238,2184,2227,2202,2188
266.423,2339.0,2336,2341,2334,2296,2352,2313,2301,2356,2349,2372,2362,2321,2322,2345,2315,2362,2369,2383,2324,2328,2333,2330,2341,2336,2307,2351,2383,2339,2342,2328
266.737,2478.4,2443,2496,2425,2504,2442,2481,2478,2488,2450,2526,2483,2450,2448,2459,2481,2484,2470,2508,2497,2471,2491,2504,2486,2509,2497,2442,2476,2458,2520,2484
267.052,2329.9,2289,2346,2308,2291,2335,2357,2326,2347,2317,2358,2330,2334,2316,2294,2308,2341,2281,2304,2302,2370,2347,2342,2332,2357,2338,2354,2350,2335,2328,2359
267.366,2221.4,2171,2218,2233,2243,2221,2216,2246,2228,2195,2250,2217,2196,2217,2274,2208,2207,2223,2185,2222,2213,2241,2164,2227,2236,2231,2232,2227,2249,2210,2241
267.681,2459.6,2437,2489,2440,2436,2455,2464,2461,2472,2532,2477,2453,2436,2436,2453,2438,2490,2484,2390,2476,2497,2478,2441,2478,2490,2431,2449,2460,2414,2433,2498
267.995,2728.2,2747,2728,2719,2732,2724,2714,2745,2676,2752,2713,2717,2730,2728,2736,2686,2744,2717,2730,2760,2713,2712,2702,2758,2712,2758,2747,2732,2745,2737,2733
268.310,2242.1,2242,2205,2289,2226,2235,2211,2217,2210,2234,2242,2236,2240,2223,2238,2219,2239,2243,2197,2242,2273,2267,2292,2267,2264,2259,2225,2237,2306,2226,2258
268.625,2348.6,2328,2321,2406,2315,2419,2331,2357,2346,2338,2360,2334,2345,2373,2373,2339,2312,2340,2354,2395,2319,2373,2377,2383,2344,2335,2376,2302,2296,2325,2342
268.939,2839.9,2824,2877,2861,2886,2852,2802,2846,2809,2821,2840,2883,2833,2850,2867,2822,2869,2810,2866,2812,2826,2826,2803,2854,2824,2813,2857,2832,2870,2780,2883
269.254,2301.5,2320,2293,2299,2324,2255,2274,2318,2312,2335,2317,2316,2326,2322,2286,2304,2330,2313,2310,2312,2315,2324,2292,2268,2285,2303,2264,2262,2274,2292,2300
269.569,2741.9,2747,2756,2751,2728,2717,2757,2716,2702,2734,2744,2738,2726,2751,2758,2715,2721,2735,2747,2733,2706,2816,2694,2760,2780,2768,2793,2737,2773,2687,2767
269.884,1954.8,1987,1980,1950,1941,1950,2002,1954,1942,1981,1938,1929,1941,1934,1958,1937,1973,1931,1964,1926,1959,1924,1966,1976,1929,1993,1970,1948,1967,1944,1949
270.199,2353.2,2353,2381,2356,2336,2312,2393,2327,2363,2353,2340,2325,2346,2323,2355,2356,2358,2344,2345,2363,2376,2416,2376,2326,2335,2354,2349,2336,2360,2370,2368
270.514,2367.8,2371,2376,2352,2362,2401,2372,2351,2392,2340,2334,2362,2383,2385,2376,2366,2392,2347,2352,2402,2388,2352,2348,2366,2360,2370,2393,2370,2386,2325,2360
270.829,2181.8,2169,2146,2162,2220,2164,2214,2174,2160,2181,2170,2199,2189,2191,2175,2165,2197,2189,2184,2182,2204,2191,2184,2174,2184,2180,2200,2193,2162,2171,2179
271.144,2479.5,2528,2470,2456,2478,2454,2468,2560,2442,2449,2473,2474,2479,2463,2449,2509,2502,2460,2530,2487,2487,2465,2520,2452,2467,2502,2483,2483,2469,2486,2441
271.459,2113.4,2079,2118,2102,2097,2115,2161,2061,2125,2147,2126,2125,2139,2079,2110,2072,2105,2083,2132,2119,2130,2136,2150,2104,2111,2116,2104,2067,2119,2144,2127
271.774,2559.1,2559,2517,2579,2586,2587,2535,2563,2577,2534,2581,2559,2556,2562,2567,2596,2568,2545,2548,2559,2580,2556,2547,2555,2568,2524,2559,2563,2548,2555,2539
272.089,2131.6,2148,2151,2129,2110,2104,2153,2147,2143,2147,2136,2120,2133,2141,2124,2118,2180,2109,2124,2112,2148,2099,2143,2128,2152,2156,2076,2131,2149,2097,2139
272.404,2297.6,2302,2318,2337,2300,2313,2308,2285,2287,2309,2280,2305,2317,2299,2276,2278,2286,2243,2296,2301,2283,2305,2268,2312,2294,2287,2338,2307,2299,2287,2309
272.719,2634.1,2575,2636,2624,2669,2616,2637,2617,2634,2670,2638,2627,2633,2620,2628,2632,2608,2616,2663,2632,2626,2678,2672,2600,2644,2639,2681,2658,2638,2587,2624
273.035,2044.9,2014,2062,2081,2019,2074,2043,2038,2050,2035,2050,2038,2065,2048,2047,2018,2042,2022,2025,2063,1986,2040,2072,2041,2079,2030,2016,2038,2055,2095,2061
273.350,2543.7,2541,2534,2528,2550,2567,2557,2533,2550,2520,2574,2562,2549,2519,2561,2546,2556,2563,2552,2539,2553,2542,2566,2526,2520,2494,2548,2561,2585,2497,2519
273.665,2458.0,2450,2469,2484,2430,2486,2443,2459,2426,2497,2465,2456,2483,2445,2459,2450,2426,2450,2426,2486,2459,2441,2424,2458,2468,2476,2459,2441,2471,2508,2444
273.981,2331.3,2335,2338,2318,2341,2358,2286,2308,2364,2344,2293,2316,2342,2344,2318,2324,2360,2306,2280,2322,2331,2324,2342,2360,2336,2344,2319,2324,2333,2344,2384
274.296,2308.6,2282,2282,2330,2300,2328,2308,2305,2315,2304,2344,2291,2305,2284,2316,2276,2317,2299,2309,2285,2319,2341,2307,2283,2265,2346,2364,2326,2307,2302,2318
274.612,2325.6,2369,2341,2357,2277,2321,2321,2348,2314,2324,2309,2277,2357,2301,2333,2316,2322,2321,2360,2316,2312,2319,2334,2345,2313,2351,2348,2327,2323,2312,2301
274.927,2272.4,2255,2324,2296,2268,2313,2253,2266,2289,2296,2235,2233,2270,2262,2270,2276,2260,2280,2273,2290,2293,2255,2284,2287,2277,2249,2308,2252,2229,2249,2280
275.243,2291.9,2279,2293,2272,2298,2264,2263,2281,2265,2328,2332,2278,2298,2305,2292,2319,2331,2246,2273,2331,2260,2268,2304,2289,2293,2309,2318,2316,2282,2281,2290
275.558,2262.0,2279,2280,2219,2230,2265,2269,2274,2257,2233,2303,2267,2290,2304,2239,2258,2222,2268,2267,2262,2247,2259,2205,2287,2281,2274,2232,2278,2298,2248,2266
275.874,2181.3,2194,2148,2233,2184,2192,2165,2176,2168,2246,2185,2164,2181,2177,2193,2175,2168,2152,2198,2184,2198,2141,2184,2178,2160,2156,2218,2182,2190,2176,2172
276.189,2376.4,2379,2377,2364,2390,2393,2371,2397,2374,2346,2370,2368,2388,2388,2406,2339,2364,2340,2379,2372,2373,2365,2388,2360,2372,2352,2391,2380,2430,2392,2383
276.505,2391.0,2403,2394,2433,2414,2421,2392,2376,2448,2404,2376,2376,2390,2387,2386,2351,2363,2390,2370,2421,2413,2411,2373,2411,2347,2351,2369,2408,2397,2406,2349
276.821,2683.6,2701,2629,2633,2693,2680,2664,2641,2668,2721,2754,2681,2696,2730,2676,2707,2673,2678,2710,2691,2650,2692,2677,2676,2701,2662,2714,2697,2645,2719,2650
277.137,2211.6,2184,2203,2240,2216,2213,2245,2185,2232,2199,2249,2206,2213,2209,2194,2206,2243,2233,2197,2192,2203,2193,2199,2220,2210,2231,2230,2170,2201,2208,2223
277.453,2158.3,2159,2156,2154,2114,2147,2149,2169,2174,2132,2184,2168,2184,2161,2164,2187,2175,2169,2159,2164,2101,2141,2189,2165,2114,2147,2179,2153,2187,2153,2152
277.768,2362.7,2365,2363,2390,2393,2365,2347,2361,2312,2366,2368,2393,2373,2347,2392,2361,2345,2334,2366,2329,2337,2353,2368,2343,2366,2373,2337,2416,2408,2360,2349
278.084,2146.0,2148,2065,2148,2178,2164,2187,2158,2129,2163,2153,2147,2100,2132,2130,2127,2145,2153,2169,2182,2095,2136,2154,2143,2127,2128,2171,2161,2151,2168,2169
278.400,2336.8,2355,2294,2292,2352,2331,2361,2293,2335,2347,2377,2303,2339,2358,2367,2324,2309,2368,2338,2334,2326,2366,2340,2328,2321,2341,2374,2340,2327,2333,2331
278.716,2243.6,2217,2230,2257,2247,2278,2302,2250,2244,2250,2214,2257,2198,2294,2271,2227,2242,2225,2260,2235,2217,2249,2259,2249,2239,2251,2222,2202,2207,2249,2266
279.032,2070.4,2047,2056,2040,2072,2116,2052,2091,2093,2089,2055,2069,2059,2079,2061,2075,2069,2080,2048,2097,2116,2053,2059,2071,2044,2050,2081,2063,2050,2089,2089
279.348,2315.5,2280,2341,2296,2285,2309,2311,2314,2340,2344,2325,2310,2363,2310,2353,2284,2328,2296,2350,2300,2329,2310,2301,2254,2321,2308,2344,2301,2290,2340,2329
279.664,2188.6,2184,2182,2194,2200,2165,2229,2178,2213,2164,2232,2161,2194,2199,2192,2206,2197,2198,2167,2183,2147,2166,2150,2159,2189,2169,2222,2212,2195,2204,2206
279.981,2553.9,2567,2524,2543,2569,2591,2527,2532,2543,2580,2595,2563,2536,2536,2539,2570,2614,2527,2540,2536,2539,2534,2551,2534,2554,2521,2589,2564,2565,2580,2555
280.297,2173.1,2188,2126,2202,2168,2202,2189,2165,2185,2193,2178,2126,2153,2140,2129,2159,2214,2158,2192,2179,2142,2169,2163,2130,2161,2215,2209,2204,2209,2178,2166
280.613,2100.7,2074,2074,2085,2112,2105,2120,2132,2125,2086,2097,2099,2100,2094,2108,2133,2093,2102,2059,2147,2096,2117,2102,2094,2056,2094,2088,2089,2073,2145,2121
280.929,2224.4,2245,2183,2264,2204,2246,2251,2237,2226,2207,2225,2249,2195,2272,2198,2219,2235,2258,2232,2202,2198,2196,2236,2249,2211,2228,2205,2201,2229,2193,2238
281.246,2495.0,2489,2484,2511,2520,2523,2493,2498,2510,2520,2486,2521,2497,2471,2531,2505,2492,2466,2495,2514,2470,2484,2490,2507,2491,2483,2484,2490,2522,2443,2461
281.562,2240.5,2274,2201,2287,2236,2251,2200,2249,2274,2242,2212,2234,2257,2207,2258,2206,2254,2264,2244,2237,2228,2237,2235,2235,2237,2234,2272,2262,2237,2200,2252
281.878,2110.0,2062,2084,2124,2090,2126,2094,2114,2091,2108,2137,2139,2107,2120,2094,2123,2129,2124,2130,2118,2062,2128,2148,2079,2117,2119,2100,2111,2110,2121,2091
282.195,2265.8,2279,2268,2257,2242,2264,2262,2270,2266,2267,2293,2306,2267,2244,2340,2247,2279,2228,2237,2237,2295,2280,2250,2257,2325,2244,2273,2272,2258,2228,2239
282.511,2401.7,2388,2392,2417,2414,2363,2400,2372,2410,2400,2419,2411,2399,2441,2433,2398,2404,2392,2392,2392,2394,2372,2402,2400,2408,2394,2427,2381,2449,2372,2415
282.828,2237.5,2261,2255,2232,2207,2262,2228,2222,2265,2218,2251,2264,2245,2192,2244,2219,2272,2228,2226,2206,2234,2263,2224,2264,2233,2234,2223,2226,2235,2242,2249
283.144,2350.7,2372,2315,2377,2396,2374,2354,2359,2343,2333,2349,2315,2357,2337,2344,2309,2381,2316,2353,2389,2322,2329,2319,2376,2329,2373,2340,2374,2395,2324,2368
283.461,2269.1,2278,2258,2308,2291,2243,2255,2277,2250,2287,2258,2250,2273,2296,2286,2300,2258,2266,2287,2249,2274,2264,2214,2205,2293,2284,2288,2279,2293,2256,2252
283.778,2378.4,2365,2384,2398,2361,2392,2360,2356,2369,2379,2382,2378,2419,2355,2393,2394,2378,2414,2317,2366,2371,2396,2414,2384,2381,2344,2402,2393,2333,2385,2389
284.094,2222.2,2214,2258,2228,2207,2231,2242,2200,2227,2235,2191,2244,2225,2198,2184,2247,2224,2230,2234,2226,2237,2258,2216,2205,2201,2198,2257,2213,2233,2201,2201
284.411,2219.3,2211,2230,2182,2258,2180,2201,2192,2203,2263,2219,2201,2237,2226,2194,2224,2210,2207,2224,2246,2231,2237,2215,2238,2240,2218,2232,2207,2213,2202,2237
284.728,2215.9,2214,2221,2223,2231,2213,2232,2210,2221,2201,2219,2232,2217,2172,2205,2228,2209,2220,2195,2228,2222,2192,2238,2184,2208,2222,2186,2230,2214,2223,2266
285.045,2004.5,2028,2011,1993,1995,1956,1995,2017,2001,2006,2055,1983,1999,2015,1996,1972,2017,1998,2017,1947,2031,2016,2024,1987,2017,2025,2004,2016,1964,2030,2020
285.361,2088.8,2097,2119,2088,2062,2104,2068,2077,2063,2097,2128,2052,2081,2089,2123,2078,2104,2115,2079,2089,2120,2062,2091,2063,2103,2088,2094,2082,2071,2111,2067
285.678,2231.8,2207,2229,2227,2230,2243,2234,2239,2209,2234,2245,2242,2205,2211,2250,2238,2236,2235,2241,2255,2213,2232,2225,2279,2230,2199,2237,2235,2218,2250,2227
285.995,2295.8,2295,2296,2280,2302,2307,2257,2335,2291,2283,2330,2328,2276,2292,2297,2306,2291,2286,2323,2342,2239,2311,2304,2293,2263,2276,2288,2332,2270,2275,2306
286.312,2404.5,2401,2409,2416,2387,2380,2405,2403,2393,2385,2424,2390,2441,2378,2399,2442,2373,2392,2389,2414,2398,2398,2387,2393,2419,2410,2437,2412,2444,2416,2399
286.629,2372.3,2372,2344,2417,2379,2392,2370,2346,2335,2360,2392,2347,2371,2410,2366,2365,2367,2399,2385,2363,2388,2384,2348,2371,2382,2380,2365,2403,2360,2355,2353
286.946,2858.4,2879,2849,2828,2861,2881,2876,2847,2852,2863,2886,2858,2882,2884,2901,2841,2837,2833,2875,2850,2846,2873,2899,2856,2888,2849,2866,2815,2859,2841,2778
287.263,2330.8,2329,2332,2295,2299,2312,2324,2303,2333,2317,2307,2351,2333,2367,2349,2382,2298,2365,2329,2369,2347,2359,2287,2349,2329,2332,2346,2305,2299,2349,2328
287.580,2741.5,2744,2762,2730,2747,2728,2756,2760,2729,2736,2756,2738,2765,2720,2781,2700,2726,2739,2742,2730,2755,2686,2734,2790,2748,2705,2738,2747,2753,2767,2732
287.898,2305.6,2292,2289,2312,2307,2312,2332,2266,2290,2307,2278,2312,2322,2292,2316,2296,2258,2276,2333,2305,2362,2319,2323,2323,2264,2286,2321,2352,2293,2323,2306
288.215,2060.3,2071,2069,2038,2033,2052,2064,2043,2088,2085,2042,2054,2083,2082,2057,2041,2056,2079,2055,2022,2063,2092,2059,2040,2091,2082,2052,2076,2019,2066,2054
288.532,2348.0,2377,2328,2329,2335,2327,2324,2365,2354,2372,2381,2366,2335,2344,2368,2312,2328,2347,2322,2367,2359,2327,2345,2366,2370,2350,2357,2358,2323,2385,2319
288.849,2200.4,2206,2181,2217,2166,2180,2202,2251,2182,2214,2190,2199,2185,2232,2206,2217,2226,2224,2191,2207,2168,2207,2163,2219,2229,2184,2193,2182,2192,2200,2200
289.167,2175.1,2179,2157,2183,2153,2191,2185,2160,2174,2191,2138,2181,2146,2185,2172,2188,2213,2205,2142,2171,2192,2184,2158,2181,2171,2169,2185,2167,2193,2180,2159
289.484,2264.5,2268,2264,2261,2300,2259,2285,2256,2245,2279,2265,2253,2268,2254,2226,2237,2257,2250,2276,2275,2216,2278,2253,2260,2259,2307,2284,2270,2276,2282,2271
289.801,2303.8,2303,2280,2265,2302,2297,2360,2308,2275,2306,2281,2296,2290,2329,2315,2282,2305,2324,2299,2333,2264,2313,2333,2297,2264,2337,2296,2334,2282,2326,2317
290.119,2379.9,2386,2362,2367,2370,2390,2377,2374,2379,2370,2379,2398,2375,2355,2376,2369,2394,2411,2386,2360,2408,2429,2367,2384,2401,2352,2396,2370,2392,2377,2344
290.436,2237.6,2253,2243,2239,2209,2253,2217,2244,2237,2248,2255,2254,2271,2255,2238,2195,2260,2237,2237,2238,2222,2230,2209,2237,2217,2231,2257,2238,2231,2235,2237
290.754,2492.0,2530,2501,2522,2501,2512,2486,2499,2493,2510,2511,2487,2456,2498,2471,2476,2513,2486,2488,2456,2479,2509,2486,2446,2493,2491,2479,2503,2500,2488,2491
291.071,2443.8,2442,2449,2425,2438,2429,2468,2464,2428,2454,2443,2453,2434,2425,2436,2444,2456,2444,2503,2461,2456,2419,2424,2429,2435,2460,2430,2409,2426,2466,2464
291.389,2121.7,2121,2126,2096,2154,2139,2160,2105,2047,2148,2111,2114,2101,2122,2130,2173,2140,2108,2091,2107,2094,2124,2122,2138,2152,2122,2117,2118,2110,2122,2139
291.707,2242.9,2227,2232,2251,2215,2246,2233,2236,2293,2257,2264,2250,2211,2207,2223,2297,2249,2241,2248,2233,2249,2237,2257,2273,2220,2266,2223,2226,2225,2257,2241
292.024,2188.5,2244,2184,2218,2166,2190,2158,2196,2209,2151,2147,2191,2181,2178,2195,2188,2160,2173,2188,2190,2176,2227,2175,2217,2161,2175,2232,2202,2178,2195,2210
292.342,2259.2,2259,2281,2311,2238,2251,2237,2267,2290,2261,2253,2263,2258,2246,2243,2240,2237,2280,2267,2237,2240,2250,2252,2249,2251,2285,2265,2253,2270,2276,2265
292.660,2194.3,2163,2182,2202,2185,2213,2210,2204,2218,2191,2236,2212,2147,2190,2180,2219,2175,2192,2196,2203,2209,2190,2171,2159,2221,2164,2193,2202,2211,2181,2209
292.978,2249.1,2247,2234,2243,2249,2267,2257,2223,2241,2288,2259,2236,2247,2209,2224,2232,2281,2226,2259,2251,2248,2213,2255,2249,2295,2273,2256,2257,2275,2226,2253
293.296,2378.4,2403,2372,2381,2414,2374,2394,2397,2372,2397,2352,2336,2446,2347,2376,2383,2362,2373,2344,2322,2387,2400,2427,2366,2344,2395,2349,2392,2389,2381,2376
293.613,2062.6,2036,2076,2063,2067,2084,2099,2053,2084,2071,2034,2041,2093,2094,2049,2064,2044,2092,2051,2064,2045,2030,2063,2049,2050,2072,2045,2057,2061,2087,2060
293.931,2193.6,2168,2193,2211,2204,2194,2191,2160,2222,2185,2174,2204,2184,2177,2231,2200,2209,2206,2169,2174,2191,2184,2189,2198,2198,2178,2198,2195,2215,2196,2211
294.249,2514.9,2521,2543,2489,2504,2475,2525,2541,2532,2508,2507,2490,2518,2550,2559,2528,2512,2517,2521,2489,2504,2507,2546,2497,2512,2500,2503,2515,2535,2486,2513
294.567,2254.3,2253,2244,2254,2243,2225,2232,2285,2280,2242,2273,2241,2263,2250,2250,2236,2248,2266,2264,2232,2269,2264,2277,2228,2259,2223,2281,2262,2242,2248,2294
294.885,2401.1,2370,2399,2428,2409,2420,2388,2394,2420,2387,2409,2395,2376,2406,2405,2385,2411,2421,2402,2375,2424,2384,2416,2388,2410,2345,2425,2397,2380,2443,2422
295.203,2279.9,2248,2307,2296,2303,2253,2258,2277,2287,2286,2284,2284,2289,2293,2298,2253,2282,2322,2270,2268,2298,2305,2270,2305,2282,2283,2233,2269,2255,2269,2269
295.522,2439.2,2426,2413,2447,2440,2419,2462,2420,2471,2432,2432,2446,2436,2423,2460,2433,2454,2447,2462,2414,2428,2449,2404,2441,2441,2403,2445,2470,2450,2481,2426
295.840,2237.9,2243,2251,2243,2235,2248,2218,2252,2246,2218,2252,2277,2230,2243,2236,2167,2230,2208,2264,2239,2238,2235,2230,2207,2256,2250,2246,2277,2221,2235,2243
296.158,2581.5,2559,2554,2552,2599,2536,2546,2635,2593,2553,2557,2573,2567,2626,2592,2610,2604,2589,2570,2597,2614,2610,2559,2553,2572,2597,2569,2543,2617,2605,2594
296.476,2577.7,2539,2598,2586,2584,2546,2605,2559,2599,2569,2581,2576,2568,2594,2609,2593,2593,2569,2517,2577,2570,2570,2564,2642,2557,2589,2594,2545,2587,2584,2567
296.795,2399.5,2377,2408,2416,2382,2383,2404,2390,2420,2400,2390,2395,2385,2400,2417,2429,2405,2384,2437,2391,2405,2414,2397,2376,2379,2421,2394,2430,2395,2386,2376
297.113,2143.1,2149,2111,2133,2130,2117,2126,2150,2150,2173,2120,2125,2170,2141,2128,2153,2146,2150,2161,2142,2152,2189,2137,2153,2154,2162,2138,2148,2126,2102,2156
297.431,2189.5,2205,2167,2216,2182,2208,2183,2176,2187,2206,2180,2179,2202,2166,2196,2189,2203,2173,2171,2226,2192,2189,2226,2169,2179,2219,2146,2192,2204,2184,2171
297.750,2350.3,2373,2365,2337,2325,2360,2344,2365,2345,2311,2304,2351,2346,2364,2324,2367,2354,2324,2335,2402,2363,2380,2347,2323,2369,2408,2344,2331,2331,2339,2378
298.068,2180.4,2173,2193,2197,2149,2179,2142,2186,2182,2192,2165,2192,2175,2193,2158,2203,2176,2146,2166,2139,2181,2179,2178,2214,2174,2194,2165,2189,2213,2192,2226
298.387,2234.3,2229,2230,2277,2217,2236,2270,2231,2251,2193,2180,2212,2212,2277,2239,2240,2261,2225,2252,2244,2233,2208,2238,2246,2200,2231,2244,2235,2235,2240,2243
298.705,2828.3,2872,2863,2784,2833,2821,2825,2839,2812,2821,2802,2832,2842,2853,2836,2850,2806,2834,2792,2842,2818,2839,2829,2864,2805,2862,2815,2819,2820,2837,2781
299.024,2145.5,2115,2154,2150,2140,2104,2191,2156,2158,2147,2132,2148,2153,2154,2152,2156,2150,2136,2129,2133,2139,2156,2163,2145,2131,2150,2156,2149,2120,2149,2149
299.342,2265.8,2204,2283,2293,2267,2231,2268,2257,2279,2253,2267,2253,2237,2271,2275,2272,2297,2305,2244,2270,2268,2270,2269,2268,2258,2262,2262,2269,2283,2275,2264
299.661,2119.1,2122,2130,2120,2112,2147,2098,2113,2116,2124,2114,2101,2149,2120,2114,2143,2123,2125,2133,2117,2140,2120,2100,2135,2113,2122,2123,2068,2104,2155,2072
299.980,2187.4,2145,2198,2150,2184,2179,2132,2238,2186,2211,2217,2176,2196,2197,2192,2211,2205,2223,2164,2168,2191,2180,2192,2166,2237,2206,2168,2160,2223,2164,2163
300.298,2312.1,2294,2336,2293,2313,2270,2287,2323,2288,2324,2317,2317,2342,2284,2269,2290,2337,2314,2360,2328,2331,2270,2337,2307,2310,2340,2330,2303,2345,2322,2281
300.617,2217.1,2184,2190,2211,2198,2227,2239,2230,2223,2234,2233,2196,2254,2202,2203,2229,2198,2233,2241,2219,2219,2212,2179,2220,2245,2210,2176,2248,2216,2218,2225
300.936,2133.7,2121,2088,2152,2152,2129,2121,2158,2145,2147,2100,2165,2124,2144,2097,2131,2113,2127,2138,2105,2186,2141,2154,2138,2160,2159,2090,2115,2136,2152,2124
301.255,2422.3,2420,2418,2408,2421,2448,2416,2475,2398,2401,2421,2450,2392,2405,2418,2423,2425,2427,2403,2436,2413,2433,2447,2432,2447,2407,2399,2364,2454,2460,2407
301.574,2452.3,2486,2427,2447,2427,2449,2470,2421,2471,2482,2427,2447,2473,2446,2426,2421,2489,2459,2449,2459,2488,2467,2441,2437,2433,2476,2445,2458,2482,2429,2437
301.892,2183.0,2169,2198,2206,2214,2196,2184,2176,2158,2160,2173,2165,2176,2142,2170,2185,2211,2172,2213,2198,2174,2172,2181,2207,2199,2193,2129,2200,2158,2188,2223
302.211,2220.9,2232,2232,2207,2213,2200,2232,2186,2196,2209,2203,2260,2204,2237,2209,2235,2229,2241,2253,2203,2237,2169,2235,2221,2224,2230,2252,2201,2211,2226,2239
302.530,2539.9,2561,2555,2562,2516,2522,2543,2520,2574,2540,2531,2543,2558,2521,2536,2543,2534,2576,2558,2548,2521,2488,2597,2522,2565,2526,2515,2527,2515,2584,2495
302.849,2458.7,2504,2434,2488,2482,2471,2465,2460,2432,2437,2456,2454,2469,2427,2450,2441,2491,2461,2444,2462,2472,2463,2449,2461,2472,2472,2488,2421,2434,2424,2478
303.169,2368.2,2339,2343,2397,2399,2354,2371,2348,2390,2344,2342,2356,2392,2395,2339,2373,2367,2375,2378,2377,2330,2356,2378,2388,2361,2411,2349,2355,2384,2380,2375
303.488,2376.3,2402,2372,2373,2392,2351,2397,2316,2360,2400,2363,2395,2387,2384,2339,2360,2377,2402,2394,2363,2357,2389,2393,2384,2384,2385,2371,2339,2399,2388,2373
303.807,2160.7,2156,2150,2164,2169,2145,2167,2165,2163,2126,2153,2132,2157,2193,2170,2152,2168,2137,2175,2156,2173,2171,2163,2164,2132,2151,2180,2152,2168,2190,2178
304.126,2225.4,2252,2232,2195,2204,2214,2261,2214,2210,2216,2235,2202,2226,2237,2224,2204,2256,2235,2198,2243,2269,2235,2225,2210,2207,2216,2204,2195,2267,2218,2257
304.445,2442.9,2417,2442,2468,2393,2430,2496,2423,2399,2467,2439,2448,2450,2442,2463,2450,2456,2466,2447,2477,2473,2451,2461,2442,2451,2432,2372,2448,2437,2443,2404
304.765,2458.0,2444,2454,2424,2434,2451,2468,2485,2432,2481,2456,2472,2473,2512,2464,2395,2430,2476,2508,2446,2453,2467,2451,2461,2426,2456,2447,2456,2456,2490,2471
305.084,2400.0,2371,2416,2408,2360,2350,2360,2405,2436,2435,2389,2415,2418,2393,2392,2413,2387,2388,2389,2421,2434,2423,2405,2402,2395,2386,2358,2416,2374,2444,2418
305.403,2198.5,2194,2194,2189,2196,2184,2222,2169,2209,2191,2210,2211,2176,2191,2219,2232,2224,2189,2169,2216,2190,2185,2216,2181,2244,2190,2221,2182,2161,2192,2207
305.723,2262.9,2296,2257,2268,2262,2257,2225,2243,2255,2300,2244,2249,2280,2261,2285,2271,2284,2237,2247,2239,2271,2277,2296,2259,2253,2276,2256,2239,2218,2304,2279
306.042,2339.0,2327,2366,2349,2338,2336,2331,2362,2328,2333,2324,2328,2329,2326,2345,2371,2354,2330,2324,2342,2326,2344,2371,2322,2317,2337,2340,2366,2333,2361,2310
306.361,2344.6,2338,2377,2329,2339,2321,2314,2313,2346,2346,2348,2338,2315,2323,2366,2340,2366,2338,2338,2384,2317,2355,2329,2357,2337,2373,2357,2382,2352,2346,2353
306.681,2201.8,2204,2238,2163,2176,2165,2183,2227,2188,2229,2210,2173,2220,2188,2223,2237,2239,2178,2210,2213,2237,2197,2174,2196,2208,2198,2205,2177,2181,2233,2185
307.001,2267.0,2250,2238,2293,2282,2265,2309,2254,2274,2226,2273,2304,2274,2299,2268,2273,2272,2288,2251,2278,2257,2259,2273,2264,2248,2264,2248,2259,2226,2280,2260
307.320,2398.8,2409,2417,2353,2392,2393,2399,2404,2356,2397,2399,2411,2405,2384,2412,2453,2394,2405,2408,2399,2427,2387,2382,2392,2417,2372,2405,2385,2391,2399,2418
307.640,2371.6,2406,2401,2365,2402,2364,2412,2376,2375,2378,2384,2366,2338,2399,2376,2344,2335,2366,2356,2342,2371,2397,2325,2373,2340,2416,2361,2354,2355,2389,2382
307.959,2451.7,2438,2471,2464,2442,2494,2442,2457,2455,2489,2473,2426,2483,2440,2462,2418,2433,2453,2422,2448,2456,2496,2420,2449,2434,2417,2501,2429,2435,2467,2438
308.279,2247.8,2250,2254,2256,2268,2229,2282,2276,2208,2226,2241,2244,2270,2236,2216,2242,2267,2247,2265,2287,2245,2241,2226,2278,2231,2220,2278,2225,2232,2243,2252
308.599,2441.0,2394,2433,2467,2411,2436,2438,2408,2450,2455,2444,2451,2432,2412,2428,2430,2420,2444,2493,2466,2422,2448,2453,2453,2444,2426,2471,2472,2438,2460,2431
308.919,2259.5,2295,2282,2268,2264,2280,2237,2264,2211,2245,2277,2244,2280,2260,2243,2243,2250,2274,2266,2277,2284,2268,2264,2252,2225,2248,2236,2251,2250,2271,2276
309.238,2393.1,2377,2392,2402,2401,2373,2392,2400,2346,2424,2345,2404,2376,2400,2378,2417,2384,2383,2387,2410,2392,2417,2411,2392,2394,2403,2395,2403,2379,2399,2417
309.558,2343.6,2344,2324,2349,2349,2372,2326,2347,2376,2371,2339,2345,2349,2342,2363,2349,2339,2340,2347,2355,2342,2290,2297,2346,2323,2339,2362,2372,2301,2330,2381
309.878,2246.0,2298,2241,2241,2245,2235,2229,2238,2245,2253,2282,2223,2232,2305,2234,2264,2244,2211,2261,2244,2249,2257,2228,2195,2283,2264,2264,2270,2192,2205,2248
310.198,2796.5,2768,2779,2784,2777,2781,2785,2881,2793,2806,2832,2795,2807,2742,2851,2819,2815,2780,2819,2802,2801,2769,2800,2773,2795,2780,2793,2802,2800,2774,2793
310.518,2428.2,2412,2385,2441,2415,2425,2467,2415,2440,2453,2424,2387,2461,2456,2471,2438,2417,2449,2419,2400,2398,2427,2406,2422,2432,2405,2459,2438,2376,2440,2468
310.838,2513.7,2524,2509,2494,2504,2515,2532,2521,2541,2533,2497,2465,2484,2489,2530,2543,2501,2513,2486,2523,2477,2555,2502,2506,2525,2499,2531,2533,2512,2526,2541
311.158,2503.4,2556,2536,2479,2465,2524,2493,2528,2520,2506,2504,2468,2499,2523,2487,2529,2515,2535,2449,2472,2479,2472,2513,2482,2531,2558,2482,2547,2455,2508,2486
311.478,2235.9,2227,2207,2228,2226,2237,2259,2234,2282,2255,2202,2248,2221,2269,2232,2205,2253,2207,2250,2243,2267,2219,2200,2243,2228,2265,2248,2214,2254,2226,2229
311.799,2214.1,2235,2212,2248,2184,2244,2203,2243,2221,2188,2173,2176,2240,2234,2225,2185,2274,2217,2200,2169,2238,2218,2209,2216,2226,2192,2219,2228,2227,2156,2224
312.119,2326.4,2333,2296,2312,2308,2308,2334,2333,2322,2357,2316,2315,2310,2338,2328,2354,2343,2340,2350,2314,2326,2320,2296,2312,2298,2343,2319,2331,2331,2353,2351
312.439,2524.7,2518,2549,2485,2518,2545,2516,2513,2524,2497,2578,2508,2533,2534,2520,2490,2528,2523,2528,2515,2515,2560,2526,2522,2533,2496,2561,2536,2543,2507,2520
312.759,2346.5,2363,2349,2370,2329,2335,2291,2350,2358,2348,2354,2346,2349,2361,2350,2338,2389,2322,2377,2317,2377,2363,2321,2334,2345,2343,2348,2369,2337,2330,2331
313.079,2466.4,2449,2487,2440,2497,2452,2474,2449,2447,2440,2443,2460,2509,2478,2469,2475,2478,2480,2481,2487,2472,2488,2485,2482,2454,2463,2403,2468,2446,2492,2444
313.400,2200.5,2195,2181,2182,2224,2239,2206,2172,2222,2193,2158,2192,2186,2193,2202,2176,2166,2207,2205,2226,2205,2205,2237,2181,2213,2194,2223,2237,2187,2195,2214
313.720,2114.1,2058,2101,2159,2088,2114,2136,2134,2104,2104,2168,2114,2125,2110,2104,2104,2118,2111,2135,2125,2119,2117,2101,2093,2090,2099,2094,2134,2113,2120,2132
314.041,2165.4,2201,2139,2173,2143,2172,2152,2175,2130,2154,2199,2177,2160,2150,2178,2128,2165,2164,2149,2136,2172,2193,2163,2184,2159,2234,2164,2139,2131,2201,2178
314.361,2217.8,2238,2234,2206,2218,2213,2197,2232,2211,2176,2216,2267,2250,2243,2190,2230,2199,2200,2198,2212,2196,2244,2220,2196,2197,2239,2238,2224,2214,2208,2229
314.682,2191.6,2209,2200,2202,2166,2184,2161,2208,2196,2148,2184,2160,2174,2218,2184,2202,2197,2205,2219,2199,2164,2202,2215,2180,2193,2157,2163,2245,2217,2182,2214
315.002,2306.7,2304,2312,2259,2301,2324,2341,2319,2306,2308,2337,2249,2290,2316,2303,2308,2303,2312,2243,2303,2267,2322,2323,2277,2333,2331,2317,2305,2341,2291,2356
315.323,2199.0,2208,2187,2210,2191,2191,2176,2208,2213,2168,2209,2205,2233,2206,2195,2197,2232,2210,2184,2205,2200,2164,2203,2238,2209,2161,2181,2206,2219,2185,2175
315.643,2541.8,2546,2574,2516,2554,2539,2541,2548,2538,2577,2542,2528,2552,2536,2552,2512,2551,2538,2513,2545,2556,2560,2530,2513,2532,2538,2558,2554,2544,2508,2559
315.964,2391.5,2386,2362,2390,2379,2393,2349,2454,2360,2378,2415,2419,2374,2360,2419,2407,2382,2399,2398,2377,2397,2399,2405,2386,2349,2403,2378,2407,2410,2394,2415
316.285,1974.6,1927,1971,1978,1989,1988,1974,1997,2005,1949,1944,1994,1930,1986,1945,1972,2011,1976,1993,1971,1944,1946,1996,1992,1995,1987,1981,1932,2011,1977,1977
316.605,2259.7,2260,2283,2238,2239,2207,2318,2255,2269,2255,2297,2258,2269,2231,2260,2237,2255,2245,2235,2265,2269,2269,2277,2257,2271,2266,2227,2280,2297,2248,2255
316.926,2357.9,2351,2367,2352,2339,2385,2374,2344,2354,2341,2384,2357,2344,2375,2342,2361,2323,2384,2332,2362,2389,2372,2357,2345,2338,2341,2344,2419,2344,2336,2381
317.247,2571.6,2571,2552,2600,2579,2552,2553,2561,2597,2556,2595,2582,2560,2555,2600,2598,2598,2579,2586,2566,2590,2605,2587,2554,2550,2541,2524,2566,2586,2566,2540
317.568,2460.8,2431,2471,2472,2497,2457,2469,2445,2441,2470,2452,2475,2447,2473,2467,2419,2465,2483,2480,2437,2492,2478,2440,2439,2448,2462,2486,2452,2492,2453,2431
317.889,2505.8,2500,2492,2488,2513,2473,2454,2475,2526,2515,2522,2500,2504,2499,2554,2510,2465,2532,2524,2529,2512,2517,2545,2470,2525,2477,2506,2508,2571,2495,2473
318.210,2009.0,2027,2000,1990,2008,2044,2016,2056,1992,2023,2011,2015,2042,2030,2002,1972,2018,2051,2008,2006,2029,2005,1980,1951,1994,2022,1966,1983,2031,2001,1997
318.530,2407.3,2438,2405,2371,2357,2416,2421,2389,2416,2385,2407,2419,2409,2400,2421,2404,2383,2395,2410,2393,2427,2463,2377,2426,2415,2465,2382,2423,2378,2401,2422
318.851,2264.4,2216,2318,2258,2293,2224,2253,2277,2299,2270,2274,2316,2220,2274,2272,2227,2269,2239,2269,2260,2244,2253,2282,2252,2282,2257,2248,2279,2267,2244,2295
319.173,2367.0,2351,2392,2338,2338,2384,2374,2379,2354,2368,2364,2338,2373,2382,2361,2361,2363,2369,2376,2410,2384,2369,2367,2402,2365,2396,2310,2360,2344,2341,2397
319.494,2241.1,2209,2260,2232,2226,2254,2253,2261,2254,2220,2221,2244,2249,2246,2239,2236,2246,2227,2265,2252,2277,2233,2224,2222,2207,2270,2275,2233,2211,2223,2263
319.815,2234.7,2264,2228,2245,2245,2224,2228,2192,2252,2265,2237,2227,2238,2209,2257,2232,2232,2220,2220,2219,2248,2255,2246,2210,2256,2230,2197,2235,2229,2258,2244
320.136,2520.2,2504,2589,2527,2532,2480,2499,2511,2532,2497,2534,2532,2525,2483,2564,2510,2543,2513,2512,2520,2532,2500,2519,2503,2545,2518,2503,2557,2526,2490,2506
320.457,2360.6,2363,2356,2341,2375,2357,2322,2414,2353,2344,2358,2379,2349,2392,2394,2376,2341,2369,2370,2349,2344,2378,2334,2345,2332,2337,2420,2351,2352,2376,2348
320.778,2417.3,2405,2424,2375,2396,2403,2450,2426,2403,2405,2441,2439,2411,2404,2399,2392,2397,2414,2408,2430,2429,2428,2439,2429,2390,2420,2430,2422,2462,2405,2443
321.100,2567.9,2576,2578,2577,2556,2561,2621,2541,2577,2609,2528,2560,2591,2549,2546,2570,2544,2515,2576,2601,2574,2580,2557,2558,2557,2548,2554,2578,2585,2613,2556
321.421,2017.5,2024,2016,2021,2008,1999,2009,2046,2033,2018,2005,2025,2004,2031,1979,2024,2038,1992,2015,2008,2031,1966,2040,2028,2014,1983,2047,2025,2043,2049,2004
321.742,2235.0,2230,2260,2223,2185,2252,2210,2227,2223,2249,2241,2262,2200,2216,2216,2254,2277,2241,2233,2228,2217,2239,2237,2254,2230,2242,2268,2218,2217,2240,2262
322.064,2457.1,2431,2464,2472,2449,2484,2451,2432,2447,2484,2424,2468,2432,2467,2454,2443,2481,2481,2507,2459,2441,2452,2451,2474,2483,2461,2421,2428,2507,2407,2459
322.385,2287.3,2324,2287,2297,2297,2268,2304,2306,2260,2285,2319,2295,2276,2292,2308,2264,2310,2247,2247,2279,2292,2284,2285,2262,2267,2271,2291,2298,2312,2305,2288
322.706,2411.1,2424,2422,2381,2376,2417,2451,2459,2428,2412,2425,2384,2450,2408,2415,2377,2385,2432,2398,2430,2407,2405,2376,2366,2460,2428,2375,2413,2426,2366,2436
323.028,2286.5,2289,2288,2297,2290,2232,2269,2311,2335,2307,2274,2271,2285,2289,2294,2272,2266,2290,2307,2284,2307,2316,2268,2269,2301,2272,2329,2288,2258,2292,2245
323.350,2085.8,2082,2068,2084,2090,2118,2070,2099,2072,2024,2086,2120,2066,2078,2060,2075,2074,2058,2117,2104,2104,2090,2094,2116,2089,2096,2092,2102,2116,2068,2063
323.671,2095.5,2084,2101,2088,2072,2099,2128,2071,2086,2090,2104,2114,2093,2099,2088,2062,2106,2098,2086,2062,2093,2098,2097,2104,2095,2095,2114,2127,2079,2099,2132
323.993,2237.5,2239,2280,2251,2248,2248,2237,2256,2265,2199,2227,2217,2254,2221,2248,2209,2264,2234,2220,2219,2258,2210,2219,2255,2225,2231,2243,2244,2245,2217,2243
324.314,2025.3,2042,2041,2064,2033,2031,2025,2009,2056,2008,2057,2037,2024,2045,2019,2021,1968,2017,2005,1989,2028,2014,1981,2024,2043,1995,2036,2030,2030,2047,2040
324.636,2724.3,2755,2753,2765,2736,2675,2721,2754,2696,2712,2723,2729,2782,2724,2732,2717,2710,2691,2687,2750,2720,2728,2726,2712,2709,2702,2716,2719,2747,2744,2694
324.958,2289.3,2310,2327,2260,2264,2280,2354,2335,2290,2278,2319,2287,2264,2296,2282,2309,2254,2324,2276,2269,2249,2337,2284,2302,2298,2264,2314,2237,2271,2299,2247
325.280,2406.4,2414,2373,2404,2393,2419,2376,2411,2434,2427,2445,2389,2443,2408,2385,2422,2376,2398,2397,2393,2436,2401,2405,2437,2423,2364,2418,2382,2390,2397,2433
325.601,2116.9,2096,2107,2120,2099,2120,2120,2106,2134,2162,2128,2150,2138,2126,2137,2093,2087,2107,2104,2084,2148,2105,2105,2130,2113,2104,2102,2128,2118,2117,2120
325.923,2202.4,2214,2218,2189,2188,2229,2193,2189,2156,2196,2220,2188,2197,2188,2205,2233,2207,2220,2211,2177,2195,2196,2203,2195,2218,2173,2188,2211,2206,2249,2219
326.245,2141.8,2139,2133,2189,2164,2104,2141,2132,2127,2153,2133,2154,2122,2150,2178,2144,2149,2141,2118,2160,2175,2158,2137,2091,2142,2127,2132,2168,2132,2125,2137
326.567,2201.9,2218,2181,2193,2201,2256,2188,2223,2202,2203,2211,2241,2224,2212,2214,2164,2188,2178,2200,2207,2198,2187,2195,2186,2213,2216,2176,2176,2199,2217,2189
326.889,2389.8,2417,2419,2411,2383,2408,2375,2353,2364,2369,2347,2358,2404,2434,2390,2411,2393,2406,2413,2373,2368,2394,2372,2366,2383,2392,2399,2414,2402,2376,2401
327.211,2359.3,2362,2361,2373,2353,2337,2347,2360,2385,2363,2321,2351,2362,2375,2354,2368,2381,2346,2341,2348,2361,2341,2374,2382,2403,2342,2387,2380,2328,2344,2350
327.533,2343.1,2372,2377,2320,2365,2327,2356,2317,2299,2366,2347,2323,2334,2340,2387,2353,2361,2373,2386,2308,2298,2292,2366,2362,2361,2306,2368,2291,2345,2357,2335
327.855,2322.8,2326,2325,2329,2338,2322,2321,2328,2332,2360,2340,2307,2336,2293,2351,2325,2311,2316,2291,2340,2337,2338,2326,2286,2312,2334,2335,2283,2311,2335,2297
328.177,2088.2,2131,2086,2093,2097,2077,2063,2020,2105,2115,2050,2084,2091,2078,2105,2102,2087,2085,2075,2038,2077,2089,2095,2117,2106,2088,2083,2099,2074,2137,2100
328.499,2295.1,2294,2283,2257,2319,2293,2262,2324,2288,2303,2287,2296,2252,2337,2298,2283,2272,2299,2321,2274,2311,2315,2286,2286,2288,2310,2325,2292,2293,2329,2277
328.822,3166.6,3141,3145,3159,3137,3213,3187,3192,3168,3166,3212,3151,3199,3181,3164,3158,3201,3145,3200,3132,3123,3192,3183,3113,3141,3148,3158,3194,3158,3163,3174
329.144,2303.1,2267,2282,2319,2297,2312,2331,2329,2290,2292,2271,2318,2334,2322,2317,2302,2312,2279,2307,2285,2272,2305,2316,2309,2298,2337,2310,2306,2248,2314,2313
329.466,2274.2,2295,2269,2243,2276,2266,2285,2301,2259,2258,2309,2256,2255,2290,2291,2292,2265,2297,2276,2244,2288,2285,2278,2242,2294,2281,2260,2280,2239,2267,2284
329.788,2210.8,2200,2241,2216,2203,2219,2186,2193,2200,2241,2197,2206,2217,2250,2216,2206,2181,2196,2211,2218,2247,2185,2217,2203,2178,2197,2202,2235,2213,2235,2215
330.111,2518.2,2504,2493,2540,2514,2515,2514,2511,2516,2532,2479,2510,2546,2531,2549,2549,2547,2484,2528,2553,2501,2511,2524,2531,2540,2541,2512,2486,2494,2520,2472
330.433,2532.3,2559,2523,2549,2520,2576,2523,2507,2490,2513,2485,2502,2538,2508,2563,2519,2530,2588,2541,2527,2523,2504,2561,2532,2502,2551,2544,2544,2556,2554,2536
330.756,2136.7,2148,2126,2138,2149,2148,2136,2121,2104,2123,2143,2148,2123,2158,2130,2164,2162,2123,2170,2117,2138,2146,2126,2143,2156,2115,2146,2106,2140,2129,2124
331.078,2059.1,2041,2058,2040,2064,2078,2031,2042,2059,2031,2040,2058,2050,2070,2069,2041,2064,2033,2039,2072,2054,2041,2081,2049,2106,2101,2079,2062,2075,2083,2062
331.401,2406.7,2370,2396,2415,2442,2380,2402,2424,2381,2422,2390,2414,2403,2386,2380,2421,2427,2381,2468,2390,2417,2439,2447,2408,2400,2400,2376,2398,2413,2438,2374
331.723,2222.3,2236,2225,2236,2191,2182,2216,2232,2192,2215,2217,2249,2231,2230,2270,2217,2206,2224,2199,2270,2236,2248,2219,2216,2223,2201,2226,2246,2220,2206,2191
332.046,2076.8,2084,2056,2082,2052,2088,2074,2128,2064,2059,2066,2044,2088,2072,2082,2084,2098,2082,2110,2077,2105,2058,2044,2097,2092,2049,2048,2094,2059,2115,2053
332.368,2487.6,2473,2440,2492,2471,2494,2488,2484,2480,2492,2468,2483,2467,2501,2484,2472,2489,2509,2505,2489,2495,2497,2474,2475,2516,2487,2516,2504,2458,2496,2530
332.691,2213.2,2254,2218,2209,2220,2229,2218,2202,2194,2212,2233,2201,2211,2218,2224,2206,2200,2219,2218,2223,2178,2191,2168,2232,2232,2195,2201,2222,2207,2239,2222
333.014,2529.5,2558,2573,2528,2536,2490,2568,2542,2497,2503,2486,2568,2532,2546,2578,2517,2543,2545,2519,2551,2515,2509,2520,2547,2531,2546,2538,2498,2495,2513,2493
333.336,2378.4,2414,2364,2360,2373,2340,2395,2402,2339,2393,2367,2389,2375,2344,2349,2347,2364,2403,2394,2384,2368,2365,2394,2353,2385,2394,2387,2421,2407,2408,2373
333.659,2590.1,2595,2536,2615,2607,2582,2585,2619,2629,2628,2572,2597,2573,2625,2564,2596,2565,2594,2598,2588,2585,2600,2597,2565,2589,2533,2617,2567,2570,2584,2629
333.982,2440.9,2412,2510,2408,2444,2458,2419,2433,2463,2465,2463,2434,2419,2446,2450,2431,2410,2448,2445,2413,2509,2428,2428,2434,2424,2376,2471,2449,2429,2467,2440
334.305,2581.8,2563,2598,2578,2594,2575,2601,2580,2616,2594,2559,2602,2589,2548,2597,2582,2573,2564,2545,2546,2574,2596,2616,2604,2557,2558,2548,2603,2603,2607,2585
334.628,2063.5,2042,2068,2042,2037,2061,2002,2083,2097,2078,2063,2092,2080,2098,2065,2062,2054,2036,2042,2062,2086,2068,2047,2045,2061,2104,2049,2052,2099,2068,2063
334.951,2316.4,2336,2328,2323,2283,2331,2312,2322,2351,2326,2299,2351,2263,2310,2313,2330,2312,2315,2328,2319,2309,2282,2288,2298,2298,2300,2360,2322,2354,2277,2351
335.274,2091.7,2075,2089,2085,2079,2114,2081,2069,2096,2080,2098,2108,2099,2077,2068,2136,2122,2094,2082,2081,2082,2058,2110,2058,2088,2104,2093,2088,2104,2106,2126
335.597,2367.2,2355,2358,2356,2386,2370,2348,2366,2392,2377,2347,2360,2380,2377,2339,2416,2345,2374,2352,2309,2401,2353,2380,2333,2355,2365,2375,2362,2406,2359,2421
335.920,2423.1,2420,2430,2393,2437,2420,2412,2430,2402,2445,2429,2404,2455,2420,2427,2382,2380,2451,2390,2438,2422,2443,2454,2414,2445,2434,2454,2390,2415,2434,2424
336.243,2439.3,2425,2443,2460,2417,2424,2421,2493,2445,2462,2455,2419,2390,2445,2477,2405,2480,2446,2410,2436,2432,2440,2446,2427,2454,2439,2424,2446,2449,2436,2434
336.566,2275.1,2326,2265,2277,2261,2282,2211,2296,2307,2251,2281,2280,2263,2268,2315,2300,2252,2277,2289,2267,2249,2287,2284,2235,2306,2248,2282,2252,2272,2269,2302
336.889,2207.1,2222,2180,2216,2248,2230,2214,2214,2194,2218,2237,2206,2181,2202,2176,2203,2193,2212,2214,2186,2203,2219,2225,2187,2209,2221,2194,2188,2197,2196,2227
337.212,2075.2,2046,2080,2094,2079,2068,2064,2064,2079,2065,2091,2103,2068,2088,2055,2064,2063,2058,2071,2087,2101,2068,2066,2067,2049,2074,2072,2098,2110,2079,2086
337.535,2103.6,2089,2068,2093,2117,2081,2136,2132,2132,2060,2114,2097,2086,2115,2110,2127,2075,2096,2117,2124,2125,2127,2109,2107,2093,2127,2107,2046,2118,2077,2103
337.859,2202.3,2200,2209,2206,2205,2217,2226,2202,2202,2207,2211,2210,2206,2247,2217,2195,2185,2209,2190,2210,2211,2198,2196,2180,2148,2218,2195,2178,2174,2205,2212
338.182,2207.7,2187,2168,2193,2239,2235,2219,2232,2198,2254,2232,2228,2189,2189,2186,2216,2159,2189,2180,2177,2188,2217,2236,2220,2207,2186,2226,2219,2238,2220,2203
338.505,2757.1,2745,2787,2746,2789,2738,2739,2771,2774,2805,2770,2758,2750,2747,2777,2810,2753,2758,2718,2729,2755,2766,2714,2766,2752,2749,2764,2761,2730,2745,2746
338.829,2384.0,2395,2369,2367,2411,2383,2377,2396,2399,2354,2361,2362,2424,2377,2402,2380,2389,2398,2348,2364,2387,2402,2363,2414,2386,2394,2425,2385,2379,2372,2356
339.152,2283.5,2285,2283,2308,2256,2295,2287,2288,2290,2226,2302,2293,2270,2286,2335,2269,2232,2272,2288,2278,2262,2300,2257,2303,2277,2302,2305,2309,2261,2292,2294
339.476,2239.4,2247,2240,2249,2239,2236,2252,2247,2248,2248,2248,2232,2225,2232,2227,2211,2231,2211,2216,2226,2267,2217,2227,2251,2246,2222,2214,2243,2267,2267,2295
339.799,2460.0,2431,2450,2440,2436,2462,2444,2480,2422,2452,2436,2489,2473,2483,2436,2463,2433,2505,2477,2437,2462,2464,2450,2485,2427,2482,2495,2477,2501,2473,2436
340.123,2180.0,2219,2194,2185,2179,2141,2165,2181,2181,2185,2193,2154,2184,2210,2174,2193,2165,2193,2223,2159,2171,2173,2180,2171,2153,2200,2212,2169,2153,2163,2177
340.446,2389.2,2373,2400,2392,2392,2403,2413,2411,2408,2372,2403,2409,2396,2344,2395,2368,2377,2393,2392,2388,2417,2432,2392,2366,2336,2372,2415,2408,2378,2349,2382
340.770,2141.8,2170,2152,2151,2143,2148,2153,2113,2110,2172,2178,2124,2165,2101,2137,2089,2174,2149,2120,2128,2136,2153,2149,2128,2146,2109,2159,2133,2168,2136,2160
341.093,2335.4,2310,2344,2329,2342,2354,2344,2317,2360,2358,2309,2291,2358,2326,2344,2322,2320,2353,2303,2301,2301,2331,2355,2351,2360,2338,2358,2335,2332,2337,2379
341.417,2243.5,2239,2273,2244,2210,2224,2256,2245,2292,2254,2232,2258,2220,2217,2252,2261,2253,2224,2224,2232,2250,2257,2252,2234,2255,2248,2242,2235,2271,2250,2201
341.741,2371.4,2370,2397,2342,2376,2374,2342,2389,2362,2419,2355,2339,2360,2358,2354,2388,2360,2356,2338,2385,2370,2360,2347,2407,2389,2398,2377,2364,2402,2382,2382
342.065,2235.1,2189,2230,2234,2248,2248,2211,2192,2278,2275,2248,2189,2247,2248,2235,2233,2235,2224,2241,2236,2235,2223,2252,2236,2232,2230,2227,2244,2253,2260,2220
342.388,2254.8,2242,2257,2283,2270,2270,2243,2274,2242,2277,2197,2272,2251,2267,2246,2217,2241,2277,2261,2246,2244,2270,2252,2235,2280,2237,2291,2205,2285,2248,2264
342.712,2500.8,2456,2507,2476,2542,2504,2486,2502,2506,2526,2511,2526,2473,2450,2493,2506,2491,2512,2491,2527,2537,2496,2503,2469,2524,2496,2520,2494,2477,2501,2523
343.036,2136.7,2136,2162,2133,2120,2149,2130,2111,2155,2134,2142,2210,2125,2098,2127,2146,2140,2128,2111,2158,2115,2125,2140,2131,2136,2142,2160,2134,2140,2116,2146
343.360,2642.3,2638,2640,2651,2654,2655,2639,2657,2654,2632,2643,2659,2622,2598,2644,2637,2649,2638,2645,2638,2646,2672,2649,2626,2626,2636,2628,2648,2629,2639,2676
343.684,2253.5,2236,2249,2269,2257,2283,2218,2243,2253,2267,2292,2220,2235,2247,2262,2257,2249,2314,2246,2250,2270,2245,2232,2255,2236,2244,2281,2268,2252,2231,2244
344.008,2175.4,2181,2143,2165,2195,2144,2157,2152,2187,2176,2220,2176,2161,2166,2182,2181,2142,2155,2213,2165,2193,2158,2173,2203,2184,2200,2164,2200,2186,2160,2181
344.332,2350.3,2338,2312,2397,2377,2354,2378,2374,2345,2319,2329,2332,2356,2349,2353,2355,2338,2335,2325,2386,2351,2312,2365,2360,2322,2335,2348,2340,2349,2383,2391
344.656,2051.0,2069,2058,2057,2050,2087,2056,2074,2061,2040,2058,2054,2051,2054,2056,2017,2041,2086,2080,2019,2056,2022,2040,2033,2055,2026,2072,2056,2044,2036,2021
344.980,2259.6,2230,2253,2284,2236,2242,2250,2274,2287,2282,2297,2279,2213,2261,2250,2278,2255,2239,2260,2263,2264,2256,2265,2280,2270,2263,2252,2253,2246,2259,2248
345.304,2624.4,2618,2644,2584,2649,2618,2645,2622,2628,2632,2616,2648,2611,2625,2633,2653,2608,2606,2633,2646,2642,2623,2637,2606,2621,2637,2620,2579,2648,2579,2622
345.628,2467.5,2470,2485,2473,2455,2433,2489,2499,2468,2441,2447,2486,2466,2440,2473,2495,2446,2513,2473,2450,2473,2427,2474,2471,2459,2452,2508,2471,2440,2482,2465
345.953,2410.5,2421,2411,2386,2381,2369,2448,2385,2394,2434,2403,2450,2378,2416,2413,2392,2419,2424,2402,2394,2444,2406,2402,2449,2402,2420,2411,2386,2432,2402,2441
346.277,2501.3,2470,2524,2524,2467,2530,2524,2509,2508,2503,2481,2493,2495,2555,2511,2517,2521,2475,2529,2484,2512,2491,2519,2506,2510,2474,2475,2528,2481,2474,2450
346.601,2416.8,2417,2416,2436,2426,2418,2480,2402,2400,2419,2439,2412,2417,2408,2385,2414,2439,2410,2401,2437,2431,2414,2429,2419,2456,2384,2387,2430,2404,2359,2414
346.925,2363.9,2347,2387,2354,2358,2370,2340,2402,2354,2358,2392,2353,2349,2351,2388,2368,2353,2363,2353,2338,2406,2370,2388,2345,2340,2366,2368,2368,2386,2324,2378
347.250,1939.2,1917,1970,1956,1942,1961,1954,1928,1941,1934,1938,1937,1951,1937,1961,1945,1903,1889,1926,1937,1931,1911,1941,1977,1917,1913,1968,1957,1977,1928,1928
347.574,2280.9,2312,2269,2279,2235,2264,2287,2296,2270,2266,2242,2264,2277,2298,2296,2280,2283,2294,2264,2293,2265,2295,2297,2305,2274,2324,2286,2296,2254,2269,2292
347.899,2281.4,2259,2304,2270,2289,2271,2291,2265,2256,2324,2254,2272,2316,2259,2319,2272,2316,2285,2315,2250,2277,2283,2302,2287,2258,2248,2278,2298,2278,2260,2285
348.223,2336.0,2348,2287,2344,2347,2334,2355,2339,2308,2360,2325,2357,2322,2380,2352,2350,2328,2305,2334,2328,2317,2345,2276,2396,2316,2337,2359,2329,2325,2325,2351
348.548,2490.3,2490,2498,2500,2470,2462,2488,2479,2492,2537,2493,2513,2469,2478,2476,2507,2440,2521,2508,2480,2523,2483,2476,2433,2463,2558,2486,2502,2504,2501,2478
348.872,2254.5,2208,2287,2290,2309,2259,2246,2216,2276,2280,2264,2269,2264,2240,2248,2235,2266,2285,2263,2234,2284,2247,2243,2252,2246,2253,2246,2202,2238,2255,2231
349.197,2298.4,2290,2280,2281,2320,2302,2285,2281,2304,2334,2305,2327,2255,2298,2325,2272,2302,2262,2296,2276,2305,2334,2284,2296,2269,2308,2261,2316,2367,2300,2316
349.521,2965.3,2969,2980,2993,3012,2984,2993,2952,2917,2964,2953,2965,2963,2924,2992,2952,2968,2921,2974,2978,2975,2968,2968,2979,2928,2945,2981,2995,2979,2951,2935
349.846,2266.8,2267,2304,2234,2296,2277,2292,2269,2284,2248,2237,2291,2234,2229,2288,2249,2260,2238,2301,2278,2264,2265,2276,2257,2246,2274,2269,2253,2287,2273,2265
350.171,2473.5,2462,2502,2448,2426,2460,2472,2440,2448,2479,2443,2472,2497,2445,2429,2477,2468,2502,2479,2478,2510,2472,2479,2494,2466,2472,2514,2486,2487,2501,2496
350.495,2217.2,2250,2228,2216,2212,2233,2186,2222,2226,2264,2251,2223,2230,2185,2193,2236,2230,2182,2188,2211,2225,2275,2211,2194,2227,2182,2178,2191,2237,2243,2186
350.820,2380.8,2363,2378,2395,2390,2381,2388,2350,2326,2403,2397,2369,2364,2358,2408,2424,2357,2352,2398,2379,2408,2351,2369,2361,2392,2386,2429,2387,2393,2362,2405
351.145,2174.7,2211,2169,2148,2191,2213,2194,2140,2172,2184,2150,2178,2187,2189,2182,2152,2168,2163,2184,2204,2189,2134,2174,2187,2115,2182,2177,2190,2168,2163,2182
351.470,2183.5,2188,2236,2197,2207,2188,2194,2187,2202,2169,2172,2198,2168,2146,2175,2165,2147,2193,2200,2200,2203,2181,2200,2189,2213,2154,2165,2162,2140,2204,2163
351.795,2409.4,2414,2413,2369,2438,2409,2341,2350,2421,2408,2395,2396,2429,2389,2434,2447,2444,2435,2459,2426,2375,2387,2421,2383,2378,2414,2367,2421,2463,2398,2457
352.120,2244.3,2228,2192,2276,2275,2239,2218,2254,2264,2269,2248,2260,2220,2252,2249,2219,2221,2233,2285,2293,2248,2223,2275,2254,2193,2255,2220,2229,2214,2256,2267
352.445,2544.3,2513,2530,2570,2527,2541,2577,2566,2562,2528,2543,2528,2547,2499,2552,2541,2545,2515,2563,2596,2522,2501,2557,2586,2508,2560,2560,2520,2587,2542,2543
352.770,2333.5,2364,2324,2325,2374,2342,2317,2328,2322,2330,2356,2352,2324,2364,2298,2293,2348,2282,2355,2309,2311,2339,2384,2341,2285,2294,2322,2355,2339,2373,2356
353.095,2261.0,2266,2275,2248,2251,2246,2279,2280,2234,2259,2244,2312,2260,2260,2279,2271,2233,2270,2299,2251,2219,2239,2248,2296,2232,2250,2253,2289,2270,2266,2252
353.420,2422.9,2369,2430,2403,2399,2421,2414,2426,2456,2441,2433,2411,2432,2434,2417,2450,2418,2440,2405,2389,2417,2374,2429,2466,2399,2442,2445,2466,2437,2458,2366
353.745,2568.8,2541,2565,2552,2574,2569,2606,2547,2565,2581,2591,2601,2530,2522,2581,2579,2584,2568,2591,2577,2521,2576,2568,2600,2541,2527,2609,2592,2580,2542,2585
354.070,2287.8,2272,2296,2321,2279,2282,2330,2306,2299,2303,2261,2265,2294,2317,2249,2271,2301,2288,2275,2295,2283,2300,2270,2272,2258,2252,2287,2312,2288,2305,2303
354.395,2168.8,2141,2181,2130,2197,2173,2200,2172,2170,2184,2134,2176,2177,2149,2185,2180,2191,2168,2156,2202,2126,2173,2184,2171,2133,2142,2184,2147,2168,2164,2207
354.720,2164.1,2184,2168,2192,2176,2133,2156,2186,2161,2161,2195,2168,2177,2180,2154,2191,2112,2177,2178,2163,2150,2170,2164,2180,2149,2178,2155,2132,2132,2143,2158
355.046,2097.6,2098,2061,2119,2121,2057,2125,2135,2116,2091,2078,2076,2124,2059,2102,2129,2113,2106,2103,2112,2078,2064,2079,2100,2100,2064,2073,2117,2104,2132,2091
355.371,2347.8,2371,2358,2302,2360,2367,2364,2349,2364,2301,2331,2348,2361,2331,2320,2359,2347,2344,2342,2398,2324,2380,2370,2335,2349,2312,2365,2335,2381,2342,2324
355.696,2062.1,2097,2040,2020,2063,2085,2045,2022,2084,2056,2100,2033,2070,2054,2056,2070,2024,2091,2089,2067,2042,2062,2069,2065,2043,2065,2062,2059,2100,2069,2062
356.022,2131.5,2109,2151,2152,2104,2088,2190,2154,2133,2141,2139,2111,2122,2134,2131,2082,2146,2115,2124,2156,2139,2139,2152,2105,2115,2129,2111,2129,2124,2154,2165
356.347,2466.2,2461,2474,2514,2473,2481,2414,2460,2489,2441,2442,2492,2512,2434,2475,2452,2450,2451,2429,2488,2491,2464,2443,2481,2497,2461,2493,2430,2513,2446,2434
356.673,2294.7,2270,2270,2337,2303,2302,2294,2320,2278,2291,2287,2303,2317,2294,2291,2284,2335,2313,2259,2314,2293,2291,2292,2253,2291,2292,2300,2300,2267,2292,2309
356.998,2206.6,2212,2200,2204,2196,2239,2201,2197,2167,2213,2196,2212,2223,2266,2197,2210,2198,2210,2199,2239,2206,2201,2189,2196,2162,2248,2237,2220,2202,2181,2178
357.324,2455.7,2449,2497,2463,2441,2399,2415,2417,2489,2462,2446,2480,2475,2458,2490,2465,2488,2424,2456,2437,2434,2444,2457,2449,2465,2454,2451,2475,2445,2460,2486
357.649,2509.5,2510,2502,2532,2491,2478,2498,2504,2509,2495,2504,2525,2497,2535,2529,2476,2517,2511,2502,2559,2494,2499,2520,2528,2504,2478,2499,2541,2500,2520,2528
357.975,2438.4,2448,2456,2429,2434,2425,2417,2468,2440,2412,2462,2451,2439,2417,2439,2458,2467,2432,2397,2442,2451,2450,2440,2414,2453,2429,2438,2412,2434,2440,2459
358.300,2104.3,2076,2090,2102,2095,2124,2129,2108,2136,2077,2120,2120,2120,2149,2076,2061,2077,2113,2070,2121,2133,2151,2128,2080,2070,2108,2110,2099,2101,2086,2100
358.626,2696.8,2673,2702,2715,2698,2698,2684,2728,2727,2729,2660,2673,2707,2707,2697,2690,2682,2684,2714,2723,2730,2683,2691,2678,2680,2709,2725,2700,2675,2653,2690
358.952,2323.2,2335,2309,2362,2296,2347,2320,2332,2304,2281,2340,2338,2341,2325,2363,2323,2342,2310,2308,2319,2280,2357,2310,2300,2302,2330,2330,2339,2313,2317,2323
359.277,2301.6,2290,2298,2334,2306,2288,2304,2312,2310,2284,2320,2272,2259,2314,2307,2331,2293,2301,2315,2329,2283,2258,2294,2318,2289,2264,2292,2368,2340,2265,2310
359.603,2170.8,2153,2133,2149,2176,2184,2166,2122,2174,2161,2198,2163,2181,2201,2180,2172,2184,2133,2189,2197,2175,2159,2181,2161,2136,2176,2181,2189,2208,2172,2170
359.929,2299.5,2297,2316,2320,2304,2309,2294,2298,2281,2303,2305,2290,2307,2279,2328,2300,2291,2291,2242,2300,2270,2313,2290,2299,2302,2326,2308,2296,2324,2290,2313
360.255,2375.2,2391,2354,2384,2394,2348,2413,2370,2355,2361,2428,2406,2332,2358,2382,2360,2405,2342,2428,2385,2357,2401,2359,2344,2394,2366,2356,2401,2364,2358,2360
360.581,2771.2,2776,2738,2792,2776,2735,2774,2777,2799,2736,2765,2799,2756,2763,2752,2793,2771,2766,2773,2740,2764,2809,2784,2778,2811,2722,2779,2800,2809,2750,2749
360.907,2308.8,2309,2308,2299,2281,2334,2275,2255,2318,2314,2316,2294,2292,2301,2330,2341,2327,2339,2306,2316,2306,2328,2277,2270,2314,2320,2337,2323,2319,2329,2287
361.233,2210.8,2232,2218,2209,2212,2174,2191,2189,2192,2197,2205,2214,2236,2220,2204,2226,2237,2233,2213,2246,2227,2181,2209,2210,2191,2232,2182,2224,2214,2191,2215
361.559,2019.4,1977,2040,2012,2009,2036,2041,2019,2024,1994,2023,2034,2012,2018,1970,2037,1998,2036,2062,2025,2036,2027,2049,1998,2033,2003,1980,2002,2045,1996,2045
361.885,2283.6,2310,2284,2308,2295,2267,2296,2224,2274,2297,2266,2331,2281,2286,2283,2256,2293,2250,2318,2271,2322,2281,2281,2279,2358,2313,2287,2225,2254,2256,2261
362.211,2331.3,2356,2303,2343,2331,2361,2336,2347,2344,2321,2362,2291,2296,2352,2326,2320,2354,2368,2340,2307,2331,2302,2301,2339,2355,2344,2308,2316,2368,2322,2294
362.537,2134.8,2127,2116,2142,2150,2149,2137,2167,2110,2127,2154,2139,2139,2109,2150,2144,2151,2128,2122,2139,2141,2116,2141,2125,2117,2155,2120,2120,2140,2138,2130
362.863,2226.9,2230,2232,2165,2214,2238,2207,2230,2204,2238,2239,2264,2236,2214,2230,2218,2247,2258,2227,2206,2244,2190,2221,2233,2249,2230,2252,2244,2224,2221,2201
363.189,2682.0,2689,2665,2688,2689,2648,2684,2689,2692,2653,2670,2701,2707,2639,2696,2682,2701,2684,2671,2661,2694,2712,2670,2714,2685,2666,2695,2677,2677,2704,2657
363.516,2395.5,2388,2400,2382,2386,2403,2377,2379,2394,2380,2395,2399,2393,2416,2400,2411,2403,2372,2398,2408,2397,2387,2396,2379,2438,2356,2417,2372,2428,2380,2431
363.842,2525.4,2532,2526,2520,2541,2513,2522,2493,2543,2496,2565,2545,2530,2514,2523,2537,2537,2570,2486,2499,2520,2555,2528,2510,2537,2523,2520,2520,2540,2527,2490
364.168,2512.3,2498,2504,2542,2484,2537,2514,2505,2526,2547,2540,2534,2486,2535,2526,2586,2500,2517,2519,2423,2509,2515,2491,2484,2549,2539,2492,2508,2513,2479,2468
364.494,2414.1,2420,2414,2404,2376,2456,2395,2434,2373,2406,2381,2425,2412,2410,2444,2427,2393,2468,2427,2400,2445,2412,2431,2364,2456,2447,2426,2370,2399,2450,2359
364.821,2138.8,2145,2116,2185,2128,2136,2177,2175,2138,2146,2123,2155,2143,2149,2152,2124,2152,2116,2136,2149,2123,2139,2143,2157,2169,2109,2085,2127,2146,2101,2120
365.147,2351.1,2330,2368,2336,2340,2338,2342,2414,2361,2331,2334,2325,2350,2326,2364,2327,2336,2344,2340,2362,2405,2370,2340,2358,2354,2340,2354,2370,2352,2393,2330
365.474,2060.2,2079,2060,2038,2029,2066,2040,2079,2041,2072,2091,2041,2055,2087,2040,2079,2020,2081,2045,2081,2080,2067,2095,2034,2024,2065,2064,2064,2092,2049,2047
365.800,2519.0,2531,2513,2528,2472,2514,2530,2552,2510,2543,2560,2491,2517,2514,2544,2486,2491,2550,2460,2501,2539,2568,2515,2511,2517,2530,2504,2501,2519,2538,2522
366.127,2398.3,2415,2399,2406,2413,2455,2392,2396,2411,2413,2380,2414,2388,2425,2400,2399,2403,2364,2405,2406,2406,2415,2402,2381,2415,2375,2346,2373,2353,2410,2388
366.453,2460.9,2471,2478,2488,2468,2468,2482,2472,2463,2483,2515,2443,2436,2444,2430,2474,2491,2426,2462,2430,2492,2427,2438,2421,2477,2419,2437,2473,2464,2486,2469
366.780,2366.1,2351,2351,2371,2370,2363,2368,2356,2351,2401,2343,2344,2369,2381,2358,2360,2367,2358,2363,2360,2355,2387,2355,2377,2356,2417,2408,2360,2392,2330,2362
367.106,2476.5,2467,2476,2447,2467,2480,2499,2495,2460,2517,2489,2520,2465,2498,2507,2437,2485,2509,2421,2452,2501,2486,2474,2453,2488,2445,2512,2432,2490,2464,2460
367.433,2366.6,2362,2391,2356,2364,2349,2346,2357,2382,2346,2383,2333,2352,2386,2388,2372,2345,2354,2369,2357,2384,2405,2374,2340,2385,2360,2366,2382,2359,2392,2360
367.760,2010.7,1994,1998,2003,2003,2030,2005,2004,2032,2026,2034,2008,2016,1998,2002,2030,2011,2020,1983,1989,2027,1997,2050,2020,2007,1997,2021,1998,2020,2016,1981
368.086,2410.2,2389,2429,2370,2436,2399,2442,2413,2421,2381,2433,2393,2354,2448,2411,2402,2417,2412,2394,2404,2417,2450,2397,2449,2418,2406,2414,2417,2411,2358,2420
368.413,2183.8,2184,2183,2191,2194,2168,2145,2172,2184,2144,2219,2169,2128,2173,2195,2165,2184,2202,2175,2198,2201,2204,2236,2179,2183,2187,2188,2186,2240,2176,2160
368.740,2500.2,2485,2513,2498,2494,2524,2500,2506,2546,2556,2489,2531,2468,2515,2458,2474,2474,2524,2453,2546,2516,2531,2516,2486,2469,2458,2531,2511,2459,2492,2483
369.067,2127.3,2101,2139,2143,2126,2115,2111,2122,2112,2143,2153,2137,2103,2145,2126,2114,2159,2155,2128,2125,2134,2104,2130,2142,2126,2136,2121,2128,2118,2092,2130
369.394,2689.8,2687,2677,2675,2687,2722,2675,2702,2680,2671,2701,2688,2707,2686,2737,2707,2691,2700,2723,2693,2686,2696,2687,2655,2667,2689,2674,2648,2689,2681,2712
369.721,2495.0,2480,2466,2479,2498,2460,2500,2503,2502,2507,2481,2516,2473,2463,2440,2527,2526,2472,2442,2516,2537,2472,2528,2543,2520,2490,2520,2489,2493,2502,2505
370.048,6455.2,6536,6478,6463,6570,6492,6447,6363,6487,6536,6424,6420,6520,6453,6416,6508,6443,6424,6456,6435,6494,6395,6448,6435,6394,6474,6376,6408,6479,6409,6472
370.375,2189.9,2187,2145,2221,2179,2186,2189,2194,2215,2192,2171,2205,2182,2172,2216,2186,2194,2187,2204,2182,2184,2221,2195,2208,2187,2190,2191,2174,2190,2172,2178
370.702,2149.3,2165,2169,2117,2124,2166,2140,2149,2136,2165,2172,2195,2129,2167,2136,2140,2203,2131,2148,2145,2136,2170,2164,2140,2138,2169,2150,2140,2144,2093,2138
371.029,2026.9,2045,2069,2035,2013,2046,2062,2018,1982,1980,2049,2034,2075,2058,2027,1993,2039,2042,2014,2015,2028,2018,2031,1997,2036,2022,2027,2036,2005,2001,2009
371.356,2295.3,2316,2273,2317,2296,2301,2301,2316,2308,2322,2309,2285,2289,2341,2273,2310,2296,2271,2272,2280,2270,2302,2305,2309,2243,2265,2315,2286,2297,2301,2289
371.683,2270.3,2284,2274,2280,2257,2269,2280,2263,2228,2233,2300,2246,2305,2309,2282,2276,2278,2260,2303,2294,2268,2258,2228,2240,2282,2265,2280,2273,2287,2242,2265
372.010,2601.9,2591,2568,2571,2619,2613,2574,2637,2598,2611,2577,2618,2596,2570,2591,2617,2611,2637,2579,2605,2615,2605,2599,2581,2622,2609,2590,2602,2593,2657,2602
372.337,2015.9,2019,2031,1992,2023,1972,2013,2012,2040,2046,1998,2007,1972,2030,2020,2025,2009,1977,2041,2059,1973,2005,1996,2008,2019,2014,2072,2033,2049,1982,2041
372.665,2613.0,2606,2629,2581,2633,2623,2660,2641,2638,2612,2587,2584,2593,2613,2627,2624,2562,2622,2630,2578,2617,2617,2613,2604,2633,2629,2630,2601,2582,2626,2594
372.992,2346.6,2346,2301,2312,2336,2370,2341,2296,2393,2380,2334,2364,2377,2361,2335,2348,2345,2366,2386,2340,2337,2365,2326,2327,2339,2392,2319,2357,2345,2336,2324
373.319,2103.1,2109,2099,2092,2095,2098,2107,2116,2108,2108,2093,2111,2102,2085,2147,2118,2091,2113,2106,2073,2100,2115,2142,2114,2084,2096,2095,2123,2066,2089,2097
373.647,2106.1,2123,2096,2095,2137,2106,2083,2112,2123,2090,2080,2097,2107,2130,2111,2113,2118,2090,2119,2141,2088,2063,2085,2096,2115,2084,2114,2115,2150,2072,2129
373.974,2211.8,2240,2217,2184,2225,2214,2245,2212,2248,2201,2139,2243,2235,2238,2204,2191,2194,2205,2211,2178,2233,2217,2189,2222,2197,2238,2228,2202,2190,2204,2211
374.301,2288.4,2279,2285,2265,2294,2270,2272,2275,2323,2345,2246,2303,2293,2307,2294,2295,2322,2286,2267,2272,2252,2309,2271,2281,2281,2264,2344,2312,2286,2285,2274
374.629,2326.5,2331,2330,2313,2353,2327,2304,2319,2355,2320,2300,2361,2346,2357,2339,2354,2345,2312,2266,2328,2294,2345,2321,2319,2334,2318,2278,2324,2318,2332,2351
374.956,2465.0,2493,2484,2434,2450,2477,2478,2461,2454,2456,2434,2458,2432,2483,2423,2480,2479,2450,2472,2428,2502,2476,2432,2473,2473,2431,2477,2456,2510,2479,2515
375.284,2222.2,2218,2235,2230,2222,2208,2250,2216,2243,2222,2266,2172,2206,2236,2221,2196,2210,2229,2218,2219,2200,2232,2216,2245,2204,2195,2206,2188,2214,2300,2248
375.612,2357.6,2357,2330,2369,2382,2345,2349,2315,2360,2338,2338,2368,2362,2373,2347,2361,2377,2344,2353,2375,2335,2357,2329,2354,2428,2347,2399,2345,2348,2379,2363
375.939,2647.8,2618,2672,2639,2641,2666,2632,2654,2680,2661,2625,2630,2674,2702,2651,2628,2652,2622,2620,2641,2664,2668,2625,2650,2616,2613,2651,2617,2683,2689,2651
376.267,1999.0,2020,2000,1993,2000,1981,2021,1999,1990,1988,2024,1988,2002,2008,2005,2001,2008,1989,2017,2001,1997,1982,1996,1952,2013,2005,1993,1958,1993,2014,2033
376.594,1851.6,1860,1864,1886,1838,1848,1887,1866,1842,1886,1830,1863,1862,1834,1827,1857,1837,1856,1863,1906,1826,1855,1865,1831,1826,1849,1835,1825,1864,1822,1838
376.922,2437.1,2409,2467,2438,2431,2424,2444,2433,2423,2447,2427,2415,2454,2411,2453,2424,2469,2424,2456,2420,2415,2417,2473,2483,2462,2409,2441,2453,2421,2444,2426
377.250,2294.9,2274,2280,2279,2276,2315,2323,2299,2281,2321,2311,2333,2310,2267,2296,2306,2312,2328,2341,2276,2272,2268,2315,2278,2291,2272,2292,2270,2285,2314,2261
377.578,2356.9,2352,2347,2366,2369,2350,2353,2360,2367,2328,2298,2378,2356,2390,2344,2360,2371,2368,2374,2373,2370,2371,2345,2342,2380,2328,2344,2339,2371,2357,2355
377.906,2276.2,2306,2296,2287,2303,2273,2278,2230,2268,2275,2275,2239,2232,2290,2243,2285,2262,2311,2325,2290,2298,2263,2280,2268,2275,2304,2221,2299,2272,2256,2282
378.233,2457.0,2472,2436,2496,2499,2452,2474,2433,2435,2480,2488,2486,2426,2493,2449,2422,2467,2454,2454,2464,2460,2456,2441,2438,2460,2478,2429,2455,2421,2447,2446
378.561,2235.9,2238,2250,2259,2228,2195,2253,2251,2246,2244,2236,2256,2218,2237,2221,2236,2235,2217,2239,2239,2248,2224,2194,2249,2233,2241,2236,2226,2240,2269,2219
378.889,2126.8,2132,2132,2154,2122,2146,2100,2117,2139,2119,2092,2109,2132,2145,2122,2130,2116,2133,2099,2112,2128,2147,2148,2155,2122,2112,2126,2139,2133,2133,2109
379.217,2242.6,2246,2262,2184,2230,2234,2210,2192,2229,2231,2249,2239,2218,2246,2207,2300,2261,2276,2251,2267,2196,2223,2285,2240,2252,2241,2259,2256,2280,2248,2265
379.545,2507.6,2499,2511,2529,2496,2492,2502,2479,2528,2516,2508,2497,2534,2481,2491,2510,2508,2526,2541,2499,2525,2491,2497,2485,2544,2521,2491,2480,2520,2533,2495
379.873,2376.6,2360,2391,2321,2392,2388,2350,2354,2393,2375,2394,2403,2402,2361,2369,2385,2346,2345,2384,2393,2419,2374,2394,2365,2346,2420,2373,2358,2375,2377,2390
380.201,2005.3,2000,2011,2036,2003,1993,2018,1976,2008,1988,2025,1978,2002,1994,1988,2040,2011,2008,1982,2032,2044,2015,2022,1987,1974,2021,1987,2013,1987,2015,2001
380.529,2309.0,2362,2320,2305,2287,2275,2329,2326,2299,2324,2328,2274,2304,2347,2301,2284,2316,2292,2317,2303,2269,2349,2305,2296,2257,2347,2296,2334,2344,2303,2276
380.858,2316.7,2318,2347,2306,2313,2310,2342,2310,2306,2294,2323,2348,2303,2305,2273,2307,2304,2339,2356,2301,2325,2316,2288,2364,2264,2312,2313,2319,2356,2318,2320
381.186,2209.4,2250,2218,2204,2159,2177,2199,2191,2181,2205,2203,2205,2205,2222,2205,2241,2230,2198,2163,2202,2242,2220,2230,2210,2200,2244,2224,2208,2248,2203,2196
381.514,2183.6,2177,2192,2211,2200,2154,2154,2167,2163,2170,2179,2198,2214,2191,2177,2174,2204,2158,2202,2161,2202,2161,2213,2225,2166,2193,2181,2182,2149,2182,2207
381.842,2183.5,2209,2172,2159,2187,2155,2170,2154,2209,2175,2172,2160,2182,2183,2176,2204,2180,2174,2172,2177,2197,2212,2159,2185,2198,2188,2200,2159,2232,2171,2233
382.171,2224.1,2274,2180,2229,2232,2210,2216,2232,2202,2227,2208,2210,2269,2190,2206,2229,2216,2218,2255,2214,2225,2220,2253,2227,2202,2244,2249,2228,2221,2205,2232
382.499,2241.4,2266,2236,2279,2235,2253,2274,2184,2214,2234,2246,2248,2250,2230,2245,2248,2273,2232,2225,2244,2254,2212,2202,2259,2267,2272,2217,2251,2241,2215,2237
382.827,2346.3,2318,2364,2364,2363,2292,2362,2315,2404,2354,2366,2385,2360,2337,2366,2280,2365,2342,2296,2374,2310,2349,2312,2334,2337,2360,2377,2333,2360,2337,2372
383.156,2176.7,2175,2168,2148,2170,2141,2130,2185,2152,2175,2185,2159,2189,2172,2210,2224,2176,2158,2162,2216,2201,2199,2175,2187,2202,2175,2158,2209,2167,2187,2145
383.484,2074.6,2066,2094,2066,2034,2069,2099,2064,2085,2070,2089,2054,2097,2081,2068,2097,2081,2060,2087,2058,2068,2101,2029,2079,2067,2095,2079,2070,2085,2104,2041
383.813,2454.4,2430,2475,2425,2442,2429,2454,2471,2440,2477,2443,2484,2454,2444,2486,2423,2458,2470,2462,2456,2484,2471,2453,2516,2435,2440,2453,2452,2413,2442,2450
384.141,3554.5,3540,3576,3605,3534,3528,3545,3579,3568,3539,3527,3542,3544,3561,3565,3518,3556,3555,3493,3549,3569,3564,3613,3580,3557,3531,3538,3577,3556,3564,3563
384.470,2432.6,2441,2433,2441,2413,2385,2448,2420,2447,2420,2462,2459,2417,2434,2438,2406,2444,2440,2436,2463,2446,2437,2403,2465,2444,2421,2396,2408,2441,2456,2415
384.798,2042.9,2068,2035,2049,2061,2009,2059,2038,2005,2052,2023,2040,2039,2052,2025,2053,2008,2062,2025,2050,2026,2095,2014,2040,2054,2047,2034,2029,2063,2081,2051
385.127,2247.4,2269,2232,2186,2257,2237,2229,2255,2285,2264,2260,2227,2259,2260,2231,2249,2258,2222,2262,2259,2230,2245,2252,2262,2238,2278,2280,2270,2218,2238,2211
385.456,2503.0,2524,2510,2502,2481,2517,2505,2461,2494,2543,2498,2497,2492,2502,2510,2512,2526,2502,2522,2511,2472,2502,2512,2495,2479,2466,2526,2520,2502,2495,2513
385.784,2428.9,2416,2473,2474,2429,2402,2430,2408,2390,2397,2419,2424,2405,2467,2425,2392,2409,2436,2454,2426,2466,2437,2418,2450,2458,2393,2398,2425,2472,2446,2429
386.113,2487.3,2457,2496,2512,2487,2447,2499,2515,2538,2501,2473,2458,2465,2497,2487,2478,2461,2500,2468,2508,2473,2501,2490,2498,2513,2421,2502,2448,2507,2527,2491
386.442,2324.5,2320,2336,2321,2329,2300,2332,2261,2338,2302,2348,2283,2346,2328,2348,2311,2432,2320,2354,2307,2336,2328,2315,2313,2333,2294,2317,2365,2319,2338,2262
386.771,2134.7,2075,2163,2147,2117,2110,2095,2144,2132,2130,2124,2145,2135,2176,2143,2156,2112,2150,2108,2122,2152,2130,2099,2140,2165,2113,2158,2137,2152,2161,2149
387.099,2104.4,2081,2121,2132,2086,2099,2116,2106,2116,2099,2100,2130,2077,2120,2096,2054,2099,2089,2125,2117,2105,2112,2100,2123,2109,2107,2105,2100,2073,2116,2118
387.428,2222.2,2215,2174,2241,2211,2198,2198,2232,2228,2219,2207,2224,2217,2226,2201,2202,2252,2218,2259,2257,2208,2215,2208,2243,2269,2196,2195,2241,2219,2249,2243
387.757,2240.4,2230,2240,2217,2292,2235,2213,2246,2222,2242,2238,2226,2227,2245,2218,2202,2225,2287,2264,2253,2253,2245,2222,2252,2226,2232,2284,2245,2240,2274,2217
388.086,2684.9,2682,2696,2747,2670,2702,2705,2651,2675,2708,2697,2637,2652,2678,2661,2712,2730,2659,2687,2732,2683,2706,2650,2684,2679,2720,2722,2642,2657,2637,2687
388.415,2366.9,2349,2350,2352,2411,2349,2380,2360,2367,2391,2343,2349,2383,2360,2357,2343,2359,2373,2329,2385,2364,2400,2309,2387,2364,2383,2382,2381,2388,2409,2349
388.744,2438.2,2432,2465,2442,2439,2434,2440,2443,2372,2390,2451,2447,2478,2415,2456,2461,2428,2377,2450,2425,2435,2425,2479,2468,2459,2435,2452,2432,2406,2465,2445
389.073,2341.0,2347,2357,2344,2377,2339,2346,2329,2319,2398,2339,2306,2347,2348,2321,2308,2292,2328,2330,2353,2360,2349,2333,2376,2378,2341,2322,2329,2326,2365,2323
389.402,2183.2,2182,2173,2179,2173,2176,2175,2200,2173,2205,2161,2173,2168,2193,2182,2152,2196,2176,2188,2193,2180,2168,2200,2174,2188,2180,2200,2197,2197,2202,2193
389.731,2316.7,2329,2304,2308,2300,2322,2345,2301,2275,2284,2347,2328,2314,2329,2312,2366,2328,2336,2312,2318,2258,2330,2310,2318,2302,2348,2325,2287,2315,2314,2336
390.061,2520.8,2499,2530,2533,2509,2566,2558,2514,2537,2507,2528,2530,2530,2518,2488,2569,2527,2509,2513,2506,2501,2508,2546,2492,2519,2505,2532,2497,2517,2537,2499
390.390,2285.0,2289,2304,2290,2256,2285,2296,2288,2275,2322,2285,2280,2291,2312,2280,2283,2280,2302,2275,2279,2288,2258,2292,2297,2272,2266,2273,2291,2270,2315,2256
390.719,2265.3,2251,2294,2250,2276,2255,2277,2278,2268,2262,2279,2228,2258,2283,2283,2263,2253,2253,2286,2212,2314,2292,2284,2287,2218,2243,2211,2294,2276,2272,2259
391.048,2335.2,2348,2333,2342,2315,2361,2315,2349,2336,2370,2330,2303,2350,2321,2344,2357,2351,2328,2357,2313,2315,2342,2317,2344,2337,2319,2345,2323,2324,2306,2360
391.377,2144.9,2190,2121,2122,2168,2181,2183,2122,2123,2163,2145,2139,2152,2159,2138,2184,2109,2122,2115,2111,2118,2176,2186,2131,2152,2143,2138,2108,2155,2171,2122
391.707,2247.5,2236,2278,2236,2251,2277,2248,2247,2240,2220,2230,2273,2248,2245,2248,2223,2242,2237,2270,2278,2246,2264,2242,2269,2249,2271,2241,2227,2229,2236,2225
392.036,2147.3,2169,2133,2157,2156,2121,2158,2094,2130,2142,2137,2151,2166,2150,2113,2131,2159,2137,2166,2157,2131,2191,2118,2148,2177,2164,2153,2147,2160,2142,2160
392.366,2295.1,2325,2288,2316,2286,2313,2293,2274,2292,2306,2285,2323,2267,2314,2319,2304,2275,2302,2240,2281,2313,2283,2254,2287,2306,2321,2312,2296,2296,2294,2287
392.695,2135.2,2147,2115,2095,2123,2133,2117,2152,2147,2172,2125,2132,2143,2132,2117,2135,2174,2117,2138,2174,2134,2158,2130,2145,2154,2150,2120,2114,2132,2131,2099
393.025,2450.3,2424,2487,2392,2466,2465,2454,2462,2467,2444,2440,2451,2493,2461,2422,2430,2430,2510,2438,2453,2484,2429,2426,2468,2431,2385,2456,2482,2479,2430,2449
393.354,2380.3,2414,2388,2390,2430,2398,2410,2361,2365,2402,2345,2381,2386,2411,2353,2333,2344,2391,2352,2389,2358,2415,2391,2390,2388,2355,2383,2362,2375,2369,2379
393.684,2101.2,2108,2121,2062,2116,2111,2099,2117,2134,2112,2075,2097,2107,2086,2064,2108,2114,2095,2063,2115,2136,2076,2125,2136,2097,2062,2085,2107,2104,2117,2086
394.013,2471.6,2495,2511,2442,2473,2462,2436,2476,2496,2458,2476,2471,2449,2430,2501,2460,2484,2461,2454,2458,2461,2485,2474,2484,2466,2509,2460,2472,2477,2456,2511
394.343,2190.8,2196,2168,2175,2176,2177,2209,2173,2192,2210,2178,2205,2196,2182,2186,2161,2168,2168,2184,2233,2178,2185,2202,2169,2196,2211,2201,2179,2270,2192,2205
394.672,2084.9,2069,2073,2090,2082,2091,2080,2110,2063,2096,2074,2122,2050,2082,2056,2086,2085,2091,2090,2094,2081,2069,2073,2096,2095,2091,2109,2100,2055,2113,2082
395.002,1978.5,1988,1970,1932,1994,1988,1983,1986,1958,1985,1956,1967,1983,1967,1960,1974,2026,1951,2012,1945,1965,1973,1978,1985,1974,1991,1994,2011,1974,2006,1979
395.332,2271.7,2294,2283,2207,2236,2249,2247,2278,2305,2312,2303,2266,2267,2241,2266,2265,2274,2262,2292,2300,2272,2270,2300,2309,2253,2296,2286,2246,2238,2280,2255
395.662,1954.9,1947,1915,1911,1957,1959,1962,1944,1954,1987,1915,1966,1955,1951,1983,1945,1964,1934,1994,1963,1977,1961,2002,1951,1955,1972,1958,1945,1911,1960,1948
395.991,2317.3,2342,2314,2347,2330,2329,2319,2312,2320,2320,2278,2310,2341,2298,2339,2266,2363,2315,2317,2322,2312,2344,2346,2332,2275,2303,2287,2302,2334,2307,2294
396.321,2323.3,2324,2309,2313,2301,2308,2292,2332,2350,2335,2358,2314,2316,2311,2325,2331,2328,2319,2333,2357,2319,2328,2336,2281,2279,2357,2338,2336,2339,2312,2317
396.651,2407.1,2405,2415,2385,2403,2400,2414,2393,2386,2389,2413,2400,2372,2404,2421,2423,2415,2449,2472,2392,2398,2394,2414,2384,2389,2404,2431,2408,2422,2392,2425
396.981,2105.7,2161,2117,2113,2127,2137,2116,2089,2110,2146,2092,2082,2099,2045,2071,2075,2101,2071,2119,2111,2104,2108,2120,2101,2124,2103,2106,2127,2075,2091,2129
397.311,2507.3,2500,2466,2466,2504,2503,2497,2465,2468,2509,2498,2499,2552,2525,2535,2526,2481,2513,2552,2521,2543,2472,2504,2517,2482,2522,2523,2507,2493,2508,2568
397.641,2339.9,2318,2331,2335,2348,2303,2344,2369,2376,2368,2380,2301,2316,2369,2333,2334,2321,2329,2363,2331,2350,2340,2268,2318,2350,2333,2388,2333,2359,2355,2335
397.971,2153.1,2121,2149,2159,2100,2142,2166,2184,2145,2150,2138,2188,2156,2161,2177,2126,2170,2163,2117,2155,2158,2126,2154,2161,2175,2187,2139,2144,2152,2174,2157
398.301,2132.3,2147,2131,2159,2076,2168,2136,2138,2142,2124,2141,2131,2138,2117,2167,2136,2124,2089,2138,2162,2121,2139,2116,2147,2090,2126,2088,2140,2147,2137,2154
398.631,2106.5,2123,2121,2099,2134,2121,2121,2085,2080,2069,2104,2105,2095,2065,2111,2104,2091,2100,2136,2122,2078,2125,2161,2050,2104,2082,2125,2154,2076,2122,2131
398.961,2177.5,2132,2168,2192,2184,2186,2195,2172,2184,2160,2184,2178,2185,2191,2178,2173,2149,2181,2179,2208,2196,2196,2181,2159,2180,2168,2166,2196,2194,2136,2175
399.291,2221.0,2223,2246,2210,2248,2213,2214,2239,2209,2227,2216,2238,2220,2171,2220,2227,2232,2285,2228,2211,2160,2222,2195,2217,2262,2210,2172,2212,2240,2252,2210
399.621,2063.2,2032,2082,2096,2018,2045,2070,2055,2047,2068,2025,2093,2083,2043,2072,2083,2038,2095,2066,2056,2050,2076,2064,2046,2078,2089,2093,2058,2044,2054,2076
399.952,2341.5,2375,2310,2317,2315,2340,2325,2345,2297,2353,2374,2348,2335,2346,2348,2334,2344,2319,2341,2331,2332,2344,2360,2348,2340,2354,2381,2348,2348,2346,2348
400.282,2048.5,2032,2007,2045,2018,2036,2079,2072,2040,2072,2048,2057,2035,2062,2067,1982,2070,2034,2066,2038,2067,2076,2024,2067,2054,2070,2019,2043,2046,2081,2049
400.612,2300.8,2289,2283,2293,2292,2310,2262,2296,2317,2278,2325,2349,2244,2357,2306,2297,2296,2302,2340,2301,2284,2308,2302,2317,2317,2288,2280,2299,2300,2310,2283
400.943,2233.0,2246,2244,2243,2219,2239,2219,2257,2237,2255,2184,2246,2219,2255,2273,2228,2220,2230,2233,2244,2204,2245,2246,2214,2238,2236,2204,2232,2232,2225,2224
401.273,2167.9,2200,2159,2158,2205,2182,2163,2220,2173,2162,2164,2145,2161,2149,2193,2155,2160,2146,2166,2163,2182,2184,2211,2132,2120,2181,2123,2167,2179,2133,2201
401.603,2371.5,2361,2348,2393,2346,2385,2363,2347,2330,2390,2367,2385,2373,2345,2348,2359,2396,2370,2397,2410,2329,2384,2373,2378,2411,2358,2414,2380,2406,2345,2354
401.934,2108.7,2106,2122,2128,2067,2149,2076,2143,2154,2114,2121,2135,2095,2106,2084,2096,2101,2102,2089,2123,2162,2115,2075,2122,2059,2114,2077,2093,2086,2113,2134
402.264,2178.0,2190,2196,2216,2166,2195,2155,2174,2204,2185,2154,2168,2203,2184,2160,2186,2202,2180,2159,2136,2202,2156,2148,2201,2171,2177,2225,2175,2134,2150,2189
402.595,2051.1,2068,2077,2059,2058,2049,2092,2056,2005,2045,2060,2088,2066,2037,2050,2026,2082,2024,2080,2038,2034,2068,2016,2002,2057,2057,2046,2050,2044,2058,2040
402.925,2123.3,2154,2139,2144,2114,2138,2124,2116,2104,2106,2108,2124,2121,2110,2139,2086,2150,2106,2131,2115,2125,2158,2101,2136,2101,2129,2140,2088,2137,2104,2150
403.256,2180.5,2177,2186,2161,2200,2147,2181,2211,2145,2137,2144,2176,2182,2204,2191,2176,2164,2183,2175,2152,2164,2189,2179,2200,2191,2235,2208,2164,2203,2187,2204
403.586,2816.8,2807,2801,2792,2859,2834,2789,2820,2832,2826,2853,2793,2801,2804,2831,2745,2830,2849,2813,2836,2805,2826,2787,2816,2833,2826,2810,2824,2825,2842,2794
403.917,2289.0,2289,2254,2292,2313,2362,2269,2311,2335,2297,2272,2237,2323,2258,2245,2278,2260,2294,2259,2298,2290,2287,2354,2253,2289,2288,2301,2304,2275,2295,2287
404.248,2162.8,2142,2162,2136,2143,2167,2168,2177,2159,2126,2156,2163,2230,2158,2212,2154,2167,2160,2149,2138,2168,2165,2153,2150,2182,2143,2145,2168,2207,2184,2152
404.578,2321.3,2380,2309,2287,2310,2317,2330,2329,2331,2329,2310,2364,2274,2304,2303,2285,2287,2296,2344,2334,2372,2306,2320,2326,2320,2316,2342,2318,2306,2355,2334
404.909,2418.1,2417,2438,2430,2420,2428,2394,2414,2441,2405,2434,2436,2366,2421,2387,2399,2443,2424,2432,2421,2433,2421,2440,2448,2421,2412,2405,2360,2423,2416,2415
405.240,2508.2,2506,2484,2502,2479,2481,2495,2520,2494,2509,2482,2502,2485,2511,2522,2515,2535,2511,2522,2511,2515,2516,2496,2472,2551,2544,2511,2538,2499,2514,2523
405.571,2166.1,2150,2214,2137,2159,2131,2176,2168,2169,2180,2200,2200,2163,2174,2161,2163,2160,2156,2145,2166,2161,2147,2158,2168,2149,2156,2212,2160,2146,2191,2163
405.902,2298.5,2321,2264,2346,2293,2273,2294,2307,2291,2331,2252,2275,2274,2332,2289,2248,2301,2300,2276,2307,2314,2329,2344,2357,2297,2268,2297,2296,2274,2301,2304
406.232,1955.8,1975,1988,1957,1905,1987,1926,1920,1925,1944,1959,1932,1939,2008,1939,1986,1944,1953,1940,1996,1971,1937,1919,1967,1982,1949,1976,1947,1934,1968,2001
406.563,2112.8,2071,2109,2126,2092,2093,2086,2106,2120,2101,2105,2119,2097,2138,2121,2114,2117,2127,2113,2113,2118,2104,2113,2147,2102,2097,2090,2144,2132,2132,2137
406.894,2207.0,2217,2175,2228,2195,2216,2244,2218,2204,2190,2198,2243,2159,2189,2198,2197,2188,2171,2231,2196,2215,2194,2241,2215,2195,2197,2242,2207,2226,2194,2228
407.225,2515.0,2507,2522,2507,2482,2516,2495,2543,2505,2519,2496,2524,2515,2520,2538,2481,2508,2524,2522,2553,2532,2550,2513,2527,2537,2530,2477,2540,2482,2529,2456
407.556,2290.0,2240,2324,2294,2325,2299,2309,2322,2268,2263,2310,2255,2265,2300,2291,2282,2292,2300,2340,2312,2268,2268,2245,2310,2265,2269,2274,2301,2293,2312,2304
407.887,2001.3,2002,1983,1958,2001,2049,1981,2005,1967,2007,2024,2000,1989,1999,2035,2027,1993,2013,2008,1981,2010,1968,1996,1994,1981,1999,2021,2015,1998,2022,2012
408.218,2297.8,2284,2311,2291,2296,2257,2294,2266,2305,2321,2289,2318,2232,2292,2349,2293,2290,2340,2272,2265,2325,2256,2318,2276,2316,2348,2324,2324,2293,2276,2313
408.550,2362.4,2393,2375,2372,2413,2355,2365,2354,2334,2364,2370,2392,2355,2390,2357,2375,2364,2362,2335,2382,2375,2337,2363,2403,2344,2352,2342,2344,2327,2340,2339
408.881,2291.9,2344,2303,2264,2287,2250,2286,2335,2302,2323,2261,2254,2338,2267,2291,2318,2281,2268,2308,2264,2311,2286,2313,2274,2298,2292,2264,2309,2285,2264,2316
409.212,2259.6,2293,2250,2286,2243,2280,2286,2261,2266,2220,2227,2223,2251,2245,2246,2253,2261,2270,2263,2258,2271,2264,2241,2263,2231,2270,2303,2278,2285,2274,2227
409.543,2327.1,2294,2332,2282,2296,2314,2337,2304,2307,2321,2310,2336,2316,2371,2310,2308,2367,2310,2324,2354,2314,2269,2325,2392,2376,2325,2350,2373,2328,2321,2346
409.874,2269.1,2321,2300,2287,2265,2245,2253,2283,2268,2258,2256,2248,2296,2259,2257,2252,2266,2251,2259,2322,2304,2250,2238,2278,2266,2233,2278,2264,2295,2259,2262
410.206,2063.4,1997,2059,2090,2034,2067,2049,2069,2059,2085,2079,2101,2098,2079,2112,2019,2064,2064,1999,2090,2061,2012,2093,2060,2086,2058,2058,2065,2059,2057,2079
410.537,2136.4,2164,2094,2100,2146,2150,2141,2139,2116,2167,2126,2107,2122,2124,2122,2169,2153,2151,2140,2140,2118,2122,2120,2139,2176,2128,2125,2172,2133,2133,2156
410.868,2243.8,2211,2236,2301,2207,2210,2285,2250,2224,2226,2269,2267,2227,2218,2264,2235,2244,2272,2251,2240,2271,2255,2268,2235,2249,2246,2255,2217,2243,2211,2227
411.200,2325.3,2349,2322,2300,2354,2351,2363,2348,2301,2318,2347,2322,2368,2344,2316,2308,2305,2298,2289,2307,2303,2332,2361,2326,2338,2300,2316,2314,2328,2319,2313
411.531,2425.8,2420,2479,2422,2439,2389,2400,2429,2444,2419,2462,2413,2428,2460,2420,2424,2425,2438,2432,2382,2422,2408,2403,2457,2446,2421,2429,2392,2432,2413,2425
411.863,2103.2,2157,2126,2102,2083,2113,2124,2050,2096,2106,2098,2104,2098,2105,2105,2096,2117,2102,2098,2065,2108,2104,2101,2101,2133,2115,2094,2108,2120,2075,2093
412.194,2317.1,2318,2330,2295,2306,2291,2301,2328,2307,2316,2342,2346,2319,2328,2323,2348,2288,2326,2347,2298,2331,2326,2290,2317,2322,2329,2306,2321,2317,2277,2320
412.526,2326.2,2320,2333,2337,2334,2333,2299,2301,2333,2327,2281,2348,2313,2339,2339,2338,2298,2330,2339,2303,2333,2346,2322,2362,2331,2376,2309,2312,2312,2344,2295
412.857,2270.5,2264,2267,2307,2243,2265,2267,2290,2262,2288,2276,2248,2242,2305,2284,2284,2275,2277,2257,2226,2280,2296,2301,2304,2275,2239,2226,2263,2286,2269,2248
413.189,2248.7,2273,2258,2235,2257,2268,2255,2263,2247,2228,2225,2264,2289,2214,2204,2278,2243,2253,2297,2216,2273,2272,2233,2226,2266,2243,2259,2208,2265,2208,2241
413.521,2432.0,2416,2397,2440,2424,2444,2385,2450,2386,2454,2443,2460,2440,2442,2453,2443,2430,2440,2449,2414,2433,2439,2414,2450,2426,2424,2410,2443,2416,2445,2450
413.852,2156.8,2137,2154,2137,2154,2173,2136,2150,2160,2165,2141,2168,2173,2161,2122,2205,2179,2178,2158,2168,2155,2192,2162,2142,2161,2149,2163,2160,2101,2163,2136
414.184,2397.9,2394,2402,2395,2393,2386,2410,2387,2418,2374,2395,2422,2387,2434,2363,2401,2413,2399,2349,2389,2437,2412,2406,2394,2424,2357,2408,2407,2357,2417,2408
414.516,2347.3,2331,2356,2346,2325,2346,2340,2375,2374,2377,2326,2336,2343,2360,2334,2344,2340,2342,2312,2303,2334,2312,2356,2386,2361,2393,2370,2346,2342,2339,2369
414.847,2311.9,2310,2307,2311,2328,2280,2335,2347,2285,2274,2294,2298,2321,2307,2316,2328,2278,2315,2274,2325,2313,2347,2367,2309,2313,2298,2291,2298,2360,2310,2317
415.179,2296.5,2289,2288,2307,2272,2314,2320,2305,2300,2324,2253,2279,2277,2272,2287,2317,2289,2294,2330,2281,2271,2344,2282,2346,2267,2288,2312,2305,2269,2299,2313
415.511,2524.2,2523,2540,2526,2508,2537,2517,2515,2457,2526,2527,2515,2507,2533,2555,2579,2553,2515,2477,2513,2531,2499,2501,2534,2547,2549,2552,2529,2528,2534,2500
415.843,2281.9,2277,2277,2274,2319,2260,2273,2297,2241,2294,2316,2248,2286,2267,2266,2284,2302,2318,2306,2298,2276,2275,2323,2282,2273,2238,2297,2254,2268,2296,2272
416.175,2602.4,2620,2601,2587,2605,2633,2606,2624,2630,2581,2598,2572,2591,2629,2582,2584,2570,2606,2618,2583,2590,2605,2600,2600,2594,2624,2592,2620,2607,2650,2570
416.507,2061.6,2079,2043,2083,2083,2055,2049,2056,2056,2077,2044,2080,2063,2091,2038,2082,2072,2097,2046,2060,2068,2052,2030,2056,2053,2047,2075,2040,2057,2085,2032
416.839,2191.1,2157,2179,2182,2214,2189,2186,2195,2222,2185,2204,2190,2165,2187,2186,2226,2172,2221,2198,2194,2195,2222,2146,2178,2165,2202,2198,2214,2200,2162,2200
417.171,2356.8,2370,2351,2349,2334,2335,2361,2363,2307,2351,2370,2370,2373,2335,2353,2365,2361,2338,2376,2370,2376,2315,2378,2361,2337,2373,2369,2375,2392,2340,2357
417.503,2266.3,2264,2260,2252,2240,2298,2261,2279,2301,2294,2278,2296,2227,2281,2253,2251,2227,2246,2264,2253,2285,2248,2280,2262,2284,2294,2260,2259,2230,2268,2294
417.835,2115.7,2122,2115,2126,2081,2118,2105,2140,2115,2088,2121,2113,2120,2128,2099,2073,2097,2123,2147,2095,2104,2089,2129,2125,2162,2140,2143,2134,2123,2097,2098
418.167,2572.1,2586,2592,2593,2575,2543,2567,2555,2540,2552,2606,2550,2569,2538,2593,2562,2599,2596,2576,2557,2622,2597,2600,2568,2547,2549,2559,2560,2567,2580,2564
418.499,2116.6,2128,2134,2114,2140,2112,2105,2101,2136,2146,2133,2129,2113,2106,2090,2125,2068,2104,2099,2095,2128,2144,2133,2121,2155,2109,2118,2095,2118,2075,2124
418.832,2460.0,2447,2454,2466,2457,2414,2482,2473,2472,2486,2447,2453,2472,2442,2491,2450,2444,2473,2465,2447,2406,2468,2472,2474,2449,2456,2469,2484,2444,2475,2467
419.164,2547.4,2536,2522,2562,2549,2499,2558,2614,2569,2546,2546,2558,2520,2512,2560,2587,2556,2519,2548,2577,2529,2537,2550,2565,2539,2552,2557,2552,2526,2517,2559
419.496,2067.9,2076,2044,2066,2076,2068,2102,2056,2070,2056,2070,2088,2099,2051,2041,2053,2070,2088,2108,2049,2073,2068,2092,2045,2027,2058,2082,2046,2037,2093,2084
419.828,2049.3,2056,2003,2035,2073,2043,2050,2027,2055,2031,2067,2035,2042,2010,2076,2058,2022,2042,2051,2029,2085,2075,2088,2053,2073,2038,2073,2068,2031,2040,2050
420.161,2088.6,2058,2080,2068,2079,2082,2068,2118,2083,2100,2072,2104,2062,2081,2097,2115,2101,2104,2082,2116,2097,2139,2061,2125,2057,2090,2095,2076,2075,2080,2093
420.493,2361.9,2360,2360,2395,2367,2352,2338,2395,2347,2331,2370,2344,2373,2337,2334,2373,2346,2376,2324,2375,2336,2395,2348,2340,2389,2365,2339,2392,2387,2394,2376
420.825,2051.1,2045,2058,2027,2064,2070,2054,2052,2035,2045,2025,2054,2067,2028,2043,2032,2100,2016,2110,2053,1990,2069,2047,2078,2063,2056,2080,2056,2044,2010,2061
421.158,2425.3,2370,2403,2412,2445,2429,2404,2442,2411,2449,2418,2399,2437,2415,2447,2429,2431,2453,2416,2425,2420,2418,2430,2406,2417,2424,2460,2458,2436,2418,2438
421.490,2232.7,2212,2202,2239,2232,2261,2257,2242,2212,2220,2217,2238,2232,2229,2200,2246,2218,2192,2216,2190,2243,2251,2272,2256,2269,2242,2256,2227,2263,2225,2221
421.823,2189.1,2194,2183,2185,2174,2183,2228,2246,2189,2185,2137,2208,2219,2145,2201,2216,2162,2201,2183,2176,2184,2172,2185,2200,2157,2179,2203,2197,2221,2149,2210
422.155,2088.0,2094,2088,2098,2105,2078,2079,2080,2094,2077,2079,2085,2099,2079,2123,2075,2101,2138,2068,2094,2086,2066,2077,2064,2081,2063,2093,2114,2129,2037,2096
422.488,2240.1,2268,2248,2234,2196,2264,2262,2258,2251,2235,2225,2273,2216,2224,2218,2258,2289,2237,2224,2232,2245,2225,2222,2237,2230,2257,2256,2232,2199,2236,2251
422.820,2040.0,2021,2005,2006,2038,2065,1978,2040,2054,2042,2031,2058,2060,2010,2036,2062,2068,2061,2045,2051,2049,2081,2022,2050,2008,2027,2002,2064,2049,2068,2050
423.153,2199.9,2147,2185,2194,2202,2184,2195,2228,2192,2226,2221,2177,2210,2185,2203,2210,2196,2236,2211,2246,2217,2180,2244,2222,2209,2177,2195,2171,2188,2151,2195
423.486,2042.6,2033,2030,2064,2034,2030,2045,1994,2015,2016,2060,2078,2064,2051,2033,2067,2010,2041,2056,2040,2060,2025,2033,2015,2086,2051,2051,2054,2063,2022,2057
423.818,1914.0,1885,1940,1904,1935,1898,1918,1888,1923,1898,1919,1896,1882,1877,1951,1918,1933,1935,1912,1885,1957,1910,1921,1913,1919,1882,1918,1884,1944,1937,1938
424.151,2335.8,2337,2325,2296,2361,2289,2283,2369,2334,2326,2326,2340,2306,2367,2346,2333,2341,2323,2294,2314,2367,2414,2324,2369,2356,2344,2316,2387,2341,2316,2329
424.484,2060.5,2042,2037,2058,2071,2040,2058,2068,2059,2071,2065,2057,2044,2083,2107,2042,2053,2051,2052,2064,2072,2072,2060,2068,2050,2068,2031,2088,2044,2058,2082
424.817,2491.6,2445,2497,2450,2486,2478,2528,2510,2526,2491,2487,2494,2502,2493,2521,2522,2469,2447,2502,2472,2465,2507,2487,2514,2517,2479,2505,2495,2479,2492,2489
425.150,2012.8,2016,2040,1997,2022,1972,2031,2009,2026,2027,2027,2030,1982,2016,2024,1980,2013,1966,2029,2034,2029,2010,2036,1996,1998,1995,2055,1989,2006,2028,2000
425.483,2137.0,2110,2156,2126,2139,2142,2150,2147,2127,2121,2147,2140,2136,2142,2125,2139,2107,2134,2131,2135,2126,2142,2126,2156,2170,2149,2142,2117,2158,2141,2129
425.815,2491.8,2483,2513,2498,2493,2495,2485,2473,2463,2496,2493,2479,2515,2534,2481,2489,2481,2477,2505,2526,2496,2488,2476,2495,2504,2476,2521,2483,2460,2484,2491
426.148,2159.9,2152,2188,2159,2163,2180,2170,2173,2159,2160,2169,2147,2146,2126,2137,2167,2154,2122,2158,2153,2150,2170,2146,2124,2173,2173,2158,2188,2185,2163,2185
426.481,2055.4,2086,2027,2047,2030,2032,2105,2049,2105,2027,2060,2075,2024,2057,2063,2074,2063,2013,2072,2063,2055,2042,2047,2079,2046,2028,2058,2031,2086,2051,2066
426.814,2146.2,2136,2131,2164,2116,2165,2150,2130,2141,2156,2177,2149,2117,2160,2165,2143,2172,2122,2140,2128,2168,2126,2122,2152,2139,2190,2162,2129,2148,2142,2145
427.147,2262.5,2297,2309,2222,2246,2286,2240,2254,2280,2264,2278,2266,2274,2256,2257,2266,2217,2218,2230,2290,2267,2229,2249,2298,2268,2255,2261,2286,2264,2251,2298
427.480,2004.4,1982,1981,1942,2022,1993,2005,1992,1996,2009,2050,2020,2001,2059,1990,1996,1991,1972,2003,2032,2018,1988,2014,2027,2014,1998,2044,2002,1979,1988,2023
427.814,2290.0,2262,2289,2265,2320,2236,2262,2250,2306,2290,2282,2276,2278,2296,2309,2326,2304,2288,2278,2268,2297,2301,2324,2296,2303,2296,2286,2308,2293,2306,2306
428.147,2204.5,2211,2224,2138,2223,2233,2225,2211,2196,2201,2202,2217,2150,2217,2222,2186,2255,2182,2201,2166,2230,2180,2225,2215,2199,2219,2219,2212,2175,2201,2200
428.480,2339.0,2338,2344,2347,2343,2292,2328,2357,2380,2329,2272,2333,2370,2330,2344,2306,2341,2351,2346,2329,2334,2322,2331,2344,2358,2368,2324,2328,2373,2345,2363
428.813,2427.5,2442,2415,2434,2453,2430,2390,2374,2443,2460,2426,2438,2464,2412,2408,2430,2444,2427,2438,2452,2397,2397,2419,2431,2446,2378,2409,2446,2429,2425,2468
429.146,2836.5,2828,2836,2825,2796,2871,2837,2806,2816,2820,2862,2837,2868,2831,2836,2842,2838,2787,2848,2803,2852,2845,2807,2836,2870,2829,2837,2867,2848,2843,2873
429.480,2111.7,2082,2089,2084,2154,2117,2125,2130,2127,2099,2118,2119,2156,2144,2107,2115,2136,2128,2098,2084,2089,2098,2089,2104,2075,2122,2121,2115,2100,2097,2128
429.813,2089.4,2091,2099,2111,2127,2085,2088,2085,2073,2053,2072,2098,2060,2076,2085,2145,2092,2060,2086,2078,2092,2084,2059,2116,2093,2060,2081,2097,2104,2123,2109
430.146,2408.3,2414,2373,2398,2451,2367,2429,2416,2419,2361,2408,2396,2464,2430,2402,2444,2393,2398,2414,2422,2419,2365,2420,2398,2394,2376,2412,2434,2436,2386,2411
430.480,2370.0,2378,2364,2379,2374,2344,2360,2331,2388,2399,2350,2348,2408,2365,2380,2351,2386,2375,2376,2356,2337,2358,2364,2385,2422,2380,2337,2390,2374,2349,2393
430.813,2306.0,2307,2309,2301,2315,2306,2316,2287,2303,2293,2303,2321,2327,2283,2282,2339,2341,2290,2279,2297,2269,2318,2297,2289,2317,2292,2336,2284,2332,2344,2303
431.146,2510.6,2474,2524,2506,2526,2572,2564,2499,2526,2480,2517,2532,2522,2499,2500,2546,2513,2441,2521,2524,2515,2488,2476,2499,2489,2509,2482,2511,2547,2503,2512
431.480,2177.4,2173,2160,2185,2201,2206,2202,2175,2202,2158,2159,2133,2192,2179,2149,2161,2150,2222,2175,2160,2157,2187,2189,2203,2169,2201,2160,2177,2176,2178,2182
431.813,2118.5,2128,2108,2149,2114,2139,2123,2110,2108,2130,2090,2125,2138,2115,2127,2097,2086,2122,2115,2115,2100,2125,2128,2114,2138,2117,2112,2100,2130,2126,2126
432.147,2348.1,2324,2322,2362,2342,2356,2324,2346,2380,2377,2331,2373,2329,2354,2324,2389,2376,2383,2360,2332,2332,2381,2341,2328,2309,2363,2336,2312,2372,2351,2333
432.481,2022.6,1990,2028,1986,2049,2062,2036,2013,2041,2018,2035,2011,2043,1989,1981,1996,2026,2036,2024,2013,2024,2053,2013,2031,2040,2023,2031,2020,2050,1974,2042
432.814,2386.8,2400,2354,2387,2384,2370,2394,2389,2429,2351,2384,2390,2408,2384,2404,2390,2377,2394,2376,2429,2367,2394,2396,2360,2376,2373,2378,2393,2365,2412,2395
433.148,2176.9,2236,2171,2166,2173,2180,2173,2185,2141,2148,2170,2185,2187,2166,2197,2166,2177,2167,2166,2194,2180,2200,2173,2153,2174,2193,2191,2187,2150,2176,2181
433.482,2267.1,2277,2257,2277,2249,2271,2260,2267,2267,2300,2243,2260,2259,2232,2262,2248,2299,2273,2278,2274,2268,2275,2274,2254,2249,2288,2293,2263,2301,2216,2279
433.815,2041.0,2088,2010,2054,2043,2035,2022,2058,2056,1999,2053,2002,2055,2038,2077,2044,2038,2062,2044,2018,2018,1998,2031,2005,2035,2042,2045,2032,2104,2041,2082
434.149,1963.7,1955,1947,1950,1974,1953,1992,1972,1988,1910,1997,1966,1985,1970,2008,1949,1950,1956,1970,1970,1944,1979,1942,1929,1956,1980,1997,1969,1962,1929,1962
434.483,2163.5,2172,2131,2184,2168,2146,2146,2141,2155,2186,2208,2176,2146,2169,2171,2184,2145,2176,2152,2193,2142,2159,2169,2171,2162,2143,2174,2180,2154,2158,2145
434.817,2123.3,2130,2093,2142,2111,2060,2134,2128,2138,2146,2132,2101,2099,2142,2144,2111,2120,2165,2153,2090,2134,2125,2095,2128,2134,2134,2086,2125,2163,2115,2121
435.150,2345.9,2344,2323,2349,2377,2373,2333,2364,2401,2295,2363,2347,2369,2346,2341,2376,2320,2308,2328,2357,2316,2351,2323,2352,2367,2382,2302,2349,2364,2331,2326
435.484,2107.1,2104,2110,2067,2120,2075,2141,2102,2090,2127,2127,2118,2078,2091,2139,2121,2077,2118,2099,2111,2102,2105,2128,2116,2104,2095,2166,2056,2104,2104,2119
435.818,1974.1,1981,1962,1985,1985,2008,1982,1970,1931,1946,1980,1983,1995,1969,2026,1978,1962,1956,2011,1964,1993,1945,1946,1960,1966,1978,1980,2018,1947,1947,1968
436.152,2315.9,2320,2331,2301,2335,2311,2314,2324,2308,2287,2317,2304,2322,2318,2321,2305,2316,2289,2308,2314,2296,2324,2314,2321,2308,2347,2303,2333,2319,2305,2363
436.486,2147.1,2138,2144,2132,2135,2155,2139,2115,2152,2144,2141,2175,2147,2139,2164,2148,2148,2148,2187,2135,2127,2137,2192,2106,2161,2161,2158,2120,2131,2156,2178
436.820,2258.2,2265,2253,2259,2251,2272,2259,2260,2235,2268,2264,2292,2251,2263,2297,2288,2261,2227,2282,2200,2267,2216,2259,2212,2259,2266,2259,2231,2278,2269,2284
437.154,2427.5,2444,2453,2433,2419,2433,2411,2431,2452,2425,2426,2430,2401,2426,2439,2422,2459,2380,2419,2402,2439,2427,2437,2453,2390,2462,2409,2394,2440,2435,2435
437.488,2311.1,2300,2317,2321,2355,2288,2277,2326,2282,2312,2335,2305,2326,2354,2329,2316,2314,2297,2279,2357,2308,2289,2317,2306,2259,2307,2281,2294,2320,2322,2340
437.822,2334.3,2346,2301,2325,2360,2298,2345,2360,2321,2360,2304,2327,2326,2357,2312,2341,2336,2318,2312,2338,2333,2320,2338,2365,2350,2310,2344,2344,2357,2329,2351
438.157,2519.8,2504,2532,2514,2556,2508,2502,2532,2484,2522,2516,2520,2528,2509,2509,2513,2574,2537,2566,2527,2522,2538,2489,2476,2515,2549,2489,2507,2495,2510,2551
438.491,2457.8,2472,2464,2488,2486,2438,2465,2436,2465,2436,2446,2473,2450,2457,2449,2449,2433,2454,2449,2432,2447,2437,2474,2461,2508,2437,2453,2465,2473,2456,2480
438.825,2155.5,2145,2133,2158,2144,2175,2108,2168,2191,2148,2143,2133,2155,2191,2118,2136,2150,2133,2192,2163,2186,2184,2185,2123,2105,2138,2175,2174,2184,2154,2173
439.159,2045.9,2045,2053,2031,2069,2042,2058,2011,2034,2044,2039,2093,2061,2025,2055,2047,2088,2066,2019,2040,2013,2044,2045,2063,2083,2066,2037,2026,2008,2058,2014
439.493,2323.4,2307,2280,2282,2312,2343,2323,2321,2328,2293,2319,2303,2309,2319,2356,2347,2353,2295,2321,2344,2345,2337,2291,2324,2321,2358,2336,2360,2305,2361,2309
439.828,2023.7,2040,2034,2039,2017,2005,2036,2037,2027,2031,2041,2040,2029,2037,2013,2023,2026,2008,2019,2037,2033,2032,2018,2013,1974,2024,2031,2024,1981,2011,2032
440.162,2242.8,2234,2250,2255,2254,2241,2232,2246,2228,2243,2261,2272,2248,2230,2244,2236,2249,2238,2222,2234,2232,2232,2258,2249,2221,2242,2222,2245,2255,2258,2254
440.497,2523.1,2523,2534,2508,2517,2513,2511,2491,2524,2544,2505,2489,2532,2511,2560,2524,2543,2557,2508,2527,2529,2509,2580,2496,2511,2546,2529,2517,2490,2522,2544
440.831,2128.3,2156,2091,2133,2113,2126,2076,2142,2141,2138,2143,2132,2130,2156,2153,2137,2115,2155,2104,2142,2141,2157,2128,2138,2113,2136,2088,2125,2132,2094,2114
441.165,2075.7,2118,2110,2065,2064,2088,2050,2057,2104,2029,2079,2082,2072,2093,2062,2077,2043,2053,2093,2085,2082,2067,2114,2090,2085,2036,2095,2083,2085,2077,2034
441.500,2020.5,2053,2010,2033,2018,2007,2071,1986,2046,2029,2007,2027,2025,2047,2003,2012,2005,2037,2006,2023,2015,1992,2027,2026,2032,2012,2023,1993,2003,2037,2010
441.834,2319.2,2292,2330,2363,2313,2329,2302,2293,2318,2266,2340,2328,2351,2307,2315,2294,2351,2313,2286,2333,2305,2330,2328,2301,2337,2309,2302,2325,2351,2353,2310
442.169,2300.3,2276,2289,2320,2285,2320,2265,2282,2300,2285,2306,2264,2291,2312,2280,2287,2337,2330,2314,2314,2326,2305,2273,2304,2279,2288,2321,2344,2312,2310,2291
442.503,2307.5,2303,2321,2362,2319,2316,2315,2332,2298,2351,2305,2319,2314,2311,2284,2312,2271,2246,2254,2286,2290,2320,2290,2319,2335,2296,2294,2305,2303,2345,2309
442.838,2340.6,2335,2323,2358,2346,2362,2340,2360,2291,2334,2365,2340,2333,2315,2362,2312,2366,2360,2328,2356,2371,2325,2352,2354,2340,2366,2318,2350,2325,2312,2319
443.173,1975.4,1976,1976,1969,1952,1991,1962,1996,2008,1960,1966,1972,1942,1993,1966,1980,1953,1967,1944,1990,1977,1969,1989,1978,1986,1949,2009,1984,2014,1970,1973
443.507,2169.0,2092,2138,2197,2140,2153,2181,2194,2189,2192,2156,2177,2196,2149,2171,2192,2195,2175,2178,2173,2140,2181,2180,2143,2131,2147,2213,2179,2149,2200,2169
443.842,2354.2,2325,2305,2382,2352,2368,2373,2344,2360,2359,2377,2338,2376,2344,2379,2356,2359,2364,2378,2355,2343,2349,2352,2325,2334,2335,2375,2351,2391,2337,2339
444.177,2118.4,2107,2034,2135,2120,2138,2142,2132,2136,2132,2129,2144,2114,2100,2126,2138,2128,2105,2105,2110,2116,2088,2105,2133,2118,2078,2141,2143,2113,2141,2102
444.512,2034.6,2020,2048,2032,2027,2012,2045,2028,2040,2042,2052,2022,2004,2024,1983,2057,2038,2045,2092,2057,2051,2049,2028,2004,2018,2044,2040,2048,2038,2060,1990
444.846,1926.1,1892,1938,1937,1935,1934,1902,1902,1930,1951,1933,1896,1935,1917,1928,1921,1936,1926,1909,1924,1966,1938,1913,1950,1917,1910,1928,1928,1930,1935,1921
445.181,2174.4,2141,2164,2160,2156,2200,2159,2186,2177,2125,2196,2240,2161,2178,2189,2177,2186,2158,2182,2169,2151,2187,2197,2181,2159,2200,2200,2173,2187,2134,2158
445.516,2191.0,2191,2196,2197,2169,2220,2155,2196,2194,2165,2201,2184,2195,2192,2154,2218,2184,2170,2202,2193,2184,2197,2222,2213,2171,2193,2200,2246,2145,2204,2178
445.851,2087.5,2081,2093,2105,2061,2104,2079,2100,2093,2105,2086,2091,2061,2095,2042,2097,2089,2091,2069,2039,2100,2113,2097,2082,2104,2091,2124,2076,2098,2105,2054
446.186,2140.9,2142,2162,2104,2106,2155,2169,2137,2146,2139,2122,2130,2166,2103,2129,2167,2149,2136,2158,2178,2166,2142,2142,2152,2154,2101,2115,2129,2146,2142,2139
446.521,2080.6,2126,2096,2062,2096,2070,2076,2076,2097,2062,2051,2079,2094,2075,2088,2066,2057,2091,2052,2086,2098,2106,2072,2066,2080,2061,2106,2081,2068,2096,2085
446.856,2524.1,2523,2528,2547,2482,2530,2530,2538,2533,2504,2515,2488,2524,2532,2499,2515,2530,2541,2564,2538,2499,2508,2527,2540,2556,2593,2500,2505,2511,2518,2506
447.191,2255.0,2296,2212,2254,2265,2266,2264,2259,2264,2278,2237,2259,2269,2277,2271,2259,2236,2258,2268,2246,2222,2237,2227,2248,2261,2275,2211,2253,2280,2256,2243
447.526,2257.7,2264,2232,2276,2248,2241,2258,2222,2266,2258,2253,2268,2224,2268,2217,2196,2287,2274,2283,2268,2267,2223,2240,2257,2252,2275,2295,2254,2289,2317,2258
447.861,2121.8,2116,2118,2114,2127,2118,2085,2144,2131,2113,2106,2117,2112,2120,2136,2066,2108,2124,2096,2150,2127,2129,2122,2144,2137,2142,2109,2136,2125,2148,2134
448.196,2289.0,2300,2259,2268,2305,2324,2272,2290,2280,2344,2273,2277,2282,2280,2297,2274,2264,2316,2287,2304,2315,2276,2323,2269,2274,2298,2304,2267,2263,2268,2317
448.531,2487.6,2509,2469,2447,2464,2475,2445,2454,2474,2509,2509,2489,2480,2500,2498,2474,2481,2470,2515,2510,2510,2469,2484,2511,2492,2486,2530,2506,2474,2527,2466
448.867,2402.1,2442,2412,2456,2451,2433,2376,2401,2410,2390,2401,2384,2390,2385,2413,2382,2414,2389,2377,2392,2424,2408,2389,2391,2380,2341,2423,2438,2410,2392,2370
449.202,1978.4,1974,1992,1964,2002,2000,2003,1957,1967,1971,1957,1961,2004,1974,1948,1972,1944,1981,1996,1950,1967,1967,2006,1976,2016,1983,1986,1982,1975,1984,1994
449.537,2663.0,2696,2663,2676,2667,2659,2677,2659,2680,2712,2643,2647,2637,2661,2616,2680,2664,2648,2651,2647,2674,2681,2656,2664,2675,2626,2688,2624,2717,2646,2655
449.872,2469.2,2482,2462,2480,2475,2530,2442,2478,2477,2521,2443,2456,2472,2436,2452,2469,2455,2454,2472,2462,2472,2445,2491,2488,2481,2447,2458,2426,2469,2499,2483
450.208,2435.3,2461,2449,2376,2398,2395,2439,2457,2406,2435,2411,2480,2484,2418,2460,2400,2423,2400,2466,2428,2400,2421,2457,2439,2427,2441,2456,2462,2469,2456,2445
450.543,2501.9,2498,2515,2488,2501,2497,2504,2505,2494,2521,2498,2522,2522,2471,2517,2490,2494,2540,2491,2511,2516,2490,2491,2464,2536,2490,2511,2482,2499,2497,2503
450.879,2237.3,2226,2240,2193,2222,2242,2250,2264,2258,2275,2273,2258,2225,2256,2261,2259,2232,2260,2240,2197,2271,2204,2249,2239,2232,2215,2242,2192,2232,2182,2231
451.214,2158.6,2137,2197,2147,2153,2163,2133,2158,2181,2194,2141,2169,2131,2141,2166,2150,2164,2169,2185,2162,2126,2161,2178,2149,2118,2161,2178,2161,2156,2163,2166
451.549,2158.1,2132,2148,2124,2144,2172,2180,2147,2160,2159,2159,2205,2157,2173,2145,2187,2181,2136,2146,2127,2142,2191,2181,2176,2157,2132,2178,2139,2171,2166,2127
451.885,2263.1,2237,2276,2277,2238,2263,2277,2284,2288,2282,2249,2244,2274,2279,2226,2266,2255,2281,2256,2245,2302,2272,2248,2244,2257,2279,2214,2274,2276,2278,2253
452.220,2210.0,2257,2230,2209,2281,2228,2210,2188,2226,2200,2178,2225,2196,2233,2209,2190,2188,2206,2196,2191,2171,2184,2225,2196,2173,2240,2222,2213,2190,2238,2208
452.556,2336.6,2324,2324,2325,2373,2376,2367,2353,2367,2260,2327,2334,2344,2363,2342,2357,2338,2340,2291,2339,2342,2338,2330,2346,2316,2303,2332,2300,2346,2345,2355
452.892,2441.9,2440,2438,2404,2489,2465,2463,2436,2468,2452,2442,2437,2460,2459,2431,2384,2460,2452,2425,2456,2396,2404,2456,2417,2450,2441,2460,2416,2445,2450,2462
453.227,2455.2,2447,2457,2410,2429,2470,2446,2420,2511,2467,2448,2455,2464,2457,2440,2478,2424,2451,2477,2494,2464,2452,2453,2451,2441,2464,2474,2457,2498,2434,2424
453.563,2432.0,2418,2458,2400,2414,2439,2450,2437,2451,2422,2385,2451,2448,2448,2401,2412,2437,2404,2438,2467,2449,2443,2443,2416,2441,2375,2413,2461,2441,2446,2452
453.899,2406.6,2406,2408,2426,2364,2428,2424,2404,2421,2373,2369,2397,2410,2414,2350,2421,2367,2386,2489,2399,2404,2440,2473,2441,2370,2368,2403,2424,2422,2412,2385
454.234,2322.7,2284,2338,2332,2288,2335,2326,2348,2323,2279,2313,2344,2336,2362,2293,2328,2361,2300,2329,2332,2298,2333,2312,2296,2347,2339,2318,2311,2332,2313,2332
454.570,2139.0,2111,2129,2131,2094,2129,2138,2106,2140,2126,2117,2157,2158,2184,2135,2143,2150,2163,2170,2141,2140,2126,2126,2155,2133,2165,2138,2146,2128,2141,2149
454.906,2457.1,2468,2483,2447,2470,2475,2467,2441,2459,2477,2465,2394,2469,2429,2454,2438,2438,2492,2437,2441,2449,2480,2429,2475,2486,2446,2433,2416,2478,2459,2518
455.242,2101.3,2091,2082,2131,2131,2077,2108,2089,2113,2110,2080,2094,2109,2090,2090,2098,2104,2114,2120,2090,2135,2105,2127,2084,2084,2127,2076,2069,2101,2099,2110
455.577,2057.9,2103,2071,2069,2029,2040,2074,2058,2045,2083,2063,2045,2042,2077,2005,2070,2093,2077,2069,2077,2012,2047,2056,2062,2036,2073,2056,2034,2054,2064,2052
455.913,2012.2,2038,2041,2018,1998,2076,2027,1984,2015,2031,2020,2006,2030,1984,2022,1998,1992,1998,2010,2008,2008,1980,2007,2033,1994,1994,1976,1982,2043,2037,2015
456.249,2319.6,2336,2292,2323,2324,2312,2352,2340,2313,2286,2319,2317,2308,2361,2284,2322,2309,2315,2339,2302,2335,2302,2352,2338,2319,2292,2316,2348,2290,2305,2338
456.585,1919.4,1902,1951,1911,1923,1908,1889,1891,1971,1916,1911,1941,1922,1931,1899,1900,1921,1907,1880,1956,1917,1948,1918,1932,1907,1923,1908,1924,1920,1930,1925
456.921,2191.5,2204,2161,2190,2164,2206,2229,2167,2189,2218,2138,2147,2191,2188,2223,2245,2180,2180,2209,2194,2231,2177,2188,2181,2202,2199,2171,2197,2157,2209,2209
457.257,2392.9,2395,2407,2387,2420,2350,2428,2368,2389,2401,2404,2381,2368,2352,2378,2406,2425,2376,2403,2430,2395,2386,2427,2357,2395,2402,2373,2440,2409,2351,2383
457.593,2143.6,2140,2127,2107,2159,2118,2154,2146,2169,2202,2161,2160,2137,2113,2117,2137,2194,2127,2154,2141,2126,2128,2136,2172,2164,2084,2144,2137,2133,2164,2158
457.929,2193.6,2184,2171,2164,2198,2123,2203,2187,2197,2223,2195,2198,2222,2197,2198,2184,2169,2248,2220,2200,2224,2146,2195,2156,2200,2207,2220,2192,2175,2225,2188
458.265,2358.5,2355,2404,2354,2353,2386,2352,2315,2380,2347,2344,2349,2349,2342,2350,2359,2374,2376,2407,2376,2320,2324,2377,2304,2394,2352,2356,2387,2381,2352,2336
458.602,2154.5,2124,2134,2169,2137,2166,2156,2124,2157,2173,2193,2154,2123,2168,2131,2203,2150,2130,2141,2191,2129,2172,2166,2137,2170,2176,2170,2175,2134,2125,2156
458.938,3002.1,2968,3032,3006,3021,2982,2982,2994,2984,3021,2987,2982,2995,3030,2988,3005,3039,3027,3029,3000,3047,2986,3006,3022,2986,2951,3009,2988,3009,2991,2995
459.274,2166.2,2186,2132,2140,2155,2144,2146,2149,2207,2197,2184,2133,2190,2158,2159,2166,2163,2200,2151,2193,2138,2161,2163,2152,2152,2178,2195,2185,2184,2149,2175
459.610,2200.3,2198,2203,2184,2202,2187,2207,2223,2142,2232,2216,2219,2198,2190,2189,2200,2194,2170,2196,2180,2219,2246,2216,2134,2222,2223,2180,2232,2206,2195,2207
459.946,2612.7,2612,2617,2648,2615,2586,2620,2548,2622,2638,2603,2622,2600,2620,2602,2599,2613,2607,2606,2591,2593,2664,2622,2633,2605,2623,2610,2598,2617,2612,2636
460.283,2207.4,2228,2212,2175,2185,2206,2209,2217,2214,2239,2206,2227,2216,2185,2171,2226,2168,2221,2256,2203,2170,2214,2224,2183,2207,2177,2215,2229,2213,2232,2193
460.619,2266.5,2250,2261,2298,2258,2265,2234,2266,2228,2261,2267,2281,2288,2258,2231,2267,2265,2287,2272,2296,2271,2236,2275,2232,2297,2285,2303,2286,2261,2243,2274
460.955,2449.5,2454,2408,2471,2450,2406,2473,2451,2485,2429,2478,2424,2457,2490,2441,2452,2432,2471,2470,2476,2449,2467,2433,2411,2465,2427,2450,2468,2445,2396,2456
461.292,2192.5,2202,2169,2199,2202,2104,2211,2143,2172,2220,2225,2204,2229,2197,2210,2177,2230,2199,2209,2195,2186,2155,2198,2195,2203,2196,2170,2192,2195,2186,2202
461.628,2356.1,2340,2375,2364,2328,2328,2378,2375,2364,2344,2362,2333,2354,2393,2376,2349,2402,2362,2400,2382,2322,2358,2314,2341,2342,2344,2301,2373,2327,2360,2393
461.965,2113.8,2107,2072,2088,2086,2126,2091,2113,2129,2116,2145,2140,2138,2089,2112,2094,2111,2144,2116,2070,2137,2149,2109,2142,2121,2125,2116,2115,2122,2076,2114
462.301,2498.7,2501,2504,2508,2480,2497,2544,2482,2477,2522,2453,2497,2492,2498,2516,2526,2504,2498,2488,2496,2456,2464,2485,2485,2542,2545,2508,2503,2506,2464,2521
462.638,1979.0,1965,1987,2005,1994,1978,1997,1951,1942,1972,1954,1974,1987,1971,2005,2012,1978,1992,1989,1970,1987,2002,1934,1976,1974,1976,1985,1977,1960,1997,1980
462.974,1994.8,2002,1991,2009,1980,1982,1957,1972,2008,2004,2024,1997,2006,1960,2042,2014,1978,1969,2008,2013,1994,2014,1973,2012,1983,1942,2021,2027,1986,2003,1972
463.311,2674.0,2682,2665,2628,2696,2614,2654,2673,2676,2720,2670,2687,2685,2678,2657,2689,2704,2665,2665,2682,2668,2679,2651,2701,2696,2676,2668,2677,2645,2698,2671
463.648,2326.8,2337,2352,2347,2319,2295,2330,2309,2336,2333,2288,2331,2314,2308,2308,2344,2316,2301,2326,2348,2316,2373,2332,2296,2359,2304,2335,2346,2323,2364,2314
463.984,2186.1,2130,2188,2208,2202,2164,2177,2173,2207,2179,2197,2195,2198,2191,2171,2152,2199,2234,2153,2173,2223,2193,2188,2166,2178,2156,2176,2240,2179,2192,2201
464.321,2161.4,2148,2167,2209,2186,2168,2139,2154,2132,2188,2155,2130,2133,2181,2158,2235,2207,2120,2229,2150,2165,2154,2175,2148,2126,2148,2147,2158,2120,2152,2161
464.658,2288.2,2277,2268,2312,2280,2309,2292,2290,2347,2307,2307,2271,2311,2301,2275,2271,2275,2280,2278,2272,2291,2269,2237,2262,2258,2296,2331,2321,2270,2259,2330
464.994,2127.3,2132,2107,2138,2148,2129,2144,2193,2139,2130,2094,2120,2111,2113,2113,2146,2141,2145,2146,2139,2132,2131,2142,2129,2125,2095,2111,2103,2105,2123,2095
465.331,2062.5,2079,2063,2075,2038,2032,2107,2065,2045,2066,2077,2062,2046,2062,2109,2059,2065,2030,2039,2109,2048,2059,2056,2080,2089,2026,2069,2075,2044,2034,2068
465.668,2269.5,2276,2296,2264,2290,2244,2252,2238,2264,2216,2245,2288,2301,2267,2284,2279,2339,2282,2248,2280,2307,2282,2246,2237,2278,2278,2249,2279,2251,2262,2263
466.005,2566.8,2575,2604,2563,2595,2528,2630,2564,2591,2585,2531,2552,2561,2536,2591,2538,2578,2575,2552,2609,2557,2545,2558,2570,2575,2541,2563,2514,2576,2587,2559
466.342,2208.8,2232,2205,2208,2190,2210,2208,2175,2260,2211,2174,2181,2199,2226,2213,2206,2228,2190,2222,2237,2198,2190,2228,2212,2231,2172,2213,2218,2184,2184,2259
466.679,2062.9,2047,2034,2042,2088,2079,2072,2072,2041,2075,2105,2008,2045,2042,2063,2061,2056,2053,2061,2047,2078,2112,2077,2051,2079,2053,2074,2059,2070,2099,2043
467.016,2285.7,2276,2241,2269,2291,2301,2304,2303,2289,2296,2228,2300,2280,2278,2305,2298,2238,2285,2301,2316,2268,2338,2269,2275,2291,2309,2262,2287,2323,2270,2280
467.352,2381.9,2387,2396,2303,2395,2382,2382,2407,2399,2351,2418,2373,2374,2367,2360,2416,2367,2431,2364,2371,2407,2383,2399,2360,2399,2351,2389,2383,2390,2369,2384
467.689,2230.2,2215,2241,2251,2216,2219,2249,2234,2216,2231,2253,2262,2202,2186,2268,2237,2226,2231,2265,2191,2231,2201,2221,2249,2272,2185,2230,2203,2224,2259,2237
468.027,2413.7,2400,2388,2434,2393,2422,2441,2417,2406,2409,2423,2401,2408,2419,2451,2408,2394,2416,2428,2436,2429,2398,2453,2407,2414,2422,2426,2401,2374,2418,2376
468.364,2327.2,2300,2368,2318,2330,2345,2346,2344,2314,2373,2341,2354,2301,2284,2369,2314,2327,2317,2328,2276,2303,2336,2329,2338,2298,2317,2312,2334,2326,2345,2329
468.701,2245.2,2235,2271,2256,2249,2255,2347,2222,2266,2264,2271,2213,2209,2238,2245,2206,2266,2252,2243,2266,2250,2274,2229,2208,2225,2222,2197,2248,2221,2237,2272
469.038,2170.3,2186,2173,2156,2167,2175,2192,2168,2184,2182,2171,2138,2156,2147,2160,2198,2177,2192,2130,2159,2149,2214,2185,2142,2178,2168,2166,2193,2157,2166,2181
469.375,2302.3,2305,2307,2331,2249,2322,2273,2329,2312,2310,2288,2272,2308,2309,2309,2320,2298,2307,2264,2315,2309,2312,2291,2344,2299,2286,2283,2336,2299,2291,2290
469.712,2463.0,2446,2444,2493,2474,2447,2414,2475,2448,2465,2453,2461,2502,2461,2488,2477,2422,2530,2481,2485,2463,2435,2453,2446,2476,2496,2481,2469,2447,2414,2443
470.049,2326.3,2351,2339,2364,2297,2377,2337,2327,2334,2332,2340,2307,2321,2332,2337,2284,2328,2324,2324,2324,2319,2318,2320,2346,2352,2311,2308,2326,2288,2296,2326
470.387,2412.6,2388,2398,2397,2405,2434,2435,2435,2420,2403,2467,2394,2398,2353,2417,2434,2376,2433,2442,2401,2441,2398,2394,2435,2420,2387,2407,2422,2403,2426,2414
470.724,2391.4,2362,2403,2394,2452,2412,2382,2392,2380,2451,2376,2382,2421,2414,2363,2361,2379,2368,2386,2400,2373,2415,2394,2402,2384,2379,2361,2433,2373,2367,2383
471.061,2089.8,2094,2130,2074,2097,2039,2106,2106,2075,2051,2074,2119,2098,2107,2144,2069,2091,2114,2067,2087,2104,2108,2063,2092,2104,2105,2068,2065,2058,2101,2083
471.399,2115.5,2117,2085,2136,2138,2127,2100,2098,2140,2082,2123,2085,2123,2115,2180,2104,2148,2112,2112,2105,2072,2140,2165,2088,2095,2113,2138,2104,2121,2089,2109
471.736,2509.3,2524,2520,2504,2498,2506,2511,2493,2507,2493,2513,2469,2484,2488,2521,2529,2520,2550,2495,2492,2541,2516,2503,2516,2496,2517,2536,2512,2512,2509,2504
472.073,2094.0,2125,2101,2069,2090,2107,2132,2087,2124,2093,2076,2105,2112,2067,2091,2101,2091,2104,2100,2117,2081,2057,2074,2104,2068,2100,2104,2063,2092,2081,2105
472.411,2230.0,2253,2197,2239,2214,2218,2246,2249,2234,2226,2162,2197,2252,2206,2245,2262,2241,2232,2261,2233,2206,2254,2250,2236,2209,2240,2175,2245,2227,2279,2213
472.748,2245.7,2278,2289,2216,2270,2211,2226,2201,2225,2250,2218,2268,2232,2238,2284,2233,2264,2260,2274,2258,2267,2266,2248,2194,2241,2245,2238,2276,2228,2252,2220
473.086,2342.6,2349,2351,2319,2335,2336,2335,2331,2331,2319,2334,2357,2367,2348,2355,2347,2352,2382,2344,2387,2316,2339,2331,2324,2346,2360,2348,2322,2361,2330,2321
473.423,2111.6,2155,2131,2111,2110,2120,2099,2117,2109,2071,2124,2146,2126,2080,2143,2111,2149,2090,2116,2086,2090,2102,2141,2076,2096,2082,2117,2091,2137,2147,2075
473.761,2169.3,2182,2170,2161,2175,2195,2154,2159,2194,2160,2133,2147,2152,2166,2179,2181,2151,2194,2156,2173,2169,2196,2134,2140,2152,2181,2164,2196,2223,2157,2184
474.099,2090.6,2108,2089,2040,2108,2102,2086,2092,2071,2116,2098,2076,2110,2062,2072,2089,2088,2102,2125,2059,2060,2118,2081,2118,2093,2093,2098,2097,2066,2110,2090
474.436,2641.1,2632,2640,2627,2666,2637,2622,2650,2664,2618,2633,2635,2637,2682,2615,2668,2637,2680,2608,2607,2648,2648,2627,2657,2638,2643,2626,2632,2637,2679,2639
474.774,2086.2,2105,2073,2081,2099,2142,2059,2074,2068,2065,2086,2082,2066,2123,2082,2079,2073,2114,2112,2106,2105,2070,2100,2116,2041,2082,2100,2058,2071,2045,2109
475.112,2090.3,2097,2064,2078,2108,2069,2081,2071,2105,2078,2125,2112,2096,2117,2125,2088,2116,2086,2119,2056,2066,2075,2083,2084,2099,2111,2052,2120,2068,2043,2117
475.449,2199.3,2202,2176,2232,2238,2214,2194,2206,2187,2168,2211,2159,2193,2249,2184,2202,2168,2160,2202,2221,2191,2189,2211,2217,2204,2189,2185,2207,2156,2235,2228
475.787,2343.4,2350,2301,2357,2358,2299,2386,2310,2376,2370,2317,2393,2384,2323,2345,2358,2357,2352,2350,2335,2345,2362,2328,2293,2320,2340,2333,2340,2355,2322,2343
476.125,2349.8,2315,2352,2292,2322,2317,2345,2360,2339,2379,2358,2385,2376,2345,2352,2335,2354,2356,2365,2333,2350,2365,2325,2381,2370,2353,2352,2328,2393,2318,2379
476.463,2177.2,2150,2129,2201,2190,2220,2141,2186,2141,2167,2177,2208,2167,2150,2178,2215,2187,2165,2179,2175,2201,2152,2180,2138,2207,2201,2187,2144,2208,2184,2188
476.800,2153.9,2170,2181,2158,2166,2185,2127,2142,2176,2192,2101,2154,2184,2156,2157,2089,2182,2156,2158,2163,2185,2171,2200,2200,2111,2143,2110,2123,2123,2159,2096
477.138,2485.9,2442,2506,2476,2479,2512,2521,2440,2501,2461,2481,2449,2483,2561,2521,2468,2490,2481,2485,2521,2493,2483,2448,2504,2496,2454,2467,2504,2469,2520,2460
477.476,2564.4,2565,2565,2558,2558,2582,2585,2552,2522,2568,2607,2555,2564,2567,2543,2570,2552,2545,2552,2587,2576,2544,2538,2543,2585,2644,2556,2576,2564,2552,2558
477.814,2454.9,2496,2464,2467,2462,2485,2402,2460,2449,2467,2411,2452,2411,2440,2453,2456,2453,2467,2454,2453,2456,2469,2456,2490,2445,2480,2414,2447,2424,2486,2478
478.152,2072.1,2048,2067,2048,2053,2081,2077,2090,2063,2087,2073,2091,2088,2073,2042,2072,2014,2077,2061,2042,2076,2106,2106,2100,2073,2091,2050,2079,2068,2073,2094
478.490,2316.0,2309,2294,2321,2293,2342,2329,2307,2314,2259,2267,2348,2324,2313,2346,2342,2334,2316,2323,2327,2292,2345,2331,2314,2288,2323,2270,2344,2302,2317,2345
478.828,2239.7,2267,2240,2213,2222,2255,2253,2207,2268,2207,2254,2197,2232,2258,2260,2222,2200,2251,2259,2213,2262,2237,2268,2242,2227,2259,2212,2267,2259,2246,2235
479.166,2094.5,2082,2064,2098,2100,2092,2089,2089,2094,2116,2098,2076,2126,2095,2077,2076,2097,2084,2099,2113,2095,2129,2097,2096,2059,2127,2086,2072,2116,2099,2095
479.504,2331.1,2320,2299,2314,2353,2311,2333,2351,2326,2334,2364,2331,2355,2362,2322,2329,2385,2300,2335,2345,2331,2319,2335,2346,2325,2304,2349,2298,2315,2327,2315
479.843,2301.6,2303,2281,2335,2324,2293,2309,2290,2283,2285,2306,2342,2277,2326,2327,2297,2265,2275,2317,2334,2301,2298,2290,2342,2259,2267,2313,2322,2289,2307,2290
480.181,2479.7,2485,2478,2485,2508,2451,2497,2466,2461,2518,2460,2455,2472,2434,2496,2448,2446,2494,2476,2500,2473,2504,2490,2471,2517,2498,2490,2471,2467,2503,2478
480.519,2435.8,2434,2399,2418,2465,2456,2449,2441,2420,2447,2452,2430,2433,2458,2424,2440,2403,2440,2448,2469,2373,2393,2449,2448,2428,2450,2436,2420,2439,2451,2461
480.857,2346.0,2304,2363,2366,2341,2373,2382,2356,2347,2369,2337,2329,2337,2404,2332,2306,2345,2348,2334,2303,2393,2359,2360,2298,2361,2356,2326,2349,2357,2331,2314
481.195,2294.7,2313,2286,2286,2259,2288,2305,2288,2325,2290,2256,2296,2266,2294,2299,2279,2273,2322,2299,2302,2333,2324,2265,2323,2298,2316,2251,2283,2269,2326,2328
481.534,2237.3,2241,2200,2232,2254,2246,2246,2226,2249,2209,2245,2208,2211,2205,2242,2265,2257,2248,2247,2248,2220,2217,2249,2255,2232,2264,2241,2250,2236,2222,2253
481.872,2132.8,2152,2104,2164,2148,2156,2133,2123,2131,2119,2126,2139,2149,2103,2129,2121,2108,2121,2137,2129,2109,2133,2147,2160,2150,2170,2105,2160,2106,2128,2123
482.210,2332.9,2360,2296,2363,2328,2295,2349,2360,2351,2344,2356,2314,2377,2330,2322,2321,2328,2314,2334,2307,2342,2350,2312,2326,2326,2319,2360,2350,2298,2325,2330
482.549,2034.4,2056,2027,2051,2008,2036,2035,2036,2053,2021,2041,2056,2044,2062,2050,2020,2033,2054,2010,2013,2008,2038,2019,2032,2036,2037,2034,2019,2047,2032,2024
482.887,2410.8,2422,2398,2391,2405,2412,2419,2388,2438,2393,2440,2426,2375,2406,2441,2414,2443,2443,2406,2468,2431,2363,2376,2394,2401,2439,2346,2424,2408,2404,2410
483.226,2377.3,2379,2412,2404,2413,2381,2359,2368,2372,2351,2344,2421,2363,2375,2376,2356,2369,2395,2348,2426,2351,2408,2418,2381,2347,2394,2353,2330,2356,2372,2397
483.564,2213.1,2202,2232,2219,2222,2248,2232,2226,2209,2204,2215,2244,2187,2227,2228,2207,2203,2213,2175,2198,2255,2224,2200,2216,2180,2214,2221,2169,2222,2234,2168
483.903,2080.3,2056,2079,2073,2089,2068,2052,2072,2059,2104,2038,2109,2116,2061,2101,2124,2090,2088,2092,2124,2061,2066,2045,2081,2084,2082,2085,2068,2092,2079,2072
484.241,2167.9,2128,2164,2153,2180,2193,2192,2173,2122,2177,2181,2154,2167,2215,2169,2172,2148,2153,2172,2191,2195,2196,2200,2134,2136,2203,2146,2158,2140,2161,2165
484.580,2225.6,2237,2220,2248,2248,2245,2208,2189,2254,2224,2224,2194,2184,2193,2286,2246,2240,2238,2243,2225,2202,2226,2217,2238,2194,2243,2232,2202,2203,2222,2243
484.918,2175.0,2213,2181,2189,2173,2166,2184,2178,2134,2146,2144,2149,2161,2142,2225,2184,2195,2216,2184,2176,2150,2151,2142,2177,2187,2189,2164,2180,2209,2188,2174
485.257,2150.9,2137,2144,2179,2145,2157,2196,2154,2130,2147,2136,2130,2158,2116,2161,2149,2146,2150,2177,2166,2151,2178,2138,2182,2173,2152,2136,2109,2124,2152,2153
485.596,2747.5,2736,2756,2766,2724,2747,2757,2756,2755,2737,2729,2753,2763,2729,2777,2744,2777,2690,2767,2767,2744,2737,2740,2755,2732,2763,2708,2750,2753,2783,2731
485.934,2445.5,2440,2433,2490,2424,2432,2477,2450,2422,2460,2424,2478,2442,2462,2421,2416,2453,2453,2481,2443,2467,2446,2460,2427,2392,2464,2429,2424,2460,2437,2458
486.273,2183.3,2189,2150,2174,2180,2206,2198,2179,2188,2158,2152,2181,2140,2195,2188,2179,2217,2186,2182,2187,2200,2180,2173,2220,2192,2184,2190,2208,2171,2154,2199
486.612,2163.4,2148,2163,2191,2142,2203,2147,2157,2141,2206,2136,2140,2162,2156,2145,2194,2191,2168,2152,2173,2199,2136,2166,2198,2155,2160,2144,2166,2130,2169,2163
486.950,2195.0,2202,2175,2192,2222,2139,2194,2185,2185,2214,2155,2182,2208,2186,2187,2157,2212,2216,2211,2183,2223,2220,2179,2220,2190,2165,2212,2199,2222,2229,2185
487.289,2375.7,2360,2406,2335,2375,2389,2380,2337,2365,2361,2376,2386,2330,2363,2369,2346,2387,2379,2370,2411,2393,2379,2372,2345,2413,2394,2379,2389,2384,2401,2398
487.628,1883.8,1866,1864,1904,1920,1901,1899,1844,1884,1905,1883,1914,1909,1899,1911,1875,1870,1882,1891,1910,1899,1846,1894,1846,1877,1872,1844,1867,1892,1869,1876
487.967,2232.7,2202,2211,2248,2221,2203,2219,2234,2212,2246,2266,2268,2242,2264,2232,2236,2244,2200,2265,2233,2241,2250,2202,2227,2218,2240,2219,2239,2248,2251,2200
488.306,2241.2,2274,2240,2226,2231,2241,2208,2205,2244,2252,2262,2222,2239,2248,2222,2202,2263,2243,2232,2270,2262,2246,2241,2240,2245,2243,2224,2275,2226,2230,2280
488.645,2245.3,2288,2289,2231,2268,2268,2251,2239,2224,2225,2228,2290,2230,2219,2276,2245,2238,2224,2216,2252,2210,2271,2238,2218,2246,2253,2233,2259,2262,2250,2218
488.984,2308.9,2318,2276,2315,2341,2309,2299,2311,2309,2330,2303,2335,2325,2306,2301,2297,2297,2307,2324,2289,2306,2322,2277,2315,2324,2314,2259,2352,2336,2278,2292
489.323,2032.3,2029,2041,2027,2029,2022,2014,2044,2007,2013,2079,2021,2017,2022,2014,2081,2019,2038,2051,2040,2041,2024,2046,2029,2038,2033,2063,2038,2013,2047,1989
489.662,2457.0,2462,2429,2468,2478,2477,2472,2449,2436,2450,2422,2431,2414,2430,2457,2466,2449,2472,2477,2466,2468,2457,2490,2440,2442,2458,2460,2495,2481,2480,2434
490.001,2313.8,2331,2293,2290,2318,2291,2287,2306,2287,2302,2344,2338,2329,2276,2328,2333,2303,2352,2333,2277,2301,2351,2337,2317,2307,2301,2308,2305,2337,2311,2322
490.340,2244.9,2237,2244,2239,2251,2209,2265,2239,2212,2200,2217,2232,2265,2256,2259,2227,2241,2267,2250,2221,2240,2262,2261,2246,2297,2233,2234,2264,2283,2238,2257
490.679,2376.4,2411,2413,2371,2351,2386,2379,2385,2374,2388,2392,2378,2393,2350,2395,2326,2389,2402,2378,2318,2422,2350,2392,2394,2361,2360,2383,2349,2397,2355,2350
491.018,2298.7,2308,2268,2253,2287,2291,2326,2314,2274,2291,2316,2307,2261,2293,2321,2320,2338,2314,2303,2281,2299,2269,2274,2311,2315,2301,2317,2266,2306,2325,2312
491.357,2498.2,2510,2492,2480,2491,2532,2464,2485,2489,2509,2506,2474,2464,2488,2481,2533,2514,2495,2501,2530,2530,2492,2486,2488,2541,2479,2488,2476,2530,2499,2498
491.697,2223.0,2181,2236,2222,2216,2281,2199,2232,2239,2239,2203,2206,2229,2281,2215,2211,2196,2239,2206,2207,2235,2228,2194,2211,2210,2249,2173,2227,2243,2244,2238
492.036,2192.0,2211,2218,2193,2169,2206,2154,2203,2195,2206,2213,2173,2227,2177,2192,2186,2168,2178,2188,2184,2186,2223,2185,2181,2216,2220,2164,2186,2211,2142,2205
492.375,2477.0,2450,2500,2495,2535,2515,2451,2477,2466,2494,2456,2466,2491,2501,2455,2488,2468,2440,2507,2441,2516,2468,2472,2498,2463,2431,2434,2483,2512,2468,2470
492.714,2376.8,2336,2377,2378,2393,2402,2365,2371,2337,2357,2386,2377,2384,2377,2371,2413,2361,2370,2353,2411,2401,2354,2417,2383,2336,2344,2409,2333,2416,2394,2398
493.054,2321.4,2305,2325,2366,2340,2315,2358,2322,2335,2339,2340,2292,2347,2310,2306,2293,2313,2356,2331,2307,2250,2322,2334,2337,2321,2324,2279,2341,2334,2303,2296
493.393,1941.4,1955,1924,1944,1963,1950,1958,1957,1941,1987,1915,1957,1946,1950,1928,1932,1942,1953,1955,1917,1934,1921,1896,1923,1960,1946,1950,1905,1954,1915,1963
493.732,2373.9,2350,2377,2397,2356,2370,2359,2364,2382,2356,2377,2393,2375,2341,2377,2410,2368,2368,2408,2357,2389,2364,2400,2364,2319,2419,2360,2386,2364,2385,2381
494.072,2260.4,2265,2239,2277,2287,2280,2246,2249,2251,2248,2285,2225,2292,2270,2235,2232,2241,2240,2249,2271,2251,2250,2250,2276,2258,2264,2263,2274,2283,2286,2275
494.411,2221.1,2212,2238,2240,2228,2253,2230,2223,2215,2174,2220,2201,2208,2220,2199,2231,2225,2190,2241,2230,2253,2225,2206,2220,2236,2207,2207,2219,2216,2260,2207
494.751,2252.8,2248,2207,2260,2280,2254,2250,2214,2302,2247,2256,2258,2230,2222,2234,2220,2255,2271,2280,2258,2268,2257,2275,2227,2237,2212,2252,2292,2251,2292,2275
495.090,2174.3,2196,2190,2176,2154,2165,2191,2191,2180,2182,2142,2205,2180,2159,2220,2142,2184,2206,2223,2169,2202,2153,2154,2170,2142,2157,2168,2204,2129,2158,2138
495.430,1976.6,1966,1973,2001,1960,1958,1985,2004,2022,1976,1958,1996,1933,1970,1998,1996,1960,1976,1966,1956,2025,1989,1986,1988,1961,1973,1981,1938,1984,1990,1928
495.769,2030.8,2066,2029,2034,2067,1998,2044,2038,2024,2042,2032,2010,1999,2050,2025,2019,2010,2048,2014,2019,2020,2044,2018,2029,2028,2066,1999,2038,2034,2019,2060
496.109,2347.9,2359,2356,2356,2339,2350,2371,2335,2353,2354,2373,2334,2362,2346,2305,2351,2312,2373,2337,2338,2369,2335,2308,2372,2377,2314,2337,2345,2349,2371,2355
496.449,2021.2,2030,2018,1996,1986,2037,2050,2040,2043,2029,2028,2051,2020,1996,2036,2026,1974,2011,2025,2029,2008,2030,1984,2022,2038,2025,1976,2038,2022,2042,2027
496.788,2242.4,2200,2269,2204,2280,2252,2244,2262,2285,2276,2242,2227,2242,2216,2235,2229,2267,2262,2246,2221,2226,2228,2268,2237,2277,2195,2245,2229,2238,2236,2233
497.128,2280.6,2267,2313,2302,2285,2285,2282,2270,2280,2247,2304,2284,2328,2277,2299,2297,2253,2307,2272,2270,2295,2258,2298,2243,2258,2280,2223,2285,2258,2300,2299
497.468,2452.8,2408,2486,2462,2462,2445,2436,2431,2470,2462,2468,2432,2487,2474,2480,2459,2424,2478,2452,2469,2440,2444,2457,2438,2423,2468,2442,2442,2452,2472,2422
497.808,2087.5,2077,2101,2108,2116,2097,2071,2122,2091,2049,2107,2105,2083,2064,2098,2088,2069,2056,2090,2068,2053,2074,2100,2114,2100,2050,2067,2105,2107,2082,2114
498.147,2206.8,2193,2184,2243,2223,2205,2226,2217,2185,2202,2232,2246,2184,2181,2189,2212,2193,2197,2227,2188,2209,2194,2219,2209,2225,2223,2180,2195,2206,2208,2210
498.487,1935.4,1903,1917,1906,1957,1962,1922,1951,1960,1922,1957,1922,1937,1909,1956,1966,1950,1936,1954,1933,1983,1936,1947,1941,1928,1918,1941,1934,1904,1897,1912
498.827,2424.3,2396,2443,2437,2429,2406,2394,2398,2431,2436,2398,2440,2417,2393,2412,2425,2421,2441,2412,2439,2429,2460,2450,2374,2513,2398,2415,2426,2435,2425,2437
499.167,1926.1,1956,1909,1923,1911,1918,1904,1912,1950,1952,1924,1920,1892,1900,1952,1965,1954,1891,1928,1925,1916,1931,1917,1913,1917,1933,1922,1959,1931,1904,1954
499.507,2178.7,2154,2149,2168,2170,2212,2150,2180,2130,2189,2168,2183,2155,2209,2186,2174,2173,2222,2168,2174,2181,2166,2206,2204,2223,2173,2145,2216,2159,2168,2207
499.847,2224.2,2184,2219,2238,2259,2197,2233,2259,2234,2206,2226,2238,2250,2223,2235,2229,2177,2223,2219,2207,2219,2214,2240,2217,2246,2205,2248,2237,2227,2210,2208
500.187,2182.7,2189,2219,2185,2155,2180,2187,2195,2158,2162,2168,2210,2210,2211,2205,2157,2182,2137,2179,2220,2159,2186,2166,2172,2217,2200,2179,2207,2170,2137,2178
500.527,2522.1,2504,2520,2546,2512,2533,2536,2542,2501,2476,2506,2532,2548,2530,2522,2527,2518,2521,2512,2528,2517,2558,2518,2538,2502,2516,2532,2535,2522,2501,2511
500.867,2407.3,2354,2392,2436,2404,2410,2431,2416,2362,2413,2385,2410,2435,2392,2392,2416,2420,2425,2404,2457,2411,2397,2401,2427,2412,2415,2409,2421,2427,2329,2415
501.207,2036.6,2007,2026,2011,2022,2012,2065,2008,2041,2078,2052,2041,2077,2048,2040,2000,2042,2029,2026,2084,2053,2049,2047,2042,2032,2023,2051,2039,2001,2006,2045
501.547,2069.3,2079,2098,2098,2087,2053,2115,2062,2032,2063,2065,2038,2076,2073,2045,2049,2020,2071,2084,2082,2081,2074,2071,2084,2081,2110,2067,2075,2054,2049,2044
501.887,2132.0,2116,2122,2099,2131,2130,2112,2108,2141,2172,2153,2129,2162,2110,2129,2184,2132,2163,2130,2135,2097,2158,2111,2102,2122,2106,2155,2125,2176,2103,2148
502.227,2048.9,2049,2051,2060,2011,2077,2007,2057,2056,2053,2011,2056,2058,2028,2034,2109,2042,2031,2074,2047,2044,2053,2045,2034,2047,2040,2077,2079,2060,2028,2050
502.567,2522.3,2523,2516,2527,2552,2498,2515,2521,2568,2521,2514,2512,2492,2488,2552,2490,2535,2503,2547,2516,2504,2525,2538,2553,2546,2524,2526,2561,2492,2514,2495
502.907,2122.1,2122,2125,2112,2120,2109,2178,2103,2121,2140,2128,2082,2111,2126,2129,2107,2119,2123,2098,2111,2126,2126,2169,2118,2104,2147,2139,2123,2136,2104,2108
503.248,2243.2,2245,2243,2269,2239,2246,2238,2230,2230,2242,2278,2268,2243,2214,2270,2251,2248,2219,2256,2261,2227,2276,2217,2232,2272,2235,2269,2260,2208,2187,2224
503.588,1919.4,1888,1933,1912,1914,1909,1914,1939,1909,1940,1930,1915,1891,1901,1957,1925,1925,1907,1911,1920,1914,1926,1929,1940,1895,1907,1940,1914,1916,1910,1950
503.928,2338.9,2340,2361,2354,2355,2337,2316,2340,2342,2369,2322,2328,2357,2359,2359,2332,2337,2325,2333,2337,2341,2328,2346,2330,2330,2356,2355,2345,2317,2303,2314
504.269,2233.4,2228,2250,2210,2217,2231,2261,2213,2238,2283,2208,2267,2230,2248,2263,2209,2242,2217,2227,2240,2223,2208,2241,2250,2233,2201,2250,2233,2193,2240,2249
504.609,2129.8,2130,2111,2126,2144,2134,2125,2126,2124,2179,2115,2121,2161,2136,2170,2141,2117,2117,2111,2142,2091,2135,2111,2092,2114,2139,2155,2156,2114,2130,2127
504.949,2283.5,2296,2263,2265,2277,2291,2281,2298,2266,2287,2331,2256,2309,2307,2290,2234,2293,2270,2318,2255,2292,2283,2260,2280,2285,2306,2242,2312,2285,2256,2316
505.290,2126.5,2152,2162,2142,2131,2119,2133,2113,2135,2091,2128,2117,2136,2132,2123,2105,2142,2101,2085,2123,2117,2167,2120,2128,2104,2149,2106,2120,2164,2107,2143
505.630,2385.2,2352,2345,2403,2396,2392,2349,2362,2388,2359,2392,2376,2411,2385,2401,2400,2401,2379,2382,2392,2392,2381,2373,2385,2391,2387,2414,2410,2398,2406,2353
505.971,2286.5,2256,2319,2283,2265,2336,2264,2285,2270,2344,2279,2252,2305,2326,2276,2255,2274,2237,2305,2278,2290,2281,2286,2285,2300,2278,2300,2309,2288,2316,2254
506.311,2323.2,2322,2340,2331,2336,2324,2384,2324,2299,2309,2335,2322,2293,2292,2351,2318,2310,2316,2319,2319,2314,2333,2343,2326,2298,2323,2341,2355,2276,2326,2317
506.652,2475.7,2472,2485,2451,2499,2465,2450,2504,2532,2484,2479,2466,2475,2483,2470,2449,2434,2450,2463,2473,2447,2504,2453,2498,2488,2509,2456,2474,2508,2479,2471
506.992,2503.8,2480,2500,2497,2476,2482,2503,2539,2529,2483,2456,2473,2542,2517,2514,2502,2505,2502,2492,2515,2507,2508,2521,2545,2489,2512,2522,2483,2494,2521,2506
507.333,2113.0,2089,2130,2082,2109,2137,2101,2125,2098,2129,2098,2115,2113,2135,2126,2121,2113,2118,2084,2133,2132,2104,2099,2123,2133,2128,2067,2104,2108,2085,2152
507.673,2063.6,2052,2095,2047,2060,2064,2084,2050,2072,2023,2029,2080,2070,2054,2078,2034,2060,2086,2107,2068,2089,2089,2064,2038,2022,2058,2080,2080,2078,2073,2024
508.014,2462.4,2490,2458,2431,2460,2486,2472,2481,2475,2436,2468,2469,2460,2433,2469,2489,2467,2472,2426,2417,2456,2452,2428,2476,2466,2473,2470,2509,2502,2424,2457
508.355,2234.8,2222,2237,2255,2224,2244,2232,2253,2243,2237,2216,2229,2183,2279,2247,2208,2218,2226,2262,2233,2220,2234,2254,2237,2259,2228,2264,2227,2230,2201,2242
508.695,2289.7,2323,2302,2304,2328,2275,2318,2286,2307,2287,2277,2289,2266,2283,2258,2276,2253,2313,2300,2256,2274,2255,2270,2286,2265,2261,2349,2321,2284,2299,2326
509.036,2092.0,2077,2076,2105,2097,2109,2097,2091,2092,2090,2131,2107,2082,2113,2104,2077,2065,2093,2095,2129,2073,2042,2073,2084,2080,2065,2095,2138,2091,2098,2092
509.377,2286.7,2274,2286,2246,2310,2269,2304,2309,2310,2286,2294,2290,2242,2318,2245,2268,2308,2261,2290,2281,2293,2240,2318,2292,2248,2317,2292,2282,2297,2312,2318
509.718,2056.9,2047,2077,2066,2051,2072,2054,2058,2047,2091,2093,2038,2076,2068,2059,2026,2037,2049,2069,2055,2056,2063,2016,2046,2057,2076,2081,2052,2042,2030,2056
510.059,2155.1,2187,2126,2148,2154,2140,2102,2183,2165,2165,2138,2205,2168,2149,2143,2137,2185,2159,2159,2156,2143,2145,2163,2151,2148,2138,2155,2167,2162,2157,2156
510.399,2051.4,2037,2054,2061,2042,2076,2086,2072,2030,2059,2074,2033,2010,2051,2068,2073,2058,2015,2060,2015,2047,2041,2044,2088,2049,2051,2040,2051,2046,2049,2063
510.740,2156.9,2182,2159,2172,2123,2190,2150,2157,2125,2172,2183,2142,2162,2154,2156,2179,2141,2121,2188,2136,2128,2193,2132,2139,2156,2152,2139,2182,2118,2202,2174
511.081,2205.2,2181,2202,2193,2212,2195,2211,2215,2206,2179,2205,2212,2187,2223,2218,2220,2204,2226,2187,2210,2142,2180,2168,2243,2218,2203,2251,2192,2266,2212,2194
511.422,2107.6,2103,2122,2093,2129,2081,2121,2129,2121,2079,2114,2119,2088,2106,2081,2067,2142,2117,2132,2089,2101,2072,2098,2106,2092,2147,2110,2108,2121,2111,2130
511.763,2071.1,2056,2059,2083,2113,2041,2028,2080,2122,2066,2068,2070,2098,2028,2063,2076,2065,2088,2089,2072,2044,2088,2065,2045,2054,2058,2105,2069,2094,2053,2093
512.104,2285.8,2281,2288,2280,2284,2306,2277,2311,2318,2313,2303,2270,2253,2272,2281,2278,2306,2318,2300,2245,2285,2273,2259,2300,2258,2278,2267,2276,2292,2307,2296
512.445,2178.5,2143,2168,2162,2181,2176,2181,2185,2180,2172,2175,2199,2160,2158,2190,2170,2167,2199,2205,2210,2187,2169,2182,2184,2142,2204,2184,2132,2192,2205,2192
512.786,2185.3,2232,2190,2150,2185,2186,2219,2212,2189,2179,2168,2189,2164,2200,2186,2160,2189,2168,2211,2167,2178,2166,2205,2181,2216,2170,2151,2184,2188,2191,2186
513.127,2325.6,2290,2314,2338,2310,2318,2365,2328,2306,2319,2296,2345,2318,2323,2363,2364,2317,2348,2347,2340,2306,2282,2328,2296,2310,2328,2321,2315,2341,2345,2347
513.468,2491.1,2487,2491,2462,2540,2515,2505,2518,2473,2438,2454,2498,2474,2529,2484,2483,2467,2479,2472,2472,2493,2492,2516,2459,2484,2504,2484,2577,2477,2492,2513
513.810,2374.6,2383,2333,2383,2352,2399,2358,2413,2387,2371,2398,2365,2390,2339,2349,2332,2401,2386,2402,2373,2382,2392,2384,2325,2399,2366,2357,2349,2361,2395,2415
514.151,2384.3,2372,2400,2360,2390,2346,2420,2395,2320,2358,2424,2367,2405,2387,2402,2377,2381,2395,2409,2382,2411,2353,2435,2363,2380,2395,2362,2428,2383,2370,2358
514.492,2692.0,2688,2678,2691,2661,2679,2709,2728,2698,2717,2652,2697,2704,2690,2712,2757,2706,2702,2689,2667,2663,2685,2721,2659,2681,2711,2696,2658,2708,2652,2700
514.833,2279.3,2294,2215,2301,2309,2277,2280,2289,2292,2249,2290,2291,2288,2261,2283,2278,2302,2304,2260,2257,2273,2228,2277,2286,2298,2296,2267,2321,2263,2256,2295
515.174,2125.4,2115,2112,2141,2121,2157,2146,2132,2112,2115,2132,2098,2165,2082,2092,2131,2101,2139,2150,2099,2132,2122,2142,2123,2108,2146,2149,2119,2118,2156,2108
515.516,2130.4,2116,2097,2134,2105,2120,2116,2115,2129,2118,2121,2154,2132,2125,2138,2125,2101,2151,2131,2162,2129,2126,2143,2166,2159,2117,2134,2137,2166,2114,2130
515.857,2163.8,2192,2120,2198,2192,2148,2168,2152,2154,2210,2179,2173,2138,2173,2114,2156,2178,2159,2145,2149,2200,2189,2135,2170,2156,2158,2158,2207,2147,2151,2145
516.198,2160.5,2128,2177,2152,2172,2172,2213,2139,2133,2156,2163,2138,2168,2170,2157,2201,2126,2144,2152,2169,2185,2185,2128,2148,2177,2158,2176,2170,2150,2171,2136
516.540,2050.6,2086,2063,2031,2072,2056,2016,2055,2073,2019,2059,2041,2040,2054,2045,2058,2069,2084,2063,2006,2017,2040,2084,2035,2054,2035,2066,2049,2037,2042,2069
516.881,1927.5,1949,1929,1944,1924,1961,1938,1946,1903,1920,1910,1921,1937,1927,1910,1934,1904,1918,1878,1959,1941,1977,1909,1889,1947,1918,1926,1908,1917,1916,1964
517.223,2315.2,2326,2322,2304,2298,2375,2309,2296,2313,2233,2308,2306,2326,2349,2298,2337,2285,2326,2332,2300,2350,2314,2335,2347,2326,2287,2294,2289,2342,2287,2341
517.564,2171.1,2169,2176,2182,2142,2204,2156,2178,2187,2165,2155,2191,2194,2149,2155,2157,2182,2196,2156,2160,2195,2146,2131,2182,2149,2193,2191,2192,2152,2177,2172
517.906,2238.1,2207,2244,2255,2291,2246,2225,2219,2258,2227,2270,2231,2236,2219,2249,2232,2235,2224,2193,2275,2207,2216,2265,2257,2200,2257,2238,2264,2200,2240,2263
518.247,2218.0,2213,2214,2213,2230,2235,2182,2275,2225,2234,2226,2217,2220,2218,2203,2207,2212,2205,2209,2198,2223,2212,2207,2233,2185,2249,2258,2220,2211,2186,2221
518.589,2237.8,2228,2262,2250,2237,2257,2240,2276,2224,2214,2253,2190,2235,2232,2237,2222,2227,2249,2252,2240,2231,2280,2230,2214,2249,2251,2200,2257,2241,2222,2234
518.930,2013.9,1981,1995,2034,2030,2029,2003,1992,2009,2017,2012,2041,1994,2000,1992,1985,2012,2026,1998,2048,2069,2024,2019,1997,2011,2024,2013,2040,2002,2010,2009
519.272,2193.6,2222,2176,2197,2175,2198,2177,2218,2202,2177,2219,2193,2195,2190,2164,2206,2171,2156,2239,2185,2196,2220,2174,2215,2188,2184,2176,2168,2225,2202,2200
519.613,2214.1,2206,2225,2246,2213,2241,2218,2216,2223,2239,2217,2191,2204,2203,2214,2232,2214,2179,2220,2227,2238,2218,2211,2185,2193,2216,2201,2221,2216,2199,2197
519.955,2159.8,2213,2131,2136,2164,2180,2169,2178,2174,2156,2187,2168,2168,2147,2161,2131,2202,2164,2152,2134,2157,2125,2174,2166,2128,2137,2138,2160,2168,2163,2163
520.297,2150.8,2140,2139,2166,2134,2152,2117,2138,2205,2150,2145,2141,2175,2169,2136,2162,2185,2109,2131,2185,2157,2160,2141,2141,2135,2166,2170,2160,2167,2121,2126
520.639,2318.7,2298,2341,2337,2269,2320,2348,2293,2336,2317,2364,2318,2315,2305,2269,2328,2288,2344,2342,2335,2351,2328,2313,2312,2307,2317,2335,2308,2280,2313,2331
520.980,2093.6,2084,2050,2114,2112,2097,2092,2095,2138,2075,2078,2105,2075,2064,2099,2091,2119,2125,2068,2091,2088,2067,2100,2090,2078,2109,2084,2153,2077,2093,2096
521.322,2209.7,2192,2230,2203,2181,2213,2184,2220,2227,2200,2269,2191,2205,2212,2188,2236,2222,2173,2197,2230,2230,2254,2202,2211,2206,2213,2181,2204,2206,2198,2213
521.664,2192.7,2212,2202,2182,2139,2195,2204,2197,2174,2199,2229,2162,2170,2230,2210,2185,2209,2185,2190,2211,2178,2174,2163,2194,2171,2202,2231,2177,2222,2190,2194
522.006,2103.2,2111,2104,2098,2146,2147,2129,2082,2078,2122,2131,2095,2100,2093,2097,2094,2145,2105,2110,2113,2080,2130,2059,2124,2035,2073,2123,2090,2106,2094,2082
522.348,2218.6,2209,2215,2204,2204,2233,2234,2221,2210,2243,2221,2203,2198,2217,2247,2209,2248,2200,2210,2233,2203,2244,2248,2225,2221,2220,2218,2208,2203,2218,2191
522.690,2247.5,2225,2247,2241,2248,2259,2253,2243,2239,2274,2229,2256,2221,2247,2244,2245,2278,2226,2231,2262,2262,2227,2245,2265,2253,2287,2254,2241,2254,2270,2200
523.031,2128.9,2178,2122,2157,2109,2157,2145,2120,2152,2116,2153,2149,2109,2100,2140,2140,2144,2108,2105,2122,2115,2129,2116,2105,2097,2153,2132,2107,2138,2151,2098
523.373,2283.1,2229,2308,2289,2307,2270,2297,2262,2269,2268,2320,2293,2241,2280,2263,2310,2270,2309,2260,2290,2263,2275,2303,2305,2310,2315,2285,2260,2273,2302,2267
523.715,2505.3,2511,2526,2490,2475,2552,2490,2499,2456,2493,2519,2553,2511,2504,2523,2495,2539,2516,2482,2516,2508,2481,2507,2516,2524,2482,2546,2500,2491,2475,2478
524.057,2269.9,2274,2268,2245,2271,2308,2298,2273,2235,2265,2259,2274,2242,2237,2297,2285,2311,2227,2275,2281,2223,2258,2280,2290,2248,2294,2284,2289,2276,2254,2275
524.399,2419.4,2398,2425,2444,2387,2435,2407,2421,2433,2482,2396,2408,2352,2415,2408,2437,2419,2432,2408,2415,2436,2421,2430,2446,2406,2427,2402,2435,2427,2390,2440
524.742,2389.6,2428,2421,2375,2448,2371,2395,2354,2354,2378,2393,2385,2318,2376,2393,2364,2357,2404,2376,2426,2388,2411,2367,2360,2432,2393,2423,2387,2399,2415,2397
525.084,2304.5,2333,2307,2295,2285,2285,2312,2341,2307,2337,2314,2305,2269,2310,2243,2322,2298,2324,2293,2326,2279,2280,2276,2326,2342,2328,2269,2313,2301,2301,2315
525.426,2374.1,2381,2385,2376,2378,2385,2396,2382,2345,2365,2345,2371,2377,2347,2366,2373,2406,2368,2394,2400,2371,2347,2387,2328,2399,2379,2356,2372,2383,2368,2393
525.768,1860.2,1828,1882,1857,1854,1874,1850,1850,1880,1830,1860,1883,1863,1834,1841,1871,1865,1870,1849,1854,1819,1864,1861,1855,1884,1855,1874,1880,1866,1870,1882
526.110,2484.4,2495,2492,2525,2444,2497,2437,2469,2513,2520,2484,2440,2450,2488,2496,2430,2433,2530,2449,2507,2463,2480,2513,2504,2454,2530,2505,2483,2495,2508,2499
526.452,2348.0,2312,2301,2356,2377,2344,2358,2335,2368,2380,2369,2358,2311,2370,2310,2383,2313,2326,2373,2358,2331,2357,2350,2370,2366,2344,2363,2304,2320,2350,2382
526.795,2507.7,2538,2476,2505,2500,2505,2475,2478,2513,2499,2523,2530,2491,2494,2524,2542,2489,2502,2491,2463,2533,2531,2484,2526,2483,2511,2546,2582,2525,2482,2489
527.137,2111.6,2095,2088,2064,2145,2143,2111,2092,2140,2100,2097,2100,2110,2107,2112,2112,2084,2140,2138,2111,2093,2088,2142,2114,2114,2093,2136,2137,2100,2105,2137
527.479,2243.5,2242,2217,2217,2252,2236,2269,2208,2261,2234,2223,2246,2236,2267,2305,2235,2264,2240,2251,2272,2212,2204,2257,2274,2221,2261,2257,2241,2233,2226,2245
527.822,2340.9,2314,2359,2383,2366,2344,2326,2328,2335,2308,2336,2340,2347,2329,2343,2298,2344,2313,2315,2361,2354,2328,2344,2322,2390,2346,2342,2326,2342,2368,2377
528.164,2252.8,2234,2266,2212,2252,2267,2262,2286,2260,2260,2268,2237,2266,2271,2258,2246,2260,2257,2233,2243,2231,2214,2278,2244,2230,2250,2238,2257,2248,2302,2255
528.506,2292.6,2300,2292,2297,2280,2347,2280,2285,2298,2247,2297,2287,2297,2257,2313,2288,2337,2272,2269,2280,2267,2325,2306,2286,2292,2293,2275,2291,2330,2284,2306
528.849,2319.2,2364,2324,2305,2329,2316,2333,2303,2312,2300,2310,2309,2340,2284,2288,2334,2323,2321,2270,2321,2343,2358,2345,2292,2296,2342,2289,2315,2337,2351,2321
529.191,2085.2,2101,2035,2080,2063,2091,2064,2113,2069,2129,2126,2079,2062,2085,2082,2071,2116,2094,2074,2111,2097,2064,2098,2070,2095,2123,2102,2044,2078,2082,2057
529.534,2201.9,2210,2209,2214,2184,2208,2216,2201,2233,2206,2188,2189,2188,2197,2220,2229,2195,2159,2232,2199,2182,2186,2182,2196,2159,2217,2218,2187,2227,2193,2232
529.876,2500.1,2546,2458,2504,2515,2481,2489,2524,2529,2515,2475,2521,2514,2537,2477,2491,2477,2480,2489,2504,2530,2477,2518,2485,2511,2465,2482,2493,2501,2506,2510
530.219,2456.0,2473,2493,2470,2439,2417,2464,2481,2468,2435,2462,2421,2460,2412,2469,2453,2497,2461,2442,2461,2445,2442,2481,2471,2448,2480,2468,2407,2446,2484,2429
530.561,2344.5,2326,2328,2326,2342,2371,2330,2365,2376,2320,2339,2347,2352,2390,2337,2333,2346,2304,2342,2364,2337,2385,2370,2315,2346,2317,2309,2365,2333,2372,2349
530.904,2062.2,2066,2061,2069,2030,2079,2038,2045,2065,2087,2035,2060,2052,2074,2040,2040,2081,2056,2078,2080,2067,2086,2049,2073,2073,2050,2092,2026,2088,2060,2065
531.246,2178.5,2174,2163,2183,2163,2168,2184,2193,2166,2194,2152,2160,2152,2213,2161,2189,2229,2182,2183,2225,2215,2218,2178,2148,2195,2143,2160,2164,2172,2165,2163
531.589,2340.8,2342,2345,2357,2383,2344,2302,2344,2354,2375,2333,2345,2364,2367,2291,2390,2372,2286,2329,2326,2328,2336,2323,2294,2356,2367,2299,2358,2325,2370,2319
531.932,2507.5,2553,2485,2523,2504,2489,2505,2469,2508,2521,2510,2544,2502,2502,2473,2502,2512,2488,2535,2526,2490,2521,2493,2528,2488,2482,2525,2449,2571,2497,2531
532.274,2060.8,2030,2042,2056,2012,2088,2098,2062,2063,2058,2027,2080,2079,2058,2049,2050,2059,2077,2072,2088,2059,2081,2092,2059,2027,2032,2059,2048,2079,2086,2054
532.617,2539.4,2599,2532,2515,2510,2519,2502,2607,2525,2518,2553,2562,2534,2537,2537,2507,2581,2538,2522,2559,2562,2511,2563,2543,2519,2595,2519,2504,2512,2559,2537
532.960,2245.7,2228,2239,2266,2229,2267,2223,2244,2213,2241,2223,2214,2226,2244,2228,2205,2256,2216,2264,2261,2264,2257,2254,2308,2235,2264,2256,2254,2277,2262,2253
533.303,2354.3,2336,2322,2363,2332,2332,2374,2317,2336,2332,2272,2357,2339,2377,2403,2360,2391,2363,2338,2343,2369,2360,2330,2360,2388,2350,2388,2361,2369,2380,2387
533.645,2024.4,2044,2016,2041,1994,2031,2042,1997,2025,2039,2005,2053,2039,1992,2030,2024,2006,2031,2013,2036,2018,2015,2029,2022,1989,2036,2033,2042,1993,2024,2074
533.988,2254.7,2265,2255,2270,2256,2253,2243,2229,2274,2226,2258,2245,2278,2240,2228,2257,2271,2252,2256,2227,2235,2258,2249,2259,2255,2298,2243,2253,2298,2263,2248
534.331,2187.0,2217,2186,2203,2237,2182,2162,2184,2163,2205,2115,2179,2202,2196,2162,2190,2178,2196,2176,2176,2221,2215,2191,2160,2194,2224,2175,2156,2199,2153,2214
534.674,2298.5,2276,2300,2313,2294,2305,2325,2299,2335,2297,2261,2279,2306,2333,2299,2314,2300,2304,2312,2299,2289,2280,2307,2348,2269,2329,2296,2255,2271,2255,2306
535.017,2366.5,2341,2346,2394,2353,2332,2386,2399,2377,2338,2335,2373,2346,2378,2350,2392,2347,2366,2321,2337,2393,2353,2389,2381,2358,2367,2388,2366,2405,2381,2403
535.360,2170.6,2177,2169,2178,2186,2180,2140,2129,2188,2159,2167,2165,2145,2177,2177,2166,2170,2164,2177,2174,2190,2153,2217,2200,2158,2180,2165,2168,2185,2173,2142
535.703,2410.1,2422,2403,2392,2410,2393,2430,2410,2394,2412,2436,2414,2409,2387,2429,2412,2396,2410,2441,2407,2404,2386,2372,2407,2412,2419,2403,2429,2440,2423,2401
536.046,2365.1,2401,2360,2338,2400,2354,2357,2355,2389,2386,2325,2392,2355,2369,2360,2384,2364,2338,2362,2395,2363,2385,2337,2372,2382,2342,2366,2363,2357,2351,2352
536.389,2083.6,2090,2111,2099,2062,2035,2066,2077,2084,2074,2082,2077,2065,2104,2055,2076,2101,2095,2121,2095,2078,2077,2104,2096,2119,2105,2071,2040,2085,2085,2080
536.732,2310.3,2326,2285,2315,2309,2289,2328,2298,2301,2334,2316,2335,2321,2271,2335,2322,2313,2332,2318,2267,2322,2324,2324,2307,2283,2331,2330,2285,2300,2308,2280
537.075,2251.5,2227,2249,2289,2274,2274,2232,2227,2276,2230,2258,2223,2276,2284,2248,2292,2274,2290,2263,2184,2270,2245,2241,2244,2228,2216,2244,2280,2250,2230,2228
537.418,2171.8,2188,2202,2160,2168,2171,2181,2148,2165,2172,2152,2180,2156,2139,2194,2171,2163,2178,2159,2168,2142,2186,2163,2174,2152,2204,2198,2159,2189,2195,2178
537.761,2272.4,2261,2276,2285,2213,2330,2296,2245,2312,2244,2264,2276,2271,2295,2280,2265,2275,2248,2276,2308,2275,2257,2258,2249,2272,2281,2264,2272,2314,2272,2239
538.105,2468.3,2454,2493,2468,2474,2460,2455,2456,2467,2503,2484,2456,2450,2473,2435,2483,2428,2486,2481,2470,2473,2491,2476,2505,2462,2438,2493,2442,2469,2441,2483
538.448,2314.0,2325,2281,2311,2266,2296,2323,2296,2293,2348,2305,2302,2336,2351,2328,2325,2324,2276,2337,2336,2328,2298,2295,2303,2322,2341,2317,2274,2320,2326,2338
538.791,2021.1,1989,2006,2017,2070,2024,2036,1976,2002,2017,2046,2027,2028,2031,2016,2028,2020,2005,2020,2013,2035,2037,1996,2011,2013,2040,1996,2058,2031,2016,2028
539.134,2182.1,2174,2204,2179,2193,2160,2171,2172,2181,2217,2214,2200,2205,2173,2184,2176,2232,2176,2170,2140,2200,2169,2185,2139,2174,2177,2170,2187,2193,2172,2175
539.478,2358.6,2362,2364,2349,2348,2371,2331,2337,2382,2357,2336,2365,2329,2387,2352,2414,2383,2360,2375,2367,2356,2325,2395,2302,2334,2349,2396,2352,2369,2343,2367
539.821,2241.8,2226,2223,2235,2232,2266,2265,2200,2274,2222,2211,2264,2209,2276,2234,2248,2193,2242,2248,2232,2203,2229,2251,2221,2284,2250,2276,2243,2288,2252,2257
540.164,2141.2,2135,2188,2169,2121,2123,2136,2109,2176,2168,2107,2164,2158,2132,2124,2140,2168,2175,2163,2158,2140,2131,2141,2113,2144,2100,2138,2128,2128,2127,2133
540.508,2655.1,2687,2691,2634,2632,2631,2664,2624,2609,2696,2653,2645,2708,2681,2677,2671,2616,2657,2637,2672,2628,2664,2661,2671,2670,2629,2655,2665,2654,2638,2633
540.851,2407.3,2424,2397,2394,2422,2358,2424,2384,2396,2401,2453,2440,2424,2413,2363,2400,2437,2420,2380,2409,2413,2405,2425,2404,2415,2444,2388,2378,2384,2426,2397
541.194,2313.0,2344,2297,2300,2297,2259,2322,2286,2331,2308,2369,2312,2299,2355,2321,2293,2312,2296,2347,2336,2349,2306,2307,2290,2304,2278,2319,2320,2279,2326,2328
541.538,2247.2,2283,2283,2228,2194,2252,2248,2254,2226,2272,2272,2252,2264,2250,2217,2240,2288,2240,2239,2235,2253,2224,2236,2299,2232,2251,2242,2227,2216,2218,2280
541.881,2160.6,2169,2136,2175,2175,2168,2163,2160,2174,2153,2167,2162,2150,2171,2177,2126,2181,2159,2142,2194,2197,2131,2170,2154,2149,2144,2147,2144,2166,2168,2146
542.225,2197.5,2187,2155,2190,2184,2182,2189,2180,2192,2206,2195,2216,2210,2197,2177,2198,2216,2163,2228,2230,2198,2202,2201,2239,2224,2212,2220,2224,2178,2184,2148
542.568,2137.7,2169,2133,2103,2157,2092,2132,2119,2153,2142,2120,2148,2158,2120,2160,2141,2124,2117,2174,2122,2119,2133,2139,2145,2149,2124,2156,2143,2110,2181,2147
542.912,1918.0,1922,1889,1939,1921,1915,1918,1923,1915,1930,1919,1946,1931,1902,1909,1912,1930,1899,1948,1890,1915,1926,1904,1961,1931,1876,1917,1933,1885,1899,1934
543.256,1898.0,1903,1902,1926,1906,1878,1912,1922,1933,1907,1874,1854,1912,1876,1909,1895,1877,1905,1866,1886,1914,1901,1917,1907,1911,1916,1873,1917,1872,1884,1885
543.599,2371.2,2403,2357,2366,2376,2386,2382,2367,2332,2373,2403,2358,2364,2395,2389,2352,2409,2365,2379,2352,2364,2396,2402,2337,2400,2362,2356,2404,2316,2364,2328
543.943,2280.4,2292,2278,2280,2285,2275,2236,2276,2301,2284,2282,2306,2289,2252,2316,2289,2270,2299,2274,2281,2276,2298,2274,2313,2255,2275,2266,2281,2285,2261,2262
544.286,2156.9,2140,2141,2186,2165,2142,2168,2180,2158,2149,2184,2142,2168,2185,2191,2147,2127,2123,2192,2152,2193,2111,2139,2162,2168,2165,2120,2144,2132,2165,2169
544.630,2307.1,2316,2307,2304,2312,2313,2345,2289,2335,2300,2290,2274,2301,2297,2294,2307,2308,2312,2326,2335,2344,2290,2286,2307,2336,2314,2251,2315,2287,2326,2292
544.974,2539.7,2575,2529,2551,2544,2535,2555,2521,2509,2532,2538,2587,2520,2559,2599,2552,2510,2557,2512,2547,2562,2525,2544,2517,2526,2502,2515,2552,2534,2549,2534
545.318,2357.0,2328,2373,2321,2347,2363,2331,2373,2370,2372,2314,2345,2348,2370,2395,2343,2325,2339,2365,2369,2383,2349,2360,2390,2349,2377,2388,2321,2353,2347,2403
545.661,2490.4,2479,2498,2475,2466,2516,2481,2504,2438,2521,2549,2447,2512,2489,2478,2453,2505,2509,2502,2481,2481,2496,2451,2521,2516,2506,2467,2474,2537,2480,2480
546.005,2186.7,2206,2180,2154,2210,2190,2145,2163,2172,2164,2182,2160,2198,2188,2212,2204,2213,2171,2162,2197,2212,2205,2205,2162,2207,2194,2160,2186,2213,2198,2189
546.349,2197.7,2203,2211,2240,2191,2204,2179,2214,2223,2206,2160,2195,2223,2211,2225,2188,2208,2150,2200,2196,2142,2173,2198,2189,2249,2216,2188,2166,2199,2205,2180
546.693,2075.1,2091,2056,2069,2059,2080,2056,2097,2068,2098,2123,2051,2035,2061,2088,2045,2089,2077,2051,2132,2073,2101,2122,2078,2049,2081,2043,2072,2072,2084,2053
547.037,2278.5,2275,2272,2278,2298,2295,2293,2264,2256,2317,2251,2227,2276,2298,2273,2312,2319,2252,2278,2233,2303,2296,2267,2317,2270,2260,2285,2281,2285,2275,2248
547.381,2192.9,2202,2195,2218,2185,2222,2189,2198,2224,2195,2208,2204,2166,2187,2197,2210,2179,2214,2216,2206,2200,2193,2192,2185,2171,2184,2152,2184,2140,2182,2190
547.725,2093.2,2096,2086,2088,2101,2127,2098,2106,2116,2098,2086,2083,2082,2110,2091,2106,2100,2104,2104,2075,2093,2089,2092,2092,2151,2086,2086,2041,2041,2079,2089
548.069,2287.3,2271,2310,2292,2300,2276,2340,2311,2290,2301,2273,2264,2315,2270,2303,2238,2267,2310,2275,2278,2282,2324,2254,2273,2305,2250,2273,2318,2248,2314,2293
548.413,2265.0,2254,2284,2290,2238,2284,2289,2225,2287,2241,2303,2263,2249,2273,2259,2257,2288,2243,2316,2223,2239,2244,2242,2265,2296,2259,2234,2299,2267,2299,2240
548.757,1916.5,1916,1932,1938,1918,1912,1915,1917,1940,1901,1898,1941,1924,1923,1888,1906,1932,1935,1878,1912,1951,1893,1935,1895,1922,1897,1931,1901,1898,1891,1956
549.101,1945.2,1940,1946,1965,1942,1982,1942,1922,1929,1960,1959,1961,1935,1954,1948,1933,1967,1963,1920,1915,1920,1960,1948,1953,1925,1939,1953,1937,1909,1939,1989
549.445,2131.7,2159,2134,2193,2104,2136,2132,2130,2159,2154,2139,2110,2124,2157,2134,2148,2151,2111,2125,2133,2100,2126,2112,2129,2118,2101,2143,2068,2148,2150,2124
549.789,2341.6,2338,2355,2357,2354,2375,2361,2330,2351,2312,2323,2340,2328,2309,2353,2339,2352,2354,2317,2341,2318,2397,2365,2324,2357,2370,2308,2346,2332,2335,2307
550.133,2037.3,1999,2010,2002,2043,2057,2022,2046,2060,2015,2031,2002,2029,2039,2043,2068,2030,2063,2050,2016,2025,2040,2014,2057,2075,2037,2061,2058,2001,2046,2080
550.477,2101.7,2106,2102,2113,2096,2112,2098,2109,2107,2076,2100,2104,2124,2109,2105,2099,2106,2081,2102,2106,2101,2073,2100,2084,2109,2108,2088,2090,2131,2131,2082
550.822,2315.9,2328,2331,2273,2317,2325,2309,2305,2282,2349,2339,2305,2329,2262,2281,2328,2353,2304,2338,2313,2328,2293,2293,2330,2319,2360,2304,2309,2313,2328,2330
551.166,2167.9,2183,2142,2140,2168,2196,2159,2150,2140,2169,2183,2150,2210,2142,2158,2171,2146,2162,2196,2176,2136,2185,2181,2158,2202,2156,2161,2175,2168,2171,2203
551.510,2283.1,2267,2278,2274,2267,2264,2306,2300,2258,2297,2319,2280,2284,2291,2303,2250,2296,2277,2278,2281,2289,2289,2278,2284,2257,2282,2270,2302,2289,2284,2298
551.854,1996.1,2004,2047,2007,1987,1978,1976,2009,2006,2037,2010,2021,2008,1971,1977,2004,1981,1954,2011,1982,1992,1968,2012,2002,1985,2006,1982,2006,1984,1997,1978
552.199,2307.8,2306,2262,2296,2290,2298,2311,2306,2300,2326,2335,2287,2327,2303,2296,2293,2324,2324,2341,2293,2329,2333,2292,2260,2309,2328,2323,2301,2288,2305,2349
552.543,2100.0,2112,2118,2070,2150,2097,2058,2104,2070,2110,2095,2100,2063,2098,2108,2063,2059,2150,2126,2106,2134,2091,2120,2104,2062,2090,2076,2110,2143,2094,2120
552.887,2220.5,2195,2239,2181,2188,2264,2210,2237,2214,2249,2251,2235,2233,2235,2226,2207,2210,2208,2199,2223,2228,2211,2235,2233,2233,2188,2186,2221,2225,2249,2202
553.232,2225.9,2248,2238,2211,2233,2184,2235,2219,2188,2240,2228,2208,2238,2255,2250,2201,2193,2228,2240,2241,2223,2225,2240,2257,2253,2258,2190,2226,2213,2204,2209
553.576,2329.9,2357,2340,2305,2358,2309,2344,2349,2322,2341,2340,2349,2326,2315,2313,2337,2304,2332,2335,2280,2327,2342,2317,2329,2345,2329,2344,2301,2360,2331,2315
553.921,2269.3,2249,2248,2245,2262,2272,2268,2281,2272,2285,2332,2254,2238,2244,2271,2284,2304,2262,2278,2290,2272,2274,2292,2260,2243,2286,2244,2289,2259,2245,2275
554.265,2078.0,2084,2067,2057,2079,2067,2037,2084,2088,2076,2083,2046,2090,2062,2061,2102,2127,2067,2072,2046,2089,2051,2085,2085,2087,2034,2099,2138,2081,2076,2121
554.609,2144.3,2132,2156,2126,2162,2139,2128,2176,2162,2149,2144,2152,2140,2168,2133,2108,2159,2154,2169,2137,2084,2169,2142,2177,2146,2139,2108,2131,2182,2114,2142
554.954,2192.3,2201,2218,2184,2174,2186,2205,2205,2134,2169,2189,2167,2179,2196,2210,2200,2180,2193,2227,2213,2219,2198,2217,2168,2206,2211,2167,2172,2194,2189,2197
555.299,1918.1,1916,1940,1926,1897,1923,1934,1893,1896,1936,1909,1910,1960,1939,1919,1896,1917,1907,1929,1937,1928,1909,1977,1881,1915,1914,1897,1891,1919,1882,1945
555.643,2201.5,2238,2216,2206,2172,2170,2216,2175,2206,2220,2214,2168,2200,2214,2201,2249,2196,2220,2201,2188,2213,2135,2206,2222,2204,2178,2176,2223,2212,2182,2223
555.988,2005.2,2031,2031,1991,2010,1976,2014,2000,1989,1982,2017,2010,1987,2049,2045,2027,2017,1992,1988,1964,2011,2005,2014,1982,1974,2008,1990,2007,2020,2011,2014
556.332,2267.5,2271,2278,2229,2255,2292,2305,2283,2260,2280,2240,2278,2255,2255,2309,2277,2277,2267,2301,2246,2265,2287,2271,2251,2268,2240,2272,2262,2253,2254,2243
556.677,2466.7,2478,2478,2464,2454,2488,2442,2468,2441,2462,2502,2478,2467,2496,2470,2478,2464,2414,2490,2448,2481,2476,2448,2483,2454,2472,2480,2454,2450,2453,2469
557.022,2200.7,2208,2176,2152,2193,2214,2176,2177,2192,2168,2202,2237,2194,2196,2187,2200,2196,2185,2194,2224,2218,2207,2169,2208,2219,2211,2237,2206,2264,2226,2184
557.366,2332.5,2316,2341,2349,2315,2366,2328,2305,2321,2332,2321,2299,2300,2338,2338,2330,2347,2355,2386,2327,2306,2359,2315,2289,2346,2364,2340,2345,2328,2344,2325
557.711,2271.8,2295,2290,2246,2252,2264,2261,2258,2265,2274,2261,2256,2265,2288,2246,2268,2306,2276,2313,2276,2256,2296,2271,2246,2292,2267,2268,2298,2260,2266,2273
558.056,2208.9,2232,2219,2210,2223,2218,2208,2194,2220,2191,2161,2229,2233,2168,2209,2208,2222,2239,2214,2213,2197,2157,2201,2196,2216,2214,2233,2185,2221,2218,2217
558.401,2166.2,2170,2145,2171,2126,2156,2140,2128,2176,2176,2178,2203,2177,2171,2184,2149,2150,2158,2192,2206,2156,2152,2176,2152,2194,2173,2177,2148,2188,2154,2161
558.745,2073.2,2065,2031,2068,2088,2072,2077,2074,2073,2044,2101,2058,2073,2067,2086,2053,2079,2086,2073,2111,2064,2102,2050,2034,2074,2045,2058,2095,2065,2092,2138
559.090,2186.8,2180,2163,2163,2195,2244,2214,2195,2185,2168,2178,2212,2184,2216,2191,2164,2179,2184,2196,2200,2168,2198,2190,2162,2188,2180,2192,2176,2176,2175,2188
559.435,2104.6,2081,2099,2117,2125,2081,2100,2088,2085,2093,2125,2112,2080,2115,2129,2139,2109,2090,2089,2135,2116,2149,2116,2088,2110,2094,2082,2075,2088,2117,2112
559.780,2400.8,2390,2430,2403,2419,2367,2401,2407,2386,2393,2415,2459,2392,2411,2421,2377,2362,2398,2389,2383,2418,2379,2393,2369,2396,2421,2416,2403,2441,2404,2382
560.125,2169.3,2172,2219,2157,2164,2179,2164,2157,2172,2178,2184,2151,2188,2159,2143,2166,2178,2158,2184,2117,2196,2136,2159,2224,2166,2192,2165,2126,2200,2184,2142
560.470,2289.9,2254,2270,2308,2317,2301,2308,2307,2246,2287,2300,2308,2281,2290,2282,2276,2307,2253,2345,2285,2297,2267,2288,2224,2303,2329,2337,2264,2296,2293,2273
560.815,2245.8,2220,2258,2244,2258,2196,2256,2242,2260,2245,2219,2202,2276,2266,2264,2217,2278,2296,2205,2234,2200,2261,2250,2237,2259,2249,2252,2250,2233,2261,2286
561.160,2472.9,2520,2481,2490,2468,2482,2476,2469,2456,2475,2504,2517,2442,2498,2467,2464,2501,2446,2446,2482,2431,2474,2448,2453,2485,2491,2473,2440,2477,2463,2467
561.505,2435.8,2441,2428,2446,2429,2428,2413,2416,2416,2411,2421,2486,2413,2413,2412,2404,2423,2468,2456,2454,2411,2458,2430,2429,2455,2440,2444,2465,2432,2458,2473
561.850,2420.2,2430,2421,2403,2452,2434,2422,2407,2409,2414,2460,2430,2405,2474,2381,2456,2352,2383,2407,2430,2401,2432,2399,2396,2434,2401,2411,2456,2424,2429,2454
562.195,2265.5,2288,2278,2262,2271,2248,2241,2301,2274,2267,2205,2258,2270,2262,2267,2272,2272,2274,2308,2256,2258,2222,2308,2281,2225,2264,2271,2249,2236,2297,2279
562.540,2284.9,2334,2239,2286,2292,2238,2322,2293,2263,2298,2306,2294,2302,2300,2326,2306,2282,2265,2326,2291,2279,2275,2272,2291,2285,2276,2278,2249,2218,2304,2257
562.885,2237.4,2225,2256,2254,2201,2203,2305,2286,2200,2232,2211,2224,2226,2258,2258,2238,2197,2205,2299,2254,2246,2218,2239,2233,2221,2214,2260,2237,2238,2257,2226
563.231,2021.0,2030,2002,1993,2020,2048,2044,2044,2031,1982,2033,2026,2016,2032,2009,2080,2017,2027,1986,2025,2001,2023,2027,2017,1976,2009,1999,2028,2032,2050,2024
563.576,2618.4,2641,2646,2620,2667,2590,2617,2607,2572,2643,2574,2632,2638,2635,2642,2635,2609,2589,2604,2584,2626,2673,2641,2621,2605,2587,2623,2595,2605,2639,2592
563.921,1944.9,1945,1918,1949,1917,1961,1946,1951,1921,1965,1953,1935,1974,1948,1919,1953,1957,1945,1920,1981,1975,1961,1973,1900,1926,1977,1947,1910,1944,1924,1951
564.266,2424.6,2454,2402,2433,2409,2411,2437,2443,2428,2458,2386,2411,2457,2457,2453,2414,2413,2431,2423,2453,2432,2437,2417,2428,2371,2427,2384,2440,2393,2443,2392
564.611,2472.4,2458,2459,2473,2484,2442,2489,2472,2449,2466,2478,2486,2474,2492,2462,2507,2457,2462,2484,2457,2462,2495,2464,2456,2481,2447,2461,2478,2506,2470,2500
564.957,2269.3,2258,2237,2249,2278,2260,2286,2250,2217,2312,2253,2265,2266,2264,2259,2261,2286,2249,2330,2282,2267,2274,2265,2239,2256,2301,2302,2278,2285,2261,2288
565.302,2071.5,2059,2063,2107,2092,2068,2086,2099,2060,2089,2074,2079,2034,2100,2050,2042,2034,2103,2040,2082,2098,2070,2045,2123,2112,2016,2078,2082,2058,2061,2040
565.647,1951.7,1929,1937,1964,1934,1949,1985,1944,1941,1966,1955,1949,1929,1969,1950,1967,1960,1981,1957,1980,1948,1952,1922,1913,1945,1976,1929,1912,1992,1979,1936
565.993,2237.0,2235,2228,2233,2278,2263,2232,2207,2222,2239,2222,2243,2223,2219,2256,2264,2255,2243,2250,2218,2213,2203,2212,2245,2246,2283,2238,2202,2241,2267,2230
566.338,1992.5,1986,2039,1957,2003,1968,1997,2004,1963,1956,2018,1997,1962,1976,1977,2025,1987,1994,1967,2014,1994,1995,1983,2008,2007,2018,1990,1979,2016,2029,1966
566.684,2463.2,2453,2462,2490,2491,2450,2435,2491,2461,2477,2466,2476,2477,2485,2461,2454,2497,2455,2410,2475,2474,2474,2433,2455,2471,2460,2452,2413,2477,2439,2481
567.029,2366.4,2374,2403,2364,2353,2358,2365,2376,2314,2350,2388,2350,2350,2389,2372,2328,2374,2373,2397,2322,2313,2372,2357,2405,2409,2370,2389,2350,2398,2366,2363
567.375,2203.0,2192,2201,2230,2187,2216,2179,2233,2217,2217,2220,2209,2222,2212,2176,2210,2218,2180,2211,2202,2179,2195,2181,2215,2187,2212,2169,2213,2215,2220,2172
567.720,2128.2,2130,2134,2137,2104,2140,2123,2169,2128,2138,2117,2127,2137,2150,2116,2118,2171,2095,2115,2115,2182,2091,2134,2131,2134,2138,2122,2098,2108,2137,2106
568.066,2046.4,2058,2053,2048,2047,2008,2025,2046,2045,2051,2027,2050,2043,2065,2067,2062,2017,2020,2045,2072,2066,2042,2032,2044,2072,2037,2082,2016,2025,2087,2041
568.411,2208.3,2207,2180,2237,2195,2231,2188,2198,2178,2226,2193,2208,2239,2175,2198,2210,2225,2210,2214,2227,2230,2176,2220,2248,2160,2236,2184,2226,2221,2203,2206
568.757,2356.9,2331,2369,2373,2361,2327,2372,2352,2358,2396,2369,2359,2361,2345,2376,2342,2367,2332,2389,2370,2319,2376,2358,2322,2333,2381,2353,2353,2381,2341,2340
569.102,2138.1,2131,2134,2164,2189,2150,2137,2125,2098,2163,2166,2170,2149,2107,2122,2110,2107,2175,2133,2169,2117,2141,2130,2127,2157,2150,2111,2114,2111,2128,2158
569.448,1986.9,1968,1990,2019,1996,1992,1951,2000,1995,2004,2005,2000,1991,1990,1925,2010,1972,2001,1969,1983,1954,2004,1985,1964,1972,1986,1996,1966,2021,2005,1994
569.794,2276.2,2271,2294,2287,2287,2265,2280,2271,2274,2311,2256,2270,2273,2279,2261,2263,2274,2291,2265,2298,2247,2277,2254,2248,2307,2310,2252,2274,2288,2288,2272
570.139,2354.9,2363,2330,2373,2346,2377,2347,2360,2344,2357,2328,2321,2354,2361,2362,2348,2374,2362,2360,2302,2326,2328,2371,2377,2377,2384,2388,2396,2374,2340,2316
570.485,2070.9,2088,2112,2042,2064,2048,2029,2072,2057,2083,2053,2070,2109,2110,2041,2060,2052,2069,2056,2069,2052,2099,2081,2069,2071,2074,2088,2081,2051,2104,2072
570.831,2432.7,2429,2448,2392,2432,2458,2424,2424,2445,2453,2421,2421,2464,2416,2474,2408,2440,2465,2466,2387,2432,2441,2386,2416,2437,2466,2407,2421,2466,2457,2386
571.177,2398.9,2371,2408,2440,2415,2420,2323,2392,2388,2358,2393,2430,2396,2421,2361,2419,2413,2413,2400,2324,2417,2363,2429,2401,2436,2409,2389,2370,2414,2419,2436
571.522,2502.3,2510,2517,2494,2527,2493,2480,2506,2479,2513,2494,2501,2518,2505,2534,2507,2518,2541,2500,2463,2472,2490,2502,2491,2484,2485,2508,2511,2509,2514,2504
571.868,2065.7,2044,2071,2081,2048,2092,2054,2062,2080,2067,2069,2052,2059,2036,2070,2050,2062,2082,2068,2062,2096,2105,2082,2042,2063,2068,2034,2072,2092,2052,2057
572.214,2142.3,2154,2152,2113,2158,2114,2158,2156,2163,2117,2122,2118,2142,2162,2166,2102,2127,2179,2124,2147,2162,2149,2127,2167,2179,2153,2132,2118,2131,2131,2146
572.560,2231.9,2256,2206,2248,2216,2274,2216,2218,2248,2225,2241,2186,2250,2261,2230,2206,2234,2254,2219,2225,2222,2213,2211,2222,2219,2220,2256,2264,2252,2228,2236
572.906,2196.7,2174,2195,2208,2158,2181,2185,2175,2173,2195,2182,2194,2225,2209,2190,2170,2210,2215,2245,2190,2197,2193,2228,2154,2208,2199,2224,2200,2200,2229,2196
573.252,2256.1,2248,2246,2243,2274,2246,2272,2271,2237,2263,2258,2246,2286,2249,2247,2246,2242,2273,2263,2246,2276,2226,2274,2218,2243,2270,2218,2261,2288,2270,2284
573.598,2255.8,2271,2274,2248,2260,2278,2245,2258,2290,2272,2255,2254,2232,2227,2220,2244,2245,2238,2279,2254,2289,2271,2274,2244,2242,2252,2248,2275,2252,2237,2246
573.944,2326.6,2351,2350,2306,2330,2338,2320,2332,2300,2309,2289,2334,2294,2370,2306,2319,2284,2341,2331,2313,2323,2332,2373,2327,2357,2323,2348,2343,2303,2315,2338
574.290,2155.8,2132,2108,2167,2177,2170,2171,2154,2184,2152,2142,2123,2147,2143,2163,2148,2142,2198,2165,2178,2117,2182,2162,2161,2158,2164,2169,2149,2153,2133,2163
574.636,2361.1,2363,2346,2417,2378,2349,2344,2347,2344,2381,2350,2381,2360,2333,2357,2382,2372,2383,2361,2318,2367,2335,2372,2388,2385,2320,2384,2366,2360,2347,2344
574.982,2077.3,2037,2090,2057,2057,2081,2074,2099,2022,2059,2083,2077,2081,2102,2084,2123,2072,2060,2056,2031,2107,2077,2048,2097,2089,2093,2099,2124,2085,2106,2050
575.328,2398.4,2411,2432,2392,2426,2370,2418,2388,2432,2364,2402,2335,2385,2398,2401,2424,2365,2417,2392,2432,2371,2403,2424,2374,2409,2405,2416,2383,2393,2397,2392
575.674,2150.3,2120,2168,2162,2160,2158,2130,2154,2139,2114,2182,2107,2158,2153,2121,2188,2144,2150,2160,2177,2144,2147,2166,2138,2142,2170,2141,2160,2158,2163,2136
576.020,2272.4,2220,2278,2298,2256,2292,2255,2266,2301,2258,2239,2289,2269,2280,2245,2273,2250,2298,2258,2258,2283,2274,2266,2249,2259,2306,2285,2286,2291,2311,2280
576.366,2274.8,2289,2234,2314,2298,2279,2281,2286,2259,2270,2296,2278,2267,2228,2278,2278,2264,2284,2293,2338,2274,2257,2297,2288,2257,2286,2242,2220,2264,2252,2294
576.712,2578.0,2554,2546,2574,2598,2594,2596,2572,2611,2576,2600,2641,2575,2567,2591,2568,2567,2574,2565,2584,2573,2577,2557,2529,2597,2579,2589,2553,2602,2600,2531
577.058,2503.3,2467,2536,2517,2519,2503,2472,2507,2502,2521,2505,2506,2518,2497,2520,2521,2482,2512,2490,2524,2478,2445,2504,2513,2517,2504,2523,2459,2518,2520,2498
577.405,1987.5,1944,1988,2004,2009,1971,1999,1967,1965,2023,1998,1995,2001,1989,1956,1994,1983,1996,1967,1989,1988,1977,1984,2022,2022,1966,1984,1997,1981,1989,1976
577.751,2130.1,2131,2121,2120,2141,2140,2131,2115,2182,2149,2124,2156,2173,2082,2141,2116,2116,2118,2143,2099,2126,2138,2104,2114,2123,2151,2133,2114,2085,2155,2162
578.097,2363.8,2347,2364,2352,2349,2369,2354,2372,2399,2369,2323,2357,2331,2360,2370,2341,2371,2397,2372,2367,2393,2368,2382,2383,2339,2333,2393,2366,2379,2366,2348
578.444,2383.0,2365,2335,2395,2392,2348,2385,2366,2380,2401,2440,2369,2363,2376,2401,2405,2371,2402,2407,2386,2360,2391,2372,2419,2358,2374,2396,2397,2387,2382,2366
578.790,2136.0,2123,2187,2117,2137,2138,2131,2156,2139,2123,2139,2160,2149,2137,2097,2091,2159,2122,2123,2152,2108,2140,2108,2120,2150,2120,2157,2128,2150,2185,2134
579.136,2264.4,2210,2236,2232,2257,2262,2315,2319,2277,2321,2275,2233,2266,2241,2278,2247,2253,2275,2240,2244,2273,2267,2259,2263,2264,2291,2310,2239,2280,2276,2228
579.483,2385.6,2373,2415,2379,2426,2375,2368,2409,2379,2385,2399,2400,2417,2392,2393,2358,2372,2373,2407,2381,2389,2377,2405,2365,2377,2395,2363,2389,2393,2339,2376
579.829,2106.3,2075,2099,2115,2104,2121,2055,2121,2124,2128,2121,2108,2094,2133,2122,2104,2076,2086,2106,2109,2124,2103,2114,2113,2119,2105,2131,2100,2123,2061,2096
580.176,2214.3,2155,2216,2216,2223,2240,2211,2217,2226,2233,2241,2268,2217,2178,2206,2200,2238,2222,2188,2208,2188,2185,2204,2227,2217,2181,2241,2221,2212,2203,2247
580.522,2289.9,2278,2286,2307,2312,2273,2312,2318,2275,2254,2290,2285,2250,2244,2271,2301,2280,2323,2294,2289,2265,2285,2324,2309,2280,2329,2304,2298,2291,2288,2282
580.868,2236.1,2200,2208,2212,2206,2213,2255,2248,2253,2265,2232,2264,2286,2224,2286,2205,2223,2259,2209,2234,2242,2252,2241,2226,2242,2231,2250,2224,2240,2204,2249
581.215,2366.2,2377,2419,2363,2346,2367,2370,2390,2351,2362,2413,2362,2380,2397,2316,2378,2326,2370,2382,2364,2394,2328,2395,2369,2376,2325,2341,2358,2350,2346,2370
581.562,2192.1,2147,2207,2204,2188,2175,2182,2120,2210,2206,2192,2217,2174,2196,2201,2219,2206,2197,2230,2235,2178,2219,2179,2153,2207,2187,2185,2206,2139,2193,2210
581.908,2094.9,2040,2136,2132,2051,2078,2088,2109,2050,2128,2094,2115,2103,2109,2085,2090,2138,2069,2089,2052,2106,2140,2121,2124,2104,2068,2072,2076,2109,2095,2077
582.255,2204.9,2191,2196,2185,2200,2227,2202,2184,2179,2227,2231,2209,2203,2229,2230,2195,2188,2197,2184,2193,2213,2244,2236,2232,2137,2214,2212,2213,2177,2213,2207
582.601,2050.5,2029,2045,2059,2039,2076,2033,2065,2029,2040,2039,2032,2064,2060,2048,2056,2049,2052,2046,2061,2080,2044,2015,2033,2046,2080,2077,2045,2069,2046,2059
582.948,2173.9,2133,2148,2157,2163,2176,2179,2200,2177,2185,2178,2186,2209,2190,2173,2178,2162,2164,2179,2158,2179,2180,2182,2149,2181,2141,2174,2175,2188,2177,2195
583.295,2087.1,2068,2093,2066,2055,2084,2130,2109,2104,2095,2127,2093,2092,2085,2092,2082,2090,2059,2090,2080,2076,2074,2077,2091,2084,2118,2032,2067,2106,2069,2126
583.641,2107.8,2118,2083,2125,2124,2138,2104,2114,2075,2118,2123,2107,2079,2114,2161,2111,2105,2123,2085,2093,2126,2133,2096,2064,2083,2092,2089,2124,2114,2088,2125
583.988,2500.0,2497,2497,2466,2546,2528,2546,2511,2499,2502,2485,2516,2484,2466,2499,2525,2490,2477,2532,2466,2509,2521,2479,2468,2484,2497,2507,2506,2508,2486,2503
584.335,2153.1,2145,2132,2178,2110,2196,2192,2181,2152,2098,2154,2154,2180,2173,2095,2143,2171,2161,2185,2152,2152,2136,2107,2155,2143,2145,2166,2142,2156,2140,2199
584.681,2312.2,2306,2279,2300,2302,2325,2298,2284,2359,2337,2315,2308,2301,2324,2298,2326,2260,2289,2320,2314,2304,2288,2335,2327,2344,2302,2349,2299,2344,2308,2320
585.028,2096.5,2124,2111,2104,2125,2079,2100,2110,2126,2094,2068,2105,2084,2074,2072,2110,2071,2058,2115,2098,2074,2092,2058,2114,2152,2089,2059,2104,2136,2081,2108
585.375,2073.2,2085,2085,2088,2038,2106,2082,2069,2106,2073,2077,2071,2093,2098,2070,2063,2051,2060,2033,2068,2088,2046,2054,2064,2061,2109,2077,2071,2102,2073,2036
585.722,2241.9,2230,2234,2239,2246,2226,2276,2218,2214,2252,2276,2249,2253,2204,2223,2225,2269,2225,2224,2223,2255,2282,2225,2253,2244,2234,2281,2261,2226,2226,2264
586.069,2356.4,2353,2357,2367,2376,2348,2372,2333,2357,2332,2356,2346,2361,2360,2342,2360,2365,2342,2393,2349,2350,2366,2340,2367,2369,2391,2345,2357,2355,2328,2354
586.416,2169.0,2190,2168,2152,2172,2152,2174,2158,2178,2155,2206,2156,2169,2165,2165,2191,2124,2155,2149,2170,2156,2180,2177,2164,2169,2177,2184,2163,2165,2192,2194
586.763,2261.1,2276,2255,2318,2270,2266,2254,2241,2252,2280,2237,2266,2306,2268,2276,2257,2235,2264,2252,2260,2258,2255,2233,2230,2253,2271,2271,2241,2294,2248,2246
587.110,2439.6,2447,2432,2451,2444,2437,2449,2473,2451,2472,2454,2456,2427,2424,2395,2425,2416,2411,2433,2428,2414,2422,2427,2486,2430,2430,2470,2416,2467,2443,2459
587.457,2278.0,2265,2265,2313,2274,2332,2300,2289,2284,2309,2306,2267,2309,2312,2240,2305,2269,2248,2269,2255,2288,2237,2282,2274,2265,2260,2267,2263,2253,2261,2280
587.804,2086.8,2100,2079,2107,2091,2082,2091,2076,2117,2059,2091,2109,2063,2086,2107,2076,2081,2083,2078,2063,2076,2075,2101,2072,2059,2106,2114,2072,2067,2106,2118
588.151,1964.9,2018,1929,1974,1970,1964,1960,1948,1961,1942,1976,1968,1998,2013,1933,1956,1971,1991,1953,1976,1964,1925,1969,1981,1932,1939,1963,2019,1928,1938,1989
588.498,2470.0,2464,2479,2499,2478,2424,2492,2504,2484,2492,2468,2438,2458,2477,2424,2508,2484,2460,2460,2439,2492,2435,2459,2476,2442,2484,2504,2476,2445,2493,2461
588.845,2314.7,2316,2346,2318,2318,2321,2328,2310,2337,2322,2317,2281,2280,2306,2306,2280,2345,2365,2286,2299,2338,2332,2334,2287,2342,2325,2254,2287,2321,2323,2317
589.192,2283.1,2289,2291,2260,2273,2304,2307,2264,2247,2257,2267,2299,2285,2282,2309,2328,2293,2294,2283,2309,2293,2241,2299,2234,2273,2287,2299,2244,2300,2310,2273
589.539,1968.6,2021,1993,1929,1983,1957,1969,1984,1966,1962,1972,1959,1980,1964,1941,1950,1939,2017,1954,1954,1962,1952,1983,1962,1960,1974,1964,1944,1977,1998,1989
589.886,2239.0,2207,2251,2251,2244,2248,2248,2281,2241,2223,2232,2240,2232,2252,2232,2209,2250,2287,2235,2241,2270,2254,2220,2278,2191,2229,2192,2232,2235,2227,2237
590.233,2099.6,2080,2119,2104,2113,2136,2099,2089,2080,2094,2115,2110,2135,2091,2116,2102,2110,2071,2082,2086,2079,2069,2118,2113,2080,2097,2131,2109,2060,2094,2106
590.580,2102.0,2129,2098,2089,2094,2149,2064,2102,2064,2081,2132,2096,2103,2117,2128,2076,2120,2102,2095,2091,2090,2080,2112,2075,2119,2113,2100,2114,2100,2124,2102
590.928,1997.0,2002,2006,2011,1953,1997,2002,2015,1995,2003,2008,1985,2001,2011,1993,1999,1999,2010,1995,2008,1960,2011,1997,2020,2011,1973,1997,1969,2002,1981,1995
591.275,2155.6,2170,2158,2168,2161,2163,2167,2137,2115,2172,2143,2167,2159,2179,2167,2131,2139,2143,2149,2139,2154,2147,2158,2165,2144,2187,2166,2143,2203,2120,2153
591.622,2086.1,2109,2084,2085,2074,2079,2078,2096,2091,2103,2106,2083,2050,2075,2113,2091,2054,2136,2064,2077,2075,2081,2080,2099,2076,2080,2105,2090,2083,2088,2077
591.969,2298.5,2343,2297,2293,2283,2261,2302,2280,2302,2273,2349,2302,2306,2341,2302,2336,2325,2331,2230,2312,2285,2310,2312,2290,2285,2293,2291,2289,2275,2265,2292
592.317,2013.0,2020,2005,2025,2025,2022,2022,1994,2012,1983,2024,1994,2019,2022,1997,2042,2019,2021,1999,2037,2027,2008,1993,1988,2002,2017,1999,2019,2024,1988,2042
592.664,2259.8,2252,2217,2260,2265,2284,2257,2257,2241,2230,2270,2250,2241,2252,2292,2264,2234,2272,2267,2289,2249,2233,2259,2238,2242,2280,2275,2290,2304,2275,2256
593.011,2769.1,2827,2716,2785,2766,2804,2763,2767,2811,2768,2726,2762,2753,2792,2805,2763,2777,2784,2763,2793,2740,2783,2762,2748,2739,2752,2749,2821,2760,2778,2715
593.359,2259.3,2250,2228,2295,2286,2266,2280,2241,2290,2222,2253,2271,2261,2289,2282,2248,2278,2239,2254,2252,2252,2232,2266,2262,2238,2253,2280,2233,2249,2262,2267
593.706,2185.9,2204,2201,2203,2211,2177,2157,2172,2143,2172,2226,2208,2168,2210,2201,2177,2203,2171,2178,2193,2163,2208,2183,2172,2158,2142,2200,2166,2183,2198,2230
594.054,2262.0,2263,2215,2273,2270,2250,2273,2269,2309,2232,2308,2270,2237,2237,2248,2258,2256,2234,2246,2273,2249,2250,2254,2252,2289,2286,2264,2289,2258,2290,2257
594.401,2186.6,2180,2197,2206,2142,2194,2216,2186,2192,2168,2218,2221,2177,2188,2179,2204,2178,2207,2185,2172,2203,2169,2182,2191,2184,2160,2191,2124,2230,2158,2195
594.749,2242.5,2260,2238,2243,2222,2230,2262,2260,2286,2212,2239,2275,2264,2244,2278,2239,2202,2236,2228,2248,2285,2204,2249,2234,2239,2221,2276,2219,2212,2232,2239
595.096,2276.8,2293,2309,2309,2301,2248,2276,2281,2278,2264,2292,2268,2265,2263,2312,2278,2309,2302,2257,2289,2277,2261,2264,2248,2260,2261,2264,2272,2249,2274,2280
595.444,2368.3,2367,2354,2378,2373,2368,2376,2379,2378,2312,2378,2350,2386,2370,2392,2364,2352,2351,2360,2450,2358,2323,2385,2379,2361,2376,2369,2356,2379,2363,2363
595.791,2222.7,2222,2217,2229,2191,2231,2252,2238,2252,2217,2215,2239,2226,2213,2183,2245,2237,2240,2272,2177,2234,2206,2217,2254,2199,2216,2212,2231,2206,2203,2206
596.139,2539.6,2532,2505,2542,2532,2575,2521,2588,2562,2556,2562,2534,2539,2528,2523,2543,2527,2520,2523,2532,2544,2526,2534,2549,2530,2513,2553,2539,2511,2574,2572
596.486,2193.9,2189,2183,2199,2190,2175,2184,2214,2186,2197,2194,2185,2224,2184,2248,2202,2184,2211,2159,2228,2181,2187,2181,2181,2153,2218,2186,2226,2189,2188,2192
596.834,2106.4,2117,2128,2093,2098,2108,2095,2127,2097,2100,2132,2127,2081,2089,2101,2097,2130,2129,2113,2085,2105,2097,2088,2120,2084,2132,2108,2107,2137,2092,2076
597.182,1964.4,1951,1925,1940,1951,1938,1972,1964,1962,1955,1951,1962,1979,1952,1944,1992,1977,1979,1954,1961,1976,1981,1971,1997,1967,1955,1983,1995,1952,1972,1974
597.529,2325.9,2328,2276,2298,2344,2329,2345,2365,2324,2333,2334,2333,2326,2286,2314,2319,2285,2304,2315,2363,2320,2342,2339,2336,2302,2348,2352,2332,2329,2339,2317
597.877,2184.3,2156,2152,2153,2217,2174,2162,2174,2191,2201,2167,2210,2146,2168,2178,2187,2207,2216,2192,2176,2205,2201,2190,2184,2178,2204,2184,2193,2164,2204,2196
598.225,2178.5,2180,2200,2177,2201,2173,2208,2143,2178,2166,2158,2162,2192,2188,2206,2191,2168,2174,2142,2183,2183,2152,2177,2194,2192,2184,2167,2204,2178,2150,2183
598.573,2005.7,2028,2049,2010,2009,2032,2009,1946,1991,2000,2025,2012,1996,1952,2012,1995,1989,2037,2044,2011,2017,1985,1977,2003,2004,2012,1999,1974,2011,2035,2007
598.920,2451.3,2471,2474,2464,2436,2486,2455,2462,2470,2434,2458,2508,2421,2437,2434,2425,2470,2485,2396,2450,2459,2424,2463,2456,2472,2454,2429,2446,2391,2455,2453
599.268,2192.3,2172,2201,2195,2229,2203,2182,2216,2161,2208,2183,2241,2175,2184,2182,2151,2176,2216,2208,2200,2169,2199,2171,2173,2227,2161,2198,2198,2214,2179,2198
599.616,2013.1,2023,1984,2009,2039,2001,2009,2006,2031,2022,2013,2003,2000,2027,2043,2005,2005,2010,1983,2001,2011,2042,1985,2031,2011,2015,1988,1994,2055,2022,2026
599.964,2192.3,2186,2168,2190,2202,2206,2214,2178,2181,2195,2212,2199,2185,2212,2149,2196,2217,2206,2141,2191,2208,2197,2204,2168,2189,2207,2171,2212,2220,2184,2181
600.312,1974.0,1947,1990,1997,1959,1976,1985,1988,1952,1970,1985,1988,1979,1981,1978,2008,1979,1969,1967,1976,1940,1963,1974,1946,1982,1943,1986,2029,1951,1953,1979
600.660,2068.3,2071,2065,2078,2029,2105,2105,2077,2045,2047,2100,2054,2109,2110,2076,2028,2047,2054,2071,2072,2049,2052,2085,2083,2069,2076,2080,2014,2075,2067,2055
601.008,2136.2,2124,2164,2141,2131,2149,2140,2156,2114,2122,2116,2112,2156,2142,2162,2138,2156,2148,2084,2136,2125,2168,2134,2141,2119,2133,2132,2131,2168,2117,2127
601.356,2278.3,2259,2262,2294,2222,2252,2251,2315,2243,2332,2313,2248,2295,2275,2289,2288,2293,2274,2256,2278,2328,2242,2274,2298,2301,2296,2291,2274,2268,2287,2252
601.704,1833.2,1841,1851,1829,1809,1841,1818,1848,1846,1850,1808,1844,1838,1835,1856,1834,1816,1806,1811,1849,1819,1818,1853,1827,1857,1846,1801,1833,1826,1857,1829
602.052,2143.5,2146,2133,2150,2081,2161,2152,2133,2153,2132,2144,2192,2147,2156,2183,2178,2114,2159,2110,2133,2169,2163,2132,2164,2111,2161,2147,2144,2147,2110,2099
602.400,2165.1,2162,2160,2147,2155,2164,2172,2203,2186,2141,2124,2158,2136,2143,2187,2186,2154,2160,2141,2169,2210,2150,2178,2171,2141,2179,2165,2237,2173,2153,2148
602.748,2516.0,2511,2501,2475,2532,2502,2584,2494,2516,2520,2528,2539,2522,2478,2490,2503,2531,2520,2477,2591,2550,2495,2497,2537,2536,2508,2520,2508,2511,2538,2465
603.096,2070.6,2072,2082,2047,2035,2031,2066,2081,2080,2077,2114,2091,2077,2070,2067,2064,2090,2121,2056,2082,2072,2068,2096,2062,2056,2049,2064,2078,2044,2080,2045
603.444,2060.7,2074,2078,2052,2038,2069,2048,2040,2040,2077,2018,2062,2025,2046,2071,2048,2071,2069,2077,2041,2057,2070,2032,2084,2094,2101,2081,2107,2060,2042,2048
603.792,2318.3,2339,2294,2314,2295,2302,2346,2342,2316,2321,2371,2367,2263,2302,2344,2315,2308,2308,2323,2315,2314,2291,2327,2285,2304,2344,2303,2335,2336,2340,2286
604.140,2144.9,2195,2133,2147,2137,2141,2158,2138,2153,2137,2132,2147,2107,2115,2155,2138,2169,2122,2108,2162,2122,2164,2135,2167,2131,2152,2130,2152,2178,2138,2184
604.488,2247.5,2280,2270,2264,2216,2287,2223,2243,2260,2233,2239,2293,2215,2220,2311,2259,2267,2186,2282,2248,2228,2241,2224,2237,2198,2248,2237,2275,2246,2232,2264
604.836,2180.6,2184,2195,2198,2217,2180,2208,2187,2158,2242,2186,2189,2168,2171,2213,2168,2203,2214,2121,2157,2173,2175,2198,2145,2175,2194,2166,2145,2155,2178,2155
605.185,2175.6,2153,2134,2140,2202,2184,2211,2179,2195,2194,2198,2190,2149,2172,2198,2174,2152,2174,2148,2200,2185,2163,2197,2198,2143,2180,2193,2172,2132,2183,2175
605.533,2343.1,2361,2358,2319,2326,2297,2339,2345,2300,2362,2381,2285,2356,2381,2343,2387,2412,2369,2325,2341,2307,2335,2302,2357,2343,2364,2334,2360,2324,2330,2350
605.881,2138.0,2113,2144,2149,2122,2123,2109,2139,2130,2096,2162,2159,2119,2115,2161,2165,2111,2136,2145,2148,2152,2122,2167,2139,2136,2166,2148,2128,2163,2116,2158
606.230,2407.3,2338,2441,2401,2409,2393,2400,2404,2391,2405,2418,2404,2412,2402,2472,2410,2396,2390,2424,2397,2438,2353,2431,2456,2394,2398,2390,2428,2417,2399,2408
606.578,2370.4,2361,2369,2357,2376,2356,2392,2382,2392,2372,2435,2362,2361,2335,2376,2398,2383,2346,2390,2349,2336,2350,2396,2350,2353,2355,2401,2354,2353,2396,2376
606.926,2279.9,2312,2268,2301,2292,2277,2252,2302,2271,2276,2285,2283,2277,2252,2286,2284,2292,2282,2270,2259,2257,2220,2258,2330,2274,2306,2288,2280,2310,2254,2299
607.275,2375.1,2406,2378,2393,2376,2400,2392,2344,2357,2392,2354,2393,2394,2368,2372,2396,2360,2355,2338,2379,2382,2370,2360,2384,2386,2361,2361,2373,2368,2375,2387
607.623,2281.3,2265,2253,2322,2264,2267,2265,2292,2269,2276,2335,2274,2312,2237,2255,2306,2271,2290,2266,2284,2280,2276,2296,2299,2298,2274,2270,2274,2269,2300,2300
607.971,1974.6,2004,1983,1975,1942,1982,1992,1971,1952,1948,1958,1976,1964,1949,1992,1956,1964,1987,1967,1979,1975,1976,1982,1985,1972,1977,1971,2015,1944,1988,2011
608.320,2599.6,2613,2591,2591,2578,2633,2612,2590,2628,2611,2601,2591,2573,2627,2536,2628,2594,2585,2564,2579,2603,2633,2584,2612,2579,2584,2628,2628,2584,2594,2635
608.668,2255.4,2252,2222,2260,2239,2248,2277,2241,2257,2246,2250,2266,2250,2235,2248,2266,2281,2238,2235,2287,2241,2235,2275,2287,2269,2265,2260,2261,2231,2281,2260
609.017,2409.7,2404,2363,2383,2453,2417,2392,2405,2415,2373,2379,2396,2415,2433,2412,2397,2437,2408,2388,2402,2442,2414,2432,2424,2440,2429,2421,2398,2357,2406,2456
609.365,2387.5,2392,2400,2381,2349,2358,2438,2377,2404,2380,2393,2381,2376,2392,2365,2386,2376,2384,2397,2414,2377,2369,2424,2381,2418,2404,2385,2412,2397,2329,2386
609.714,2015.7,2008,2037,2006,2050,2040,2003,2005,2025,1991,2037,2003,2046,2024,1976,2045,2015,1985,2050,1993,2026,2001,2028,2009,2011,1995,2038,1992,1992,2011,2028
610.062,2249.8,2262,2260,2255,2271,2266,2230,2248,2229,2267,2238,2236,2240,2248,2259,2259,2234,2270,2228,2251,2265,2207,2243,2270,2290,2225,2233,2233,2224,2300,2252
610.411,1974.4,1987,1935,1982,1980,1948,2010,2011,1928,1985,1968,1952,1992,1955,1968,1970,1990,1988,1976,1996,1961,1963,1953,1988,1970,2005,2004,1993,1958,1946,1969
610.760,2142.5,2174,2123,2127,2116,2154,2161,2152,2168,2155,2133,2175,2132,2127,2127,2153,2188,2082,2120,2132,2102,2139,2129,2130,2163,2166,2155,2132,2169,2132,2159
611.108,2082.8,2100,2114,2089,2102,2066,2067,2075,2101,2095,2072,2075,2060,2086,2074,2084,2074,2071,2067,2102,2096,2064,2072,2099,2078,2058,2097,2066,2073,2104,2103
611.457,2190.8,2196,2202,2174,2189,2229,2196,2210,2253,2184,2194,2230,2170,2178,2153,2169,2171,2162,2179,2222,2189,2198,2174,2210,2190,2184,2174,2165,2209,2210,2160
611.805,2442.4,2450,2431,2425,2436,2428,2445,2382,2451,2434,2448,2425,2465,2430,2472,2436,2438,2457,2420,2435,2455,2449,2449,2405,2442,2424,2489,2473,2424,2512,2442
612.154,2286.3,2250,2286,2276,2287,2288,2287,2250,2289,2290,2278,2339,2261,2269,2275,2300,2254,2332,2296,2307,2266,2310,2357,2282,2297,2275,2240,2282,2303,2288,2276
612.503,2517.2,2502,2532,2534,2492,2494,2484,2554,2505,2541,2519,2497,2523,2537,2525,2533,2499,2514,2527,2480,2515,2547,2498,2496,2512,2531,2593,2464,2510,2547,2510
612.852,2340.1,2337,2341,2366,2364,2320,2335,2335,2304,2324,2312,2357,2295,2352,2315,2367,2344,2369,2360,2336,2376,2348,2365,2363,2313,2353,2319,2334,2367,2337,2296
613.200,2373.7,2375,2382,2362,2373,2363,2377,2361,2373,2361,2375,2397,2401,2397,2392,2374,2347,2375,2409,2356,2357,2353,2350,2366,2407,2346,2394,2369,2377,2377,2364
613.549,2388.3,2396,2426,2382,2394,2385,2415,2427,2420,2388,2359,2355,2392,2390,2380,2375,2377,2344,2366,2366,2417,2399,2397,2419,2367,2355,2404,2350,2442,2341,2422
613.898,2338.5,2369,2332,2303,2336,2363,2374,2330,2369,2342,2323,2328,2332,2310,2315,2360,2300,2352,2324,2331,2381,2316,2351,2365,2334,2340,2299,2318,2362,2351,2344
614.247,2406.7,2420,2392,2440,2405,2382,2425,2436,2418,2375,2396,2399,2407,2370,2366,2440,2390,2424,2403,2415,2447,2416,2413,2432,2416,2391,2387,2382,2413,2421,2381
614.596,2284.1,2305,2281,2268,2257,2298,2296,2296,2270,2296,2246,2283,2282,2298,2279,2299,2288,2242,2243,2295,2318,2298,2259,2289,2292,2303,2235,2302,2328,2287,2290
614.945,2329.3,2334,2333,2367,2351,2335,2335,2353,2309,2285,2305,2309,2373,2346,2294,2344,2318,2318,2330,2345,2339,2325,2332,2310,2326,2348,2343,2332,2311,2345,2283
615.294,2219.9,2213,2193,2248,2237,2230,2200,2252,2245,2205,2217,2221,2229,2252,2230,2245,2193,2226,2180,2200,2232,2280,2204,2186,2189,2218,2201,2204,2213,2200,2255
615.642,2296.3,2309,2348,2329,2270,2275,2298,2261,2280,2274,2296,2296,2281,2292,2246,2291,2307,2274,2284,2305,2285,2281,2262,2339,2326,2329,2291,2296,2326,2351,2288
615.991,2710.7,2680,2739,2753,2696,2702,2672,2668,2712,2704,2690,2725,2692,2701,2717,2732,2683,2690,2733,2719,2686,2748,2699,2719,2709,2710,2721,2705,2728,2762,2727
616.340,2204.4,2193,2176,2222,2188,2210,2221,2210,2184,2231,2170,2186,2205,2165,2156,2226,2178,2184,2208,2201,2237,2232,2241,2189,2203,2224,2234,2214,2193,2227,2223
616.689,2121.3,2117,2163,2129,2128,2147,2127,2103,2115,2090,2080,2115,2093,2092,2103,2097,2108,2120,2119,2123,2148,2113,2138,2095,2116,2138,2150,2103,2159,2149,2161
617.038,2434.3,2436,2453,2467,2436,2458,2452,2405,2448,2459,2408,2399,2438,2418,2452,2456,2430,2456,2436,2365,2457,2425,2442,2441,2433,2404,2475,2427,2418,2430,2405
617.387,2224.1,2195,2220,2245,2241,2206,2246,2221,2238,2256,2235,2241,2199,2244,2171,2212,2241,2232,2201,2223,2235,2181,2223,2225,2224,2214,2242,2215,2211,2260,2225
617.737,2399.5,2422,2392,2387,2382,2386,2404,2408,2359,2405,2406,2389,2370,2430,2385,2419,2431,2417,2388,2390,2389,2417,2377,2379,2408,2423,2420,2386,2413,2389,2413
618.086,2211.8,2217,2206,2235,2215,2184,2200,2217,2205,2202,2262,2169,2228,2243,2219,2178,2223,2200,2173,2225,2223,2219,2205,2179,2216,2180,2217,2218,2201,2247,2248
618.435,2396.1,2384,2371,2398,2412,2402,2385,2386,2408,2386,2421,2392,2376,2393,2421,2415,2379,2373,2394,2404,2364,2394,2398,2425,2354,2436,2417,2390,2363,2432,2411
618.784,2405.0,2392,2400,2414,2413,2453,2392,2377,2437,2370,2440,2386,2408,2396,2384,2407,2410,2397,2376,2404,2399,2424,2325,2441,2460,2417,2440,2378,2396,2397,2417
619.133,2128.5,2160,2142,2143,2086,2094,2104,2143,2113,2129,2115,2147,2169,2114,2112,2141,2172,2104,2129,2122,2137,2104,2123,2146,2163,2130,2096,2126,2117,2129,2145
619.482,2250.8,2304,2227,2260,2274,2270,2240,2226,2269,2234,2280,2254,2251,2213,2246,2244,2247,2236,2246,2236,2254,2262,2233,2250,2226,2268,2261,2237,2286,2252,2237
619.832,2104.2,2101,2141,2114,2116,2057,2124,2090,2167,2111,2096,2127,2101,2105,2091,2070,2097,2091,2098,2099,2084,2142,2081,2113,2086,2101,2067,2100,2124,2130,2103
620.181,2091.8,2079,2094,2144,2091,2067,2100,2044,2059,2075,2115,2080,2098,2095,2082,2097,2107,2079,2085,2104,2073,2120,2113,2077,2083,2110,2082,2125,2089,2096,2090
620.530,2443.3,2488,2430,2405,2456,2429,2410,2448,2423,2433,2431,2453,2437,2441,2478,2422,2434,2448,2480,2426,2459,2438,2448,2481,2416,2479,2420,2445,2459,2471,2411
620.879,2393.3,2374,2415,2400,2420,2401,2397,2358,2355,2397,2445,2425,2359,2420,2371,2373,2419,2385,2398,2399,2366,2401,2422,2371,2376,2367,2460,2370,2390,2383,2381
621.229,2146.9,2162,2136,2173,2138,2153,2140,2156,2117,2147,2106,2131,2133,2146,2154,2202,2161,2143,2170,2145,2167,2114,2163,2148,2137,2141,2131,2148,2145,2175,2125
621.578,2737.4,2717,2799,2731,2744,2729,2732,2729,2748,2794,2732,2677,2763,2757,2736,2718,2735,2718,2728,2732,2741,2740,2721,2709,2719,2691,2706,2752,2782,2796,2746
621.927,2431.6,2446,2483,2449,2405,2392,2480,2419,2446,2453,2432,2450,2418,2409,2451,2426,2456,2459,2453,2432,2449,2399,2418,2417,2442,2389,2429,2410,2429,2423,2385
622.277,2106.2,2085,2133,2121,2124,2103,2098,2103,2104,2091,2094,2098,2120,2131,2083,2121,2075,2121,2136,2094,2103,2124,2115,2130,2100,2078,2114,2110,2107,2084,2085
622.626,2189.2,2163,2211,2179,2189,2193,2186,2232,2154,2197,2187,2186,2175,2182,2225,2197,2155,2190,2232,2184,2181,2230,2176,2171,2204,2188,2180,2177,2186,2179,2186
622.975,2168.7,2156,2167,2156,2181,2169,2190,2159,2152,2135,2157,2162,2161,2199,2189,2168,2173,2188,2181,2180,2159,2200,2131,2170,2208,2160,2169,2176,2144,2171,2149
623.325,2224.3,2235,2247,2224,2197,2223,2216,2217,2226,2220,2248,2276,2271,2236,2209,2260,2227,2247,2201,2206,2228,2206,2251,2212,2242,2207,2219,2214,2226,2183,2156
623.674,2255.3,2267,2273,2249,2228,2258,2253,2238,2246,2238,2233,2296,2274,2278,2267,2252,2244,2224,2237,2243,2282,2268,2300,2238,2268,2212,2230,2241,2260,2298,2263
624.024,2610.3,2609,2629,2601,2608,2598,2680,2609,2601,2580,2664,2601,2621,2632,2634,2646,2634,2601,2582,2581,2608,2598,2619,2591,2544,2605,2632,2572,2588,2616,2625
624.373,2363.0,2412,2361,2346,2360,2338,2402,2328,2381,2356,2348,2333,2403,2394,2398,2341,2351,2352,2364,2389,2342,2347,2397,2341,2381,2360,2367,2336,2338,2361,2362
624.723,2371.3,2371,2390,2362,2392,2378,2406,2359,2354,2338,2410,2405,2377,2336,2387,2386,2385,2344,2352,2344,2374,2350,2335,2392,2381,2370,2370,2348,2364,2406,2372
625.072,2317.0,2352,2355,2328,2341,2347,2287,2298,2310,2304,2332,2279,2315,2345,2300,2340,2289,2324,2318,2306,2280,2312,2273,2361,2350,2322,2323,2316,2333,2292,2277
625.422,2078.1,2090,2093,2069,2065,2102,2069,2084,2046,2101,2102,2098,2108,2090,2070,2058,2064,2072,2062,2084,2064,2088,2076,2082,2061,2069,2068,2091,2079,2068,2070
625.772,2263.1,2284,2261,2271,2298,2252,2230,2269,2306,2246,2273,2274,2242,2270,2229,2284,2279,2240,2266,2253,2254,2244,2254,2246,2264,2278,2277,2232,2280,2286,2251
626.121,2197.3,2208,2182,2229,2242,2210,2182,2182,2179,2168,2210,2182,2168,2169,2193,2209,2210,2246,2212,2206,2226,2198,2204,2176,2189,2181,2211,2224,2157,2174,2191
626.471,2345.9,2350,2357,2308,2356,2384,2366,2331,2346,2359,2338,2333,2340,2335,2352,2331,2350,2362,2354,2268,2339,2366,2357,2365,2350,2324,2345,2352,2357,2341,2360
626.821,2349.1,2364,2347,2362,2332,2336,2329,2366,2344,2360,2367,2344,2369,2356,2362,2329,2343,2400,2325,2360,2344,2329,2352,2334,2310,2376,2349,2320,2344,2355,2364
627.170,2213.9,2181,2199,2201,2216,2229,2257,2203,2224,2242,2249,2227,2156,2217,2212,2220,2185,2267,2210,2221,2204,2206,2213,2228,2211,2176,2200,2209,2205,2222,2227
627.520,2116.3,2130,2127,2085,2121,2102,2120,2133,2140,2090,2119,2119,2136,2101,2057,2099,2106,2158,2091,2119,2148,2122,2132,2150,2096,2121,2081,2145,2100,2163,2078
627.870,2443.5,2452,2446,2476,2469,2440,2430,2410,2465,2451,2440,2410,2415,2444,2420,2451,2428,2458,2454,2445,2453,2438,2474,2458,2462,2414,2410,2463,2443,2466,2420
628.220,2215.8,2201,2207,2196,2219,2232,2202,2199,2220,2232,2222,2189,2212,2217,2226,2195,2239,2233,2245,2213,2238,2191,2206,2258,2200,2210,2200,2193,2243,2221,2216
628.569,2261.6,2255,2249,2260,2250,2263,2269,2267,2299,2247,2261,2262,2255,2271,2321,2269,2256,2251,2271,2241,2251,2268,2241,2252,2276,2246,2252,2298,2253,2237,2257
628.919,2373.6,2400,2355,2398,2383,2331,2361,2401,2387,2340,2395,2356,2351,2397,2385,2357,2403,2341,2385,2376,2318,2405,2386,2362,2388,2353,2347,2401,2363,2370,2414
629.269,2325.9,2337,2306,2315,2329,2328,2314,2322,2362,2312,2312,2333,2346,2309,2328,2299,2270,2329,2358,2360,2340,2321,2339,2336,2301,2334,2319,2325,2321,2332,2340
629.619,2333.6,2332,2275,2320,2333,2330,2341,2321,2361,2284,2319,2306,2339,2350,2366,2340,2370,2379,2362,2355,2307,2299,2314,2364,2301,2305,2364,2301,2345,2358,2368
629.969,2434.6,2414,2460,2444,2426,2430,2440,2430,2432,2428,2451,2437,2417,2436,2446,2421,2419,2423,2436,2460,2433,2478,2428,2446,2376,2446,2428,2425,2424,2450,2454
630.319,2325.9,2309,2357,2330,2359,2338,2341,2335,2333,2352,2345,2313,2312,2298,2286,2332,2340,2352,2329,2296,2298,2298,2326,2349,2348,2339,2379,2294,2301,2304,2283
630.669,2233.7,2242,2207,2240,2248,2234,2230,2198,2281,2213,2260,2253,2245,2246,2274,2216,2215,2213,2237,2191,2241,2242,2272,2253,2206,2218,2231,2242,2212,2223,2228
631.019,2134.8,2129,2084,2152,2121,2138,2178,2105,2129,2094,2138,2153,2118,2150,2122,2160,2141,2155,2144,2149,2152,2098,2098,2121,2115,2118,2165,2174,2173,2140,2130
631.368,2343.3,2345,2338,2376,2341,2378,2332,2369,2335,2355,2317,2327,2374,2343,2345,2347,2375,2324,2337,2331,2322,2350,2350,2364,2320,2329,2372,2330,2311,2312,2351
631.718,2492.8,2454,2512,2519,2494,2465,2461,2504,2527,2499,2490,2483,2480,2516,2451,2510,2494,2470,2500,2542,2513,2435,2510,2496,2494,2513,2497,2501,2469,2497,2488
632.068,2303.1,2313,2341,2344,2327,2294,2338,2284,2305,2293,2295,2271,2309,2288,2284,2292,2299,2310,2330,2294,2308,2296,2303,2265,2335,2290,2271,2304,2323,2305,2281
632.419,2408.4,2407,2419,2405,2430,2377,2409,2415,2418,2390,2406,2436,2409,2410,2389,2417,2449,2407,2439,2371,2399,2399,2422,2430,2372,2432,2349,2404,2382,2436,2424
632.769,2096.5,2108,2092,2049,2102,2099,2083,2091,2125,2152,2090,2085,2087,2080,2091,2093,2108,2092,2091,2117,2079,2108,2071,2092,2096,2085,2132,2120,2057,2106,2115
633.119,2261.2,2328,2281,2259,2301,2256,2234,2229,2280,2289,2270,2228,2269,2227,2296,2288,2232,2298,2275,2246,2207,2271,2264,2250,2251,2263,2201,2251,2266,2256,2270
633.469,2515.2,2508,2508,2497,2514,2531,2511,2458,2543,2529,2508,2539,2536,2546,2526,2499,2498,2524,2475,2609,2455,2515,2514,2537,2496,2530,2496,2516,2526,2470,2541
633.819,2279.0,2296,2261,2288,2271,2246,2288,2284,2294,2295,2258,2300,2290,2285,2233,2261,2316,2276,2272,2219,2273,2312,2280,2294,2260,2299,2282,2295,2274,2275,2292
634.169,2256.3,2303,2238,2262,2221,2256,2230,2252,2265,2220,2271,2280,2264,2251,2272,2225,2271,2226,2268,2221,2278,2232,2278,2280,2269,2224,2257,2270,2298,2240,2266
634.519,2512.7,2520,2503,2482,2517,2474,2531,2532,2471,2493,2508,2565,2501,2514,2505,2514,2512,2508,2500,2524,2543,2525,2502,2503,2531,2517,2557,2469,2485,2526,2548
634.869,2175.2,2185,2162,2140,2202,2166,2190,2142,2181,2195,2190,2184,2212,2181,2163,2151,2186,2162,2171,2195,2209,2167,2179,2173,2172,2189,2136,2196,2170,2131,2175
635.220,2538.5,2529,2526,2517,2555,2544,2507,2559,2562,2582,2504,2542,2520,2552,2494,2488,2543,2554,2518,2520,2577,2511,2532,2561,2528,2570,2540,2538,2537,2565,2581
635.570,2375.1,2393,2377,2399,2353,2393,2382,2365,2366,2385,2388,2388,2391,2360,2346,2393,2355,2354,2421,2367,2384,2360,2338,2362,2347,2395,2392,2417,2370,2357,2354
635.920,2117.6,2112,2146,2082,2128,2088,2125,2135,2124,2153,2092,2131,2108,2077,2114,2119,2129,2092,2127,2145,2123,2150,2110,2108,2104,2127,2107,2137,2125,2071,2139
636.270,2917.8,2946,2916,2899,2897,2937,2927,2900,2937,2905,2908,2888,2912,2923,2914,2923,2922,2942,2880,2934,2927,2938,2921,2898,2943,2904,2914,2920,2922,2938,2899
636.621,2527.4,2513,2525,2527,2536,2531,2510,2493,2508,2521,2568,2543,2531,2527,2559,2510,2505,2534,2493,2523,2527,2522,2554,2515,2518,2518,2527,2545,2572,2546,2521
636.971,2591.9,2612,2606,2581,2613,2589,2608,2621,2580,2581,2581,2540,2601,2583,2586,2606,2590,2589,2547,2604,2629,2586,2595,2582,2602,2603,2572,2579,2610,2626,2556
637.321,2354.5,2358,2316,2345,2360,2308,2324,2375,2338,2335,2326,2367,2402,2363,2358,2367,2295,2349,2404,2374,2380,2351,2364,2325,2408,2360,2385,2339,2360,2356,2342
637.672,2172.2,2164,2180,2162,2202,2155,2185,2174,2174,2161,2187,2173,2147,2192,2173,2180,2170,2219,2204,2200,2150,2143,2191,2108,2166,2159,2194,2146,2175,2146,2187
638.022,2142.4,2157,2188,2141,2145,2174,2166,2113,2117,2132,2112,2153,2148,2106,2115,2132,2125,2166,2158,2146,2112,2141,2134,2131,2146,2148,2167,2145,2166,2159,2129
638.373,2097.2,2080,2107,2085,2082,2118,2106,2096,2128,2084,2082,2099,2092,2083,2103,2101,2106,2099,2091,2108,2106,2099,2123,2089,2072,2088,2088,2093,2080,2118,2110
638.723,2383.5,2424,2375,2351,2358,2421,2416,2353,2374,2370,2349,2390,2354,2394,2365,2401,2332,2350,2365,2380,2373,2425,2435,2364,2376,2372,2391,2416,2405,2446,2381
639.073,2501.5,2503,2460,2489,2500,2480,2512,2543,2482,2492,2509,2482,2496,2509,2504,2496,2506,2494,2493,2522,2503,2478,2555,2484,2540,2474,2506,2521,2510,2488,2513
639.424,2674.6,2689,2668,2682,2707,2681,2665,2652,2707,2711,2685,2701,2693,2691,2693,2616,2715,2650,2626,2671,2688,2644,2676,2612,2699,2642,2644,2653,2687,2718,2671
639.774,2209.0,2191,2233,2223,2212,2209,2193,2224,2180,2190,2188,2260,2217,2187,2224,2208,2206,2201,2226,2223,2196,2209,2224,2198,2200,2218,2203,2232,2196,2222,2176
640.125,2408.6,2435,2389,2433,2408,2432,2410,2395,2462,2374,2402,2400,2410,2400,2382,2411,2419,2404,2398,2414,2379,2379,2430,2401,2408,2399,2388,2445,2408,2390,2453
640.476,2641.8,2631,2600,2647,2643,2637,2653,2609,2629,2639,2632,2654,2680,2642,2671,2632,2651,2640,2632,2613,2644,2638,2659,2641,2658,2659,2650,2627,2646,2638,2658
640.826,2338.0,2293,2357,2312,2362,2340,2354,2355,2303,2342,2325,2336,2365,2339,2303,2349,2372,2349,2361,2338,2312,2369,2355,2337,2330,2355,2363,2333,2303,2313,2316
641.177,2058.2,2034,2072,2029,2058,2048,2061,2069,2042,2089,2074,2097,2035,2058,2075,1975,2040,2077,2085,2081,2068,2061,2076,2001,2073,2075,2068,2061,2050,2047,2068
641.527,2437.9,2487,2424,2453,2468,2421,2424,2474,2409,2438,2414,2472,2436,2424,2420,2425,2418,2508,2420,2396,2453,2386,2457,2434,2493,2485,2416,2369,2451,2412,2450
641.878,2332.3,2325,2301,2358,2335,2354,2305,2320,2340,2360,2312,2360,2285,2363,2357,2307,2346,2309,2370,2339,2337,2322,2316,2324,2317,2328,2356,2356,2323,2299,2344
642.229,2379.9,2380,2373,2427,2388,2358,2381,2408,2380,2383,2378,2346,2360,2396,2399,2369,2396,2366,2385,2358,2365,2371,2387,2344,2435,2378,2394,2371,2374,2376,2371
642.579,2286.8,2284,2267,2300,2267,2279,2311,2304,2285,2291,2255,2250,2257,2266,2308,2263,2268,2322,2276,2291,2266,2307,2345,2256,2290,2306,2312,2299,2297,2280,2302
642.930,3026.9,2989,3033,3021,3071,3067,3007,3019,3027,3033,3001,3054,3013,3047,2994,3014,3024,3072,3017,3006,2977,3040,3020,3021,2995,3048,3038,3043,3062,3000,3053
643.281,2352.3,2320,2345,2347,2339,2339,2356,2323,2376,2353,2320,2339,2376,2361,2330,2344,2335,2314,2371,2341,2366,2337,2389,2345,2384,2417,2352,2384,2359,2344,2362
643.631,2418.3,2405,2447,2395,2380,2409,2429,2427,2421,2401,2398,2418,2405,2395,2415,2421,2422,2392,2491,2397,2433,2427,2420,2393,2435,2422,2394,2425,2419,2458,2456
643.982,2718.4,2701,2707,2710,2750,2679,2712,2737,2746,2729,2713,2731,2712,2697,2753,2688,2736,2737,2683,2711,2723,2701,2725,2684,2691,2773,2719,2728,2744,2725,2708
644.333,2604.5,2564,2580,2619,2594,2623,2593,2581,2596,2609,2624,2576,2626,2613,2603,2551,2616,2600,2613,2620,2580,2615,2635,2600,2585,2628,2622,2591,2602,2603,2672
644.684,2466.5,2473,2474,2471,2483,2493,2421,2459,2481,2487,2439,2442,2464,2450,2492,2465,2464,2467,2480,2480,2451,2515,2507,2469,2451,2424,2438,2445,2467,2468,2476
645.035,2797.5,2786,2780,2778,2822,2789,2806,2836,2751,2779,2751,2808,2789,2799,2820,2799,2819,2786,2791,2821,2804,2801,2786,2806,2806,2813,2800,2750,2851,2809,2788
645.385,2423.1,2405,2350,2374,2448,2433,2398,2443,2412,2416,2444,2430,2426,2382,2439,2428,2428,2429,2442,2430,2432,2402,2460,2424,2447,2439,2390,2412,2412,2474,2443
645.736,3152.8,3135,3133,3080,3097,3119,3116,3173,3104,3148,3136,3153,3175,3184,3170,3133,3164,3132,3200,3166,3171,3146,3210,3201,3162,3208,3184,3176,3151,3123,3133
646.087,2411.2,2362,2389,2400,2382,2398,2419,2376,2355,2393,2421,2395,2426,2398,2446,2393,2449,2435,2425,2414,2438,2385,2440,2476,2412,2418,2389,2444,2390,2436,2432
646.438,2910.1,2896,2883,2949,2899,2873,2896,2884,2875,2901,2918,2912,2949,2889,2916,2920,2907,2892,2894,2906,2938,2922,2924,2911,2932,2925,2931,2883,2915,2907,2957
646.789,2969.9,2986,2924,2925,3019,2945,2985,2934,2945,2955,2931,2974,2979,2982,2948,2953,3024,2969,2983,2953,3009,2928,2968,2962,2938,2978,2981,3021,2986,2978,3033
647.140,2910.2,2914,2896,2958,2934,2881,2882,2940,2881,2942,2926,2878,2909,2905,2880,2901,2914,2894,2929,2913,2884,2931,2891,2907,2869,2917,2943,2913,2920,2921,2934
647.491,2801.4,2793,2806,2780,2779,2790,2803,2787,2757,2803,2793,2789,2810,2829,2810,2782,2742,2806,2814,2818,2806,2811,2802,2798,2842,2807,2785,2840,2808,2779,2872
647.842,3034.2,3048,3019,3027,3001,3038,3029,3028,3014,3014,3025,3034,3035,3052,2990,3064,3038,3047,3018,3004,3017,3061,3048,3048,3048,3059,3018,3061,3052,3046,3044
648.193,2443.6,2440,2463,2429,2451,2456,2455,2431,2459,2460,2399,2451,2394,2430,2440,2474,2446,2430,2422,2461,2434,2488,2442,2452,2440,2493,2408,2448,2504,2384,2425
648.544,2475.3,2473,2468,2438,2481,2471,2506,2447,2473,2461,2465,2479,2465,2453,2472,2487,2508,2513,2489,2511,2456,2440,2503,2457,2441,2513,2438,2470,2480,2497,2505
648.895,2632.9,2642,2633,2621,2615,2590,2650,2614,2632,2653,2663,2625,2662,2664,2622,2614,2657,2589,2622,2618,2598,2645,2636,2620,2649,2668,2657,2640,2648,2632,2608
649.246,2540.8,2544,2563,2460,2501,2520,2555,2541,2535,2539,2506,2544,2538,2554,2501,2506,2559,2572,2588,2516,2555,2573,2550,2573,2565,2545,2541,2525,2556,2533,2566
649.597,2595.8,2584,2617,2586,2609,2542,2565,2604,2582,2655,2537,2608,2603,2566,2576,2601,2601,2573,2633,2608,2639,2603,2613,2642,2606,2577,2597,2605,2610,2602,2530
649.949,2639.8,2628,2651,2669,2611,2622,2601,2631,2627,2604,2643,2642,2680,2646,2648,2624,2628,2629,2672,2629,2633,2628,2680,2594,2656,2644,2671,2680,2632,2621,2670
650.300,2337.7,2327,2333,2357,2307,2278,2383,2305,2340,2314,2330,2349,2350,2344,2303,2382,2347,2342,2340,2343,2331,2358,2344,2321,2328,2352,2338,2346,2344,2362,2332
650.651,2584.0,2560,2611,2560,2571,2608,2595,2537,2562,2596,2531,2600,2611,2546,2582,2582,2575,2558,2611,2604,2572,2634,2588,2607,2570,2600,2574,2623,2565,2591,2596
651.002,2556.3,2576,2548,2546,2535,2518,2565,2554,2565,2556,2535,2570,2556,2522,2511,2531,2556,2499,2524,2572,2545,2566,2538,2580,2594,2608,2623,2588,2545,2572,2592
651.353,2565.8,2522,2541,2536,2582,2537,2546,2540,2575,2564,2553,2529,2583,2562,2587,2619,2560,2602,2584,2529,2545,2578,2534,2547,2577,2623,2577,2589,2589,2579,2584
651.705,2991.7,2944,3010,3015,2963,2968,2952,3025,2962,3014,3079,2936,2974,2967,2987,3010,3010,2953,2971,3027,3009,2984,3029,3002,2988,3013,2988,2984,3004,2992,2992
652.056,2721.1,2746,2666,2728,2691,2685,2712,2704,2722,2735,2750,2783,2707,2716,2716,2666,2712,2754,2689,2728,2713,2756,2755,2707,2734,2745,2705,2765,2698,2728,2716
652.407,3391.9,3368,3375,3409,3405,3414,3331,3410,3376,3369,3377,3434,3398,3424,3377,3364,3405,3352,3383,3328,3405,3394,3422,3355,3399,3406,3385,3426,3430,3449,3387
652.758,3028.7,2991,3015,2994,2971,2975,2969,3025,3030,3025,3017,3027,3007,3026,3064,2984,3047,3016,3053,3029,3082,3017,3085,3030,3067,3046,3004,3044,3081,3090,3049
653.110,2851.6,2800,2872,2841,2842,2825,2864,2849,2822,2848,2840,2837,2811,2830,2849,2864,2848,2906,2862,2840,2835,2888,2874,2856,2833,2844,2888,2867,2861,2888,2864
653.461,2838.3,2838,2839,2815,2858,2842,2820,2812,2843,2828,2842,2816,2824,2842,2850,2863,2829,2838,2839,2854,2848,2814,2835,2824,2808,2860,2852,2844,2876,2842,2854
653.812,2420.7,2421,2399,2399,2411,2426,2388,2450,2423,2397,2440,2402,2452,2416,2418,2479,2406,2433,2396,2389,2390,2432,2422,2445,2451,2425,2455,2444,2437,2367,2409
654.164,2714.9,2634,2686,2746,2722,2661,2723,2732,2705,2728,2783,2729,2768,2717,2700,2736,2721,2720,2718,2639,2722,2675,2728,2692,2756,2719,2716,2718,2690,2718,2746
654.515,2496.2,2454,2477,2499,2504,2463,2452,2481,2521,2489,2460,2449,2501,2512,2518,2522,2530,2480,2523,2477,2527,2471,2463,2569,2553,2521,2488,2485,2531,2502,2463
654.867,2494.8,2486,2471,2484,2498,2480,2474,2468,2472,2521,2485,2462,2542,2524,2474,2512,2460,2456,2502,2497,2491,2498,2509,2491,2515,2509,2517,2504,2517,2512,2513
655.218,2550.4,2536,2534,2539,2563,2555,2549,2534,2561,2535,2529,2538,2587,2546,2558,2539,2515,2556,2594,2553,2513,2546,2508,2569,2522,2575,2559,2589,2560,2544,2606
655.570,2352.8,2380,2352,2340,2337,2351,2322,2331,2355,2376,2376,2391,2355,2373,2339,2338,2346,2338,2364,2325,2342,2384,2380,2345,2378,2357,2369,2308,2376,2323,2334
655.921,2392.7,2372,2377,2415,2338,2342,2357,2376,2377,2411,2436,2392,2364,2414,2433,2389,2369,2400,2391,2420,2393,2440,2399,2386,2373,2399,2372,2392,2399,2418,2436
656.273,2618.4,2569,2584,2653,2584,2565,2601,2616,2623,2613,2604,2660,2586,2588,2621,2627,2591,2619,2641,2592,2629,2640,2592,2632,2677,2624,2657,2648,2610,2637,2670
656.624,2677.9,2632,2646,2666,2668,2648,2671,2672,2662,2680,2670,2708,2646,2689,2698,2715,2646,2694,2668,2666,2703,2673,2681,2670,2633,2708,2734,2678,2678,2697,2737
656.976,2701.7,2674,2677,2694,2666,2681,2711,2696,2685,2718,2698,2704,2703,2655,2695,2685,2672,2725,2717,2728,2684,2719,2723,2734,2700,2714,2741,2730,2698,2706,2718
657.327,2746.7,2710,2792,2717,2771,2717,2693,2722,2740,2757,2748,2748,2763,2733,2752,2749,2718,2753,2707,2752,2729,2773,2750,2792,2742,2784,2736,2736,2808,2746,2763
657.679,2452.2,2465,2411,2427,2426,2445,2464,2463,2480,2448,2416,2441,2415,2458,2429,2467,2444,2476,2448,2466,2501,2438,2491,2449,2440,2463,2459,2456,2471,2441,2467
658.030,2417.0,2380,2445,2369,2411,2379,2392,2397,2421,2421,2437,2419,2422,2413,2446,2430,2430,2427,2410,2434,2434,2449,2410,2387,2409,2438,2431,2395,2432,2401,2440
658.382,2876.8,2867,2874,2844,2817,2874,2921,2866,2865,2835,2874,2856,2882,2874,2886,2865,2869,2925,2904,2871,2898,2893,2882,2872,2864,2928,2894,2847,2901,2865,2890
658.734,2835.5,2829,2863,2797,2808,2863,2805,2846,2833,2860,2802,2819,2824,2798,2883,2817,2859,2864,2789,2846,2836,2857,2820,2814,2872,2800,2824,2878,2837,2857,2865
659.085,2437.5,2409,2470,2430,2429,2421,2396,2425,2451,2436,2453,2454,2429,2402,2456,2425,2443,2442,2415,2414,2431,2410,2445,2495,2475,2442,2435,2455,2428,2449,2461
659.437,2696.0,2640,2713,2684,2668,2725,2701,2722,2713,2664,2716,2701,2684,2642,2714,2716,2683,2701,2697,2696,2710,2712,2678,2713,2709,2694,2685,2716,2725,2641,2718
659.789,2574.1,2532,2606,2568,2565,2554,2557,2547,2543,2586,2561,2561,2588,2540,2550,2568,2583,2524,2608,2592,2605,2598,2605,2595,2575,2598,2600,2593,2559,2596,2566
660.141,2496.6,2488,2465,2532,2469,2524,2488,2505,2506,2467,2510,2486,2543,2492,2485,2458,2504,2485,2504,2504,2513,2516,2492,2499,2531,2509,2489,2454,2505,2502,2474
660.492,2473.0,2439,2453,2488,2426,2452,2455,2479,2470,2485,2486,2460,2464,2451,2476,2492,2488,2521,2454,2450,2458,2509,2444,2482,2472,2478,2501,2467,2496,2477,2516
660.844,2312.8,2288,2290,2269,2301,2309,2329,2293,2332,2300,2289,2314,2348,2290,2328,2358,2307,2303,2349,2298,2337,2313,2283,2281,2303,2338,2312,2339,2316,2333,2334
661.196,2446.4,2379,2427,2434,2447,2413,2484,2505,2458,2446,2497,2454,2462,2424,2454,2456,2451,2467,2415,2449,2454,2392,2432,2431,2451,2451,2427,2461,2451,2451,2470
661.548,2328.5,2300,2341,2312,2301,2336,2347,2302,2313,2306,2338,2314,2337,2321,2352,2315,2318,2323,2334,2380,2331,2362,2336,2314,2322,2325,2307,2364,2312,2353,2339
661.900,2675.0,2649,2643,2618,2662,2642,2632,2662,2643,2674,2654,2673,2730,2680,2701,2667,2756,2638,2669,2710,2655,2717,2688,2695,2702,2703,2689,2675,2654,2686,2684
662.252,2713.0,2648,2666,2694,2675,2708,2727,2715,2694,2720,2734,2747,2683,2724,2727,2697,2710,2704,2720,2741,2704,2677,2730,2741,2735,2733,2713,2721,2746,2733,2724
662.603,2474.0,2450,2464,2440,2473,2438,2457,2488,2441,2490,2500,2446,2472,2465,2448,2520,2516,2453,2460,2449,2466,2486,2492,2504,2525,2469,2478,2501,2487,2465,2476
662.955,2762.0,2728,2729,2787,2710,2729,2759,2749,2714,2755,2720,2756,2809,2766,2783,2758,2801,2839,2753,2739,2763,2779,2775,2750,2776,2755,2764,2814,2746,2761,2794
663.307,2925.2,2927,2942,2933,2892,2870,2910,2884,2898,2927,2936,2879,2914,2950,2899,2917,2902,2940,2927,2893,2971,2958,2944,2957,2930,2933,2942,2974,2945,2934,2928
663.659,2359.6,2324,2344,2354,2333,2325,2355,2307,2383,2384,2334,2349,2403,2330,2324,2375,2356,2348,2337,2365,2368,2396,2334,2358,2424,2353,2376,2419,2378,2360,2393
664.011,2772.9,2744,2749,2734,2741,2799,2782,2794,2804,2745,2775,2763,2770,2761,2797,2742,2740,2830,2789,2745,2770,2765,2765,2808,2743,2817,2774,2787,2794,2732,2827
664.363,2301.1,2270,2297,2299,2306,2285,2282,2260,2307,2270,2312,2294,2309,2316,2295,2321,2317,2319,2294,2303,2299,2280,2340,2296,2296,2318,2297,2338,2306,2296,2312
664.715,2243.1,2234,2211,2240,2267,2213,2231,2246,2223,2229,2262,2227,2239,2232,2213,2251,2221,2279,2238,2251,2216,2270,2232,2284,2258,2260,2239,2218,2268,2269,2272
665.067,2741.3,2660,2716,2782,2747,2687,2712,2725,2746,2707,2714,2765,2751,2755,2720,2748,2746,2722,2724,2766,2780,2752,2734,2792,2765,2750,2746,2750,2748,2744,2785
665.419,3193.2,3165,3151,3213,3235,3202,3217,3218,3170,3185,3184,3125,3171,3224,3205,3188,3182,3160,3196,3219,3141,3211,3160,3272,3208,3176,3183,3202,3166,3243,3225
665.771,2391.3,2376,2414,2387,2351,2380,2373,2403,2381,2352,2366,2379,2385,2385,2412,2453,2409,2334,2351,2408,2390,2372,2427,2402,2414,2411,2427,2375,2425,2375,2421
666.123,2540.0,2510,2573,2488,2546,2561,2532,2545,2530,2545,2517,2528,2528,2539,2569,2544,2562,2546,2566,2529,2542,2537,2544,2533,2552,2565,2527,2547,2515,2542,2539
666.476,2705.7,2680,2675,2710,2707,2717,2681,2699,2714,2692,2657,2724,2738,2717,2674,2730,2735,2702,2692,2711,2720,2702,2639,2719,2732,2703,2711,2738,2745,2695,2713
666.828,2576.7,2552,2611,2564,2579,2580,2584,2526,2590,2556,2608,2597,2553,2619,2525,2543,2524,2526,2585,2592,2580,2601,2564,2601,2584,2593,2609,2603,2603,2555,2595
667.180,2695.4,2686,2685,2695,2673,2644,2692,2692,2758,2708,2677,2705,2719,2716,2707,2694,2701,2670,2616,2700,2708,2678,2692,2738,2681,2668,2713,2700,2701,2760,2684
667.532,2530.6,2498,2570,2508,2543,2521,2495,2541,2536,2552,2522,2519,2536,2575,2553,2512,2527,2506,2518,2536,2521,2501,2515,2530,2526,2546,2557,2521,2558,2540,2534
667.884,2444.2,2470,2397,2447,2447,2405,2441,2452,2445,2447,2449,2439,2398,2439,2445,2446,2458,2419,2443,2463,2466,2454,2397,2395,2465,2482,2461,2450,2434,2490,2482
668.236,2823.1,2788,2779,2817,2871,2827,2865,2844,2776,2841,2780,2804,2814,2785,2838,2832,2810,2792,2831,2846,2860,2822,2832,2818,2844,2818,2849,2814,2821,2854,2821
668.589,2761.1,2731,2720,2729,2785,2769,2807,2752,2739,2756,2730,2722,2766,2770,2728,2774,2725,2776,2788,2784,2771,2761,2799,2771,2762,2794,2783,2727,2772,2781,2761
668.941,2210.4,2200,2194,2236,2224,2213,2202,2219,2203,2224,2227,2224,2218,2203,2176,2191,2206,2192,2173,2179,2226,2181,2229,2185,2221,2206,2260,2224,2263,2217,2197
669.293,2517.7,2530,2480,2500,2518,2513,2521,2541,2539,2520,2475,2502,2473,2530,2521,2508,2547,2504,2506,2476,2490,2523,2547,2525,2469,2574,2549,2479,2532,2565,2573
669.646,2602.0,2618,2578,2646,2617,2554,2613,2616,2598,2616,2591,2596,2630,2621,2627,2534,2572,2572,2651,2624,2622,2625,2611,2598,2609,2626,2578,2583,2585,2596,2552
669.998,2640.5,2619,2657,2644,2636,2613,2629,2629,2641,2662,2647,2654,2612,2656,2660,2634,2654,2641,2635,2619,2633,2618,2605,2672,2660,2616,2655,2685,2633,2631,2665
670.350,2591.4,2557,2557,2604,2568,2601,2571,2610,2590,2558,2543,2591,2570,2639,2580,2626,2596,2617,2630,2616,2562,2600,2610,2610,2597,2558,2584,2595,2627,2595,2579
670.703,2597.2,2569,2571,2579,2611,2599,2619,2627,2559,2598,2573,2594,2607,2616,2607,2609,2587,2585,2598,2564,2583,2607,2604,2610,2598,2591,2609,2616,2635,2607,2583
671.055,2333.0,2347,2352,2287,2322,2367,2317,2350,2331,2313,2305,2331,2318,2345,2325,2349,2347,2311,2344,2354,2322,2309,2324,2327,2332,2346,2341,2334,2367,2331,2341
671.407,2248.4,2184,2175,2195,2212,2222,2255,2245,2265,2259,2237,2242,2234,2239,2244,2271,2276,2284,2257,2257,2217,2281,2287,2255,2261,2246,2253,2257,2302,2291,2248
671.760,2395.7,2430,2384,2405,2347,2400,2390,2377,2348,2368,2384,2403,2418,2382,2401,2398,2378,2403,2362,2410,2344,2443,2374,2429,2363,2425,2422,2447,2404,2413,2420
672.112,2701.3,2654,2739,2708,2691,2647,2733,2668,2716,2659,2680,2680,2678,2697,2696,2696,2695,2703,2712,2699,2721,2733,2735,2715,2696,2745,2699,2708,2708,2722,2705
672.465,2560.8,2516,2553,2601,2509,2596,2579,2546,2569,2559,2568,2570,2598,2539,2561,2544,2560,2557,2567,2571,2546,2519,2545,2570,2546,2585,2573,2590,2562,2590,2536
672.817,2454.3,2421,2458,2448,2445,2419,2491,2465,2414,2431,2451,2436,2429,2468,2468,2448,2471,2451,2434,2486,2454,2430,2474,2461,2466,2476,2461,2480,2452,2477,2463
673.170,2071.7,2063,2053,2061,2068,2063,2043,2070,2068,2079,2053,2062,2064,2117,2078,2084,2095,2053,2032,2088,2093,2035,2072,2108,2037,2091,2080,2082,2075,2087,2098
673.522,2326.8,2324,2300,2281,2292,2290,2340,2330,2315,2296,2303,2302,2308,2318,2338,2313,2317,2316,2325,2346,2309,2306,2352,2348,2340,2322,2371,2495,2345,2325,2338
673.875,2380.8,2392,2314,2360,2342,2318,2350,2342,2370,2331,2377,2342,2355,2344,2360,2388,2368,2375,2376,2400,2339,2340,2377,2351,2384,2345,2405,2889,2440,2369,2382
674.227,2556.6,2532,2528,2578,2579,2552,2541,2528,2578,2550,2563,2567,2569,2520,2527,2568,2553,2539,2523,2533,2573,2563,2574,2546,2550,2567,2613,2587,2590,2555,2553
674.580,2414.1,2400,2424,2371,2417,2389,2402,2435,2438,2366,2474,2453,2387,2392,2395,2412,2392,2388,2430,2408,2369,2381,2382,2455,2467,2452,2419,2440,2414,2435,2435
674.932,2515.4,2488,2503,2487,2504,2526,2497,2509,2475,2474,2500,2527,2476,2563,2541,2532,2506,2552,2510,2516,2478,2524,2543,2524,2515,2528,2525,2542,2542,2512,2544
675.285,2510.7,2488,2474,2457,2520,2517,2453,2499,2502,2508,2516,2529,2476,2543,2475,2536,2524,2512,2512,2548,2504,2462,2529,2509,2531,2520,2563,2517,2530,2546,2520
675.638,2330.2,2314,2303,2315,2316,2329,2314,2312,2338,2289,2345,2313,2334,2346,2322,2318,2321,2338,2362,2346,2311,2323,2314,2394,2329,2353,2355,2332,2351,2328,2341
675.990,2393.8,2350,2326,2351,2398,2418,2400,2389,2403,2341,2385,2401,2396,2442,2381,2409,2387,2383,2405,2369,2416,2399,2427,2387,2444,2415,2388,2410,2348,2441,2406
676.343,2577.2,2589,2563,2563,2579,2560,2579,2579,2589,2579,2558,2521,2587,2545,2613,2552,2577,2563,2582,2573,2575,2608,2593,2581,2587,2567,2577,2572,2600,2628,2578
676.696,2327.8,2302,2299,2336,2304,2310,2301,2314,2358,2337,2318,2302,2328,2317,2374,2304,2336,2331,2328,2327,2315,2339,2326,2376,2336,2385,2284,2330,2337,2350,2331
677.048,2585.3,2530,2609,2578,2545,2593,2616,2585,2574,2554,2596,2629,2592,2606,2539,2584,2548,2584,2586,2594,2622,2571,2605,2611,2606,2571,2636,2545,2561,2621,2568
677.401,2573.6,2550,2593,2580,2500,2566,2576,2577,2575,2585,2568,2566,2566,2589,2596,2574,2527,2590,2584,2600,2609,2541,2629,2538,2594,2563,2615,2537,2545,2599,2575
677.754,2330.6,2329,2330,2318,2301,2326,2310,2334,2297,2318,2316,2332,2345,2352,2316,2319,2312,2344,2343,2329,2310,2326,2369,2329,2317,2397,2349,2356,2333,2332,2329
678.107,2326.7,2335,2310,2342,2337,2329,2324,2288,2299,2332,2337,2365,2307,2293,2370,2324,2307,2366,2347,2301,2277,2349,2348,2353,2334,2331,2367,2346,2294,2295,2294
678.459,2580.6,2604,2550,2596,2560,2574,2544,2580,2600,2606,2594,2567,2564,2616,2550,2546,2526,2576,2561,2608,2582,2571,2571,2580,2613,2604,2602,2608,2574,2585,2606
678.812,2544.3,2464,2538,2533,2547,2504,2538,2549,2564,2523,2524,2564,2563,2532,2525,2533,2557,2571,2555,2524,2535,2570,2531,2561,2557,2540,2578,2564,2544,2549,2591
679.165,2035.4,2041,2027,1998,2034,2000,2051,2042,2044,2029,2057,2031,2004,2027,2018,2019,2031,2034,2057,2015,2070,2018,2050,2040,2057,2084,2053,2038,2032,2040,2021
679.518,2298.6,2327,2261,2259,2284,2321,2304,2274,2297,2311,2283,2286,2271,2276,2358,2306,2287,2284,2280,2298,2280,2333,2325,2317,2316,2265,2322,2303,2342,2287,2302
679.871,2520.1,2520,2459,2536,2520,2533,2494,2501,2483,2458,2525,2485,2538,2522,2477,2488,2557,2546,2550,2550,2523,2523,2526,2507,2545,2569,2570,2523,2521,2511,2543
680.224,2631.8,2630,2615,2634,2652,2621,2620,2605,2653,2630,2612,2629,2639,2637,2585,2605,2598,2617,2623,2670,2651,2624,2631,2629,2628,2667,2676,2616,2634,2679,2643
680.577,2393.7,2408,2355,2383,2407,2370,2411,2425,2408,2381,2392,2367,2360,2391,2401,2387,2376,2393,2382,2417,2404,2392,2382,2392,2384,2424,2456,2413,2370,2396,2384
680.930,2063.9,2086,2088,2057,2059,2107,2042,2076,2071,2040,2044,2083,2045,2064,2051,2050,2069,2054,2035,2036,2062,2041,2077,2084,2054,2075,2107,2065,2050,2088,2057
681.283,2329.2,2291,2314,2306,2356,2322,2308,2328,2336,2318,2337,2314,2287,2292,2328,2347,2333,2355,2319,2373,2365,2354,2321,2332,2327,2330,2302,2352,2338,2362,2329
681.636,2164.8,2134,2161,2159,2165,2160,2147,2188,2173,2161,2140,2192,2180,2166,2167,2167,2173,2127,2151,2183,2167,2155,2162,2186,2175,2162,2151,2156,2188,2169,2178
681.989,2423.5,2441,2414,2431,2413,2452,2425,2441,2400,2420,2422,2422,2408,2412,2458,2395,2439,2398,2428,2398,2401,2450,2420,2424,2417,2376,2467,2394,2428,2459,2451
682.342,2563.5,2549,2532,2563,2591,2574,2556,2554,2531,2531,2552,2577,2547,2552,2590,2551,2547,2612,2520,2604,2559,2569,2565,2576,2568,2576,2578,2534,2587,2596,2565
682.695,2539.9,2528,2552,2569,2493,2524,2534,2529,2570,2520,2534,2534,2553,2537,2537,2559,2583,2515,2519,2556,2565,2558,2526,2535,2572,2504,2553,2516,2550,2565,2506
683.048,2185.9,2185,2228,2170,2148,2193,2163,2181,2189,2194,2155,2173,2179,2169,2174,2217,2202,2216,2195,2163,2211,2184,2182,2216,2163,2204,2155,2205,2195,2208,2159
683.401,2130.9,2150,2115,2099,2104,2101,2105,2135,2102,2120,2124,2128,2128,2114,2159,2122,2155,2136,2096,2151,2134,2141,2139,2121,2183,2165,2176,2134,2137,2146,2106
683.754,2562.1,2568,2515,2552,2553,2556,2553,2575,2564,2569,2574,2557,2522,2639,2582,2541,2547,2547,2595,2559,2566,2571,2579,2594,2546,2597,2543,2568,2576,2555,2500
684.107,2362.1,2371,2316,2314,2347,2365,2375,2359,2396,2373,2352,2374,2350,2377,2340,2361,2349,2345,2360,2391,2346,2342,2346,2388,2363,2382,2350,2392,2353,2396,2390
684.460,2429.1,2413,2408,2400,2422,2470,2433,2443,2428,2432,2443,2446,2377,2403,2441,2431,2453,2395,2418,2425,2415,2395,2473,2424,2455,2438,2411,2460,2432,2452,2437
684.813,2326.1,2378,2290,2279,2332,2321,2319,2328,2336,2313,2302,2353,2353,2272,2278,2333,2333,2300,2323,2308,2350,2339,2345,2343,2373,2340,2352,2349,2332,2333,2275
685.166,2278.7,2299,2238,2296,2278,2273,2283,2299,2303,2236,2306,2246,2272,2293,2252,2337,2345,2273,2274,2240,2289,2300,2296,2308,2259,2251,2285,2292,2271,2223,2243
685.520,2402.8,2372,2420,2396,2366,2427,2368,2373,2405,2375,2396,2408,2366,2423,2386,2399,2431,2392,2390,2404,2426,2431,2419,2389,2432,2445,2386,2434,2440,2401,2385
685.873,2350.0,2369,2323,2316,2320,2347,2308,2360,2387,2351,2334,2351,2379,2308,2348,2351,2360,2352,2302,2392,2384,2398,2349,2301,2356,2310,2369,2373,2382,2388,2332
686.226,2596.5,2583,2574,2554,2623,2583,2632,2646,2569,2551,2613,2570,2586,2638,2588,2576,2622,2584,2629,2546,2585,2595,2640,2576,2590,2587,2589,2639,2628,2611,2587
686.579,2378.5,2350,2353,2344,2362,2374,2376,2388,2413,2392,2353,2410,2363,2362,2395,2363,2335,2385,2387,2392,2395,2375,2398,2374,2384,2370,2418,2421,2342,2431,2349
686.932,2502.8,2441,2472,2451,2480,2465,2544,2501,2456,2536,2484,2503,2510,2521,2516,2568,2491,2525,2510,2467,2489,2532,2506,2514,2527,2489,2515,2532,2536,2484,2520
687.286,2241.6,2244,2206,2241,2245,2250,2248,2225,2248,2244,2268,2239,2221,2224,2237,2222,2268,2204,2220,2245,2247,2248,2232,2188,2282,2237,2263,2255,2278,2261,2259
687.639,2464.8,2456,2402,2468,2451,2455,2485,2455,2427,2450,2450,2452,2470,2455,2424,2464,2447,2478,2501,2443,2463,2506,2460,2454,2509,2477,2469,2531,2491,2503,2449
687.992,2172.5,2160,2165,2160,2184,2164,2171,2165,2138,2120,2171,2159,2182,2166,2186,2197,2185,2169,2122,2184,2167,2178,2200,2177,2213,2187,2177,2174,2173,2175,2205
688.346,2437.9,2424,2378,2434,2387,2477,2421,2435,2408,2433,2446,2440,2454,2458,2446,2423,2501,2425,2430,2428,2422,2424,2461,2430,2443,2436,2474,2462,2431,2474,2432
688.699,2749.3,2767,2771,2758,2718,2763,2723,2726,2748,2753,2758,2789,2687,2754,2784,2717,2738,2744,2736,2700,2758,2776,2754,2746,2744,2787,2773,2721,2744,2766,2776
689.052,2241.4,2245,2232,2220,2227,2220,2163,2207,2235,2257,2272,2241,2242,2263,2207,2211,2249,2269,2226,2240,2226,2266,2248,2292,2299,2232,2236,2240,2270,2262,2244
689.406,2392.5,2384,2406,2355,2418,2383,2378,2395,2340,2378,2403,2415,2396,2392,2377,2362,2376,2390,2381,2412,2465,2412,2380,2401,2412,2372,2414,2414,2364,2389,2411
689.759,2455.5,2422,2430,2456,2456,2441,2408,2411,2480,2448,2417,2451,2429,2439,2492,2490,2455,2486,2459,2452,2454,2488,2452,2475,2458,2466,2454,2495,2495,2441,2464
690.113,2376.7,2367,2349,2290,2345,2385,2353,2361,2408,2346,2352,2392,2384,2360,2408,2368,2406,2367,2395,2405,2386,2420,2370,2378,2370,2402,2378,2396,2412,2368,2379
690.466,2474.7,2446,2443,2436,2458,2494,2416,2425,2508,2460,2472,2477,2503,2472,2489,2497,2476,2491,2464,2480,2500,2449,2497,2476,2478,2453,2478,2464,2521,2525,2493
690.820,2501.0,2513,2516,2481,2467,2460,2511,2525,2507,2521,2486,2504,2482,2483,2512,2518,2463,2494,2493,2513,2558,2495,2501,2492,2510,2500,2546,2480,2516,2493,2490
691.173,2215.1,2189,2207,2185,2227,2190,2200,2236,2217,2197,2203,2211,2234,2193,2215,2218,2232,2238,2194,2235,2231,2191,2193,2224,2265,2239,2205,2199,2216,2234,2234
691.527,2432.1,2427,2411,2426,2438,2416,2404,2398,2441,2401,2417,2441,2426,2449,2437,2411,2429,2421,2432,2461,2432,2463,2442,2447,2450,2426,2452,2418,2449,2436,2463
691.880,2406.2,2414,2405,2385,2390,2351,2393,2377,2440,2379,2434,2394,2424,2398,2386,2416,2408,2351,2367,2445,2443,2442,2435,2392,2422,2462,2424,2377,2421,2392,2418
692.234,2197.9,2184,2174,2192,2132,2166,2216,2187,2185,2212,2214,2243,2237,2198,2153,2169,2208,2215,2228,2193,2207,2161,2248,2225,2183,2196,2230,2208,2209,2184,2181
692.587,2241.1,2219,2276,2246,2235,2212,2197,2205,2219,2243,2246,2251,2252,2253,2265,2226,2200,2230,2266,2294,2223,2245,2284,2288,2238,2210,2253,2252,2252,2253,2200
692.941,2581.5,2588,2557,2579,2546,2565,2559,2583,2600,2579,2558,2560,2621,2561,2548,2640,2548,2611,2593,2586,2568,2620,2576,2587,2622,2590,2587,2575,2553,2582,2603
693.294,2298.2,2289,2249,2280,2297,2272,2309,2286,2292,2318,2286,2322,2274,2318,2315,2336,2335,2283,2290,2299,2280,2283,2261,2320,2300,2310,2292,2360,2280,2291,2319
693.648,2209.2,2204,2185,2153,2232,2220,2185,2219,2195,2177,2192,2204,2194,2207,2202,2266,2237,2184,2277,2197,2235,2232,2184,2239,2219,2210,2165,2212,2213,2208,2228
694.002,2605.6,2573,2608,2625,2606,2626,2570,2641,2584,2616,2570,2585,2571,2628,2600,2578,2602,2591,2623,2568,2605,2610,2661,2661,2630,2644,2617,2562,2600,2596,2616
694.355,2312.4,2288,2315,2280,2334,2265,2357,2315,2299,2270,2292,2335,2321,2346,2319,2306,2328,2318,2287,2264,2280,2338,2312,2305,2362,2298,2322,2318,2333,2335,2329
694.709,2243.7,2232,2234,2268,2264,2278,2256,2249,2230,2228,2223,2256,2274,2190,2198,2238,2234,2267,2246,2240,2245,2246,2268,2262,2223,2249,2220,2249,2264,2246,2235
695.063,2319.8,2304,2305,2309,2305,2307,2328,2315,2280,2282,2280,2324,2329,2318,2299,2327,2350,2367,2315,2314,2345,2332,2321,2351,2338,2334,2310,2278,2359,2334,2333
695.416,2425.2,2374,2396,2388,2412,2406,2390,2445,2368,2412,2424,2363,2426,2409,2473,2421,2434,2443,2417,2440,2436,2417,2482,2427,2492,2434,2463,2434,2429,2458,2442
695.770,2587.1,2569,2549,2578,2587,2612,2596,2589,2584,2600,2592,2587,2546,2629,2562,2607,2593,2549,2593,2586,2588,2570,2566,2618,2607,2594,2595,2553,2588,2587,2640
696.124,2834.7,2836,2820,2838,2786,2825,2820,2808,2784,2838,2792,2808,2824,2835,2845,2805,2821,2848,2833,2838,2904,2827,2866,2843,2874,2861,2834,2831,2802,2904,2892
696.478,2185.9,2149,2136,2152,2170,2179,2233,2152,2176,2186,2177,2141,2154,2186,2178,2197,2255,2172,2187,2203,2200,2161,2192,2184,2216,2193,2215,2183,2223,2225,2203
696.831,2465.5,2445,2418,2476,2493,2425,2459,2486,2461,2462,2468,2473,2484,2442,2431,2488,2472,2460,2467,2443,2467,2464,2432,2467,2469,2498,2473,2488,2460,2496,2497
697.185,2613.8,2597,2595,2572,2609,2614,2592,2664,2603,2622,2616,2622,2641,2613,2582,2613,2610,2616,2602,2574,2622,2652,2625,2627,2586,2610,2622,2611,2669,2598,2635
697.539,2548.4,2538,2508,2554,2544,2556,2543,2533,2536,2577,2488,2536,2547,2554,2534,2581,2534,2529,2568,2550,2594,2561,2556,2542,2560,2591,2548,2523,2615,2564,2488
697.893,2869.5,2922,2832,2857,2830,2894,2867,2873,2896,2907,2881,2885,2821,2858,2868,2936,2869,2876,2860,2847,2839,2828,2950,2881,2862,2826,2881,2871,2846,2850,2873
698.247,2456.4,2401,2434,2392,2475,2413,2475,2432,2482,2404,2433,2408,2437,2441,2440,2477,2482,2484,2441,2466,2443,2472,2504,2506,2466,2488,2497,2424,2517,2469,2488
698.601,2443.6,2360,2472,2456,2425,2444,2452,2379,2443,2418,2456,2427,2444,2474,2421,2447,2473,2454,2465,2452,2432,2410,2445,2437,2486,2483,2422,2462,2435,2475,2458
698.955,2706.8,2735,2667,2652,2691,2744,2700,2704,2706,2720,2672,2742,2703,2726,2712,2660,2737,2724,2728,2694,2715,2721,2672,2710,2692,2716,2734,2715,2745,2670,2698
699.309,2400.7,2349,2378,2394,2421,2395,2386,2440,2414,2387,2393,2435,2408,2398,2390,2385,2402,2378,2397,2388,2412,2406,2410,2397,2368,2399,2407,2404,2392,2400,2487
699.662,2462.4,2463,2445,2454,2436,2420,2473,2424,2497,2408,2431,2465,2456,2480,2454,2429,2470,2480,2464,2462,2455,2488,2467,2461,2485,2443,2518,2473,2464,2500,2508
700.016,2272.3,2257,2277,2264,2264,2270,2255,2272,2249,2260,2244,2276,2231,2309,2236,2265,2251,2300,2269,2271,2302,2267,2290,2316,2288,2276,2293,2293,2255,2296,2272
700.370,2381.7,2379,2400,2381,2345,2331,2381,2391,2377,2414,2365,2337,2367,2378,2376,2417,2393,2386,2340,2378,2396,2349,2445,2378,2407,2372,2414,2385,2369,2397,2404
700.724,2058.9,2035,2072,2053,2040,2025,2028,2008,2065,2059,2065,2111,2027,2062,2066,2084,2070,2090,2092,2031,2042,2084,2036,2045,2064,2052,2025,2075,2069,2091,2101
701.078,2229.8,2202,2224,2174,2232,2220,2208,2214,2206,2232,2250,2266,2229,2245,2224,2217,2225,2248,2216,2204,2220,2248,2233,2252,2268,2211,2257,2234,2244,2231,2260
701.432,2688.1,2643,2691,2682,2681,2688,2702,2736,2669,2699,2641,2713,2648,2664,2673,2692,2755,2721,2704,2683,2703,2675,2647,2703,2690,2657,2718,2661,2728,2655,2721
701.786,2231.1,2218,2234,2201,2197,2198,2223,2219,2251,2187,2213,2183,2209,2233,2227,2278,2215,2252,2259,2211,2232,2253,2249,2212,2232,2274,2282,2254,2233,2248,2256
702.141,2346.4,2333,2328,2316,2365,2318,2335,2300,2351,2350,2342,2388,2337,2328,2340,2340,2322,2358,2335,2351,2383,2352,2327,2403,2375,2341,2363,2371,2331,2333,2375
702.495,2117.5,2119,2091,2089,2120,2091,2130,2095,2139,2116,2104,2107,2143,2078,2074,2106,2104,2153,2131,2126,2153,2113,2101,2139,2093,2141,2124,2116,2171,2160,2097
702.849,2262.0,2251,2245,2236,2257,2242,2246,2230,2194,2280,2260,2288,2245,2239,2233,2288,2276,2242,2294,2275,2273,2284,2297,2270,2274,2257,2276,2278,2294,2278,2257
703.203,2245.5,2220,2241,2245,2217,2217,2245,2226,2246,2249,2222,2217,2228,2246,2209,2223,2268,2211,2232,2250,2257,2304,2311,2252,2264,2261,2242,2250,2277,2260,2274
703.557,2409.2,2352,2402,2413,2402,2371,2341,2392,2377,2437,2410,2335,2389,2400,2433,2429,2441,2399,2423,2395,2472,2393,2445,2368,2421,2419,2467,2431,2454,2419,2445
703.911,2163.2,2159,2167,2131,2139,2137,2164,2159,2184,2107,2168,2161,2141,2182,2162,2153,2157,2228,2186,2161,2140,2157,2180,2180,2208,2157,2161,2145,2189,2155,2177
704.265,2396.7,2392,2412,2375,2423,2329,2394,2403,2389,2356,2389,2360,2372,2394,2365,2416,2408,2367,2404,2360,2391,2371,2388,2461,2441,2402,2438,2413,2467,2406,2414
704.619,2446.6,2482,2460,2474,2441,2407,2441,2437,2393,2462,2432,2434,2441,2463,2431,2475,2412,2456,2460,2436,2477,2468,2415,2513,2453,2414,2472,2394,2440,2457,2458
704.974,2624.4,2605,2615,2636,2639,2621,2618,2592,2596,2584,2629,2630,2627,2580,2614,2582,2660,2661,2639,2613,2641,2636,2641,2673,2625,2611,2629,2628,2627,2642,2637
705.328,2626.1,2628,2646,2593,2643,2568,2629,2588,2633,2635,2612,2640,2644,2649,2652,2622,2598,2658,2633,2630,2632,2611,2603,2650,2661,2595,2598,2611,2632,2628,2660
705.682,2454.1,2456,2453,2427,2444,2417,2427,2443,2458,2468,2474,2433,2504,2437,2492,2458,2448,2469,2463,2460,2473,2460,2439,2431,2454,2460,2413,2460,2473,2478,2450
706.036,2484.0,2449,2459,2501,2462,2453,2477,2472,2464,2462,2514,2478,2478,2481,2506,2492,2493,2496,2477,2469,2479,2514,2516,2476,2485,2499,2511,2497,2488,2475,2496
706.391,2391.4,2383,2360,2400,2390,2355,2414,2409,2338,2374,2386,2371,2456,2379,2364,2365,2390,2390,2429,2366,2410,2416,2397,2424,2426,2382,2367,2412,2385,2396,2408
706.745,2608.1,2572,2616,2613,2609,2609,2608,2603,2625,2633,2613,2590,2620,2608,2583,2591,2601,2593,2641,2573,2559,2597,2625,2662,2576,2601,2644,2629,2641,2598,2609
707.099,2414.3,2373,2377,2435,2403,2385,2396,2413,2416,2420,2413,2392,2392,2403,2419,2436,2420,2415,2397,2392,2417,2460,2427,2408,2360,2397,2452,2440,2446,2481,2444
707.454,2305.0,2281,2295,2298,2298,2290,2328,2306,2284,2281,2292,2318,2303,2270,2290,2310,2354,2316,2308,2321,2321,2332,2328,2319,2308,2294,2303,2301,2313,2314,2275
707.808,2445.2,2416,2448,2444,2439,2451,2432,2460,2424,2472,2448,2437,2391,2403,2443,2427,2420,2395,2486,2412,2441,2484,2439,2470,2493,2518,2462,2467,2424,2433,2477
708.162,2381.8,2411,2322,2390,2353,2307,2393,2376,2373,2381,2388,2353,2370,2385,2389,2365,2405,2407,2372,2365,2405,2419,2396,2367,2379,2469,2377,2401,2398,2337,2401
708.517,2499.0,2463,2478,2540,2495,2488,2516,2453,2478,2466,2489,2487,2463,2507,2490,2501,2509,2515,2506,2482,2497,2497,2536,2474,2508,2528,2527,2493,2542,2523,2520
708.871,2312.8,2299,2304,2332,2340,2261,2290,2304,2294,2305,2283,2248,2323,2328,2327,2305,2332,2304,2303,2326,2341,2346,2299,2344,2326,2329,2328,2306,2315,2330,2313
709.226,2361.9,2334,2366,2303,2341,2345,2371,2341,2389,2369,2351,2355,2355,2332,2400,2401,2324,2326,2369,2346,2331,2342,2362,2395,2404,2374,2392,2389,2381,2392,2377
709.580,2393.2,2373,2440,2417,2361,2349,2398,2384,2347,2353,2381,2407,2359,2394,2408,2418,2371,2375,2388,2408,2372,2408,2446,2417,2412,2429,2390,2436,2378,2401,2375
709.934,2279.7,2251,2246,2271,2229,2291,2246,2277,2267,2265,2262,2267,2282,2242,2308,2267,2270,2298,2266,2337,2286,2312,2300,2283,2272,2288,2320,2285,2268,2307,2328
710.289,2713.1,2705,2703,2735,2737,2704,2693,2677,2723,2713,2727,2690,2755,2703,2675,2688,2716,2728,2712,2699,2700,2740,2729,2728,2712,2696,2744,2778,2665,2692,2725
710.643,2598.7,2553,2580,2584,2594,2616,2596,2594,2638,2566,2543,2594,2613,2623,2549,2619,2569,2659,2577,2616,2566,2639,2578,2595,2609,2616,2601,2637,2596,2637,2605
710.998,2151.4,2132,2147,2177,2121,2142,2136,2143,2121,2183,2129,2132,2130,2131,2164,2139,2177,2156,2119,2129,2182,2196,2149,2201,2159,2161,2136,2174,2188,2164,2123
711.353,2562.5,2570,2584,2589,2552,2572,2565,2555,2562,2546,2578,2581,2528,2536,2528,2508,2567,2595,2559,2554,2544,2581,2579,2587,2584,2561,2600,2534,2581,2557,2539
711.707,2959.7,2902,2969,2918,2953,2933,2941,2986,2904,3017,2978,2949,2893,2930,2959,2977,2958,2980,2957,3005,2932,2968,2942,3010,3010,2990,2969,2951,2970,2966,2973
712.062,2369.4,2301,2337,2305,2381,2360,2335,2372,2356,2390,2392,2379,2375,2362,2346,2377,2357,2365,2350,2362,2394,2401,2395,2418,2392,2401,2372,2379,2388,2356,2385
712.416,2362.9,2343,2362,2312,2337,2347,2326,2326,2396,2357,2404,2370,2377,2340,2370,2371,2351,2346,2344,2343,2423,2344,2344,2405,2371,2421,2360,2399,2393,2340,2365
712.771,2394.2,2392,2395,2360,2349,2398,2395,2407,2389,2392,2414,2421,2402,2368,2381,2376,2389,2434,2392,2441,2360,2374,2387,2427,2403,2412,2381,2426,2404,2360,2397
713.125,2709.8,2682,2701,2681,2712,2708,2679,2730,2704,2662,2739,2708,2687,2733,2739,2694,2738,2695,2746,2750,2693,2709,2689,2724,2736,2712,2689,2730,2728,2702,2695
713.480,2411.7,2404,2372,2421,2376,2414,2375,2411,2396,2387,2427,2416,2396,2418,2450,2381,2440,2410,2399,2415,2456,2429,2403,2392,2429,2403,2434,2405,2415,2442,2434
713.835,2405.6,2389,2432,2375,2389,2405,2385,2418,2382,2405,2396,2406,2378,2361,2420,2418,2357,2410,2413,2410,2441,2401,2407,2403,2412,2417,2414,2417,2470,2415,2421
714.189,2020.6,1989,2040,1978,2015,2025,2013,2024,2038,1970,2044,2035,2031,2004,2008,2033,2018,2069,2020,2036,2038,2029,2012,2014,2000,2024,2020,2039,1986,2048,2019
714.544,2207.7,2196,2229,2186,2166,2177,2228,2201,2182,2194,2232,2218,2208,2194,2214,2158,2234,2208,2205,2218,2204,2259,2200,2214,2241,2189,2187,2205,2212,2244,2228
714.899,2557.9,2548,2539,2531,2535,2527,2529,2562,2529,2540,2601,2537,2573,2496,2591,2513,2558,2550,2596,2587,2565,2587,2563,2602,2572,2570,2515,2595,2576,2550,2600
715.253,2702.9,2726,2706,2689,2654,2712,2696,2703,2675,2722,2662,2687,2666,2766,2725,2689,2725,2728,2696,2748,2706,2703,2698,2689,2687,2706,2683,2696,2708,2731,2706
715.608,2134.4,2141,2165,2136,2127,2095,2131,2121,2076,2156,2128,2120,2107,2152,2140,2141,2147,2143,2136,2154,2127,2141,2148,2147,2095,2184,2104,2142,2149,2140,2139
715.963,2472.0,2452,2463,2456,2424,2454,2467,2447,2486,2459,2465,2482,2482,2494,2450,2482,2486,2483,2440,2495,2459,2464,2476,2488,2498,2470,2496,2510,2494,2469,2468
716.318,2365.3,2372,2353,2326,2387,2360,2359,2344,2341,2350,2386,2383,2340,2339,2384,2367,2368,2399,2370,2381,2384,2368,2353,2376,2359,2384,2365,2374,2378,2371,2339
716.673,2310.4,2287,2316,2303,2280,2316,2302,2312,2281,2339,2281,2321,2315,2307,2298,2285,2317,2280,2309,2300,2316,2289,2328,2306,2311,2348,2325,2296,2372,2351,2320
717.027,2398.9,2388,2341,2407,2404,2372,2382,2400,2411,2365,2374,2432,2412,2406,2368,2427,2386,2412,2373,2449,2398,2416,2387,2402,2424,2400,2342,2456,2399,2459,2374
717.382,2243.6,2256,2244,2237,2246,2252,2201,2257,2247,2228,2246,2250,2231,2237,2267,2219,2255,2250,2251,2248,2228,2206,2242,2268,2216,2221,2245,2255,2254,2296,2255
717.737,2447.5,2453,2410,2459,2440,2424,2441,2445,2433,2443,2416,2417,2487,2415,2443,2411,2444,2449,2443,2434,2447,2469,2411,2464,2453,2446,2443,2515,2502,2493,2475
718.092,2586.2,2543,2569,2535,2587,2573,2566,2522,2588,2561,2614,2579,2565,2612,2608,2632,2598,2579,2561,2592,2560,2628,2598,2608,2603,2623,2568,2578,2588,2628,2620
718.447,2272.9,2285,2257,2281,2218,2282,2270,2238,2273,2265,2254,2243,2240,2319,2264,2278,2290,2265,2267,2256,2279,2309,2232,2301,2278,2285,2265,2306,2285,2302,2301
718.802,2596.2,2612,2532,2595,2561,2578,2617,2627,2608,2568,2596,2597,2592,2647,2651,2560,2593,2603,2563,2606,2601,2585,2632,2552,2598,2561,2620,2620,2624,2585,2602
719.157,2518.7,2502,2494,2518,2523,2494,2510,2487,2553,2545,2501,2533,2526,2524,2552,2494,2537,2528,2495,2531,2479,2524,2513,2517,2496,2534,2512,2549,2539,2516,2535
719.511,2696.6,2672,2689,2698,2679,2696,2699,2682,2720,2713,2658,2707,2656,2721,2692,2675,2694,2687,2659,2683,2653,2714,2705,2737,2715,2705,2674,2718,2779,2700,2717
719.866,2421.6,2412,2411,2414,2411,2428,2419,2463,2419,2431,2395,2402,2413,2383,2414,2414,2399,2430,2425,2403,2442,2450,2485,2393,2463,2421,2400,2442,2423,2431,2411
720.221,2343.5,2307,2345,2329,2299,2340,2338,2338,2350,2319,2367,2393,2361,2356,2358,2333,2317,2315,2293,2354,2346,2363,2357,2359,2372,2366,2330,2346,2341,2364,2348
720.576,2775.2,2773,2765,2793,2748,2727,2734,2762,2751,2770,2780,2744,2801,2775,2797,2778,2833,2720,2754,2790,2771,2771,2798,2785,2780,2781,2808,2814,2734,2808,2811
720.931,2362.0,2312,2361,2337,2349,2330,2393,2378,2354,2374,2352,2346,2365,2375,2297,2339,2354,2381,2364,2380,2392,2398,2362,2335,2403,2381,2353,2400,2365,2381,2348
721.286,2128.7,2088,2116,2109,2120,2094,2130,2128,2100,2141,2134,2104,2128,2094,2123,2160,2104,2153,2136,2142,2134,2172,2120,2117,2110,2165,2153,2158,2129,2154,2145
721.641,2342.8,2372,2319,2264,2338,2352,2349,2341,2322,2317,2354,2302,2335,2333,2338,2332,2320,2374,2354,2374,2327,2383,2347,2315,2338,2364,2409,2352,2357,2342,2360
721.996,2657.5,2629,2655,2613,2661,2696,2600,2644,2638,2651,2636,2674,2668,2634,2680,2651,2621,2684,2684,2696,2706,2672,2680,2664,2676,2643,2641,2648,2680,2658,2642
722.352,2526.0,2499,2489,2539,2513,2511,2550,2521,2512,2531,2582,2512,2506,2506,2536,2509,2512,2520,2531,2526,2506,2518,2536,2561,2545,2530,2517,2532,2566,2546,2518
722.707,2278.0,2250,2230,2303,2287,2262,2252,2281,2268,2280,2286,2318,2248,2244,2303,2267,2290,2248,2235,2284,2268,2277,2326,2264,2290,2274,2292,2326,2283,2310,2293
723.062,2917.0,2888,2948,2920,2923,2936,2898,2920,2899,2905,2995,2931,2915,2897,2911,2927,2902,2881,2903,2923,2929,2916,2870,2875,2906,2975,2943,2916,2892,2952,2914
723.417,2574.6,2601,2600,2553,2611,2586,2531,2589,2596,2591,2531,2580,2583,2531,2616,2601,2563,2564,2585,2605,2562,2550,2546,2581,2559,2608,2584,2536,2564,2568,2563
723.772,2419.8,2395,2403,2397,2395,2444,2398,2451,2406,2402,2392,2425,2436,2409,2433,2422,2413,2439,2392,2458,2419,2438,2386,2408,2409,2467,2432,2444,2434,2414,2434
724.127,2845.0,2817,2829,2822,2830,2835,2828,2849,2849,2840,2840,2875,2822,2841,2903,2818,2841,2827,2834,2841,2858,2841,2828,2886,2872,2821,2875,2859,2837,2844,2889
724.482,2637.7,2667,2636,2633,2651,2607,2611,2652,2628,2644,2643,2636,2654,2609,2651,2636,2659,2648,2619,2642,2640,2619,2670,2607,2628,2664,2669,2620,2621,2640,2626
724.837,2574.8,2533,2607,2548,2596,2601,2576,2524,2581,2605,2587,2563,2594,2559,2559,2593,2547,2584,2536,2539,2599,2562,2564,2593,2574,2588,2586,2597,2585,2578,2585
725.193,2554.1,2532,2587,2556,2555,2557,2516,2563,2506,2547,2532,2568,2545,2535,2568,2553,2541,2559,2568,2542,2580,2513,2592,2556,2579,2562,2586,2540,2530,2570,2584
725.548,2485.7,2485,2459,2506,2472,2460,2489,2490,2493,2467,2484,2476,2499,2491,2485,2449,2475,2494,2473,2516,2462,2473,2491,2501,2522,2477,2481,2466,2515,2488,2532
725.903,2681.8,2642,2665,2683,2655,2651,2718,2668,2683,2644,2694,2677,2638,2725,2657,2697,2696,2691,2706,2693,2658,2662,2685,2694,2661,2712,2699,2686,2714,2685,2716
726.258,2431.6,2442,2425,2404,2426,2384,2448,2394,2453,2458,2437,2414,2438,2404,2453,2435,2425,2408,2463,2412,2449,2393,2468,2460,2432,2416,2453,2404,2446,2462,2442
726.614,2409.5,2399,2437,2418,2389,2401,2379,2368,2405,2429,2386,2419,2372,2416,2433,2387,2407,2413,2431,2410,2398,2429,2426,2450,2409,2419,2457,2394,2402,2400,2401
726.969,2546.5,2554,2552,2511,2550,2537,2543,2520,2529,2566,2518,2567,2580,2509,2556,2547,2577,2555,2563,2577,2525,2559,2565,2499,2542,2570,2561,2481,2574,2559,2549
727.324,2631.5,2616,2684,2589,2650,2657,2634,2615,2591,2647,2648,2632,2618,2653,2624,2650,2670,2576,2600,2668,2624,2648,2603,2664,2633,2635,2603,2603,2656,2625,2628
727.680,2696.0,2675,2678,2700,2724,2673,2695,2694,2665,2715,2683,2673,2678,2718,2667,2767,2672,2672,2660,2678,2647,2717,2726,2733,2699,2698,2705,2722,2732,2722,2693
728.035,2989.2,3033,3001,2972,2951,2962,2981,3010,2937,2996,2945,3006,2975,2988,3002,2997,2980,2951,3009,3015,2981,2976,3010,2985,2980,3003,2993,3027,2991,2998,3020
728.390,2404.0,2371,2412,2370,2413,2370,2429,2397,2411,2441,2392,2378,2385,2427,2422,2407,2357,2412,2411,2410,2421,2408,2434,2415,2415,2384,2382,2381,2410,2412,2442
728.746,2619.3,2575,2598,2610,2611,2634,2613,2636,2575,2646,2620,2604,2628,2599,2626,2603,2602,2625,2674,2589,2623,2660,2609,2615,2598,2613,2626,2634,2661,2627,2644
729.101,2373.4,2326,2382,2342,2408,2357,2365,2398,2357,2357,2363,2361,2394,2327,2400,2395,2342,2424,2355,2359,2384,2362,2402,2410,2368,2337,2374,2394,2388,2362,2408
729.456,2541.7,2504,2554,2556,2511,2497,2522,2532,2546,2550,2498,2547,2511,2557,2553,2526,2556,2546,2586,2510,2532,2565,2542,2544,2548,2558,2508,2564,2589,2534,2605
729.812,2556.8,2551,2591,2515,2560,2524,2553,2555,2547,2523,2568,2547,2592,2534,2576,2531,2574,2568,2564,2554,2574,2557,2554,2583,2547,2560,2520,2563,2568,2543,2608
730.167,2491.8,2496,2501,2487,2492,2483,2531,2483,2491,2508,2465,2478,2457,2466,2486,2521,2490,2454,2505,2489,2499,2511,2492,2479,2499,2481,2519,2512,2488,2520,2470
730.523,2602.1,2597,2575,2593,2617,2613,2608,2632,2522,2621,2599,2552,2612,2624,2601,2589,2593,2589,2587,2600,2607,2646,2628,2570,2641,2591,2627,2578,2638,2605,2608
730.878,2631.6,2591,2621,2616,2595,2599,2646,2674,2604,2658,2652,2633,2663,2616,2636,2622,2613,2615,2630,2609,2640,2626,2669,2661,2631,2635,2647,2640,2656,2601,2649
731.234,2503.9,2525,2516,2536,2506,2526,2484,2452,2478,2489,2513,2482,2498,2517,2457,2482,2471,2488,2505,2530,2543,2512,2476,2512,2554,2479,2526,2527,2544,2498,2491
731.589,2426.8,2437,2417,2413,2411,2436,2423,2424,2421,2430,2404,2451,2453,2435,2410,2415,2395,2403,2424,2446,2436,2423,2421,2394,2427,2483,2411,2444,2381,2468,2469
731.945,2695.8,2663,2694,2673,2677,2687,2696,2693,2703,2704,2724,2672,2672,2706,2638,2694,2701,2728,2702,2697,2719,2692,2675,2667,2699,2704,2704,2733,2744,2705,2707
732.300,2329.1,2317,2329,2320,2330,2310,2342,2292,2331,2319,2335,2322,2344,2316,2318,2333,2315,2337,2312,2330,2326,2344,2352,2347,2346,2355,2322,2312,2307,2352,2357
732.656,2419.5,2428,2459,2411,2403,2389,2431,2376,2368,2427,2394,2419,2390,2408,2420,2403,2444,2395,2421,2406,2435,2414,2422,2411,2443,2430,2440,2459,2452,2432,2454
733.011,2389.5,2388,2409,2402,2347,2414,2421,2382,2349,2374,2394,2346,2388,2384,2369,2357,2403,2414,2392,2452,2393,2418,2383,2392,2402,2376,2384,2372,2387,2390,2403
733.367,2708.1,2673,2701,2734,2712,2707,2735,2719,2692,2701,2680,2708,2686,2692,2698,2689,2713,2744,2680,2706,2683,2701,2697,2755,2727,2756,2724,2717,2722,2701,2689
733.722,2603.7,2609,2605,2588,2586,2564,2605,2600,2593,2589,2632,2570,2645,2616,2600,2559,2586,2616,2607,2594,2620,2597,2593,2639,2647,2605,2599,2561,2648,2604,2633
734.078,2539.1,2558,2554,2513,2504,2524,2545,2560,2527,2527,2535,2563,2542,2482,2566,2562,2553,2553,2518,2569,2524,2568,2491,2494,2552,2530,2517,2530,2605,2530,2576
734.434,2609.6,2591,2572,2566,2621,2607,2623,2611,2579,2609,2635,2642,2632,2594,2651,2565,2578,2563,2611,2596,2610,2636,2602,2605,2648,2604,2600,2656,2609,2629,2644
734.789,2130.2,2177,2140,2154,2147,2134,2104,2178,2115,2123,2148,2102,2108,2122,2084,2105,2098,2136,2132,2129,2094,2150,2141,2084,2163,2118,2152,2133,2173,2094,2169
735.145,2778.2,2789,2761,2743,2781,2760,2758,2806,2786,2790,2760,2743,2766,2797,2770,2790,2818,2783,2796,2738,2753,2787,2821,2764,2808,2779,2798,2761,2774,2770,2795
735.501,2559.2,2528,2590,2563,2502,2541,2501,2564,2543,2514,2566,2562,2578,2608,2550,2556,2583,2593,2594,2557,2521,2552,2592,2603,2538,2526,2572,2555,2600,2554,2570
735.856,2366.7,2375,2310,2371,2377,2362,2354,2360,2374,2390,2348,2371,2408,2354,2378,2399,2357,2357,2372,2362,2358,2377,2346,2340,2324,2372,2398,2377,2402,2352,2375
736.212,2311.8,2298,2310,2312,2328,2248,2288,2305,2312,2332,2283,2298,2353,2314,2271,2358,2298,2324,2296,2293,2341,2339,2287,2344,2325,2321,2289,2349,2294,2315,2328
736.568,2361.3,2393,2354,2369,2319,2401,2341,2397,2350,2388,2337,2357,2386,2364,2350,2315,2322,2351,2376,2349,2413,2377,2353,2357,2363,2365,2347,2397,2347,2362,2339
736.923,2595.5,2584,2590,2618,2569,2592,2618,2565,2619,2653,2598,2602,2609,2537,2547,2522,2629,2587,2605,2624,2572,2594,2582,2635,2579,2610,2626,2592,2602,2586,2619
737.279,2540.1,2533,2570,2540,2504,2548,2507,2508,2544,2548,2575,2561,2552,2541,2505,2508,2520,2533,2539,2557,2512,2578,2589,2529,2518,2572,2530,2521,2553,2569,2539
737.635,2476.9,2433,2485,2478,2465,2483,2443,2467,2463,2490,2488,2515,2473,2457,2505,2439,2444,2515,2507,2478,2492,2500,2515,2492,2496,2434,2510,2437,2450,2479,2475
737.991,2488.9,2444,2480,2491,2500,2496,2464,2508,2504,2501,2451,2459,2488,2479,2468,2486,2481,2465,2491,2513,2499,2513,2474,2501,2456,2553,2509,2497,2497,2510,2488
738.347,2091.0,2074,2063,2052,2094,2088,2091,2084,2090,2060,2102,2117,2113,2090,2111,2088,2074,2079,2086,2060,2104,2098,2102,2097,2091,2080,2097,2105,2139,2108,2092
738.702,2605.7,2595,2609,2604,2593,2564,2603,2637,2639,2584,2595,2607,2632,2597,2626,2588,2585,2626,2624,2621,2589,2589,2651,2618,2548,2598,2621,2637,2616,2585,2590
739.058,1957.1,1956,1963,1978,1917,1962,1948,1907,1963,1981,1992,1992,1927,1960,1971,1935,1952,1922,1936,1993,1955,1995,1950,1944,1992,1942,1973,1955,1939,1963,1949
739.414,2342.8,2355,2325,2311,2351,2362,2288,2320,2320,2353,2335,2353,2331,2338,2348,2335,2338,2371,2351,2323,2361,2308,2349,2400,2338,2384,2331,2362,2358,2331,2355
739.770,2213.6,2231,2216,2202,2162,2224,2215,2235,2216,2210,2205,2202,2214,2211,2226,2183,2191,2200,2219,2192,2203,2230,2202,2222,2230,2202,2218,2216,2223,2277,2230
740.126,2422.2,2418,2426,2392,2386,2412,2416,2418,2377,2451,2448,2411,2442,2410,2388,2429,2381,2433,2462,2421,2437,2399,2439,2454,2404,2449,2425,2430,2441,2446,2420
740.482,2397.0,2393,2403,2401,2363,2398,2381,2410,2403,2396,2381,2367,2385,2384,2371,2397,2412,2397,2373,2387,2393,2429,2421,2423,2400,2388,2422,2399,2399,2409,2426
740.838,2392.0,2390,2383,2396,2379,2411,2397,2372,2389,2430,2415,2404,2416,2361,2392,2364,2364,2400,2372,2386,2369,2382,2397,2384,2432,2385,2397,2379,2385,2390,2440
741.194,2538.2,2600,2513,2524,2543,2526,2547,2522,2491,2529,2523,2531,2500,2501,2541,2560,2523,2533,2567,2553,2515,2570,2505,2535,2540,2565,2560,2575,2565,2542,2547
741.550,2531.2,2519,2478,2511,2553,2538,2528,2552,2525,2556,2568,2514,2532,2510,2533,2507,2569,2519,2557,2549,2537,2515,2557,2453,2557,2512,2531,2528,2554,2563,2511
741.905,2278.3,2305,2269,2274,2297,2275,2274,2277,2285,2260,2276,2284,2286,2235,2229,2272,2294,2274,2241,2267,2300,2278,2324,2316,2300,2270,2286,2266,2324,2238,2274
742.261,2490.1,2479,2457,2491,2519,2465,2487,2468,2485,2475,2498,2482,2473,2472,2477,2470,2506,2481,2511,2486,2496,2506,2502,2460,2520,2541,2501,2493,2530,2485,2488
742.617,2367.4,2329,2356,2381,2389,2391,2393,2367,2346,2363,2338,2328,2345,2351,2331,2376,2366,2437,2376,2401,2367,2341,2369,2365,2408,2341,2359,2401,2378,2373,2355
742.973,2418.6,2392,2387,2436,2408,2394,2381,2404,2463,2439,2428,2396,2380,2413,2349,2427,2381,2469,2402,2468,2408,2466,2422,2388,2406,2421,2444,2463,2453,2447,2424
743.329,2495.8,2462,2488,2511,2510,2526,2507,2509,2482,2516,2529,2456,2515,2435,2508,2513,2464,2510,2460,2522,2464,2541,2513,2450,2533,2481,2488,2530,2516,2485,2451
743.686,2322.1,2301,2259,2298,2360,2318,2299,2320,2353,2373,2280,2354,2305,2326,2341,2287,2340,2339,2339,2350,2324,2321,2349,2322,2283,2308,2298,2354,2344,2284,2335
744.042,2535.0,2522,2537,2534,2501,2539,2490,2540,2535,2535,2548,2528,2578,2527,2548,2588,2524,2539,2521,2602,2507,2566,2532,2519,2509,2561,2514,2509,2528,2529,2539
744.398,2261.5,2261,2251,2244,2233,2287,2254,2244,2224,2249,2269,2289,2257,2251,2260,2271,2270,2247,2287,2267,2280,2246,2277,2319,2264,2298,2270,2263,2206,2221,2285
744.754,2509.5,2476,2509,2508,2493,2560,2496,2526,2502,2489,2525,2519,2516,2500,2547,2538,2509,2484,2484,2486,2514,2526,2545,2484,2513,2528,2536,2502,2488,2497,2485
745.110,2266.1,2211,2317,2270,2296,2275,2260,2245,2252,2237,2261,2267,2277,2265,2273,2224,2263,2277,2279,2275,2263,2274,2290,2268,2256,2248,2308,2269,2236,2278,2270
745.466,2489.3,2452,2483,2506,2494,2454,2458,2466,2554,2534,2479,2509,2469,2508,2477,2458,2481,2490,2525,2450,2452,2492,2523,2461,2492,2486,2505,2523,2501,2491,2506
745.822,2296.0,2281,2282,2322,2297,2311,2268,2307,2274,2313,2293,2313,2304,2266,2294,2296,2298,2281,2265,2277,2283,2299,2324,2304,2285,2290,2351,2310,2283,2317,2293
746.178,2600.9,2600,2569,2575,2596,2600,2633,2621,2583,2589,2560,2584,2592,2595,2577,2587,2600,2630,2604,2630,2581,2622,2618,2591,2589,2645,2646,2566,2636,2578,2630
746.534,2092.9,2102,2094,2104,2079,2095,2064,2064,2076,2090,2118,2079,2102,2123,2085,2107,2084,2111,2085,2127,2068,2064,2093,2107,2103,2068,2089,2120,2125,2074,2086
746.891,2402.6,2358,2403,2443,2375,2391,2419,2390,2402,2413,2390,2384,2395,2386,2420,2445,2416,2386,2419,2427,2421,2381,2404,2374,2361,2402,2394,2460,2435,2406,2379
747.247,2648.5,2682,2596,2674,2633,2632,2625,2639,2656,2673,2692,2632,2670,2636,2634,2664,2668,2673,2630,2624,2640,2666,2625,2620,2651,2651,2657,2632,2646,2661,2674
747.603,2150.7,2140,2145,2176,2125,2165,2122,2173,2144,2172,2153,2148,2161,2139,2137,2124,2185,2152,2136,2124,2149,2193,2147,2124,2133,2190,2160,2125,2127,2178,2173
747.959,2471.7,2462,2488,2453,2470,2475,2442,2468,2486,2429,2462,2495,2477,2494,2467,2496,2470,2445,2453,2459,2460,2468,2481,2487,2445,2485,2473,2513,2520,2454,2473
748.315,2284.2,2288,2322,2287,2254,2304,2299,2296,2254,2296,2286,2270,2284,2288,2286,2241,2312,2300,2281,2306,2257,2310,2290,2286,2268,2277,2255,2284,2279,2280,2287
748.672,2544.8,2547,2526,2548,2504,2562,2560,2537,2552,2592,2539,2576,2548,2516,2595,2532,2527,2533,2545,2560,2534,2512,2465,2533,2548,2555,2575,2553,2588,2537,2544
749.028,2623.0,2619,2620,2572,2598,2603,2631,2649,2637,2622,2620,2643,2572,2636,2611,2624,2649,2595,2614,2654,2618,2627,2619,2633,2616,2610,2603,2624,2623,2670,2679
749.384,2121.5,2086,2107,2091,2120,2106,2120,2093,2136,2111,2124,2139,2131,2116,2137,2133,2133,2060,2111,2152,2123,2118,2129,2104,2132,2129,2152,2125,2165,2140,2121
749.741,2055.7,2066,2063,2052,2075,2054,2053,2036,2062,2065,2047,2065,2016,2026,2061,2035,2072,2062,2057,2050,2050,2072,2050,2077,2066,2037,2054,2068,2071,2058,2052
750.097,2490.0,2433,2490,2467,2479,2497,2491,2486,2497,2500,2468,2465,2526,2521,2529,2508,2444,2474,2519,2447,2561,2493,2417,2514,2500,2528,2495,2472,2499,2511,2469
750.453,2385.4,2426,2375,2416,2365,2382,2383,2358,2423,2408,2392,2383,2350,2402,2374,2382,2373,2378,2365,2394,2400,2369,2380,2379,2399,2407,2360,2362,2414,2357,2405
750.809,2371.2,2371,2346,2362,2359,2358,2399,2392,2372,2324,2392,2333,2356,2429,2401,2360,2373,2360,2345,2365,2348,2358,2373,2369,2359,2355,2370,2384,2398,2416,2410
751.166,2423.7,2369,2416,2399,2396,2410,2434,2408,2454,2425,2419,2442,2437,2379,2416,2468,2451,2398,2421,2443,2444,2402,2419,2451,2413,2425,2447,2425,2429,2441,2430
751.522,2492.6,2434,2484,2433,2490,2518,2476,2502,2529,2523,2503,2533,2462,2514,2456,2491,2499,2471,2488,2510,2482,2477,2538,2500,2486,2496,2470,2530,2483,2498,2502
751.879,2599.4,2624,2579,2566,2602,2605,2576,2596,2579,2570,2643,2578,2590,2620,2568,2604,2589,2590,2641,2623,2559,2630,2613,2621,2612,2557,2648,2574,2629,2570,2627
752.235,2117.2,2104,2138,2131,2104,2090,2120,2112,2123,2128,2091,2100,2132,2133,2151,2132,2073,2114,2148,2152,2089,2063,2108,2089,2123,2115,2108,2135,2125,2112,2174
752.591,2430.2,2437,2376,2410,2358,2414,2417,2466,2466,2411,2426,2420,2460,2455,2471,2436,2491,2411,2377,2438,2431,2425,2442,2456,2406,2430,2442,2442,2437,2442,2414
752.948,2253.7,2244,2254,2244,2225,2239,2253,2277,2282,2264,2265,2258,2210,2256,2268,2272,2253,2280,2301,2255,2232,2253,2235,2235,2255,2241,2261,2259,2281,2218,2241
753.304,2271.5,2259,2232,2248,2299,2276,2212,2267,2284,2235,2269,2288,2298,2290,2287,2268,2296,2233,2268,2311,2285,2288,2243,2281,2242,2281,2298,2265,2260,2282,2300
753.661,2452.2,2422,2461,2473,2456,2404,2429,2466,2468,2481,2453,2473,2457,2428,2475,2424,2455,2413,2442,2487,2417,2453,2503,2496,2400,2441,2472,2444,2456,2457,2459
754.017,2330.2,2309,2342,2387,2321,2338,2315,2312,2346,2322,2321,2328,2329,2300,2354,2303,2289,2331,2311,2374,2311,2331,2308,2351,2352,2355,2292,2352,2312,2353,2358
754.374,2325.8,2351,2335,2342,2289,2356,2304,2326,2357,2307,2316,2322,2322,2301,2324,2352,2347,2311,2309,2328,2279,2319,2351,2336,2337,2337,2358,2303,2318,2306,2332
754.730,2156.8,2100,2096,2157,2160,2164,2170,2172,2193,2155,2150,2132,2138,2182,2162,2130,2186,2130,2178,2158,2188,2170,2133,2178,2155,2186,2179,2165,2157,2143,2137
755.087,2287.8,2297,2244,2283,2278,2250,2286,2296,2266,2296,2252,2289,2310,2300,2280,2286,2308,2296,2332,2274,2246,2270,2314,2346,2267,2289,2296,2311,2293,2296,2282
755.443,2291.3,2307,2271,2313,2288,2284,2283,2303,2246,2286,2279,2296,2332,2285,2275,2299,2321,2282,2256,2294,2308,2274,2312,2295,2266,2283,2305,2313,2288,2283,2312
755.800,2323.2,2314,2277,2307,2348,2324,2322,2335,2355,2283,2324,2314,2336,2335,2353,2351,2305,2325,2381,2345,2328,2302,2306,2328,2344,2307,2298,2294,2297,2328,2330
756.156,2376.0,2395,2364,2381,2385,2372,2356,2358,2366,2360,2393,2362,2348,2380,2381,2375,2350,2353,2361,2408,2343,2376,2353,2416,2373,2376,2369,2409,2433,2382,2403
756.513,2125.7,2086,2071,2154,2111,2108,2126,2112,2149,2101,2106,2106,2111,2161,2096,2110,2152,2131,2125,2082,2112,2144,2165,2141,2136,2168,2169,2116,2156,2124,2141
756.870,2197.3,2195,2182,2205,2209,2235,2157,2197,2204,2166,2212,2219,2184,2191,2211,2181,2188,2174,2212,2165,2184,2246,2221,2187,2205,2186,2222,2173,2206,2211,2192
757.226,2500.1,2460,2470,2488,2476,2517,2498,2505,2560,2460,2489,2560,2461,2478,2548,2497,2511,2489,2482,2519,2476,2515,2502,2533,2481,2521,2472,2517,2491,2516,2510
757.583,2264.4,2234,2240,2265,2232,2259,2266,2267,2265,2254,2295,2246,2250,2283,2271,2250,2306,2277,2283,2296,2201,2222,2286,2284,2280,2276,2298,2237,2260,2252,2296
757.939,2498.8,2445,2465,2532,2468,2481,2525,2483,2517,2458,2505,2509,2534,2508,2487,2502,2520,2498,2493,2507,2521,2493,2498,2506,2495,2480,2502,2541,2481,2532,2479
758.296,2225.4,2242,2205,2211,2228,2218,2232,2234,2217,2189,2227,2202,2243,2224,2226,2226,2235,2218,2255,2218,2215,2198,2231,2235,2222,2244,2235,2223,2251,2242,2215
758.653,2391.8,2439,2375,2408,2344,2361,2412,2376,2367,2362,2392,2396,2419,2430,2400,2376,2390,2424,2353,2393,2405,2438,2386,2385,2410,2374,2409,2412,2373,2384,2361
759.010,2134.4,2104,2123,2124,2158,2153,2168,2096,2153,2091,2107,2114,2134,2122,2157,2136,2145,2126,2151,2093,2144,2100,2159,2128,2143,2159,2174,2186,2140,2106,2139
759.366,2195.5,2213,2191,2237,2187,2191,2200,2190,2181,2185,2187,2196,2187,2208,2201,2206,2205,2196,2192,2187,2143,2221,2213,2221,2199,2157,2151,2216,2238,2184,2182
759.723,2320.5,2301,2284,2345,2326,2338,2300,2365,2334,2296,2301,2325,2280,2271,2333,2312,2301,2381,2302,2298,2299,2355,2308,2329,2314,2307,2337,2351,2359,2328,2335
760.080,2415.3,2427,2388,2416,2427,2428,2415,2405,2429,2382,2398,2403,2376,2447,2395,2437,2429,2436,2449,2403,2424,2404,2402,2408,2425,2420,2428,2444,2403,2392,2418
760.436,2217.3,2235,2213,2224,2184,2225,2211,2223,2252,2200,2204,2209,2214,2205,2201,2243,2233,2205,2226,2235,2239,2226,2220,2200,2172,2192,2206,2219,2227,2238,2238
760.793,2281.2,2274,2275,2222,2271,2290,2302,2266,2284,2260,2251,2305,2281,2287,2293,2287,2288,2302,2306,2275,2267,2260,2296,2304,2293,2303,2267,2297,2298,2287,2244
761.150,2404.4,2377,2378,2399,2404,2372,2414,2393,2450,2426,2390,2434,2423,2401,2392,2366,2378,2392,2424,2419,2405,2376,2439,2408,2394,2417,2399,2403,2436,2397,2427
761.507,2327.5,2348,2293,2360,2297,2321,2321,2347,2339,2335,2318,2301,2343,2331,2268,2326,2353,2339,2313,2321,2312,2350,2330,2332,2363,2308,2320,2363,2308,2320,2345
761.864,2196.4,2159,2176,2198,2205,2173,2169,2190,2190,2185,2199,2224,2214,2230,2200,2192,2211,2184,2205,2159,2196,2184,2229,2196,2222,2168,2216,2175,2226,2186,2232
762.220,2227.6,2186,2225,2198,2209,2223,2244,2216,2260,2262,2204,2213,2207,2230,2228,2214,2219,2240,2239,2216,2195,2237,2261,2213,2258,2202,2283,2245,2258,2214,2230
762.577,2234.9,2242,2241,2248,2211,2234,2264,2210,2264,2211,2238,2227,2239,2222,2214,2250,2245,2227,2183,2255,2249,2244,2268,2255,2229,2204,2255,2239,2218,2234,2228
762.934,2323.7,2350,2322,2299,2296,2314,2328,2281,2327,2305,2333,2288,2339,2391,2334,2319,2346,2259,2357,2309,2319,2318,2365,2303,2349,2293,2362,2320,2335,2336,2315
763.291,2362.9,2328,2313,2353,2319,2352,2405,2330,2368,2347,2351,2335,2353,2360,2344,2357,2380,2380,2389,2360,2373,2398,2356,2406,2382,2360,2385,2366,2408,2377,2353
763.648,2510.2,2538,2515,2511,2536,2521,2495,2443,2491,2516,2540,2499,2512,2480,2505,2515,2496,2530,2479,2510,2498,2509,2523,2534,2513,2546,2536,2496,2497,2483,2539
764.005,1991.0,1970,2006,1937,2012,2004,1979,1968,1965,2003,1998,2008,2018,1974,1989,1967,1979,1988,1968,2024,1992,2007,2024,2000,1987,1966,1948,1977,2008,2042,2021
764.362,2601.6,2558,2582,2601,2584,2625,2606,2589,2620,2573,2623,2613,2589,2613,2603,2581,2592,2571,2635,2601,2627,2570,2607,2602,2619,2657,2562,2610,2601,2603,2630
764.718,2154.1,2126,2145,2150,2104,2113,2180,2172,2121,2145,2157,2129,2195,2107,2176,2174,2173,2158,2173,2171,2153,2172,2187,2128,2142,2149,2147,2178,2163,2169,2167
765.075,2578.4,2598,2547,2563,2581,2594,2553,2545,2527,2554,2577,2578,2574,2600,2602,2580,2575,2583,2593,2574,2584,2596,2563,2594,2563,2549,2600,2585,2619,2566,2636
765.432,2153.4,2085,2147,2141,2145,2117,2143,2125,2136,2178,2188,2171,2160,2145,2196,2164,2185,2173,2107,2133,2175,2136,2148,2160,2194,2140,2187,2184,2145,2156,2137
765.789,2560.3,2565,2573,2558,2542,2534,2561,2522,2552,2581,2582,2525,2589,2590,2565,2575,2581,2521,2548,2539,2534,2552,2547,2579,2540,2543,2576,2596,2584,2584,2571
766.146,2431.4,2440,2430,2428,2379,2397,2438,2427,2436,2403,2421,2401,2425,2414,2433,2474,2434,2438,2417,2404,2444,2467,2408,2452,2442,2458,2466,2486,2452,2414,2415
766.503,2206.9,2223,2213,2192,2187,2216,2226,2196,2205,2232,2207,2197,2198,2209,2171,2175,2232,2193,2164,2220,2226,2230,2210,2214,2163,2225,2178,2209,2226,2248,2222
766.860,2478.9,2463,2498,2475,2399,2453,2467,2497,2488,2511,2493,2496,2473,2475,2467,2471,2496,2457,2454,2504,2454,2512,2488,2458,2484,2490,2561,2492,2478,2471,2443
767.217,2441.3,2415,2401,2457,2402,2469,2463,2441,2458,2435,2459,2397,2407,2456,2452,2437,2450,2470,2436,2409,2415,2472,2469,2466,2451,2470,2461,2433,2438,2417,2433
767.574,2758.9,2758,2776,2752,2750,2744,2779,2773,2725,2786,2783,2747,2800,2754,2773,2808,2776,2761,2707,2729,2753,2715,2747,2800,2759,2767,2770,2728,2779,2732,2736
767.931,2243.3,2255,2208,2208,2234,2233,2236,2234,2219,2229,2289,2204,2252,2237,2268,2251,2272,2253,2215,2275,2304,2250,2238,2243,2259,2235,2258,2232,2239,2252,2216
768.288,2510.3,2542,2497,2480,2476,2490,2517,2514,2529,2543,2499,2494,2504,2476,2522,2520,2509,2543,2486,2515,2554,2511,2496,2476,2502,2513,2519,2553,2507,2570,2452
768.645,2164.7,2171,2188,2158,2180,2170,2153,2182,2160,2191,2142,2160,2122,2114,2174,2171,2154,2193,2129,2164,2160,2184,2186,2153,2139,2208,2149,2147,2143,2187,2209
769.002,2211.7,2171,2211,2238,2192,2225,2190,2232,2185,2246,2197,2252,2199,2180,2216,2206,2224,2240,2195,2190,2209,2205,2225,2232,2234,2201,2209,2242,2195,2212,2197
769.360,2318.3,2317,2328,2277,2320,2324,2313,2309,2305,2333,2321,2355,2296,2335,2291,2296,2329,2300,2302,2337,2336,2335,2351,2305,2306,2332,2326,2320,2319,2336,2296
769.717,2247.1,2222,2225,2234,2205,2256,2235,2261,2262,2283,2282,2250,2269,2263,2252,2228,2257,2250,2219,2269,2254,2222,2200,2204,2255,2259,2278,2264,2259,2254,2242
770.074,2240.1,2210,2232,2259,2265,2243,2296,2248,2245,2225,2254,2206,2226,2194,2232,2211,2227,2231,2239,2280,2236,2243,2279,2208,2220,2234,2247,2255,2258,2232,2267
770.431,2340.5,2347,2379,2323,2353,2323,2364,2328,2315,2345,2357,2366,2304,2374,2330,2307,2323,2333,2367,2380,2334,2370,2352,2313,2331,2298,2351,2299,2351,2364,2335
770.788,2175.8,2176,2160,2174,2183,2133,2206,2189,2204,2142,2181,2220,2162,2181,2179,2139,2143,2205,2160,2168,2139,2145,2152,2200,2195,2178,2183,2186,2225,2188,2177
771.145,2290.2,2298,2285,2259,2265,2306,2248,2297,2274,2264,2283,2324,2253,2294,2261,2306,2296,2251,2344,2287,2322,2328,2300,2288,2283,2275,2281,2291,2321,2305,2316
771.502,2355.2,2368,2312,2363,2344,2372,2400,2340,2354,2357,2352,2341,2320,2360,2337,2368,2350,2405,2312,2369,2360,2371,2348,2360,2356,2355,2321,2331,2383,2362,2385
771.860,2251.3,2220,2204,2239,2257,2221,2239,2210,2232,2244,2249,2280,2200,2248,2227,2264,2284,2275,2259,2249,2214,2292,2234,2294,2235,2281,2286,2280,2278,2288,2257
772.217,2299.1,2293,2319,2283,2317,2258,2272,2325,2280,2293,2301,2300,2312,2342,2282,2274,2285,2298,2287,2303,2327,2296,2321,2321,2301,2293,2295,2327,2287,2266,2314
772.574,2296.5,2301,2277,2290,2317,2283,2283,2290,2318,2318,2312,2266,2273,2278,2314,2329,2292,2301,2265,2273,2314,2328,2280,2262,2301,2314,2294,2282,2282,2329,2328
772.931,2407.5,2344,2418,2398,2364,2416,2459,2419,2405,2434,2398,2403,2396,2381,2433,2386,2413,2382,2420,2436,2431,2373,2391,2395,2453,2395,2395,2424,2382,2474,2408
773.289,2231.1,2209,2233,2232,2230,2191,2195,2239,2220,2200,2277,2229,2237,2224,2212,2239,2264,2243,2243,2220,2244,2247,2248,2233,2246,2231,2221,2222,2240,2231,2233
773.646,2238.9,2218,2225,2212,2242,2242,2219,2213,2235,2246,2238,2239,2245,2276,2233,2272,2239,2253,2213,2248,2239,2217,2232,2244,2267,2237,2184,2246,2260,2255,2279
774.003,2472.7,2490,2466,2456,2441,2456,2410,2435,2497,2484,2506,2485,2464,2475,2451,2431,2525,2477,2472,2470,2514,2441,2505,2486,2475,2509,2457,2492,2498,2440,2474
774.360,2266.9,2274,2264,2266,2275,2265,2223,2281,2307,2223,2271,2234,2308,2247,2244,2287,2258,2250,2252,2285,2281,2269,2246,2270,2289,2290,2276,2250,2280,2267,2276
774.718,2223.8,2230,2202,2228,2213,2197,2219,2209,2190,2232,2215,2200,2212,2216,2239,2222,2200,2243,2229,2226,2240,2232,2243,2215,2218,2217,2229,2249,2230,2264,2256
775.075,2322.0,2323,2312,2330,2345,2321,2283,2341,2296,2338,2261,2344,2338,2300,2303,2329,2345,2330,2320,2292,2365,2331,2311,2342,2336,2334,2342,2292,2298,2312,2346
775.432,2524.7,2460,2503,2547,2489,2533,2511,2507,2507,2502,2496,2534,2573,2544,2460,2557,2521,2521,2526,2533,2554,2539,2541,2548,2526,2527,2528,2557,2536,2523,2538
775.790,2309.8,2257,2297,2328,2323,2311,2290,2301,2305,2291,2274,2346,2289,2316,2313,2333,2319,2332,2291,2298,2319,2305,2309,2324,2314,2287,2335,2328,2355,2285,2319
776.147,2377.5,2359,2368,2396,2373,2382,2394,2382,2411,2419,2353,2353,2352,2386,2413,2366,2376,2384,2390,2354,2377,2333,2397,2394,2347,2368,2368,2388,2389,2378,2376
776.504,2185.8,2199,2183,2180,2161,2157,2187,2182,2165,2173,2160,2160,2177,2190,2216,2180,2182,2215,2204,2208,2184,2154,2191,2228,2162,2192,2216,2190,2192,2224,2163
776.862,2335.9,2345,2327,2324,2300,2338,2289,2387,2351,2335,2289,2312,2330,2321,2304,2358,2326,2320,2352,2398,2403,2348,2364,2362,2316,2332,2335,2310,2319,2326,2357
777.219,2296.9,2301,2273,2289,2292,2280,2280,2276,2279,2310,2308,2279,2270,2338,2319,2292,2314,2332,2346,2323,2264,2296,2307,2302,2281,2278,2314,2285,2265,2318,2297
777.577,2817.0,2803,2793,2800,2826,2815,2792,2818,2766,2811,2779,2826,2802,2896,2826,2816,2793,2815,2760,2840,2826,2832,2860,2831,2854,2836,2808,2791,2806,2860,2828
777.934,2717.1,2700,2703,2760,2707,2754,2697,2660,2746,2711,2692,2712,2700,2703,2698,2704,2738,2668,2742,2716,2728,2740,2756,2714,2776,2712,2748,2704,2686,2752,2685
778.291,2300.5,2291,2254,2319,2301,2320,2298,2283,2297,2308,2289,2308,2317,2321,2268,2331,2300,2303,2250,2325,2303,2294,2265,2314,2294,2304,2314,2279,2287,2342,2337
778.649,2210.3,2229,2166,2223,2240,2228,2178,2217,2185,2175,2201,2226,2205,2204,2171,2227,2232,2190,2235,2264,2206,2172,2192,2197,2226,2213,2201,2194,2248,2261,2203
779.006,2181.6,2216,2194,2156,2197,2165,2190,2210,2184,2158,2148,2164,2188,2198,2191,2155,2185,2184,2185,2150,2224,2154,2185,2120,2154,2183,2176,2169,2249,2217,2198
779.364,2228.4,2254,2220,2226,2230,2276,2207,2248,2217,2144,2182,2226,2246,2250,2186,2236,2210,2231,2252,2192,2218,2276,2277,2252,2243,2228,2224,2196,2211,2251,2244
779.721,2050.8,2035,2081,2054,2048,2023,2068,2064,2024,2059,2051,2086,2031,2024,2050,2069,2032,2052,2045,2040,2044,2064,2064,2029,2040,2016,2088,2034,2078,2077,2055
780.079,2109.1,2089,2103,2078,2117,2099,2136,2137,2120,2116,2138,2104,2088,2103,2071,2099,2121,2135,2115,2092,2114,2106,2117,2114,2135,2079,2097,2114,2089,2138,2108
780.436,2490.1,2468,2452,2458,2466,2461,2465,2537,2448,2511,2493,2489,2463,2476,2439,2530,2515,2489,2507,2500,2500,2548,2504,2485,2458,2490,2475,2533,2474,2542,2527
780.794,2206.4,2205,2205,2233,2216,2214,2217,2185,2199,2203,2210,2189,2198,2216,2216,2176,2209,2209,2216,2214,2231,2218,2201,2200,2194,2237,2185,2197,2212,2203,2185
781.151,2295.4,2278,2301,2355,2301,2325,2319,2296,2259,2274,2283,2272,2296,2302,2273,2288,2325,2306,2292,2298,2301,2286,2294,2270,2298,2298,2317,2313,2286,2263,2293
781.509,2228.4,2233,2240,2229,2187,2228,2206,2205,2248,2213,2235,2213,2267,2226,2243,2241,2242,2241,2230,2232,2227,2248,2219,2202,2208,2220,2259,2242,2233,2216,2220
781.867,2428.3,2422,2408,2445,2425,2438,2413,2400,2429,2401,2421,2434,2432,2444,2424,2419,2430,2404,2410,2430,2482,2409,2429,2417,2450,2457,2454,2427,2440,2416,2438
782.224,2545.5,2563,2584,2519,2580,2545,2519,2526,2558,2541,2569,2552,2530,2533,2531,2526,2543,2504,2604,2533,2543,2553,2565,2575,2501,2526,2533,2531,2539,2561,2578
782.582,2428.6,2381,2417,2452,2432,2425,2442,2370,2430,2414,2387,2425,2440,2455,2444,2412,2450,2417,2387,2469,2421,2435,2462,2407,2441,2481,2430,2453,2433,2451,2394
782.939,2310.3,2356,2299,2320,2320,2299,2300,2284,2316,2270,2296,2347,2296,2289,2334,2254,2309,2293,2352,2317,2315,2294,2313,2300,2310,2307,2319,2335,2339,2311,2316
783.297,2500.6,2534,2479,2491,2474,2498,2528,2474,2476,2511,2522,2472,2530,2499,2512,2498,2521,2499,2526,2478,2522,2527,2517,2446,2480,2494,2522,2482,2485,2546,2474
783.655,2117.5,2148,2094,2097,2106,2100,2111,2124,2096,2111,2102,2110,2121,2126,2132,2085,2118,2075,2105,2127,2116,2156,2127,2138,2132,2178,2124,2099,2117,2112,2139
784.012,2348.2,2337,2333,2362,2334,2372,2382,2343,2340,2334,2367,2334,2323,2379,2335,2326,2342,2309,2339,2357,2362,2355,2358,2345,2380,2331,2357,2356,2380,2344,2331
784.370,2324.7,2318,2331,2314,2296,2354,2360,2292,2304,2288,2329,2356,2344,2333,2358,2335,2264,2319,2301,2302,2341,2313,2326,2336,2320,2327,2327,2367,2340,2336,2310
784.728,2071.7,2093,2045,2096,2067,2063,2046,2040,2086,2057,2077,2068,2107,2042,2057,2065,2042,2091,2113,2104,2065,2021,2080,2070,2064,2063,2111,2081,2049,2083,2106
785.085,2439.1,2462,2393,2422,2408,2441,2425,2472,2470,2438,2425,2430,2418,2388,2458,2434,2456,2502,2421,2450,2415,2449,2445,2424,2427,2444,2452,2440,2467,2457,2440
785.443,2326.4,2352,2320,2294,2303,2325,2322,2316,2319,2306,2323,2337,2320,2377,2328,2303,2360,2323,2342,2330,2268,2321,2331,2357,2304,2351,2329,2332,2329,2340,2329
785.801,2414.1,2394,2399,2415,2413,2362,2401,2416,2431,2394,2401,2389,2408,2396,2422,2431,2440,2408,2393,2385,2461,2406,2458,2385,2443,2442,2432,2436,2438,2435,2390
786.158,2296.2,2303,2222,2313,2303,2258,2337,2336,2317,2293,2318,2258,2285,2268,2290,2312,2275,2266,2338,2275,2309,2275,2296,2292,2289,2278,2287,2323,2337,2318,2315
786.516,2333.5,2328,2329,2346,2326,2290,2304,2408,2301,2337,2356,2344,2349,2323,2340,2290,2312,2349,2338,2309,2328,2330,2331,2324,2346,2354,2355,2353,2318,2345,2342
786.874,2080.0,2090,2056,2067,2090,2031,2074,2082,2060,2085,2088,2080,2092,2099,2099,2077,2072,2062,2046,2075,2125,2079,2111,2099,2100,2067,2075,2065,2068,2104,2081
787.232,1989.8,2040,1952,1941,1949,1999,1950,1990,2007,1965,1995,1992,2015,2008,1985,1990,2019,1965,2018,2012,1980,2022,1983,1970,1978,1976,1993,2037,1951,1986,2026
787.589,2333.5,2317,2303,2381,2348,2335,2360,2346,2344,2328,2339,2345,2334,2347,2338,2305,2347,2347,2296,2330,2307,2336,2337,2359,2338,2278,2351,2327,2330,2345,2306
787.947,2466.7,2470,2472,2463,2478,2456,2457,2443,2440,2448,2458,2498,2482,2463,2481,2469,2504,2484,2475,2460,2505,2475,2440,2455,2439,2467,2478,2486,2437,2451,2466
788.305,2660.1,2634,2642,2610,2661,2597,2655,2657,2673,2660,2633,2668,2604,2652,2617,2649,2683,2653,2630,2671,2658,2669,2681,2710,2714,2655,2672,2696,2679,2691,2729
788.663,1989.3,1964,2001,1996,1975,1974,2032,2001,1990,1946,2002,1988,1984,1994,1983,1998,1964,1990,1996,2000,1987,1998,1992,1984,1960,1994,1996,2008,1989,1984,2010
789.021,2278.7,2271,2245,2271,2284,2264,2267,2279,2265,2321,2284,2286,2268,2269,2282,2259,2273,2282,2266,2301,2278,2283,2259,2278,2269,2286,2305,2289,2288,2310,2278
789.378,2378.0,2387,2368,2351,2360,2363,2374,2363,2410,2380,2382,2401,2355,2414,2390,2358,2375,2410,2398,2384,2375,2441,2367,2362,2415,2367,2386,2349,2350,2337,2367
789.736,2306.9,2273,2309,2287,2310,2294,2331,2333,2273,2344,2278,2296,2340,2284,2335,2296,2338,2312,2314,2335,2261,2276,2292,2317,2304,2349,2291,2276,2349,2323,2288
790.094,2452.2,2399,2409,2432,2447,2421,2488,2473,2417,2459,2456,2456,2444,2450,2452,2465,2471,2423,2477,2443,2452,2484,2446,2485,2468,2427,2403,2489,2452,2478,2501
790.452,2021.8,2053,2009,2045,2025,1987,2012,2051,2010,2037,2007,1966,2025,2019,2038,2027,2063,2022,2013,2028,2035,2021,2003,2020,2021,2042,2040,1987,1988,2030,2031
790.810,2221.8,2207,2205,2216,2207,2214,2216,2198,2219,2230,2242,2211,2244,2248,2219,2205,2192,2239,2200,2229,2214,2204,2235,2239,2217,2240,2243,2257,2202,2257,2204
791.168,2323.0,2319,2324,2313,2296,2345,2325,2323,2296,2298,2334,2290,2324,2329,2293,2280,2281,2310,2345,2337,2361,2312,2363,2345,2332,2330,2370,2293,2346,2335,2341
791.526,2045.4,2033,2056,2014,2057,2051,2058,2026,2029,2073,2013,2006,2089,2039,2056,2065,2032,2064,2041,2016,2051,2080,2045,2022,2047,2053,2031,2051,2038,2087,2040
791.884,2230.3,2217,2261,2235,2220,2232,2207,2201,2200,2274,2269,2199,2253,2225,2229,2258,2223,2245,2225,2238,2241,2207,2232,2222,2189,2236,2260,2209,2230,2218,2255
792.242,2087.6,2054,2066,2064,2082,2113,2054,2085,2066,2067,2098,2071,2080,2073,2104,2100,2099,2090,2091,2084,2094,2128,2115,2059,2109,2096,2094,2078,2056,2128,2129
792.600,2149.0,2138,2144,2131,2107,2093,2149,2161,2174,2160,2139,2170,2158,2170,2182,2138,2167,2148,2139,2174,2136,2126,2164,2146,2176,2163,2152,2140,2180,2095,2151
792.957,2302.3,2312,2272,2327,2300,2290,2310,2324,2271,2337,2314,2268,2306,2316,2276,2301,2338,2318,2282,2326,2286,2299,2285,2307,2281,2307,2333,2311,2275,2333,2264
793.315,2226.9,2219,2197,2232,2212,2219,2230,2215,2232,2210,2230,2208,2191,2241,2249,2268,2278,2206,2223,2244,2238,2196,2240,2231,2199,2243,2223,2255,2222,2218,2239
793.673,2324.7,2277,2344,2305,2330,2319,2290,2347,2281,2316,2332,2358,2313,2346,2358,2342,2301,2325,2283,2334,2338,2320,2338,2335,2316,2340,2355,2325,2312,2334,2328
794.031,2435.8,2470,2425,2437,2395,2419,2421,2461,2396,2424,2472,2442,2405,2432,2477,2422,2454,2430,2459,2428,2432,2450,2435,2415,2454,2450,2408,2436,2406,2458,2460
794.389,2330.2,2288,2312,2289,2337,2320,2333,2326,2335,2335,2335,2316,2338,2303,2370,2311,2358,2324,2310,2370,2375,2392,2318,2349,2327,2360,2314,2316,2307,2332,2306
794.747,1851.8,1835,1864,1845,1844,1843,1835,1845,1857,1867,1857,1884,1813,1851,1886,1824,1829,1858,1880,1826,1839,1837,1874,1864,1827,1862,1865,1877,1861,1866,1838
795.105,2291.9,2285,2293,2331,2304,2264,2275,2259,2277,2303,2310,2317,2237,2322,2291,2312,2255,2252,2290,2280,2301,2319,2310,2276,2309,2283,2294,2263,2292,2328,2324
795.464,2127.7,2118,2123,2128,2157,2133,2130,2160,2144,2132,2091,2096,2106,2082,2147,2124,2116,2132,2142,2126,2129,2155,2128,2167,2107,2089,2137,2169,2125,2106,2132
795.822,2242.4,2221,2257,2187,2253,2233,2246,2222,2289,2222,2234,2280,2235,2255,2218,2237,2253,2225,2272,2233,2227,2216,2240,2265,2250,2219,2238,2250,2280,2255,2259
796.180,2203.7,2206,2193,2172,2215,2201,2208,2177,2214,2224,2199,2206,2223,2234,2178,2177,2205,2224,2188,2237,2184,2211,2209,2215,2251,2200,2190,2179,2197,2216,2177
796.538,2350.0,2298,2361,2376,2355,2329,2319,2353,2329,2351,2342,2332,2338,2360,2315,2349,2378,2341,2376,2322,2346,2375,2345,2351,2357,2352,2337,2354,2408,2387,2364
796.896,2277.5,2257,2271,2261,2237,2293,2300,2304,2243,2284,2282,2292,2255,2259,2303,2272,2248,2268,2315,2310,2316,2257,2242,2284,2254,2292,2285,2279,2292,2296,2273
797.254,2223.1,2197,2186,2183,2250,2213,2188,2198,2234,2243,2228,2201,2229,2207,2200,2215,2261,2230,2226,2231,2235,2221,2212,2248,2235,2225,2216,2250,2298,2212,2222
797.612,2299.4,2310,2254,2281,2287,2286,2286,2322,2293,2292,2282,2294,2323,2307,2326,2326,2308,2305,2315,2302,2304,2307,2282,2286,2333,2318,2288,2271,2293,2298,2302
797.970,2153.5,2125,2170,2111,2155,2104,2104,2161,2122,2179,2145,2152,2161,2135,2156,2180,2167,2160,2150,2163,2104,2168,2178,2170,2154,2206,2163,2161,2193,2153,2154
798.328,2158.4,2126,2158,2128,2130,2142,2157,2169,2182,2128,2162,2153,2159,2195,2144,2177,2145,2152,2144,2175,2135,2165,2180,2200,2157,2186,2140,2193,2137,2179,2154
798.686,2286.8,2256,2268,2289,2299,2262,2305,2248,2292,2248,2248,2274,2305,2296,2312,2285,2318,2314,2284,2272,2295,2328,2307,2336,2275,2298,2240,2282,2288,2267,2314
799.045,2269.2,2285,2282,2276,2230,2260,2262,2270,2258,2222,2302,2280,2273,2271,2267,2252,2290,2286,2288,2221,2243,2242,2280,2262,2254,2248,2283,2292,2301,2301,2295
799.403,2151.3,2122,2179,2167,2156,2126,2134,2133,2132,2147,2165,2157,2149,2138,2161,2127,2159,2167,2169,2096,2174,2156,2159,2190,2142,2184,2122,2169,2163,2143,2154
799.761,2504.2,2529,2460,2523,2506,2449,2514,2516,2511,2491,2521,2502,2500,2478,2484,2498,2496,2517,2479,2495,2520,2525,2540,2517,2539,2537,2480,2478,2504,2534,2484
800.119,2464.7,2443,2437,2444,2454,2502,2484,2449,2462,2468,2429,2432,2494,2440,2496,2444,2486,2434,2489,2473,2466,2441,2511,2450,2511,2475,2461,2465,2489,2458,2454
800.477,3033.0,3048,3030,3052,2998,3005,3038,3044,3014,3035,3013,3027,3071,3015,3063,3025,3023,3023,3026,3067,3065,3045,3038,3010,3006,3023,3067,3033,3023,3010,3054
800.836,2486.9,2447,2506,2442,2460,2488,2462,2468,2514,2548,2484,2474,2488,2505,2511,2473,2477,2462,2475,2484,2502,2508,2516,2420,2477,2485,2522,2502,2508,2501,2499
801.194,2300.4,2280,2284,2274,2288,2297,2336,2365,2290,2272,2336,2274,2291,2273,2288,2320,2305,2283,2332,2312,2298,2326,2313,2310,2293,2280,2298,2277,2295,2305,2318
801.552,2555.5,2543,2492,2509,2548,2540,2573,2571,2550,2566,2542,2547,2531,2561,2565,2554,2584,2580,2560,2565,2568,2563,2550,2521,2588,2583,2587,2612,2544,2559,2509
801.910,2514.5,2496,2528,2479,2487,2513,2495,2514,2516,2462,2510,2505,2512,2519,2580,2536,2557,2554,2490,2530,2492,2528,2515,2498,2524,2510,2468,2481,2540,2575,2520
802.269,2364.0,2365,2375,2384,2387,2353,2338,2379,2393,2365,2312,2351,2367,2320,2358,2381,2381,2380,2359,2376,2420,2364,2309,2350,2329,2346,2353,2359,2392,2375,2398
802.627,2505.9,2493,2485,2518,2489,2495,2457,2512,2488,2507,2512,2494,2501,2545,2545,2500,2474,2505,2466,2505,2487,2541,2529,2479,2491,2569,2519,2528,2534,2507,2502
802.985,2244.7,2216,2218,2262,2245,2228,2277,2251,2246,2205,2239,2230,2260,2273,2258,2237,2242,2292,2260,2236,2265,2255,2208,2227,2258,2240,2244,2246,2209,2246,2267
803.344,2113.1,2132,2117,2134,2123,2115,2119,2113,2096,2099,2084,2120,2106,2119,2087,2081,2084,2097,2133,2094,2155,2129,2097,2111,2121,2134,2091,2099,2104,2192,2108
803.702,2165.6,2152,2169,2153,2176,2161,2193,2164,2193,2157,2115,2206,2165,2149,2171,2168,2127,2203,2141,2135,2200,2180,2211,2147,2140,2171,2168,2168,2181,2146,2159
804.060,2266.2,2249,2267,2258,2262,2274,2239,2290,2264,2257,2287,2238,2293,2295,2281,2244,2266,2249,2264,2244,2291,2256,2302,2235,2288,2263,2276,2249,2289,2253,2264
804.419,2266.7,2217,2225,2281,2254,2252,2248,2242,2264,2261,2283,2290,2255,2315,2224,2234,2248,2288,2329,2284,2265,2295,2256,2292,2284,2271,2267,2268,2253,2258,2299
804.777,2551.6,2535,2594,2504,2541,2569,2538,2520,2563,2553,2584,2489,2523,2516,2532,2554,2599,2544,2582,2600,2539,2580,2558,2540,2553,2561,2557,2582,2546,2554,2537
805.135,2108.4,2129,2106,2110,2115,2110,2105,2098,2102,2133,2089,2087,2096,2080,2130,2111,2108,2136,2088,2139,2137,2112,2092,2093,2121,2139,2067,2121,2105,2086,2108
805.494,2421.5,2404,2395,2399,2402,2377,2461,2422,2481,2412,2461,2378,2400,2429,2416,2413,2427,2402,2397,2419,2465,2427,2407,2440,2418,2429,2442,2424,2439,2437,2422
805.852,2311.9,2298,2281,2290,2306,2301,2291,2302,2315,2270,2351,2337,2330,2296,2254,2300,2356,2358,2278,2325,2300,2326,2329,2301,2312,2351,2320,2326,2324,2307,2321
806.210,2399.3,2405,2377,2393,2403,2405,2380,2417,2358,2400,2376,2418,2379,2410,2381,2392,2423,2420,2431,2384,2395,2408,2406,2426,2418,2425,2414,2379,2396,2400,2360
806.569,2527.3,2547,2500,2547,2537,2521,2477,2521,2538,2538,2542,2536,2527,2585,2536,2520,2547,2506,2475,2522,2486,2504,2542,2504,2528,2534,2573,2565,2549,2534,2477
806.927,2313.4,2341,2254,2310,2318,2307,2280,2309,2315,2289,2360,2316,2296,2296,2321,2317,2292,2301,2320,2309,2292,2306,2318,2337,2369,2324,2310,2354,2293,2332,2317
807.286,2035.2,2044,2024,2056,2028,2016,2035,2015,2034,2051,2041,2007,2042,2040,2030,2058,2063,2014,2069,2028,2047,2039,2040,2030,2049,2018,2036,2008,2010,2056,2027
807.644,2247.5,2269,2221,2236,2259,2217,2240,2249,2240,2253,2259,2258,2248,2250,2247,2191,2261,2270,2228,2251,2256,2223,2245,2280,2267,2257,2255,2260,2271,2225,2239
808.003,2258.6,2261,2251,2258,2298,2203,2296,2271,2250,2244,2260,2267,2250,2226,2273,2249,2246,2263,2288,2259,2224,2287,2267,2245,2266,2252,2247,2239,2278,2283,2257
808.361,2765.7,2768,2793,2765,2781,2729,2749,2746,2760,2772,2789,2786,2793,2750,2714,2774,2740,2787,2764,2745,2770,2720,2767,2745,2791,2809,2760,2765,2780,2760,2798
808.720,1986.1,1961,1948,2002,2015,1965,1948,1982,1961,1942,1994,1995,2007,1997,1973,2021,1985,2001,1969,1983,1975,1974,1985,1984,2013,2040,1989,2004,1987,2009,1974
809.078,2121.0,2103,2075,2139,2102,2092,2108,2125,2102,2101,2131,2132,2150,2133,2099,2122,2116,2127,2118,2137,2134,2108,2160,2113,2118,2173,2164,2101,2130,2116,2101
809.437,2219.8,2227,2241,2210,2200,2223,2228,2252,2224,2206,2224,2224,2202,2197,2238,2205,2192,2219,2168,2215,2244,2211,2198,2242,2206,2239,2225,2224,2252,2224,2235
809.795,2261.0,2239,2210,2250,2248,2274,2257,2256,2274,2246,2298,2261,2267,2259,2287,2284,2260,2270,2263,2239,2225,2300,2239,2250,2268,2275,2293,2270,2253,2240,2274
810.154,2514.6,2481,2504,2523,2514,2485,2495,2488,2524,2500,2506,2525,2497,2505,2549,2546,2508,2544,2528,2526,2520,2482,2497,2549,2512,2550,2520,2497,2504,2505,2553
810.512,2219.7,2228,2191,2234,2206,2266,2162,2210,2202,2201,2227,2234,2247,2215,2215,2277,2213,2220,2219,2208,2229,2213,2227,2213,2196,2233,2221,2204,2216,2257,2207
810.871,2239.3,2206,2240,2212,2218,2266,2291,2174,2249,2245,2235,2238,2253,2244,2257,2202,2258,2249,2247,2228,2250,2226,2209,2267,2224,2248,2219,2272,2276,2220,2257
811.229,2265.0,2272,2278,2272,2286,2293,2238,2240,2250,2271,2305,2241,2221,2273,2268,2265,2296,2296,2237,2223,2298,2241,2249,2272,2255,2252,2287,2245,2294,2282,2251
811.588,2229.4,2262,2232,2223,2207,2225,2214,2209,2206,2237,2246,2216,2227,2267,2239,2222,2252,2243,2246,2200,2203,2212,2251,2248,2201,2220,2264,2225,2217,2252,2215
811.946,2461.0,2428,2449,2440,2487,2460,2446,2480,2444,2452,2437,2486,2453,2449,2482,2465,2464,2482,2470,2468,2461,2451,2436,2451,2465,2470,2449,2474,2471,2470,2490
812.305,2380.9,2348,2367,2393,2402,2401,2384,2351,2362,2352,2408,2362,2390,2380,2421,2428,2345,2424,2374,2395,2362,2356,2367,2412,2384,2390,2334,2341,2396,2410,2388
812.664,2147.5,2162,2152,2161,2147,2160,2130,2096,2098,2117,2143,2161,2156,2158,2188,2111,2123,2112,2152,2148,2172,2128,2194,2133,2143,2156,2184,2181,2141,2161,2157
813.022,2271.6,2248,2292,2256,2259,2271,2259,2298,2246,2259,2289,2277,2278,2274,2262,2301,2282,2277,2298,2265,2275,2278,2283,2280,2257,2303,2283,2265,2263,2246,2224
813.381,2171.9,2165,2143,2191,2174,2178,2171,2164,2191,2174,2156,2145,2159,2173,2144,2171,2199,2178,2193,2178,2168,2205,2174,2141,2198,2191,2167,2171,2143,2146,2206
813.739,2441.6,2440,2457,2450,2444,2453,2429,2448,2424,2438,2441,2440,2434,2417,2439,2426,2440,2444,2464,2457,2428,2480,2468,2419,2449,2423,2438,2435,2425,2455,2444
814.098,2345.5,2360,2385,2354,2381,2347,2333,2354,2288,2339,2349,2360,2344,2382,2326,2315,2317,2328,2351,2313,2301,2352,2364,2367,2350,2338,2318,2346,2360,2361,2382
814.457,2394.4,2346,2408,2347,2387,2409,2368,2397,2397,2412,2404,2413,2398,2403,2355,2408,2413,2411,2385,2401,2409,2413,2376,2407,2379,2395,2408,2382,2397,2408,2395
814.815,2167.5,2149,2184,2188,2153,2190,2145,2158,2155,2212,2151,2174,2173,2152,2170,2156,2181,2160,2170,2179,2175,2159,2202,2195,2154,2163,2168,2191,2131,2117,2171
815.174,2286.7,2307,2296,2268,2281,2288,2265,2280,2278,2261,2252,2252,2298,2288,2276,2262,2283,2284,2279,2305,2293,2314,2298,2286,2300,2289,2339,2300,2280,2306,2292
815.533,2303.2,2299,2286,2313,2278,2276,2296,2313,2320,2274,2249,2306,2269,2327,2325,2307,2274,2324,2313,2282,2299,2305,2329,2296,2356,2343,2288,2321,2307,2292,2329
815.891,2332.8,2309,2304,2309,2328,2333,2332,2325,2283,2316,2315,2351,2315,2307,2296,2328,2350,2339,2307,2363,2347,2371,2380,2385,2358,2325,2364,2324,2343,2316,2360
816.250,2430.4,2444,2448,2417,2456,2411,2450,2469,2384,2414,2430,2433,2465,2394,2400,2399,2436,2404,2440,2421,2424,2479,2447,2416,2437,2410,2450,2447,2400,2441,2446
816.609,2142.2,2143,2146,2154,2114,2164,2147,2143,2132,2136,2130,2147,2168,2116,2118,2168,2137,2125,2132,2088,2177,2149,2123,2126,2132,2168,2175,2187,2140,2154,2127
816.968,2536.3,2489,2521,2566,2538,2511,2578,2508,2470,2575,2553,2533,2529,2534,2557,2502,2560,2534,2500,2501,2556,2597,2591,2526,2526,2557,2567,2512,2524,2532,2542
817.326,2438.6,2432,2425,2419,2386,2434,2434,2403,2416,2467,2406,2424,2442,2417,2444,2461,2437,2455,2457,2438,2444,2450,2449,2457,2440,2475,2452,2469,2421,2453,2452
817.685,1987.0,1972,2008,1960,1992,1968,1949,2015,2003,1977,2016,1966,1961,1982,1999,1960,1967,1986,2007,1973,1988,2008,1970,1986,1972,2034,1981,1983,2027,2007,1993
818.044,2577.0,2549,2572,2621,2559,2576,2559,2601,2639,2587,2570,2598,2555,2503,2597,2589,2581,2589,2568,2593,2581,2593,2552,2546,2585,2532,2585,2551,2590,2600,2590
818.403,2388.1,2338,2407,2376,2372,2374,2396,2365,2368,2392,2422,2370,2399,2396,2377,2394,2357,2368,2436,2384,2398,2351,2389,2348,2404,2399,2388,2413,2424,2427,2411
818.761,1884.0,1860,1872,1898,1872,1891,1862,1863,1891,1885,1877,1866,1897,1876,1886,1907,1869,1910,1851,1866,1887,1889,1898,1894,1906,1861,1908,1907,1900,1867,1903
819.120,2256.5,2216,2211,2245,2244,2262,2229,2214,2270,2257,2250,2252,2251,2222,2272,2255,2264,2245,2262,2239,2288,2324,2260,2282,2275,2266,2298,2253,2255,2271,2262
819.479,2340.6,2327,2343,2330,2284,2341,2329,2329,2339,2340,2373,2319,2311,2360,2370,2343,2344,2347,2344,2331,2333,2392,2310,2349,2366,2340,2348,2368,2307,2334,2367
819.838,2288.7,2336,2280,2260,2278,2287,2270,2301,2294,2296,2310,2309,2263,2269,2284,2305,2259,2257,2303,2271,2277,2298,2325,2330,2249,2275,2314,2300,2293,2297,2270
820.197,2250.3,2253,2249,2206,2235,2274,2219,2248,2238,2250,2261,2245,2236,2253,2275,2234,2243,2252,2250,2225,2241,2257,2264,2285,2279,2256,2269,2224,2303,2249,2237
820.556,2375.4,2379,2316,2386,2357,2363,2381,2400,2385,2383,2403,2371,2351,2366,2387,2356,2315,2405,2340,2375,2410,2332,2346,2375,2379,2360,2438,2402,2392,2416,2392
820.914,2311.8,2302,2288,2323,2286,2318,2292,2292,2281,2315,2276,2360,2308,2360,2296,2325,2298,2332,2318,2297,2315,2330,2333,2263,2324,2322,2303,2306,2318,2345,2328
821.273,2120.7,2120,2118,2185,2127,2141,2124,2112,2158,2116,2094,2124,2128,2100,2136,2111,2104,2149,2108,2121,2112,2095,2144,2099,2108,2118,2102,2136,2135,2114,2083
821.632,2191.6,2181,2207,2173,2200,2187,2172,2200,2219,2211,2193,2170,2178,2200,2193,2164,2171,2127,2185,2173,2208,2225,2214,2200,2185,2201,2188,2217,2210,2196,2200
821.991,2260.2,2205,2230,2243,2288,2238,2272,2266,2270,2214,2281,2283,2243,2266,2282,2248,2272,2221,2263,2277,2241,2303,2245,2248,2278,2267,2261,2258,2271,2291,2280
822.350,2121.6,2125,2147,2120,2132,2113,2093,2120,2106,2112,2111,2146,2122,2117,2134,2131,2104,2141,2133,2114,2129,2124,2160,2091,2107,2093,2122,2143,2124,2116,2119
822.709,2298.9,2272,2270,2300,2308,2280,2258,2307,2299,2317,2283,2307,2325,2304,2318,2265,2311,2338,2319,2261,2285,2278,2303,2287,2324,2288,2287,2281,2320,2348,2324
823.068,2718.3,2704,2708,2728,2708,2689,2719,2669,2723,2715,2710,2736,2718,2686,2706,2707,2728,2714,2717,2731,2696,2716,2739,2675,2744,2715,2755,2727,2744,2772,2750
823.427,2215.6,2218,2168,2190,2195,2235,2235,2210,2235,2248,2215,2177,2209,2201,2222,2214,2189,2173,2202,2223,2220,2221,2273,2192,2226,2218,2223,2232,2222,2250,2232
823.786,2660.8,2632,2658,2693,2648,2621,2668,2648,2661,2702,2620,2618,2679,2669,2643,2633,2638,2641,2679,2659,2665,2671,2701,2662,2677,2652,2671,2660,2682,2660,2712
824.144,2309.4,2275,2318,2293,2298,2309,2349,2320,2329,2291,2339,2302,2275,2271,2306,2320,2307,2313,2300,2301,2286,2335,2351,2313,2309,2311,2338,2307,2317,2302,2298
824.503,2520.5,2529,2565,2535,2513,2520,2459,2509,2530,2520,2518,2499,2509,2501,2518,2558,2523,2520,2544,2559,2528,2504,2508,2529,2526,2550,2526,2506,2484,2522,2503
824.862,2188.9,2180,2185,2178,2168,2197,2171,2184,2210,2200,2223,2166,2176,2181,2182,2196,2226,2176,2222,2148,2228,2199,2185,2172,2202,2180,2175,2166,2190,2195,2205
825.221,2701.0,2681,2703,2707,2714,2754,2632,2726,2732,2718,2704,2639,2717,2735,2732,2700,2682,2700,2714,2686,2676,2720,2712,2668,2709,2668,2698,2714,2689,2686,2714
825.580,2361.5,2338,2379,2340,2364,2333,2326,2390,2364,2407,2363,2355,2351,2345,2365,2363,2384,2387,2340,2337,2343,2406,2373,2369,2370,2371,2384,2354,2358,2344,2341
825.939,2479.5,2493,2472,2473,2457,2522,2482,2478,2511,2460,2504,2488,2464,2421,2528,2486,2478,2454,2509,2476,2500,2492,2492,2480,2427,2458,2523,2453,2467,2448,2488
826.298,2535.3,2536,2521,2492,2542,2539,2529,2527,2573,2524,2549,2534,2518,2561,2516,2544,2488,2516,2569,2512,2542,2530,2566,2562,2533,2538,2508,2546,2538,2543,2562
826.657,2715.3,2687,2707,2736,2731,2682,2702,2734,2731,2718,2715,2726,2730,2662,2716,2737,2716,2679,2753,2732,2712,2759,2721,2704,2739,2669,2706,2687,2728,2707,2733
827.016,2307.2,2281,2285,2331,2356,2307,2303,2292,2338,2303,2302,2290,2250,2292,2308,2279,2314,2340,2301,2332,2284,2293,2343,2339,2283,2300,2299,2368,2321,2308,2274
827.375,2458.7,2408,2469,2464,2459,2460,2440,2495,2440,2477,2460,2454,2437,2463,2505,2469,2461,2443,2485,2454,2475,2456,2426,2475,2437,2478,2503,2456,2460,2437,2415
827.734,2289.0,2282,2322,2301,2261,2326,2261,2281,2302,2267,2303,2310,2286,2285,2282,2264,2245,2248,2294,2255,2313,2324,2276,2303,2302,2289,2289,2327,2280,2276,2316
828.093,2264.6,2276,2262,2245,2266,2303,2229,2253,2234,2262,2278,2297,2301,2240,2250,2259,2289,2253,2241,2263,2274,2254,2302,2266,2243,2247,2274,2278,2290,2242,2267
828.453,2335.3,2355,2321,2336,2314,2330,2333,2302,2329,2306,2342,2318,2336,2346,2336,2331,2317,2322,2321,2361,2346,2345,2374,2324,2326,2347,2360,2351,2360,2312,2358
828.812,2312.5,2275,2300,2287,2318,2298,2326,2320,2284,2287,2296,2337,2313,2312,2316,2322,2290,2272,2311,2346,2367,2306,2284,2307,2332,2314,2332,2340,2318,2335,2329
829.171,2551.7,2471,2512,2536,2586,2573,2536,2501,2561,2589,2543,2570,2544,2546,2577,2557,2560,2568,2570,2565,2480,2546,2520,2591,2568,2550,2568,2563,2598,2523,2578
829.530,2077.2,2008,2045,2088,2084,2120,2034,2087,2111,2053,2085,2060,2072,2089,2082,2046,2136,2113,2079,2089,2084,2049,2100,2086,2091,2060,2044,2110,2054,2053,2104
829.889,2330.4,2312,2334,2296,2354,2369,2299,2313,2320,2328,2328,2278,2363,2376,2350,2332,2324,2340,2325,2306,2337,2325,2334,2331,2313,2360,2324,2332,2372,2311,2325
830.248,2165.0,2147,2190,2128,2173,2187,2160,2198,2163,2180,2181,2167,2157,2161,2159,2135,2169,2141,2163,2191,2213,2130,2102,2165,2163,2213,2137,2165,2144,2167,2202
830.607,2102.1,2106,2073,2137,2060,2113,2108,2093,2113,2101,2118,2125,2104,2113,2086,2108,2092,2130,2120,2073,2081,2093,2070,2146,2056,2110,2117,2102,2094,2111,2111
830.966,2191.9,2170,2170,2197,2177,2193,2170,2170,2228,2157,2230,2196,2154,2213,2170,2204,2200,2187,2180,2177,2224,2192,2196,2195,2195,2223,2202,2216,2205,2176,2189
831.325,1811.2,1792,1840,1832,1800,1828,1818,1781,1775,1818,1784,1833,1794,1835,1797,1836,1821,1785,1814,1813,1821,1810,1825,1809,1840,1821,1821,1785,1769,1826,1812
831.685,2534.0,2541,2545,2531,2550,2545,2525,2559,2525,2570,2498,2530,2515,2585,2522,2534,2501,2457,2504,2553,2537,2530,2493,2549,2551,2516,2575,2550,2524,2552,2552
832.044,2394.0,2351,2412,2424,2358,2401,2401,2396,2371,2438,2369,2392,2425,2407,2422,2375,2381,2347,2361,2367,2421,2390,2390,2413,2365,2434,2400,2418,2383,2411,2398
832.403,2803.9,2800,2821,2842,2815,2779,2787,2816,2802,2811,2850,2804,2764,2775,2839,2746,2835,2799,2799,2827,2828,2801,2799,2801,2801,2792,2757,2794,2801,2821,2812
832.762,2355.0,2303,2394,2360,2370,2357,2314,2348,2375,2364,2376,2345,2303,2362,2397,2378,2332,2324,2334,2375,2352,2335,2324,2351,2356,2342,2400,2359,2361,2376,2384
833.121,2329.5,2325,2317,2331,2345,2297,2342,2300,2308,2327,2344,2360,2325,2342,2329,2338,2364,2318,2326,2347,2324,2363,2290,2332,2310,2280,2336,2369,2322,2357,2318
833.480,2097.9,2062,2097,2102,2101,2098,2131,2072,2063,2088,2132,2115,2113,2112,2098,2131,2074,2116,2125,2116,2105,2068,2093,2086,2086,2113,2066,2128,2077,2094,2076
833.840,2183.4,2213,2226,2153,2176,2156,2200,2163,2175,2181,2204,2179,2197,2150,2194,2201,2174,2153,2203,2205,2137,2192,2176,2208,2179,2170,2182,2216,2157,2185,2197
834.199,2176.3,2196,2195,2167,2166,2170,2170,2167,2199,2184,2180,2097,2186,2161,2190,2185,2162,2244,2186,2153,2160,2211,2170,2184,2147,2173,2200,2212,2139,2133,2202
834.558,2244.5,2211,2232,2246,2296,2223,2226,2240,2267,2231,2230,2242,2232,2232,2223,2243,2207,2236,2249,2279,2266,2256,2220,2235,2246,2269,2242,2272,2250,2263,2270
834.917,2182.6,2184,2176,2185,2187,2152,2213,2184,2173,2168,2165,2157,2201,2183,2176,2191,2229,2165,2149,2165,2163,2155,2187,2159,2223,2220,2224,2185,2178,2173,2208
835.277,2459.5,2462,2443,2413,2497,2440,2476,2452,2469,2470,2480,2489,2442,2468,2441,2469,2457,2427,2472,2490,2430,2472,2461,2440,2452,2492,2477,2475,2441,2448,2440
835.636,2162.1,2160,2125,2133,2158,2156,2147,2116,2171,2150,2140,2125,2157,2160,2187,2184,2210,2182,2162,2186,2185,2142,2149,2162,2144,2166,2173,2188,2170,2178,2197
835.995,2323.5,2307,2321,2341,2311,2306,2286,2289,2278,2331,2316,2342,2361,2312,2323,2309,2355,2325,2353,2318,2297,2296,2324,2310,2355,2344,2354,2315,2306,2363,2357
836.354,2127.0,2094,2146,2118,2104,2128,2137,2130,2123,2132,2104,2123,2118,2150,2130,2155,2115,2154,2148,2148,2123,2139,2134,2110,2097,2105,2141,2153,2107,2124,2119
836.714,2130.5,2163,2123,2104,2119,2151,2108,2081,2143,2147,2176,2143,2145,2133,2155,2137,2127,2114,2122,2125,2123,2110,2146,2126,2118,2091,2143,2138,2147,2144,2113
837.073,2095.9,2070,2096,2080,2098,2080,2082,2088,2101,2162,2077,2138,2096,2091,2085,2102,2079,2090,2076,2082,2134,2105,2086,2098,2067,2108,2100,2102,2122,2072,2110
837.432,2349.6,2363,2384,2329,2356,2344,2337,2355,2380,2358,2356,2380,2395,2351,2346,2333,2385,2349,2305,2333,2330,2342,2351,2379,2303,2323,2369,2361,2327,2342,2322
837.792,2442.3,2511,2429,2433,2419,2464,2434,2440,2476,2427,2430,2417,2430,2463,2464,2419,2437,2414,2429,2477,2433,2417,2406,2405,2431,2483,2493,2464,2475,2423,2425
838.151,2009.8,2009,1983,2017,1995,2023,2013,2017,2021,1977,2010,2009,2033,2028,2015,2027,2011,2007,2019,2026,2022,2002,1961,2008,1979,2056,2007,2004,2020,2015,1981
838.510,2192.1,2197,2189,2174,2177,2193,2193,2171,2184,2211,2207,2186,2188,2179,2168,2200,2222,2180,2157,2207,2184,2172,2158,2188,2193,2196,2236,2200,2196,2226,2230
838.870,2280.5,2272,2284,2273,2267,2296,2270,2313,2245,2250,2296,2306,2317,2271,2261,2280,2266,2279,2280,2315,2264,2251,2323,2296,2263,2274,2310,2261,2265,2272,2296
839.229,2180.2,2152,2148,2191,2154,2211,2196,2208,2196,2175,2204,2167,2165,2191,2168,2206,2181,2184,2150,2190,2176,2160,2136,2184,2157,2188,2179,2194,2200,2192,2204
839.588,2179.4,2193,2202,2148,2149,2193,2181,2169,2189,2165,2131,2161,2160,2191,2191,2188,2189,2186,2197,2225,2164,2174,2210,2172,2176,2187,2190,2182,2180,2191,2147
839.948,2244.4,2267,2233,2246,2219,2242,2224,2253,2241,2229,2260,2282,2218,2263,2227,2224,2209,2217,2246,2262,2246,2233,2264,2234,2257,2266,2286,2202,2258,2270,2253
840.307,2118.5,2088,2119,2124,2129,2103,2100,2127,2112,2094,2104,2128,2110,2122,2112,2104,2126,2120,2148,2119,2080,2119,2123,2145,2136,2111,2107,2132,2114,2147,2151
840.666,2111.9,2085,2115,2120,2085,2120,2079,2116,2125,2086,2106,2113,2150,2105,2108,2141,2095,2144,2135,2110,2066,2113,2127,2140,2094,2129,2100,2116,2093,2102,2140
841.026,1990.9,1979,1958,1977,1996,1944,2006,1968,1972,1964,2007,1986,2010,2002,1989,2002,1988,1986,1977,1997,1999,2014,2000,1977,1992,1962,2034,2027,1974,2003,2036
841.385,2083.5,2094,2067,2097,2090,2088,2071,2052,2063,2097,2122,2113,2071,2070,2091,2063,2101,2075,2108,2071,2101,2116,2069,2134,2051,2082,2102,2056,2063,2064,2064
841.745,2258.8,2284,2244,2263,2274,2223,2296,2270,2292,2256,2294,2275,2236,2250,2282,2285,2217,2229,2276,2266,2271,2261,2238,2238,2234,2230,2271,2255,2242,2259,2254
842.104,2262.4,2257,2234,2280,2247,2287,2235,2278,2241,2259,2248,2286,2243,2284,2288,2257,2269,2262,2263,2285,2264,2230,2237,2285,2290,2248,2223,2278,2267,2288,2260
842.463,2101.0,2085,2104,2102,2086,2093,2130,2077,2104,2096,2108,2084,2095,2102,2117,2112,2083,2115,2107,2072,2112,2094,2090,2107,2111,2120,2112,2109,2081,2108,2113
842.823,1835.5,1847,1828,1852,1848,1839,1836,1821,1827,1823,1833,1837,1802,1841,1822,1862,1814,1859,1841,1844,1817,1841,1835,1820,1814,1861,1837,1833,1841,1854,1835
843.182,2245.0,2250,2201,2264,2252,2235,2282,2264,2200,2237,2253,2272,2220,2229,2263,2218,2262,2252,2233,2222,2230,2246,2242,2244,2229,2286,2248,2256,2244,2249,2267
843.542,2137.3,2090,2134,2110,2143,2101,2162,2112,2126,2156,2144,2172,2130,2126,2123,2152,2134,2144,2121,2163,2148,2097,2155,2178,2168,2136,2128,2133,2147,2146,2140
843.901,2095.5,2083,2044,2125,2116,2072,2078,2053,2098,2083,2102,2067,2083,2073,2118,2081,2111,2114,2139,2088,2110,2100,2109,2066,2098,2097,2113,2118,2104,2124,2098
844.261,2011.3,1989,2007,2002,2044,1999,2027,1999,1990,2028,2015,2008,2002,1952,2009,2046,2038,2042,2009,2015,2014,2026,1990,2006,2059,1992,1965,2024,2008,2024,2010
844.620,1978.2,1948,1996,2004,1973,2009,1946,1975,1955,1960,1972,1986,1985,1952,2002,1970,2009,1965,2016,1997,1975,1931,2001,1981,1971,1946,2001,1968,1970,1985,1998
844.980,2063.5,2076,2060,2056,2053,2094,2028,2023,2077,2054,2060,2049,2097,2079,2040,2081,2034,2032,2044,2044,2084,2057,2038,2088,2096,2054,2069,2048,2105,2093,2091
845.339,2559.2,2506,2533,2552,2499,2522,2581,2555,2609,2544,2586,2565,2596,2575,2547,2581,2565,2521,2603,2542,2577,2559,2544,2553,2529,2579,2543,2599,2562,2605,2543
845.699,1789.2,1814,1744,1796,1777,1819,1840,1774,1773,1797,1776,1821,1808,1829,1757,1802,1775,1760,1781,1771,1781,1805,1782,1784,1766,1785,1787,1788,1773,1821,1790
846.058,2000.5,1994,1986,1978,1978,2000,2007,1962,1969,2008,1998,2055,1993,2032,2012,1996,2005,2003,2000,1976,2035,1990,2011,2024,2010,2008,2009,2027,1983,1984,1981
846.418,1767.3,1750,1768,1722,1744,1752,1759,1759,1773,1759,1787,1797,1754,1774,1782,1778,1778,1754,1793,1816,1784,1760,1773,1741,1762,1760,1762,1759,1768,1775,1777
846.777,2055.1,2051,2066,2056,2026,2076,2040,2021,2054,2077,2034,2088,2073,2057,2096,2064,2067,2054,2072,2065,2061,2062,2068,2026,2014,2063,2027,2094,2044,2022,2036
847.137,1802.7,1775,1813,1824,1761,1762,1795,1777,1815,1789,1797,1819,1820,1824,1802,1812,1813,1799,1807,1832,1765,1851,1785,1810,1784,1789,1863,1799,1817,1798,1783
847.496,1831.6,1830,1832,1808,1800,1838,1825,1817,1832,1844,1859,1815,1808,1816,1855,1841,1824,1805,1835,1846,1822,1836,1834,1819,1814,1841,1884,1835,1836,1850,1846
847.856,1649.5,1623,1658,1675,1618,1663,1663,1648,1661,1600,1643,1656,1658,1663,1665,1622,1667,1633,1636,1615,1642,1680,1678,1655,1654,1647,1630,1644,1685,1656,1646
ExternalTrigger,,,,,,,,,,,,,,,,,,,,,,,,,,,,,,,
