Wavelength[nm],Average,1,2,3,4,5,6,7,8,9,10,11,12,13,14,15,16,17,18,19,20,21,22,23,24,25,26,27,28,29,30
160.473,1999.2,1976,1971,2006,1940,1988,2020,2009,1974,2011,1998,2023,2001,2026,1999,2015,2008,2025,2022,1993,1977,2006,1984,2011,1999,2008,1993,2001,1988,1996,2008
160.772,2120.8,2127,2128,2124,2156,2102,2130,2129,2085,2105,2138,2139,2121,2130,2166,2139,2110,2123,2110,2104,2139,2114,2097,2084,2130,2104,2098,2116,2136,2124,2116
161.072,1943.2,1985,1932,1952,1944,1943,1929,1978,1928,1934,1966,1961,1977,1907,1975,1961,1906,1932,1940,1963,1912,1925,1923,1963,1921,1935,1922,1939,1921,1951,1971
161.372,2125.6,2172,2153,2150,2095,2121,2164,2088,2132,2108,2152,2132,2121,2146,2144,2108,2123,2136,2066,2157,2105,2120,2182,2130,2089,2120,2147,2131,2098,2091,2088
161.671,1949.4,1943,1957,1949,1955,1946,1967,1944,1925,1967,1969,1974,1924,1985,1931,1992,1943,1933,1945,1956,1963,1956,1969,1933,1933,1956,1977,1922,1940,1919,1910
161.971,2221.1,2210,2235,2204,2202,2213,2192,2228,2255,2206,2247,2244,2247,2217,2206,2260,2259,2195,2219,2214,2238,2222,2208,2216,2265,2210,2223,2187,2205,2215,2192
162.271,1997.7,2005,1982,2004,2022,2014,2027,1980,2016,2034,1989,1980,1996,2011,2005,1993,1987,2003,2010,2002,1973,1976,1964,2015,1999,2012,2022,2009,1970,1986,1944
162.571,2066.2,2061,2066,2099,2089,2048,2034,2042,2097,2083,2052,2084,2073,2058,2049,2035,2065,2074,2084,2082,2076,2085,2066,2041,2082,2065,2068,2031,2076,2060,2062
162.871,2226.8,2211,2212,2202,2237,2213,2259,2225,2211,2187,2217,2211,2209,2221,2218,2241,2238,2212,2247,2239,2232,2207,2268,2240,2272,2190,2218,2243,2223,2254,2248
163.170,2118.0,2124,2104,2115,2103,2126,2133,2082,2114,2172,2116,2127,2110,2132,2117,2126,2112,2076,2114,2104,2102,2118,2118,2120,2112,2116,2151,2142,2130,2080,2144
163.470,2052.3,2061,2052,2021,2056,2047,2020,2034,2078,2037,2036,2054,2072,2104,2051,2050,2056,2077,2068,2081,2009,2047,2045,2052,2084,2056,2020,2069,2057,2014,2062
163.771,2077.4,2117,2097,2068,2069,2075,2056,2094,2077,2080,2073,2044,2116,2091,2045,2086,2066,2070,2082,2042,2101,2085,2086,2050,2081,2077,2069,2100,2050,2065,2110
164.071,2323.1,2342,2333,2314,2292,2319,2351,2340,2331,2349,2316,2335,2315,2333,2329,2300,2329,2313,2361,2309,2317,2296,2315,2312,2340,2313,2298,2349,2334,2285,2322
164.371,2074.8,2085,2049,2085,2044,2089,2049,2054,2068,2077,2073,2079,2097,2054,2040,2111,2040,2096,2054,2075,2125,2112,2073,2109,2093,2089,2026,2081,2077,2071,2068
164.671,2184.7,2193,2203,2185,2161,2182,2171,2209,2232,2189,2193,2165,2201,2176,2177,2190,2166,2207,2180,2210,2174,2198,2168,2159,2216,2155,2185,2205,2143,2170,2179
164.971,2461.5,2467,2526,2474,2417,2456,2462,2485,2442,2476,2443,2445,2489,2464,2443,2475,2479,2447,2429,2435,2436,2451,2492,2460,2447,2465,2470,2469,2466,2472,2464
165.271,2299.9,2289,2296,2342,2251,2297,2324,2258,2317,2323,2294,2283,2286,2327,2327,2299,2299,2295,2301,2274,2318,2328,2329,2290,2298,2264,2284,2291,2312,2285,2315
165.572,2263.4,2226,2264,2285,2285,2231,2288,2290,2250,2265,2263,2256,2295,2243,2281,2264,2269,2256,2246,2243,2256,2283,2301,2273,2250,2249,2259,2252,2272,2253,2255
165.872,2172.8,2183,2131,2180,2194,2177,2157,2172,2152,2195,2197,2141,2159,2197,2209,2164,2179,2190,2172,2186,2168,2160,2149,2160,2138,2146,2158,2166,2200,2200,2204
166.172,2423.8,2427,2442,2446,2431,2420,2420,2430,2427,2416,2415,2454,2412,2442,2438,2425,2401,2470,2404,2448,2386,2436,2393,2420,2415,2404,2410,2408,2477,2383,2415
166.473,2523.8,2520,2506,2539,2546,2559,2486,2532,2518,2498,2538,2520,2529,2578,2547,2489,2513,2511,2506,2478,2480,2522,2548,2505,2477,2534,2532,2568,2528,2548,2559
166.773,2447.8,2471,2426,2488,2467,2422,2434,2500,2466,2441,2451,2440,2426,2426,2467,2490,2426,2472,2426,2438,2481,2473,2385,2425,2452,2393,2445,2464,2477,2419,2443
167.074,2502.7,2477,2539,2502,2523,2528,2499,2501,2502,2461,2537,2532,2489,2458,2501,2502,2505,2504,2503,2493,2462,2505,2505,2480,2515,2500,2557,2505,2493,2482,2520
167.374,2403.5,2389,2405,2384,2397,2378,2381,2420,2454,2360,2372,2346,2372,2412,2438,2446,2386,2405,2424,2408,2396,2400,2481,2408,2443,2366,2405,2416,2419,2398,2396
167.675,2396.6,2449,2420,2391,2386,2447,2388,2420,2401,2421,2375,2440,2381,2406,2384,2393,2401,2401,2339,2376,2343,2428,2378,2400,2374,2399,2360,2427,2357,2410,2403
167.976,2118.9,2134,2079,2095,2121,2083,2133,2121,2127,2077,2136,2141,2148,2139,2077,2093,2114,2147,2094,2134,2147,2124,2124,2123,2104,2100,2108,2136,2139,2119,2151
168.276,2655.4,2633,2645,2651,2678,2680,2688,2618,2620,2641,2682,2673,2693,2643,2650,2663,2666,2651,2612,2659,2622,2648,2648,2660,2658,2652,2664,2674,2677,2670,2643
168.577,2387.9,2311,2392,2409,2380,2399,2399,2381,2386,2360,2375,2362,2409,2423,2348,2382,2436,2399,2377,2401,2393,2360,2426,2367,2385,2379,2402,2422,2390,2387,2396
168.878,2375.4,2374,2362,2404,2332,2339,2381,2362,2366,2368,2354,2370,2330,2408,2399,2392,2448,2366,2382,2396,2380,2381,2377,2381,2375,2414,2379,2364,2371,2371,2335
169.179,2300.7,2320,2323,2331,2303,2296,2284,2312,2292,2344,2305,2289,2310,2317,2271,2290,2305,2286,2339,2268,2321,2278,2300,2309,2297,2330,2277,2276,2280,2272,2297
169.480,2385.1,2393,2367,2395,2371,2392,2385,2368,2347,2350,2382,2408,2362,2405,2399,2394,2425,2381,2375,2421,2388,2402,2349,2381,2368,2369,2425,2372,2395,2393,2392
169.780,2566.4,2589,2540,2517,2547,2547,2596,2575,2563,2565,2592,2566,2570,2605,2542,2586,2580,2606,2573,2539,2557,2575,2547,2575,2520,2580,2530,2572,2628,2565,2544
170.081,2557.0,2547,2539,2530,2578,2561,2551,2549,2555,2546,2542,2563,2540,2557,2550,2570,2520,2590,2584,2585,2590,2539,2574,2559,2543,2550,2560,2543,2560,2542,2594
170.382,2355.1,2412,2332,2371,2360,2341,2347,2372,2375,2354,2387,2356,2363,2366,2335,2365,2345,2366,2335,2350,2344,2353,2347,2359,2347,2371,2361,2348,2313,2357,2321
170.684,2506.7,2506,2521,2513,2502,2486,2526,2483,2490,2491,2544,2538,2501,2548,2523,2507,2511,2472,2534,2505,2503,2533,2456,2506,2504,2499,2491,2540,2497,2488,2482
170.985,2521.8,2571,2552,2535,2507,2552,2529,2505,2496,2533,2519,2515,2541,2512,2508,2564,2514,2517,2513,2516,2492,2491,2534,2507,2484,2519,2476,2533,2567,2517,2534
171.286,2457.5,2470,2474,2464,2437,2430,2472,2464,2448,2447,2448,2449,2443,2437,2430,2433,2468,2463,2472,2466,2464,2484,2447,2452,2460,2469,2477,2454,2495,2469,2440
171.587,2422.9,2479,2398,2434,2408,2435,2426,2414,2427,2406,2404,2389,2419,2450,2426,2441,2424,2427,2372,2453,2437,2398,2432,2418,2402,2439,2415,2436,2416,2438,2425
171.888,2478.1,2462,2488,2455,2478,2502,2483,2452,2494,2472,2491,2448,2475,2458,2459,2504,2508,2468,2509,2493,2452,2480,2485,2478,2483,2469,2480,2456,2502,2491,2467
172.189,2635.9,2613,2635,2623,2640,2667,2646,2605,2630,2619,2633,2654,2639,2625,2614,2641,2652,2667,2626,2667,2633,2647,2617,2636,2615,2614,2639,2662,2620,2656,2643
172.491,2911.0,2863,2960,2945,2887,2904,2957,2928,2932,2863,2927,2920,2914,2898,2910,2960,2920,2889,2883,2884,2883,2923,2924,2881,2926,2900,2900,2933,2919,2909,2888
172.792,2686.0,2683,2674,2711,2659,2722,2670,2697,2699,2674,2713,2719,2681,2676,2680,2701,2673,2698,2658,2622,2678,2701,2670,2715,2675,2706,2673,2723,2712,2632,2686
173.094,2688.9,2683,2694,2644,2766,2666,2705,2679,2670,2674,2707,2730,2693,2685,2667,2669,2703,2702,2694,2686,2698,2689,2697,2700,2646,2730,2677,2649,2683,2723,2657
173.395,2621.2,2648,2685,2601,2624,2602,2644,2625,2607,2635,2643,2605,2588,2616,2633,2621,2609,2617,2633,2568,2592,2597,2603,2602,2663,2603,2660,2648,2638,2621,2605
173.697,2558.9,2609,2559,2559,2572,2546,2574,2533,2572,2548,2537,2572,2536,2575,2556,2601,2546,2507,2555,2615,2530,2566,2558,2570,2514,2587,2555,2549,2563,2510,2593
173.998,2715.0,2692,2713,2741,2744,2666,2745,2725,2757,2699,2669,2730,2758,2669,2687,2753,2655,2688,2749,2733,2690,2698,2673,2751,2723,2768,2708,2698,2715,2692,2760
174.300,2221.8,2243,2268,2217,2178,2222,2224,2216,2217,2204,2233,2253,2201,2191,2265,2195,2223,2166,2210,2195,2218,2258,2212,2225,2205,2255,2219,2232,2206,2268,2234
174.601,2721.3,2732,2740,2704,2728,2717,2698,2742,2696,2718,2724,2691,2725,2728,2799,2739,2717,2722,2734,2695,2726,2714,2715,2737,2735,2681,2734,2706,2727,2722,2694
174.903,2347.6,2342,2301,2360,2343,2336,2348,2349,2325,2350,2436,2361,2378,2402,2370,2314,2344,2338,2344,2345,2341,2345,2377,2344,2320,2340,2344,2322,2321,2334,2355
175.205,2651.1,2630,2687,2677,2699,2696,2667,2708,2609,2649,2654,2619,2643,2653,2638,2677,2634,2618,2660,2604,2649,2641,2653,2670,2656,2620,2641,2623,2616,2684,2657
175.507,2428.5,2420,2415,2408,2431,2411,2454,2425,2419,2385,2462,2472,2449,2424,2405,2430,2427,2430,2488,2436,2418,2416,2438,2385,2434,2434,2466,2444,2392,2426,2412
175.808,2294.0,2294,2297,2293,2281,2307,2310,2297,2313,2320,2297,2297,2278,2311,2268,2284,2276,2305,2270,2296,2308,2303,2338,2271,2283,2257,2298,2299,2290,2272,2307
176.110,2485.2,2489,2515,2500,2481,2467,2480,2492,2525,2474,2464,2488,2535,2480,2489,2491,2527,2480,2476,2460,2473,2437,2464,2491,2486,2474,2487,2447,2493,2504,2488
176.412,2421.0,2420,2458,2402,2426,2402,2399,2449,2433,2438,2452,2401,2450,2450,2419,2477,2392,2395,2407,2441,2450,2417,2424,2389,2389,2412,2406,2418,2396,2408,2411
176.714,2487.3,2517,2444,2506,2463,2501,2490,2486,2469,2488,2504,2510,2491,2455,2527,2456,2486,2471,2457,2517,2504,2513,2489,2462,2518,2497,2454,2453,2493,2522,2476
177.016,2820.8,2789,2821,2824,2836,2802,2808,2852,2803,2782,2830,2822,2845,2811,2803,2824,2787,2817,2851,2809,2824,2820,2816,2856,2794,2821,2849,2838,2848,2816,2826
177.318,2505.6,2499,2483,2484,2516,2485,2507,2511,2474,2495,2494,2469,2518,2495,2509,2480,2516,2536,2504,2515,2498,2524,2512,2529,2539,2516,2492,2520,2517,2503,2529
177.620,2315.0,2293,2327,2291,2359,2313,2296,2307,2302,2301,2331,2312,2276,2331,2283,2303,2352,2329,2348,2292,2310,2300,2350,2345,2296,2328,2320,2301,2328,2284,2342
177.922,2425.4,2438,2414,2434,2412,2441,2426,2428,2437,2474,2397,2441,2390,2451,2404,2399,2397,2434,2447,2452,2422,2412,2431,2442,2439,2447,2442,2411,2405,2403,2392
178.224,2702.4,2714,2694,2705,2737,2721,2681,2669,2702,2698,2748,2745,2740,2679,2694,2719,2665,2670,2661,2688,2689,2663,2722,2770,2710,2696,2673,2683,2721,2716,2699
178.527,2500.0,2549,2478,2491,2500,2462,2461,2497,2537,2447,2534,2532,2514,2523,2552,2461,2506,2524,2470,2526,2513,2489,2522,2499,2479,2499,2529,2469,2485,2481,2472
178.829,2238.1,2276,2244,2178,2259,2211,2218,2224,2267,2222,2260,2223,2264,2248,2227,2237,2256,2272,2214,2254,2233,2237,2271,2226,2208,2224,2267,2250,2230,2214,2230
179.131,2926.8,2910,2938,2938,2889,2955,2911,2886,2923,2958,2931,2977,2968,2949,2898,2951,2894,2892,2910,2904,2920,2968,2948,2945,2964,2904,2916,2940,2948,2888,2881
179.434,2641.6,2633,2608,2616,2633,2682,2596,2607,2680,2623,2644,2710,2635,2679,2621,2643,2625,2634,2635,2664,2613,2659,2633,2686,2620,2612,2630,2648,2618,2658,2702
179.736,2633.8,2622,2589,2589,2643,2685,2642,2657,2613,2632,2629,2621,2618,2639,2647,2611,2638,2669,2651,2612,2619,2616,2632,2614,2607,2641,2653,2664,2667,2628,2666
180.038,2788.4,2776,2784,2820,2744,2811,2759,2806,2799,2789,2785,2806,2787,2776,2792,2785,2798,2794,2788,2778,2784,2806,2797,2803,2796,2803,2798,2756,2813,2762,2756
180.341,2518.1,2518,2514,2556,2543,2532,2505,2529,2541,2505,2509,2512,2528,2521,2559,2517,2563,2477,2500,2505,2500,2511,2509,2535,2496,2510,2510,2533,2491,2520,2494
180.643,2497.8,2479,2507,2482,2470,2521,2450,2463,2465,2486,2477,2520,2499,2500,2508,2503,2521,2543,2484,2542,2505,2560,2485,2519,2492,2492,2467,2526,2486,2506,2476
180.946,2435.3,2434,2465,2428,2434,2427,2463,2416,2462,2414,2420,2448,2429,2407,2384,2453,2442,2427,2453,2391,2412,2464,2427,2458,2454,2399,2470,2452,2441,2408,2477
181.249,2179.3,2209,2196,2185,2158,2173,2184,2181,2185,2156,2156,2209,2184,2228,2166,2162,2175,2168,2171,2165,2149,2188,2187,2175,2167,2181,2189,2165,2175,2205,2187
181.551,2900.7,2923,2922,2903,2910,2908,2865,2867,2918,2938,2866,2888,2926,2885,2907,2850,2924,2915,2864,2899,2902,2939,2914,2904,2981,2889,2902,2857,2887,2862,2906
181.854,2323.1,2337,2315,2290,2325,2331,2358,2361,2322,2328,2301,2322,2356,2340,2348,2324,2311,2340,2294,2272,2298,2307,2288,2352,2338,2324,2347,2333,2317,2318,2297
182.157,2551.1,2572,2578,2542,2563,2545,2541,2566,2566,2556,2549,2510,2549,2559,2502,2534,2563,2537,2537,2508,2573,2558,2530,2560,2563,2557,2559,2558,2584,2574,2540
182.459,3002.6,2981,3030,3035,3019,2952,3024,2983,2988,3036,2996,3026,2970,2997,3000,2993,3043,2948,3039,2955,3044,2965,3026,3025,3014,3023,2965,2996,3002,3025,2979
182.762,2523.8,2518,2516,2499,2556,2505,2508,2556,2580,2555,2524,2508,2543,2515,2528,2467,2543,2547,2511,2508,2537,2527,2525,2502,2535,2532,2499,2506,2532,2519,2514
183.065,2355.0,2392,2348,2306,2324,2374,2392,2382,2349,2344,2344,2355,2360,2335,2369,2346,2319,2363,2355,2341,2389,2351,2377,2324,2340,2335,2380,2373,2375,2334,2373
183.368,2626.7,2663,2641,2617,2587,2638,2572,2607,2586,2666,2625,2656,2632,2648,2615,2601,2611,2633,2639,2648,2638,2597,2630,2644,2623,2622,2649,2605,2598,2651,2658
183.671,2515.4,2501,2530,2542,2530,2509,2509,2529,2490,2502,2502,2508,2511,2517,2531,2495,2566,2504,2543,2485,2487,2554,2454,2524,2516,2516,2518,2528,2526,2500,2534
183.974,2574.3,2558,2568,2533,2586,2601,2539,2561,2564,2604,2576,2563,2572,2592,2578,2520,2591,2580,2565,2612,2574,2579,2554,2552,2588,2569,2561,2582,2613,2603,2591
184.277,2392.5,2345,2392,2410,2408,2408,2364,2341,2406,2394,2440,2372,2428,2420,2398,2380,2403,2414,2353,2381,2364,2431,2385,2389,2385,2393,2400,2340,2429,2421,2381
184.580,3179.0,3146,3141,3220,3212,3174,3188,3191,3174,3172,3165,3167,3196,3216,3178,3145,3124,3181,3145,3186,3192,3140,3186,3150,3189,3189,3249,3176,3176,3204,3198
184.883,2480.9,2494,2508,2467,2446,2499,2476,2512,2504,2472,2478,2482,2479,2429,2441,2486,2480,2484,2475,2462,2473,2467,2489,2496,2492,2488,2509,2471,2488,2509,2470
185.187,2602.7,2630,2571,2586,2622,2581,2558,2593,2679,2606,2612,2602,2625,2635,2613,2577,2611,2546,2612,2585,2588,2606,2600,2611,2629,2591,2616,2597,2589,2600,2611
185.490,2505.6,2474,2504,2523,2511,2488,2493,2520,2498,2504,2550,2489,2546,2527,2504,2486,2486,2566,2476,2501,2467,2505,2487,2511,2499,2529,2468,2532,2505,2530,2488
185.793,2780.9,2733,2795,2809,2758,2828,2758,2799,2783,2770,2776,2760,2768,2741,2770,2773,2822,2821,2742,2773,2791,2819,2801,2776,2779,2752,2810,2755,2808,2760,2797
186.096,2378.5,2382,2385,2406,2332,2346,2384,2381,2352,2392,2412,2344,2390,2415,2373,2429,2367,2384,2378,2349,2337,2383,2365,2364,2380,2391,2392,2373,2386,2395,2387
186.400,2665.7,2628,2674,2696,2627,2671,2643,2654,2686,2693,2659,2625,2656,2667,2686,2675,2601,2670,2678,2686,2690,2676,2686,2694,2616,2680,2664,2628,2659,2717,2687
186.703,2558.9,2571,2556,2601,2566,2489,2596,2583,2642,2614,2576,2553,2570,2574,2495,2509,2537,2556,2544,2574,2572,2573,2582,2537,2563,2526,2544,2560,2542,2572,2490
187.007,2128.8,2132,2120,2139,2112,2150,2110,2133,2132,2130,2161,2155,2136,2114,2108,2122,2101,2129,2108,2129,2121,2120,2144,2152,2125,2104,2169,2108,2132,2110,2158
187.310,2688.9,2671,2673,2682,2710,2678,2683,2699,2688,2675,2664,2680,2733,2690,2675,2657,2673,2685,2654,2733,2714,2664,2666,2674,2696,2712,2732,2690,2713,2683,2721
187.614,2468.5,2461,2480,2472,2480,2481,2466,2458,2478,2456,2464,2430,2520,2459,2457,2413,2481,2497,2460,2493,2448,2498,2442,2505,2460,2472,2495,2441,2457,2449,2481
187.917,2427.3,2443,2421,2407,2421,2430,2463,2443,2414,2442,2390,2438,2477,2415,2431,2412,2419,2372,2420,2385,2443,2452,2444,2421,2440,2426,2459,2428,2427,2412,2424
188.221,3024.9,3031,3009,3031,2984,3039,3069,3025,3015,3014,3045,3026,3059,3027,2983,3018,3021,3003,3035,2957,3044,3016,3023,3004,3041,3022,3021,3049,3034,3069,3033
188.525,2507.3,2503,2478,2548,2507,2511,2516,2556,2533,2518,2465,2508,2492,2522,2508,2475,2544,2450,2517,2506,2493,2486,2517,2488,2497,2541,2500,2498,2531,2490,2521
188.828,2388.2,2418,2352,2390,2387,2373,2394,2380,2403,2409,2361,2380,2379,2398,2356,2434,2400,2365,2382,2366,2419,2385,2400,2400,2412,2417,2353,2367,2393,2374,2399
189.132,2697.1,2703,2672,2709,2725,2644,2711,2742,2654,2685,2722,2686,2708,2732,2717,2750,2723,2669,2710,2658,2664,2705,2699,2740,2691,2686,2674,2689,2658,2693,2693
189.436,2657.2,2672,2664,2617,2643,2667,2597,2645,2659,2681,2622,2680,2646,2656,2639,2676,2679,2645,2690,2639,2628,2659,2697,2645,2677,2673,2698,2643,2661,2686,2633
189.740,2588.0,2606,2515,2632,2557,2587,2603,2608,2562,2573,2579,2566,2605,2578,2569,2620,2572,2614,2572,2590,2629,2570,2621,2630,2570,2550,2609,2589,2550,2584,2630
190.044,2645.5,2649,2662,2642,2643,2683,2659,2639,2654,2682,2669,2621,2680,2674,2600,2649,2607,2630,2601,2618,2624,2632,2694,2655,2637,2671,2641,2654,2637,2632,2625
190.348,2851.0,2834,2822,2900,2863,2863,2844,2854,2812,2844,2821,2837,2833,2898,2838,2862,2853,2848,2865,2856,2860,2877,2841,2855,2874,2814,2815,2862,2847,2853,2884
190.651,2453.7,2491,2443,2486,2426,2438,2488,2438,2473,2408,2499,2473,2469,2476,2461,2459,2464,2442,2438,2442,2457,2420,2451,2417,2454,2485,2431,2433,2431,2447,2472
190.956,2878.3,2870,2916,2895,2897,2861,2931,2874,2866,2839,2882,2901,2907,2863,2876,2861,2903,2880,2879,2863,2900,2907,2831,2865,2835,2880,2876,2889,2868,2890,2844
191.260,2252.9,2224,2234,2272,2269,2273,2251,2258,2267,2251,2257,2264,2235,2258,2237,2250,2290,2248,2272,2250,2232,2233,2276,2256,2228,2208,2226,2266,2278,2239,2284
191.564,2941.7,2925,2872,2906,2937,2927,2957,2937,2958,2962,2917,2920,2939,2974,2934,2974,2977,2927,2914,2949,2951,2942,2971,2998,2955,2927,2962,2945,2913,2924,2957
191.868,2663.7,2653,2668,2693,2702,2668,2629,2670,2698,2666,2634,2615,2649,2662,2667,2634,2635,2668,2671,2673,2706,2653,2676,2662,2723,2682,2672,2630,2653,2652,2648
192.172,2766.0,2793,2753,2793,2768,2735,2726,2756,2800,2799,2693,2775,2768,2771,2685,2790,2794,2772,2758,2758,2798,2790,2738,2751,2786,2769,2749,2738,2819,2760,2794
192.476,2370.9,2352,2412,2344,2355,2390,2377,2395,2349,2357,2381,2370,2381,2401,2361,2346,2399,2363,2363,2366,2347,2366,2384,2351,2398,2343,2369,2385,2386,2356,2380
192.781,2440.6,2460,2418,2480,2446,2425,2469,2472,2453,2440,2452,2442,2470,2415,2433,2431,2462,2431,2417,2434,2401,2467,2451,2437,2456,2454,2475,2431,2402,2395,2398
193.085,2445.4,2465,2432,2444,2474,2451,2438,2445,2418,2441,2400,2426,2505,2430,2488,2444,2452,2471,2452,2426,2444,2448,2427,2486,2431,2430,2430,2430,2455,2430,2449
193.389,2475.4,2481,2464,2465,2477,2464,2453,2486,2488,2446,2498,2495,2501,2441,2478,2486,2517,2461,2469,2474,2467,2459,2458,2507,2460,2458,2503,2422,2517,2461,2506
193.694,2717.8,2740,2758,2710,2773,2744,2670,2681,2725,2724,2718,2765,2694,2646,2707,2712,2737,2719,2719,2712,2683,2737,2734,2704,2745,2684,2717,2714,2726,2738,2698
193.998,2250.3,2256,2258,2282,2271,2244,2247,2245,2248,2252,2277,2278,2243,2249,2252,2240,2249,2287,2256,2288,2206,2248,2225,2265,2242,2254,2202,2295,2212,2225,2214
194.303,2491.5,2491,2501,2467,2507,2500,2462,2481,2488,2480,2526,2480,2541,2509,2511,2499,2501,2475,2514,2512,2508,2511,2471,2476,2485,2438,2484,2516,2473,2446,2492
194.607,2620.7,2575,2654,2653,2602,2620,2641,2667,2643,2606,2632,2604,2606,2608,2615,2595,2624,2625,2616,2615,2608,2625,2651,2626,2635,2625,2600,2606,2585,2651,2607
194.912,2893.8,2899,2889,2909,2888,2884,2904,2899,2893,2873,2848,2931,2969,2887,2888,2879,2874,2902,2907,2883,2940,2869,2883,2830,2892,2895,2881,2890,2908,2938,2883
195.216,2515.9,2481,2498,2517,2506,2521,2535,2552,2499,2481,2507,2526,2492,2546,2529,2505,2501,2518,2511,2474,2524,2559,2503,2484,2510,2556,2516,2530,2504,2529,2562
195.521,2634.8,2638,2685,2692,2622,2589,2625,2635,2633,2629,2688,2633,2651,2621,2674,2643,2624,2639,2612,2610,2614,2581,2638,2614,2593,2658,2626,2634,2692,2640,2610
195.826,2480.1,2498,2484,2472,2506,2529,2482,2475,2483,2492,2493,2479,2462,2472,2513,2454,2443,2450,2510,2465,2497,2475,2528,2473,2500,2456,2425,2474,2478,2451,2484
196.131,2434.5,2441,2413,2428,2440,2400,2433,2402,2452,2436,2433,2459,2431,2419,2442,2465,2460,2463,2440,2435,2435,2388,2436,2453,2419,2427,2440,2440,2433,2418,2454
196.435,2805.2,2799,2874,2813,2747,2832,2841,2825,2808,2782,2799,2750,2795,2790,2828,2775,2791,2831,2789,2849,2806,2850,2803,2791,2822,2787,2806,2771,2744,2840,2817
196.740,2345.9,2348,2377,2326,2336,2375,2353,2363,2363,2354,2342,2335,2331,2339,2362,2342,2356,2373,2328,2313,2322,2341,2337,2335,2371,2338,2313,2342,2339,2358,2364
197.045,2829.5,2844,2831,2802,2854,2829,2846,2781,2840,2800,2825,2891,2820,2795,2872,2824,2804,2850,2838,2911,2811,2784,2802,2819,2791,2868,2826,2799,2824,2842,2863
197.350,2329.2,2341,2313,2331,2350,2349,2309,2335,2386,2310,2351,2349,2368,2329,2265,2351,2366,2280,2282,2332,2336,2310,2318,2314,2345,2344,2354,2319,2335,2312,2292
197.655,2560.6,2537,2535,2562,2580,2557,2564,2558,2562,2596,2548,2535,2606,2542,2577,2582,2522,2589,2515,2555,2551,2531,2532,2557,2562,2580,2559,2585,2561,2573,2604
197.960,2555.5,2543,2556,2550,2568,2557,2559,2600,2568,2558,2590,2542,2523,2532,2560,2574,2554,2512,2581,2572,2619,2575,2562,2521,2518,2546,2523,2572,2532,2578,2520
198.265,2730.1,2767,2696,2728,2741,2737,2719,2708,2713,2750,2735,2757,2718,2734,2697,2728,2752,2699,2714,2743,2721,2751,2725,2719,2725,2717,2715,2765,2756,2740,2732
198.570,2518.4,2538,2539,2492,2517,2490,2489,2543,2549,2536,2446,2570,2527,2531,2531,2513,2442,2496,2524,2532,2484,2571,2528,2544,2501,2500,2509,2532,2505,2542,2532
198.876,2366.4,2348,2344,2358,2388,2393,2364,2379,2398,2382,2362,2351,2352,2393,2327,2383,2369,2312,2379,2362,2374,2332,2341,2364,2363,2349,2365,2374,2388,2388,2411
199.181,2242.3,2184,2241,2238,2216,2258,2268,2240,2254,2252,2243,2263,2214,2259,2238,2264,2250,2194,2223,2248,2230,2234,2253,2265,2255,2259,2232,2293,2186,2219,2296
199.486,2529.7,2523,2563,2556,2526,2500,2467,2538,2593,2552,2518,2519,2529,2542,2564,2534,2493,2530,2513,2492,2524,2542,2524,2523,2554,2518,2536,2506,2563,2530,2520
199.791,3003.3,2991,3065,2950,3046,3022,2996,3061,3001,3003,2962,2974,3007,3039,2969,2994,3021,2963,2930,3003,3023,2998,3034,3019,3000,3037,2996,2982,2981,3011,3020
200.097,2491.8,2488,2476,2443,2522,2537,2516,2491,2472,2484,2535,2503,2475,2496,2489,2483,2490,2519,2492,2499,2466,2516,2500,2506,2488,2472,2437,2513,2486,2468,2491
200.402,2827.5,2841,2819,2850,2809,2846,2828,2814,2772,2818,2838,2869,2820,2887,2792,2845,2802,2814,2808,2808,2835,2871,2821,2833,2830,2834,2840,2830,2811,2811,2828
200.707,2804.7,2783,2808,2811,2813,2833,2808,2801,2751,2832,2813,2816,2800,2805,2828,2760,2790,2813,2765,2843,2802,2838,2802,2771,2814,2810,2789,2789,2844,2794,2814
201.013,2664.3,2704,2695,2686,2668,2689,2660,2637,2651,2663,2686,2662,2650,2642,2673,2662,2685,2655,2665,2682,2633,2670,2670,2627,2665,2683,2673,2652,2656,2633,2652
201.318,2665.4,2641,2648,2704,2676,2666,2666,2703,2660,2669,2647,2683,2653,2676,2634,2692,2697,2662,2614,2674,2672,2651,2676,2643,2674,2649,2660,2632,2669,2726,2645
201.624,2788.1,2785,2816,2769,2817,2762,2793,2830,2777,2795,2733,2793,2802,2758,2818,2772,2798,2800,2797,2792,2748,2808,2822,2784,2779,2777,2788,2840,2739,2768,2783
201.930,2513.2,2510,2554,2514,2489,2520,2575,2520,2523,2527,2499,2505,2530,2504,2542,2489,2488,2505,2511,2522,2523,2489,2538,2480,2492,2512,2523,2540,2499,2473,2501
202.235,2758.1,2778,2809,2754,2780,2755,2781,2751,2725,2744,2723,2801,2757,2784,2761,2783,2721,2756,2739,2740,2721,2772,2724,2752,2740,2736,2749,2840,2756,2772,2740
202.541,2643.5,2659,2608,2631,2662,2673,2668,2670,2670,2631,2634,2643,2622,2638,2680,2641,2636,2635,2619,2647,2654,2634,2647,2622,2629,2606,2676,2635,2605,2663,2667
202.847,2267.2,2259,2234,2253,2296,2264,2282,2264,2269,2270,2253,2278,2268,2250,2238,2259,2239,2243,2271,2298,2294,2277,2310,2284,2270,2253,2218,2310,2234,2312,2265
203.152,2545.7,2522,2566,2562,2565,2501,2584,2575,2529,2581,2538,2536,2580,2526,2561,2563,2548,2498,2550,2595,2520,2529,2571,2491,2545,2566,2532,2538,2508,2571,2520
203.458,2831.6,2850,2848,2861,2819,2763,2837,2847,2829,2889,2861,2812,2850,2843,2842,2795,2814,2841,2822,2803,2844,2840,2801,2840,2817,2798,2833,2852,2804,2828,2864
203.764,2739.1,2748,2761,2740,2744,2750,2720,2701,2697,2758,2758,2767,2727,2724,2721,2734,2775,2805,2694,2747,2756,2797,2731,2734,2739,2735,2737,2710,2717,2728,2717
204.070,2745.0,2749,2712,2760,2771,2720,2772,2733,2734,2797,2705,2739,2701,2685,2735,2763,2717,2811,2811,2733,2744,2775,2772,2717,2735,2747,2726,2770,2709,2717,2790
204.376,2478.6,2474,2511,2523,2502,2528,2417,2493,2495,2515,2482,2424,2482,2461,2441,2518,2447,2457,2483,2450,2528,2458,2465,2491,2460,2509,2468,2454,2460,2474,2489
204.682,2231.3,2161,2249,2259,2224,2225,2239,2238,2214,2202,2237,2255,2208,2246,2216,2218,2224,2218,2244,2236,2259,2244,2237,2209,2242,2250,2250,2243,2206,2249,2236
204.988,2894.0,2907,2909,2892,2918,2879,2917,2891,2889,2857,2888,2843,2897,2911,2900,2850,2923,2932,2881,2925,2910,2861,2850,2927,2912,2876,2869,2916,2897,2885,2909
205.294,2486.3,2512,2508,2501,2555,2451,2466,2448,2445,2519,2497,2445,2506,2485,2524,2522,2499,2442,2466,2528,2452,2458,2480,2467,2488,2481,2478,2482,2489,2497,2499
205.600,2688.4,2699,2692,2684,2702,2693,2714,2675,2681,2643,2738,2688,2670,2661,2674,2677,2703,2701,2697,2690,2685,2726,2682,2682,2666,2656,2735,2686,2702,2657,2693
205.906,2801.2,2789,2785,2802,2798,2839,2824,2769,2816,2855,2791,2751,2789,2795,2817,2770,2771,2802,2814,2797,2828,2814,2819,2794,2830,2789,2792,2842,2787,2812,2756
206.212,2408.0,2410,2400,2430,2368,2470,2381,2392,2425,2390,2421,2376,2405,2415,2412,2414,2400,2444,2428,2417,2386,2397,2459,2408,2397,2380,2388,2445,2362,2385,2434
206.519,2526.7,2572,2563,2568,2502,2539,2518,2556,2553,2500,2552,2479,2539,2515,2536,2483,2550,2541,2547,2553,2498,2567,2496,2513,2501,2508,2506,2498,2515,2522,2512
206.825,2292.1,2316,2267,2279,2265,2270,2334,2292,2319,2301,2294,2257,2301,2312,2312,2281,2301,2319,2294,2300,2265,2284,2296,2261,2340,2287,2254,2320,2272,2286,2283
207.131,2626.8,2633,2600,2639,2655,2618,2651,2626,2596,2619,2597,2592,2661,2631,2660,2639,2617,2607,2622,2606,2616,2594,2638,2613,2612,2671,2648,2633,2630,2649,2632
207.438,2827.4,2829,2865,2859,2825,2811,2799,2842,2862,2842,2797,2874,2883,2816,2849,2832,2840,2815,2780,2835,2797,2869,2785,2805,2798,2832,2805,2820,2805,2834,2816
207.744,2589.3,2578,2646,2578,2589,2554,2590,2606,2567,2588,2609,2579,2616,2597,2568,2599,2595,2602,2570,2588,2527,2604,2600,2605,2569,2604,2613,2571,2556,2605,2606
208.051,2228.2,2188,2256,2250,2209,2223,2224,2245,2172,2219,2241,2226,2239,2221,2231,2271,2287,2227,2240,2213,2198,2212,2233,2227,2213,2253,2205,2226,2253,2212,2232
208.357,2400.0,2446,2429,2387,2433,2418,2371,2361,2386,2417,2384,2420,2408,2411,2395,2410,2413,2401,2402,2406,2397,2379,2388,2420,2382,2377,2404,2395,2386,2380,2395
208.664,2690.1,2664,2655,2693,2719,2719,2669,2737,2683,2698,2636,2700,2660,2663,2671,2698,2678,2706,2671,2668,2712,2714,2711,2712,2699,2705,2687,2685,2640,2701,2750
208.970,2418.4,2396,2408,2413,2437,2419,2401,2454,2434,2400,2430,2418,2429,2411,2398,2381,2421,2440,2415,2393,2414,2399,2419,2403,2415,2412,2478,2430,2429,2443,2411
209.277,2578.9,2602,2581,2575,2622,2566,2579,2602,2560,2576,2600,2550,2556,2578,2587,2613,2558,2569,2566,2606,2637,2564,2579,2606,2514,2546,2559,2596,2591,2554,2574
209.584,2812.6,2866,2786,2762,2816,2811,2802,2781,2861,2851,2781,2776,2829,2808,2780,2800,2792,2799,2824,2818,2812,2809,2843,2835,2793,2859,2815,2822,2814,2814,2819
209.890,2736.3,2707,2754,2739,2733,2717,2758,2715,2765,2769,2753,2728,2751,2731,2722,2733,2770,2735,2743,2768,2754,2693,2742,2721,2693,2728,2733,2773,2715,2726,2721
210.197,2508.0,2502,2500,2523,2524,2472,2533,2536,2511,2529,2509,2500,2520,2507,2521,2506,2475,2515,2524,2499,2503,2502,2509,2442,2494,2498,2502,2501,2528,2536,2518
210.504,2400.0,2401,2389,2400,2400,2398,2401,2448,2393,2400,2384,2392,2371,2360,2384,2446,2422,2403,2387,2359,2430,2364,2393,2373,2419,2397,2386,2464,2396,2429,2410
210.811,2641.1,2644,2602,2638,2646,2649,2698,2643,2693,2657,2650,2617,2637,2687,2668,2661,2622,2630,2615,2625,2594,2616,2635,2588,2642,2648,2658,2645,2654,2644,2627
211.118,2797.6,2798,2813,2781,2829,2788,2825,2765,2747,2836,2758,2796,2811,2827,2848,2775,2751,2812,2831,2822,2790,2788,2804,2815,2785,2801,2806,2782,2783,2774,2786
211.425,2564.7,2595,2570,2538,2537,2540,2604,2568,2577,2563,2556,2563,2562,2565,2557,2572,2555,2574,2560,2548,2553,2553,2596,2561,2582,2604,2548,2561,2537,2567,2575
211.732,2375.0,2390,2392,2366,2389,2385,2377,2340,2328,2361,2416,2365,2338,2386,2335,2317,2376,2370,2374,2445,2351,2360,2389,2382,2436,2358,2403,2375,2369,2362,2415
212.039,2682.9,2690,2683,2718,2687,2664,2684,2700,2648,2668,2691,2675,2692,2675,2708,2697,2626,2687,2692,2708,2725,2635,2664,2680,2706,2721,2644,2667,2671,2678,2703
212.346,2637.3,2639,2618,2625,2636,2618,2615,2621,2668,2648,2632,2618,2607,2628,2668,2620,2691,2651,2611,2616,2670,2657,2646,2649,2622,2633,2642,2670,2613,2621,2665
212.653,2613.3,2617,2649,2603,2623,2558,2606,2591,2619,2621,2618,2604,2654,2594,2598,2631,2652,2637,2564,2545,2660,2603,2597,2597,2635,2601,2623,2620,2625,2612,2642
212.960,2550.3,2536,2571,2548,2601,2548,2560,2540,2562,2548,2552,2566,2546,2542,2526,2563,2521,2504,2543,2578,2541,2508,2551,2565,2558,2569,2552,2571,2536,2547,2557
213.267,2687.9,2664,2708,2681,2653,2650,2729,2732,2698,2702,2735,2649,2702,2679,2685,2703,2680,2673,2695,2675,2653,2670,2714,2699,2643,2732,2651,2690,2717,2686,2688
213.574,2616.3,2632,2650,2645,2607,2622,2652,2601,2644,2589,2610,2615,2639,2634,2626,2604,2630,2628,2627,2586,2600,2596,2580,2641,2636,2623,2578,2571,2604,2618,2602
213.882,2536.0,2510,2505,2554,2589,2497,2569,2535,2548,2536,2513,2513,2508,2561,2489,2559,2547,2526,2558,2546,2565,2533,2548,2554,2510,2521,2560,2522,2518,2555,2530
214.189,2409.4,2418,2416,2411,2406,2388,2422,2419,2393,2393,2385,2410,2456,2413,2414,2441,2343,2445,2395,2392,2395,2427,2456,2436,2416,2429,2440,2331,2399,2377,2415
214.496,2469.2,2482,2444,2463,2436,2490,2470,2459,2484,2494,2492,2511,2442,2493,2463,2440,2434,2468,2465,2450,2470,2463,2453,2474,2496,2492,2473,2456,2475,2488,2457
214.804,2294.4,2282,2275,2304,2304,2304,2305,2295,2298,2308,2291,2298,2292,2328,2321,2262,2326,2299,2282,2278,2256,2290,2265,2298,2294,2309,2276,2274,2321,2296,2301
215.111,2644.0,2627,2622,2666,2639,2650,2648,2619,2660,2633,2609,2611,2643,2634,2710,2675,2624,2662,2592,2655,2666,2657,2621,2661,2648,2666,2662,2637,2648,2641,2634
215.419,2540.1,2538,2504,2536,2563,2511,2555,2568,2552,2514,2515,2544,2568,2522,2531,2532,2542,2532,2557,2526,2537,2574,2555,2493,2568,2534,2570,2552,2530,2520,2561
215.726,2710.6,2736,2698,2689,2732,2721,2712,2720,2727,2702,2702,2710,2692,2681,2696,2733,2717,2705,2747,2710,2694,2673,2711,2690,2666,2722,2744,2745,2706,2696,2742
216.034,2405.0,2363,2403,2413,2406,2417,2401,2400,2407,2408,2386,2394,2444,2429,2410,2432,2383,2402,2442,2371,2403,2389,2432,2414,2385,2424,2423,2385,2402,2384,2399
216.342,2731.7,2730,2736,2778,2739,2746,2753,2698,2736,2748,2742,2712,2719,2701,2714,2755,2774,2712,2705,2698,2752,2778,2746,2755,2712,2727,2712,2730,2702,2712,2730
216.649,2889.9,2878,2869,2877,2900,2878,2863,2890,2865,2888,2896,2935,2870,2936,2899,2899,2897,2900,2904,2911,2885,2888,2929,2876,2854,2875,2892,2887,2898,2871,2886
216.957,2554.7,2545,2554,2588,2579,2571,2537,2524,2521,2577,2583,2539,2548,2585,2557,2545,2579,2538,2534,2561,2562,2517,2572,2544,2557,2565,2525,2539,2552,2575,2568
217.265,2491.9,2513,2456,2500,2488,2504,2485,2427,2489,2502,2489,2524,2509,2496,2483,2475,2502,2466,2494,2518,2498,2479,2511,2525,2523,2486,2468,2476,2481,2496,2494
217.572,2655.6,2639,2666,2735,2675,2632,2654,2615,2648,2649,2604,2670,2640,2663,2667,2661,2653,2659,2665,2669,2672,2599,2652,2669,2625,2680,2640,2677,2669,2683,2637
217.880,2849.9,2814,2814,2874,2870,2837,2892,2861,2827,2829,2840,2834,2862,2877,2842,2876,2869,2872,2824,2854,2827,2824,2864,2824,2901,2835,2831,2865,2845,2869,2843
218.188,2693.5,2702,2710,2706,2681,2681,2704,2660,2697,2674,2711,2706,2676,2713,2669,2710,2714,2666,2718,2660,2674,2669,2736,2725,2703,2702,2653,2674,2699,2737,2675
218.496,2549.8,2526,2532,2532,2562,2553,2582,2540,2538,2523,2568,2546,2568,2543,2567,2538,2560,2584,2523,2527,2572,2558,2539,2513,2552,2522,2590,2558,2559,2553,2566
218.804,2721.6,2690,2762,2709,2686,2776,2731,2679,2685,2708,2728,2709,2711,2691,2735,2772,2708,2729,2760,2733,2757,2718,2751,2723,2694,2708,2671,2729,2723,2700,2771
219.112,2644.5,2644,2641,2673,2665,2657,2659,2668,2609,2653,2640,2613,2633,2639,2601,2642,2614,2635,2668,2633,2641,2668,2644,2662,2669,2640,2680,2617,2634,2638,2655
219.420,2741.8,2762,2715,2774,2735,2750,2744,2753,2730,2737,2698,2771,2735,2776,2769,2725,2732,2739,2750,2761,2785,2713,2702,2769,2754,2739,2718,2760,2733,2706,2720
219.728,2467.9,2444,2465,2443,2465,2446,2444,2455,2468,2414,2454,2478,2436,2500,2496,2505,2479,2499,2493,2459,2480,2493,2484,2456,2482,2458,2443,2468,2504,2509,2418
220.036,2626.9,2605,2614,2634,2608,2656,2609,2667,2678,2621,2642,2682,2601,2634,2643,2615,2626,2622,2662,2623,2651,2615,2611,2592,2611,2601,2603,2594,2613,2648,2627
220.345,2718.5,2770,2732,2722,2663,2725,2751,2707,2716,2731,2734,2767,2695,2729,2729,2739,2712,2755,2711,2714,2690,2714,2728,2726,2737,2683,2660,2708,2722,2712,2673
220.653,2769.9,2746,2771,2794,2784,2751,2772,2739,2740,2755,2747,2722,2767,2792,2748,2744,2815,2728,2764,2834,2803,2748,2759,2805,2784,2760,2821,2767,2788,2754,2795
220.961,2520.2,2505,2580,2523,2541,2520,2513,2497,2499,2533,2499,2497,2494,2513,2522,2546,2507,2522,2564,2519,2533,2569,2548,2523,2473,2514,2516,2465,2547,2510,2515
221.269,3167.4,3166,3132,3174,3134,3143,3168,3220,3176,3192,3177,3177,3187,3174,3156,3182,3151,3120,3170,3174,3157,3128,3164,3193,3198,3167,3204,3184,3157,3149,3147
221.578,2650.5,2636,2652,2668,2665,2685,2618,2636,2616,2614,2670,2634,2690,2671,2627,2626,2644,2646,2663,2645,2669,2657,2682,2673,2631,2643,2660,2696,2640,2629,2628
221.886,2492.5,2520,2511,2494,2491,2509,2480,2487,2480,2527,2452,2464,2488,2481,2487,2483,2483,2472,2526,2506,2508,2520,2452,2554,2499,2482,2499,2480,2452,2486,2501
222.195,2791.0,2785,2772,2766,2779,2754,2801,2750,2785,2837,2768,2763,2772,2811,2790,2808,2842,2802,2778,2725,2782,2812,2782,2846,2810,2818,2816,2770,2786,2789,2831
222.503,3002.6,3001,2982,3017,3032,3002,3063,2961,3038,3017,2989,3018,3001,3018,2990,3005,2952,3016,2990,3033,2989,2957,2996,3012,3012,3009,3017,2976,2996,3023,2966
222.812,2485.3,2461,2495,2508,2495,2497,2467,2498,2421,2467,2492,2502,2501,2535,2497,2494,2459,2531,2470,2500,2507,2482,2478,2451,2489,2456,2512,2497,2510,2434,2454
223.120,2683.4,2713,2648,2700,2703,2651,2672,2657,2653,2721,2667,2680,2694,2679,2659,2676,2676,2696,2674,2674,2708,2684,2683,2674,2655,2708,2712,2690,2681,2709,2704
223.429,3325.1,3355,3277,3313,3342,3352,3338,3347,3373,3291,3322,3309,3362,3360,3269,3274,3346,3326,3311,3318,3328,3367,3357,3275,3335,3322,3346,3333,3300,3304,3300
223.738,2479.4,2472,2449,2498,2476,2431,2491,2440,2470,2490,2462,2526,2447,2488,2454,2501,2469,2502,2510,2496,2490,2493,2482,2488,2470,2457,2466,2516,2472,2491,2486
224.046,2514.2,2545,2525,2521,2550,2580,2521,2515,2479,2493,2524,2538,2520,2494,2494,2485,2499,2504,2527,2501,2505,2531,2475,2469,2484,2523,2536,2512,2522,2533,2522
224.355,2525.8,2489,2501,2529,2526,2561,2512,2526,2509,2549,2556,2511,2526,2505,2533,2549,2504,2533,2551,2521,2536,2526,2505,2488,2533,2506,2529,2515,2535,2531,2580
224.664,2691.5,2687,2687,2679,2687,2670,2722,2707,2697,2685,2724,2682,2680,2714,2689,2692,2694,2729,2745,2696,2644,2675,2713,2693,2717,2646,2640,2671,2714,2665,2702
224.973,2263.2,2246,2282,2283,2260,2243,2281,2266,2253,2302,2240,2268,2297,2208,2257,2262,2259,2278,2248,2302,2238,2268,2219,2268,2267,2266,2307,2249,2261,2275,2243
225.281,2952.6,2938,2949,2991,2960,2965,2901,2911,2945,2975,2950,2949,2997,2952,2979,2983,2927,2922,2973,2983,2957,2951,2980,2922,2971,2941,2897,2925,3010,2904,2969
225.590,2554.7,2570,2569,2536,2520,2533,2532,2546,2539,2584,2543,2596,2530,2536,2575,2550,2536,2534,2619,2549,2556,2566,2512,2534,2614,2547,2580,2567,2545,2572,2552
225.899,2812.7,2828,2788,2802,2818,2782,2806,2802,2826,2832,2794,2818,2797,2791,2806,2805,2816,2835,2799,2815,2793,2831,2858,2824,2833,2781,2826,2836,2813,2828,2797
226.208,2969.1,2985,2961,2995,2960,2954,2952,2997,2986,2908,2937,2984,2972,2974,2978,2971,3001,2946,2972,2990,3009,2948,2952,2972,2943,2932,2962,2964,3004,3006,2958
226.517,2695.4,2760,2674,2659,2688,2719,2700,2691,2746,2675,2693,2710,2697,2674,2692,2672,2698,2674,2714,2673,2673,2691,2700,2733,2724,2734,2689,2658,2686,2671,2694
226.826,2751.6,2776,2767,2791,2733,2722,2804,2745,2766,2786,2768,2773,2771,2726,2756,2769,2763,2740,2757,2734,2686,2745,2727,2760,2734,2700,2751,2749,2730,2762,2756
227.136,2504.9,2529,2515,2522,2532,2500,2505,2541,2489,2530,2478,2511,2500,2527,2522,2502,2481,2495,2485,2509,2475,2512,2515,2502,2510,2475,2497,2477,2498,2489,2525
227.445,2559.5,2562,2576,2571,2525,2545,2552,2576,2542,2540,2526,2550,2530,2590,2526,2563,2552,2560,2590,2565,2540,2621,2583,2551,2538,2576,2581,2542,2598,2542,2571
227.754,2850.1,2869,2840,2829,2827,2842,2814,2857,2817,2854,2908,2808,2869,2854,2885,2801,2856,2821,2873,2843,2865,2874,2836,2827,2854,2870,2900,2840,2848,2822,2901
228.063,2469.7,2459,2509,2481,2428,2502,2427,2477,2511,2453,2431,2465,2469,2466,2479,2418,2488,2472,2484,2482,2487,2471,2485,2433,2443,2486,2490,2434,2480,2498,2484
228.373,3183.8,3171,3208,3221,3212,3181,3252,3180,3191,3180,3185,3192,3174,3188,3170,3163,3141,3191,3217,3145,3121,3200,3173,3124,3251,3202,3169,3167,3165,3211,3169
228.682,2878.3,2869,2878,2876,2836,2893,2880,2862,2875,2897,2872,2895,2868,2867,2935,2897,2892,2838,2896,2872,2876,2880,2898,2861,2876,2904,2874,2837,2850,2872,2924
228.991,2339.1,2344,2353,2391,2289,2369,2329,2320,2360,2342,2310,2322,2360,2344,2356,2328,2344,2344,2345,2317,2313,2360,2362,2356,2320,2347,2300,2320,2372,2322,2335
229.301,2701.6,2710,2711,2756,2697,2713,2690,2628,2728,2703,2711,2698,2713,2674,2724,2692,2697,2713,2689,2696,2753,2677,2718,2692,2656,2672,2661,2729,2672,2745,2730
229.610,2643.0,2655,2651,2594,2667,2659,2641,2653,2658,2629,2658,2659,2654,2688,2619,2599,2594,2694,2617,2610,2668,2644,2614,2633,2676,2609,2665,2617,2657,2682,2625
229.920,2387.8,2424,2390,2416,2413,2387,2381,2378,2418,2377,2381,2363,2371,2439,2417,2394,2443,2352,2374,2366,2398,2379,2356,2355,2405,2363,2385,2344,2376,2380,2409
230.229,2617.1,2576,2600,2604,2610,2577,2581,2627,2618,2621,2628,2572,2617,2628,2616,2616,3162,2603,2575,2602,2592,2605,2581,2576,2545,2613,2546,2562,2610,2611,2639
230.539,2684.0,2690,2676,2646,2659,2673,2676,2646,2706,2660,2688,2676,2666,2629,2689,2656,3130,2737,2657,2667,2698,2633,2684,2686,2658,2612,2682,2671,2663,2639,2668
230.848,2819.3,2817,2848,2814,2844,2860,2816,2803,2821,2815,2837,2809,2798,2824,2781,2802,2786,2829,2819,2792,2789,2816,2833,2815,2831,2809,2835,2786,2854,2838,2859
231.158,2768.1,2771,2777,2741,2785,2770,2800,2758,2775,2749,2772,2732,2787,2783,2756,2787,2716,2771,2795,2756,2749,2798,2770,2770,2793,2752,2752,2747,2787,2764,2779
231.468,2745.9,2796,2749,2753,2727,2765,2745,2707,2751,2711,2748,2769,2747,2739,2754,2718,2721,2736,2744,2716,2749,2797,2738,2751,2753,2756,2776,2736,2734,2736,2755
231.778,2905.4,2915,2929,2914,2894,2927,2912,2938,2885,2885,2875,2953,2870,2901,2904,2876,2901,2939,2903,2911,2911,2899,2898,2917,2915,2887,2923,2934,2878,2856,2912
232.087,2754.9,2779,2785,2754,2732,2776,2793,2715,2741,2794,2779,2775,2720,2777,2743,2696,2720,2716,2731,2760,2777,2751,2808,2731,2747,2752,2773,2744,2749,2734,2795
232.397,2658.7,2655,2635,2700,2633,2664,2640,2703,2665,2605,2649,2684,2683,2670,2645,2669,2600,2617,2700,2624,2655,2659,2669,2673,2685,2659,2723,2630,2632,2662,2672
232.707,2252.9,2286,2245,2233,2271,2291,2244,2222,2240,2236,2266,2259,2232,2251,2298,2266,2250,2266,2248,2229,2259,2251,2227,2295,2266,2252,2209,2254,2246,2256,2239
233.017,2405.1,2438,2374,2406,2391,2407,2432,2418,2401,2382,2342,2441,2392,2385,2388,2399,2428,2409,2429,2440,2366,2402,2430,2389,2419,2413,2424,2419,2398,2377,2415
233.327,2589.0,2579,2585,2590,2591,2613,2624,2629,2631,2553,2594,2574,2600,2589,2585,2578,2592,2585,2556,2541,2607,2578,2619,2612,2611,2571,2575,2554,2610,2561,2582
233.637,2415.4,2425,2349,2436,2438,2443,2398,2389,2419,2386,2433,2403,2408,2459,2434,2434,2421,2450,2414,2460,2367,2430,2386,2428,2406,2442,2403,2411,2390,2402,2398
233.947,2733.5,2727,2735,2726,2709,2750,2765,2752,2732,2730,2732,2733,2744,2754,2715,2738,2753,2731,2777,2707,2728,2727,2777,2692,2761,2765,2685,2738,2705,2719,2698
234.257,2712.1,2709,2742,2747,2726,2714,2682,2741,2698,2692,2720,2761,2707,2712,2712,2715,2664,2683,2730,2712,2656,2728,2681,2748,2716,2741,2687,2735,2756,2671,2676
234.567,2414.3,2398,2412,2421,2438,2423,2408,2419,2396,2392,2410,2405,2408,2401,2431,2402,2431,2392,2384,2453,2386,2446,2439,2415,2464,2452,2379,2372,2457,2371,2424
234.878,2544.2,2533,2596,2544,2490,2554,2528,2542,2525,2536,2545,2515,2495,2568,2521,2536,2608,2570,2542,2572,2533,2535,2557,2544,2539,2586,2552,2552,2538,2539,2530
235.188,2574.2,2540,2604,2585,2607,2575,2572,2583,2546,2580,2589,2546,2554,2557,2580,2601,2546,2591,2587,2563,2572,2542,2571,2588,2594,2589,2577,2605,2533,2604,2544
235.498,2581.9,2593,2559,2594,2591,2568,2615,2558,2603,2564,2556,2595,2591,2615,2605,2577,2577,2568,2544,2612,2578,2614,2543,2569,2602,2599,2558,2600,2568,2586,2556
235.808,2679.1,2641,2686,2737,2676,2690,2719,2697,2681,2664,2674,2673,2609,2672,2669,2675,2676,2656,2672,2660,2667,2691,2674,2662,2680,2711,2675,2728,2706,2681,2671
236.119,2715.8,2673,2711,2735,2720,2704,2722,2798,2690,2729,2703,2720,2713,2692,2700,2704,2695,2721,2682,2738,2739,2695,2714,2732,2726,2741,2749,2704,2692,2710,2723
236.429,2666.0,2730,2657,2699,2671,2686,2633,2616,2649,2671,2662,2699,2667,2669,2642,2638,2627,2638,2651,2685,2682,2697,2669,2710,2652,2632,2672,2656,2696,2686,2639
236.740,2496.6,2493,2506,2516,2491,2453,2474,2538,2480,2485,2509,2520,2497,2481,2502,2535,2503,2454,2436,2504,2513,2511,2495,2500,2511,2516,2523,2463,2498,2513,2477
237.050,2695.6,2732,2723,2725,2698,2673,2734,2677,2688,2661,2687,2693,2640,2710,2650,2731,2640,2697,2710,2716,2742,2690,2638,2702,2697,2729,2705,2681,2717,2699,2684
237.361,2506.0,2500,2508,2510,2544,2475,2511,2516,2521,2490,2469,2503,2488,2539,2499,2485,2511,2509,2511,2512,2495,2506,2499,2515,2486,2521,2460,2527,2546,2515,2508
237.671,2597.6,2621,2588,2605,2647,2568,2533,2591,2583,2664,2602,2591,2582,2565,2613,2602,2619,2603,2638,2562,2587,2630,2571,2595,2612,2586,2595,2605,2591,2565,2614
237.982,2221.0,2209,2229,2221,2233,2194,2218,2209,2196,2241,2266,2249,2234,2233,2252,2204,2207,2195,2218,2225,2206,2232,2228,2184,2213,2228,2230,2182,2237,2235,2222
238.293,2799.7,2813,2837,2801,2800,2788,2771,2823,2773,2776,2810,2808,2812,2774,2790,2820,2772,2825,2782,2793,2814,2780,2815,2790,2792,2774,2825,2816,2814,2805,2798
238.603,2522.4,2548,2514,2502,2514,2529,2479,2503,2525,2573,2528,2550,2530,2592,2525,2501,2541,2539,2493,2532,2549,2508,2486,2496,2548,2503,2489,2509,2522,2541,2504
238.914,2639.0,2660,2632,2653,2651,2616,2642,2660,2683,2668,2644,2611,2622,2665,2602,2658,2623,2661,2663,2637,2650,2614,2630,2608,2604,2660,2637,2663,2620,2584,2648
239.225,2496.1,2480,2467,2442,2529,2460,2522,2477,2506,2472,2528,2502,2509,2501,2493,2513,2518,2456,2465,2507,2496,2521,2502,2504,2504,2524,2516,2482,2499,2481,2508
239.536,2473.1,2456,2492,2445,2464,2437,2468,2485,2436,2481,2433,2476,2456,2493,2515,2434,2488,2488,2484,2465,2482,2476,2516,2488,2461,2506,2480,2478,2511,2467,2431
239.846,2225.5,2240,2255,2198,2240,2220,2237,2209,2218,2229,2184,2271,2224,2218,2227,2267,2233,2254,2203,2202,2214,2237,2216,2210,2205,2249,2224,2221,2217,2213,2231
240.157,2383.7,2346,2382,2386,2349,2386,2392,2379,2381,2357,2380,2415,2429,2358,2385,2382,2379,2364,2423,2368,2375,2374,2399,2412,2406,2383,2401,2387,2398,2400,2336
240.468,2625.7,2681,2639,2608,2649,2588,2646,2630,2634,2629,2599,2642,2589,2629,2602,2598,2593,2626,2609,2629,2634,2624,2618,2641,2662,2623,2641,2626,2651,2608,2622
240.779,2553.7,2577,2560,2592,2585,2539,2528,2520,2534,2546,2541,2561,2578,2587,2566,2571,2532,2553,2558,2570,2553,2532,2575,2520,2533,2570,2545,2526,2539,2543,2576
241.090,2498.0,2482,2451,2498,2466,2536,2520,2502,2520,2504,2505,2497,2460,2536,2553,2500,2500,2491,2472,2478,2499,2515,2472,2491,2512,2480,2508,2502,2555,2444,2492
241.401,2478.8,2500,2428,2434,2477,2481,2486,2465,2463,2505,2467,2494,2476,2483,2503,2463,2492,2516,2492,2508,2510,2448,2478,2450,2469,2480,2489,2472,2494,2468,2473
241.713,2598.9,2603,2600,2596,2593,2608,2557,2609,2673,2617,2532,2573,2599,2622,2600,2630,2563,2621,2598,2599,2590,2610,2578,2594,2598,2607,2575,2638,2635,2580,2569
242.024,2249.9,2238,2265,2274,2238,2238,2252,2220,2242,2266,2172,2270,2251,2276,2265,2261,2258,2267,2228,2283,2277,2266,2233,2248,2255,2210,2252,2255,2239,2242,2255
242.335,2532.2,2535,2546,2539,2550,2570,2541,2513,2543,2501,2522,2514,2520,2550,2582,2547,2547,2554,2483,2554,2512,2505,2484,2513,2554,2494,2511,2564,2547,2562,2509
242.646,2537.3,2539,2543,2513,2537,2521,2521,2540,2536,2549,2522,2527,2495,2520,2569,2576,2559,2529,2508,2587,2541,2522,2540,2548,2489,2528,2598,2508,2567,2548,2540
242.957,2366.4,2346,2382,2396,2360,2360,2385,2377,2372,2383,2386,2310,2373,2376,2346,2388,2353,2367,2328,2373,2361,2353,2354,2389,2319,2358,2401,2385,2398,2347,2365
243.269,2764.0,2771,2794,2781,2779,2768,2769,2763,2787,2784,2708,2776,2775,2755,2738,2744,2763,2755,2765,2751,2751,2740,2789,2777,2754,2744,2755,2793,2769,2776,2746
243.580,2336.9,2325,2363,2346,2320,2322,2378,2334,2322,2346,2346,2327,2350,2331,2336,2333,2376,2309,2368,2343,2307,2347,2363,2296,2322,2328,2332,2340,2333,2316,2348
243.892,2353.3,2340,2393,2373,2346,2352,2342,2376,2362,2347,2360,2368,2376,2365,2332,2363,2334,2316,2349,2351,2320,2346,2373,2320,2348,2380,2368,2325,2335,2376,2362
244.203,2745.9,2737,2737,2729,2726,2720,2723,2761,2781,2774,2724,2760,2766,2729,2733,2733,2755,2715,2790,2789,2761,2720,2760,2756,2769,2764,2739,2722,2747,2737,2721
244.514,2311.6,2298,2312,2287,2303,2297,2365,2289,2317,2353,2316,2354,2298,2269,2271,2286,2302,2306,2340,2345,2314,2339,2308,2308,2306,2302,2328,2358,2286,2283,2307
244.826,2409.2,2427,2416,2393,2379,2453,2401,2417,2380,2390,2440,2415,2395,2408,2407,2376,2432,2424,2399,2418,2395,2455,2436,2388,2429,2414,2403,2381,2412,2410,2383
245.138,2260.1,2274,2317,2286,2250,2220,2316,2241,2272,2273,2262,2214,2266,2289,2284,2246,2260,2300,2244,2269,2237,2270,2220,2259,2209,2245,2255,2256,2247,2280,2241
245.449,2906.8,2900,2899,2909,2921,2897,2905,2904,2892,2908,2905,2959,2915,2877,2953,2892,2922,2891,2936,2884,2927,2904,2921,2867,2917,2877,2866,2956,2914,2892,2893
245.761,2547.4,2579,2548,2576,2520,2534,2496,2522,2499,2530,2587,2579,2548,2529,2603,2536,2554,2557,2524,2610,2559,2560,2540,2559,2513,2534,2602,2550,2541,2500,2533
246.073,2152.3,2119,2133,2167,2146,2127,2169,2131,2174,2191,2156,2197,2162,2180,2169,2173,2142,2194,2121,2150,2150,2140,2107,2126,2147,2147,2191,2127,2134,2168,2130
246.384,2367.2,2402,2398,2386,2382,2370,2347,2363,2386,2369,2350,2371,2389,2397,2366,2345,2314,2350,2364,2344,2383,2354,2349,2379,2366,2387,2359,2368,2334,2375,2370
246.696,2360.0,2373,2347,2389,2355,2389,2365,2341,2360,2394,2365,2361,2358,2384,2329,2300,2379,2408,2363,2346,2369,2378,2347,2362,2384,2338,2322,2349,2371,2345,2330
247.008,2203.4,2203,2216,2186,2200,2221,2238,2210,2198,2208,2216,2194,2217,2185,2195,2184,2181,2212,2224,2201,2240,2190,2240,2173,2167,2201,2188,2232,2225,2178,2178
247.320,2347.9,2373,2376,2350,2338,2354,2362,2317,2338,2336,2357,2334,2333,2330,2362,2367,2342,2326,2370,2351,2334,2370,2334,2388,2316,2298,2334,2347,2347,2385,2367
247.632,2461.3,2448,2494,2489,2438,2480,2429,2442,2466,2488,2458,2457,2473,2518,2453,2453,2431,2436,2509,2483,2471,2444,2435,2467,2454,2482,2456,2415,2497,2437,2437
247.944,2369.6,2387,2347,2365,2378,2362,2336,2367,2363,2406,2388,2376,2390,2417,2325,2369,2388,2366,2384,2319,2374,2330,2360,2368,2324,2389,2387,2387,2386,2350,2401
248.256,2533.6,2543,2538,2485,2501,2558,2550,2534,2529,2541,2534,2539,2493,2554,2513,2529,2584,2530,2531,2575,2495,2536,2513,2562,2502,2568,2532,2553,2536,2509,2541
248.568,2291.3,2311,2265,2279,2274,2314,2279,2290,2291,2277,2321,2311,2278,2274,2333,2293,2300,2274,2264,2287,2276,2302,2260,2306,2259,2287,2346,2283,2329,2282,2295
248.880,2430.5,2467,2456,2444,2429,2395,2402,2472,2456,2390,2422,2464,2412,2450,2452,2393,2428,2433,2440,2456,2463,2471,2396,2480,2367,2405,2401,2435,2402,2415,2418
249.192,2365.7,2391,2366,2408,2340,2336,2382,2377,2327,2315,2374,2363,2339,2369,2381,2354,2400,2355,2360,2402,2361,2370,2366,2351,2361,2366,2389,2367,2354,2376,2370
249.504,3313.3,3284,3376,3317,3336,3319,3308,3265,3273,3269,3322,3321,3320,3302,3314,3298,3300,3324,3305,3343,3304,3310,3255,3328,3308,3338,3350,3318,3336,3324,3332
249.816,2534.2,2490,2532,2519,2498,2547,2551,2514,2528,2506,2520,2552,2613,2531,2558,2517,2535,2557,2562,2499,2546,2529,2538,2550,2522,2532,2533,2546,2531,2525,2545
250.129,2451.2,2459,2451,2450,2438,2459,2477,2447,2449,2436,2427,2424,2448,2446,2463,2484,2453,2469,2466,2451,2481,2452,2449,2423,2408,2421,2484,2442,2438,2498,2444
250.441,2165.2,2147,2140,2159,2148,2204,2146,2205,2147,2177,2187,2146,2182,2165,2139,2179,2170,2176,2189,2212,2145,2191,2159,2152,2150,2152,2136,2149,2170,2184,2149
250.753,2152.8,2156,2147,2177,2140,2132,2157,2134,2144,2237,2163,2149,2146,2153,2152,2142,2168,2124,2176,2151,2151,2166,2146,2171,2128,2123,2169,2137,2160,2145,2141
251.066,2269.6,2259,2263,2249,2332,2249,2313,2266,2264,2270,2290,2273,2239,2262,2290,2250,2242,2286,2282,2263,2292,2251,2260,2293,2250,2288,2260,2270,2276,2262,2243
251.378,2231.3,2225,2250,2235,2238,2248,2185,2215,2218,2220,2250,2251,2243,2260,2227,2226,2226,2216,2239,2275,2204,2217,2230,2265,2220,2232,2244,2189,2246,2217,2229
251.690,2198.8,2221,2201,2221,2202,2166,2191,2184,2219,2214,2222,2200,2178,2206,2203,2218,2208,2194,2195,2180,2187,2217,2208,2184,2174,2200,2195,2172,2187,2206,2211
252.003,2449.0,2420,2461,2408,2489,2425,2442,2440,2464,2468,2507,2494,2493,2394,2476,2448,2427,2435,2456,2466,2445,2448,2451,2466,2424,2427,2451,2438,2426,2432,2448
252.315,2466.1,2455,2447,2419,2477,2501,2494,2469,2504,2475,2513,2456,2488,2459,2438,2466,2431,2449,2447,2462,2498,2484,2463,2446,2465,2456,2446,2472,2477,2454,2473
252.628,2654.9,2670,2664,2653,2630,2672,2652,2670,2648,2641,2641,2683,2663,2670,2683,2687,2605,2676,2649,2600,2664,2670,2688,2643,2603,2693,2655,2665,2647,2626,2636
252.941,2437.3,2454,2447,2462,2446,2427,2481,2404,2403,2425,2421,2444,2428,2454,2457,2407,2438,2436,2451,2424,2436,2428,2432,2447,2463,2426,2412,2463,2427,2426,2450
253.253,2390.1,2410,2387,2390,2420,2372,2398,2432,2379,2411,2436,2408,2393,2345,2384,2384,2337,2410,2380,2346,2392,2347,2371,2380,2434,2357,2376,2426,2378,2421,2398
253.566,2543.7,2563,2532,2546,2520,2569,2552,2526,2543,2517,2542,2546,2548,2542,2551,2545,2564,2563,2550,2562,2527,2537,2534,2541,2537,2551,2541,2543,2550,2523,2547
253.879,2658.2,2644,2649,2654,2706,2668,2699,2663,2705,2616,2666,2658,2691,2674,2653,2627,2696,2655,2626,2603,2612,2655,2669,2663,2671,2657,2673,2656,2635,2658,2644
254.192,2455.5,2430,2473,2478,2472,2459,2420,2411,2456,2459,2421,2472,2475,2443,2488,2481,2478,2456,2470,2427,2403,2472,2464,2521,2434,2418,2448,2474,2425,2464,2472
254.504,2512.8,2524,2537,2537,2519,2510,2491,2499,2532,2594,2562,2502,2488,2503,2526,2535,2523,2478,2516,2478,2519,2462,2524,2491,2505,2512,2454,2513,2536,2500,2514
254.817,2247.2,2209,2262,2206,2268,2247,2270,2279,2266,2252,2234,2246,2236,2245,2227,2264,2245,2264,2274,2246,2275,2238,2242,2232,2261,2229,2251,2203,2248,2258,2238
255.130,2646.3,2679,2676,2621,2627,2648,2607,2651,2664,2648,2625,2678,2628,2673,2668,2604,2656,2638,2664,2652,2650,2636,2702,2629,2636,2651,2657,2651,2613,2626,2632
255.443,2397.3,2384,2384,2431,2372,2422,2410,2441,2397,2411,2376,2360,2360,2400,2423,2449,2409,2338,2404,2372,2409,2363,2423,2383,2430,2379,2401,2392,2415,2383,2397
255.756,2676.7,2624,2655,2699,2688,2664,2670,2683,2676,2665,2642,2697,2679,2703,2677,2682,2659,2668,2680,2708,2692,2679,2645,2700,2628,2688,2697,2685,2698,2677,2692
256.069,2145.6,2145,2148,2162,2161,2152,2126,2172,2152,2162,2166,2134,2133,2138,2126,2108,2193,2165,2122,2149,2169,2162,2145,2121,2139,2175,2097,2142,2137,2129,2139
256.382,2638.8,2592,2673,2655,2620,2646,2667,2633,2658,2644,2632,2642,2655,2654,2652,2609,2625,2616,2625,2629,2649,2648,2651,2620,2605,2625,2616,2659,2664,2641,2659
256.695,2640.2,2645,2643,2648,2611,2651,2611,2632,2667,2645,2638,2624,2642,2642,2645,2651,2623,2640,2645,2673,2661,2621,2635,2645,2645,2603,2632,2645,2661,2670,2613
257.009,2149.5,2147,2118,2154,2144,2160,2160,2162,2177,2163,2178,2164,2153,2143,2152,2140,2136,2192,2186,2154,2159,2127,2121,2151,2139,2134,2149,2172,2121,2106,2122
257.322,2741.5,2763,2736,2742,2764,2728,2717,2760,2769,2728,2718,2740,2763,2725,2760,2719,2728,2711,2743,2702,2700,2712,2761,2777,2702,2733,2781,2783,2775,2737,2769
257.635,2285.4,2241,2246,2331,2263,2308,2262,2278,2313,2284,2299,2286,2286,2263,2249,2288,2281,2306,2273,2265,2288,2292,2291,2310,2303,2298,2270,2267,2314,2301,2307
257.948,2642.2,2603,2624,2596,2648,2591,2680,2657,2665,2652,2639,2657,2680,2662,2654,2599,2632,2685,2660,2645,2609,2644,2672,2656,2660,2596,2651,2664,2581,2667,2636
258.262,2559.1,2556,2567,2594,2581,2554,2552,2520,2568,2542,2559,2572,2550,2600,2549,2558,2578,2551,2489,2550,2603,2541,2578,2579,2547,2545,2575,2526,2553,2572,2563
258.575,2499.3,2531,2512,2475,2485,2482,2516,2498,2514,2450,2522,2518,2507,2477,2484,2490,2517,2522,2510,2480,2505,2463,2525,2511,2490,2520,2494,2478,2501,2522,2481
258.888,2747.8,2784,2728,2754,2737,2746,2720,2819,2739,2742,2763,2747,2730,2731,2767,2732,2743,2724,2750,2751,2767,2732,2774,2781,2748,2728,2742,2735,2734,2705,2781
259.202,2056.0,2060,2025,2046,2035,2051,2030,2093,2062,2053,2016,2028,2071,2075,2084,2079,2068,2051,2029,2030,2018,2097,2072,2054,2085,2084,2071,2041,2078,2047,2048
259.515,2241.1,2241,2230,2218,2222,2250,2190,2244,2266,2245,2230,2266,2242,2246,2271,2197,2216,2241,2290,2256,2244,2216,2258,2242,2250,2249,2266,2232,2250,2184,2281
259.829,2130.8,2156,2150,2118,2122,2139,2138,2143,2138,2153,2113,2142,2098,2137,2137,2138,2122,2149,2138,2167,2086,2136,2098,2102,2153,2116,2149,2132,2136,2128,2090
260.142,2161.6,2182,2171,2148,2165,2156,2180,2153,2162,2141,2153,2104,2164,2152,2186,2164,2174,2196,2171,2152,2169,2148,2147,2162,2146,2158,2157,2153,2171,2174,2189
260.456,2308.8,2329,2327,2303,2330,2292,2294,2302,2296,2279,2303,2310,2263,2312,2314,2265,2307,2288,2303,2358,2328,2305,2331,2324,2327,2340,2282,2328,2331,2284,2309
260.770,2541.9,2537,2555,2568,2538,2515,2557,2576,2569,2545,2566,2540,2540,2543,2543,2520,2531,2532,2530,2557,2521,2555,2545,2545,2547,2494,2550,2532,2520,2552,2534
261.083,2681.9,2659,2710,2684,2690,2688,2723,2715,2673,2700,2721,2685,2686,2690,2649,2685,2649,2649,2682,2676,2634,2685,2703,2670,2687,2680,2684,2699,2652,2668,2681
261.397,2207.5,2191,2238,2199,2205,2220,2218,2164,2209,2174,2199,2198,2232,2220,2173,2171,2204,2215,2209,2245,2232,2150,2212,2211,2221,2243,2224,2223,2201,2240,2184
261.711,2202.4,2224,2205,2181,2210,2170,2187,2161,2206,2186,2210,2199,2220,2205,2216,2204,2210,2202,2186,2176,2239,2217,2180,2178,2235,2231,2226,2179,2227,2209,2192
262.025,2121.4,2129,2128,2144,2129,2093,2115,2164,2128,2123,2142,2121,2111,2126,2106,2115,2091,2118,2130,2152,2094,2104,2133,2086,2134,2131,2117,2133,2104,2120,2121
262.339,2671.3,2699,2682,2666,2660,2672,2675,2699,2657,2670,2628,2648,2666,2728,2636,2653,2632,2664,2673,2667,2660,2684,2681,2673,2662,2696,2713,2658,2685,2669,2683
262.653,2113.1,2085,2093,2067,2083,2089,2109,2140,2132,2086,2165,2129,2152,2129,2113,2104,2121,2122,2130,2105,2117,2155,2090,2098,2139,2092,2094,2117,2107,2128,2101
262.967,2494.1,2462,2479,2506,2475,2470,2507,2498,2495,2504,2533,2498,2524,2469,2515,2532,2501,2475,2465,2508,2500,2494,2480,2517,2483,2477,2497,2503,2478,2496,2481
263.281,2509.9,2508,2491,2531,2524,2542,2544,2500,2496,2522,2538,2491,2543,2530,2533,2505,2482,2515,2530,2458,2511,2469,2520,2513,2506,2517,2459,2536,2524,2505,2454
263.595,2475.5,2461,2458,2472,2453,2486,2501,2486,2495,2485,2492,2456,2454,2519,2512,2504,2457,2477,2484,2450,2488,2456,2469,2469,2486,2456,2432,2465,2509,2484,2450
263.909,2182.1,2193,2149,2160,2207,2221,2208,2185,2188,2233,2174,2189,2195,2143,2172,2200,2168,2195,2200,2162,2181,2156,2155,2179,2184,2157,2188,2184,2182,2181,2173
264.223,2292.4,2289,2308,2329,2296,2283,2301,2253,2287,2252,2309,2289,2321,2282,2312,2289,2306,2302,2293,2310,2287,2267,2270,2326,2281,2326,2262,2289,2286,2309,2257
264.537,2185.6,2173,2186,2178,2179,2213,2182,2189,2211,2178,2192,2223,2178,2197,2178,2171,2189,2181,2185,2143,2186,2187,2181,2182,2204,2188,2206,2152,2176,2180,2200
264.851,2290.8,2267,2345,2329,2275,2264,2277,2290,2300,2272,2350,2320,2275,2250,2296,2289,2281,2302,2272,2305,2285,2267,2303,2302,2260,2269,2301,2295,2305,2314,2264
265.165,2330.5,2276,2387,2312,2319,2344,2313,2364,2335,2362,2329,2317,2284,2344,2366,2321,2355,2355,2317,2312,2377,2332,2331,2312,2337,2302,2345,2342,2313,2293,2318
265.480,2340.1,2287,2305,2353,2354,2315,2411,2332,2349,2319,2360,2321,2339,2337,2341,2324,2344,2326,2312,2334,2331,2373,2364,2351,2381,2342,2366,2322,2358,2336,2317
265.794,2211.1,2204,2225,2212,2173,2202,2236,2189,2199,2193,2220,2199,2206,2228,2220,2205,2223,2217,2206,2171,2217,2200,2182,2205,2230,2191,2252,2252,2239,2225,2211
266.108,2191.3,2205,2152,2174,2180,2202,2179,2201,2209,2196,2196,2200,2222,2194,2201,2172,2158,2222,2184,2202,2162,2188,2184,2227,2169,2210,2182,2171,2182,2220,2195
266.423,2305.6,2296,2301,2307,2289,2325,2296,2319,2303,2282,2291,2300,2336,2323,2296,2289,2311,2318,2307,2328,2317,2356,2269,2265,2323,2274,2321,2351,2302,2287,2286
266.737,2436.8,2428,2463,2414,2409,2445,2433,2458,2400,2434,2477,2432,2460,2420,2443,2405,2410,2450,2470,2440,2443,2458,2444,2417,2434,2406,2444,2444,2465,2424,2433
267.052,2304.8,2296,2289,2308,2312,2308,2306,2338,2292,2306,2275,2335,2308,2280,2252,2271,2311,2334,2261,2304,2333,2284,2284,2290,2320,2312,2289,2337,2337,2336,2335
267.366,2190.2,2153,2165,2213,2168,2165,2193,2232,2179,2233,2196,2220,2185,2206,2195,2184,2180,2157,2200,2184,2182,2180,2184,2171,2226,2178,2210,2192,2201,2200,2175
267.681,2429.6,2453,2378,2412,2421,2427,2432,2468,2437,2442,2370,2421,2464,2428,2429,2456,2433,2480,2400,2435,2415,2457,2402,2402,2436,2419,2413,2446,2432,2411,2470
267.995,2701.4,2679,2741,2678,2718,2703,2681,2703,2719,2683,2681,2728,2705,2696,2651,2714,2678,2680,2731,2675,2720,2680,2730,2725,2707,2726,2664,2714,2715,2686,2732
268.310,2213.1,2197,2207,2202,2250,2206,2209,2202,2228,2213,2201,2195,2256,2187,2217,2179,2190,2245,2231,2220,2214,2222,2213,2220,2222,2244,2206,2211,2205,2185,2217
268.625,2322.0,2317,2324,2368,2321,2300,2352,2328,2319,2359,2320,2338,2269,2284,2328,2322,2328,2336,2315,2297,2323,2295,2336,2325,2338,2328,2316,2298,2333,2336,2307
268.939,2805.4,2826,2784,2847,2818,2739,2764,2777,2849,2811,2809,2824,2826,2817,2774,2794,2783,2813,2769,2790,2828,2792,2804,2841,2749,2794,2836,2779,2861,2854,2809
269.254,2274.7,2304,2264,2271,2320,2275,2276,2225,2291,2260,2287,2254,2302,2254,2262,2274,2272,2267,2248,2295,2285,2299,2249,2300,2243,2244,2280,2269,2291,2264,2316
269.569,2705.7,2712,2685,2719,2656,2682,2741,2688,2729,2697,2747,2704,2677,2685,2693,2685,2730,2714,2724,2677,2680,2722,2718,2716,2760,2713,2700,2740,2676,2699,2703
269.884,1919.7,1944,1911,1909,1962,1888,1936,1887,1917,1944,1899,1901,1923,1929,1878,1928,1945,1904,1912,1944,1900,1919,1918,1926,1890,1919,1912,1950,1958,1912,1926
270.199,2320.0,2357,2301,2328,2338,2328,2293,2317,2350,2328,2295,2319,2336,2279,2345,2361,2337,2333,2278,2287,2309,2341,2300,2318,2325,2362,2284,2353,2351,2268,2280
270.514,2348.3,2354,2393,2366,2352,2329,2349,2360,2334,2328,2377,2342,2353,2298,2378,2363,2340,2362,2305,2338,2348,2339,2377,2359,2355,2316,2346,2333,2374,2326,2355
270.829,2164.4,2163,2166,2162,2155,2160,2213,2116,2178,2170,2180,2108,2165,2145,2177,2202,2177,2143,2177,2183,2185,2182,2182,2143,2150,2155,2176,2164,2156,2171,2127
271.144,2446.4,2419,2462,2474,2414,2434,2434,2439,2446,2452,2427,2497,2456,2444,2427,2456,2484,2481,2417,2456,2421,2449,2451,2408,2448,2472,2450,2395,2480,2442,2456
271.459,2087.8,2077,2120,2085,2074,2084,2074,2096,2057,2108,2100,2088,2113,2080,2108,2090,2103,2125,2085,2063,2060,2084,2079,2040,2066,2105,2101,2109,2103,2055,2102
271.774,2527.6,2509,2472,2546,2557,2548,2520,2507,2488,2510,2533,2553,2515,2534,2556,2524,2550,2539,2505,2537,2565,2561,2534,2581,2524,2515,2468,2475,2534,2539,2528
272.089,2098.0,2058,2112,2121,2051,2120,2102,2100,2064,2095,2132,2110,2118,2070,2068,2072,2101,2117,2118,2125,2081,2114,2086,2085,2079,2085,2095,2124,2104,2077,2155
272.404,2263.0,2265,2263,2277,2263,2302,2239,2246,2255,2285,2286,2256,2237,2234,2277,2276,2251,2273,2312,2270,2232,2248,2263,2271,2270,2258,2236,2256,2271,2255,2262
272.719,2602.9,2599,2603,2642,2628,2569,2618,2634,2611,2592,2588,2596,2618,2554,2599,2624,2633,2621,2609,2613,2598,2591,2615,2598,2584,2618,2581,2608,2599,2584,2561
273.035,2007.7,1982,2009,1997,2062,2009,2008,2011,2023,2025,2002,2006,2009,1988,2022,2011,2009,2012,2042,2013,2002,2022,1990,1988,1992,2013,1971,2001,1995,2030,1988
273.350,2519.4,2484,2529,2515,2484,2529,2478,2546,2518,2520,2534,2546,2553,2536,2476,2532,2526,2551,2497,2541,2499,2531,2486,2525,2499,2536,2523,2513,2548,2495,2533
273.665,2422.7,2440,2416,2459,2414,2395,2418,2418,2434,2402,2343,2432,2415,2435,2436,2443,2462,2414,2427,2410,2412,2441,2426,2420,2442,2436,2393,2448,2424,2393,2433
273.981,2304.4,2347,2302,2325,2274,2266,2298,2319,2316,2297,2289,2317,2304,2252,2328,2327,2319,2329,2268,2312,2310,2266,2304,2310,2315,2307,2325,2301,2294,2308,2304
274.296,2278.1,2297,2276,2314,2279,2292,2343,2245,2280,2300,2301,2264,2274,2291,2304,2268,2271,2257,2266,2249,2291,2296,2269,2258,2255,2271,2249,2289,2260,2254,2281
274.612,2289.1,2296,2275,2298,2273,2246,2271,2322,2314,2293,2279,2311,2280,2297,2303,2245,2290,2278,2247,2270,2301,2337,2307,2241,2269,2299,2323,2289,2327,2267,2326
274.927,2248.5,2268,2248,2259,2268,2241,2210,2280,2255,2214,2237,2279,2230,2275,2229,2256,2248,2238,2263,2206,2244,2273,2289,2241,2203,2271,2283,2218,2214,2245,2270
275.243,2259.1,2238,2258,2283,2271,2278,2290,2302,2265,2287,2230,2262,2260,2238,2266,2248,2264,2273,2296,2228,2233,2255,2264,2266,2224,2257,2249,2238,2225,2256,2270
275.558,2226.7,2177,2240,2212,2258,2260,2253,2243,2201,2196,2241,2264,2220,2249,2227,2233,2192,2208,2212,2188,2240,2218,2245,2241,2226,2218,2223,2225,2220,2248,2223
275.874,2150.5,2153,2172,2148,2160,2145,2148,2187,2173,2130,2152,2132,2172,2165,2154,2132,2164,2171,2143,2148,2138,2166,2166,2154,2115,2154,2130,2130,2140,2125,2148
276.189,2345.7,2324,2334,2316,2344,2325,2353,2338,2328,2329,2337,2390,2335,2366,2322,2365,2403,2318,2335,2393,2335,2350,2354,2333,2348,2347,2363,2352,2325,2340,2370
276.505,2358.0,2353,2373,2374,2342,2381,2374,2358,2396,2309,2357,2376,2370,2345,2407,2366,2314,2326,2358,2357,2326,2371,2338,2373,2363,2351,2337,2371,2402,2358,2315
276.821,2646.1,2663,2673,2648,2628,2644,2649,2642,2642,2629,2661,2650,2664,2649,2658,2672,2645,2638,2625,2636,2618,2678,2625,2649,2603,2651,2619,2673,2640,2655,2656
277.137,2182.8,2175,2172,2181,2203,2182,2171,2173,2175,2184,2186,2152,2187,2222,2152,2203,2182,2196,2203,2164,2179,2168,2159,2177,2181,2158,2202,2195,2202,2232,2168
277.453,2132.6,2136,2137,2083,2128,2131,2149,2156,2110,2154,2141,2121,2152,2143,2143,2099,2131,2114,2113,2149,2156,2138,2154,2138,2129,2155,2121,2124,2139,2112,2123
277.768,2333.5,2363,2349,2335,2387,2323,2277,2334,2319,2346,2340,2354,2315,2356,2303,2314,2368,2310,2316,2323,2354,2312,2349,2320,2333,2314,2308,2344,2350,2328,2362
278.084,2122.2,2116,2120,2118,2141,2143,2126,2162,2053,2114,2158,2194,2136,2115,2092,2141,2100,2125,2105,2127,2113,2135,2116,2099,2112,2127,2134,2113,2103,2123,2104
278.400,2310.8,2345,2302,2314,2332,2338,2328,2298,2259,2286,2318,2320,2283,2326,2287,2313,2295,2310,2341,2324,2325,2316,2313,2300,2310,2323,2291,2314,2283,2296,2335
278.716,2212.3,2216,2203,2226,2221,2240,2196,2223,2237,2210,2201,2239,2203,2206,2201,2228,2211,2209,2208,2251,2178,2229,2214,2194,2221,2222,2192,2184,2198,2198,2209
279.032,2048.1,2041,2058,2057,2032,2038,2041,2040,2056,2063,2063,2045,2049,2057,2078,2060,2051,2046,2031,2018,2038,2088,2031,2041,2061,2037,2063,2052,2017,2035,2055
279.348,2292.3,2301,2291,2245,2285,2301,2271,2318,2220,2288,2322,2292,2283,2321,2267,2281,2299,2293,2248,2301,2272,2293,2300,2325,2298,2324,2314,2333,2257,2324,2302
279.664,2154.9,2156,2184,2173,2147,2144,2161,2153,2171,2142,2157,2175,2153,2133,2142,2148,2184,2157,2130,2146,2149,2163,2156,2174,2170,2139,2170,2128,2145,2163,2133
279.981,2518.2,2523,2511,2498,2528,2504,2532,2494,2499,2557,2512,2520,2537,2522,2516,2520,2536,2504,2463,2517,2552,2546,2491,2516,2506,2511,2527,2533,2511,2510,2551
280.297,2145.9,2146,2141,2167,2162,2112,2152,2129,2157,2138,2156,2093,2157,2132,2152,2143,2168,2160,2161,2161,2123,2137,2111,2147,2148,2118,2158,2175,2179,2168,2127
280.613,2070.6,2111,2058,2090,2036,2072,2064,2056,2059,2073,2079,2041,2046,2099,2056,2093,2068,2059,2078,2108,2063,2093,2094,2090,2037,2081,2061,2088,2033,2089,2044
280.929,2202.6,2200,2225,2193,2227,2235,2201,2164,2169,2238,2209,2172,2185,2187,2178,2210,2192,2216,2201,2170,2169,2243,2212,2225,2181,2216,2230,2229,2173,2214,2214
281.246,2460.7,2517,2457,2484,2426,2470,2474,2442,2473,2410,2461,2439,2459,2468,2460,2467,2453,2475,2477,2470,2468,2476,2461,2485,2469,2474,2437,2408,2422,2461,2477
281.562,2207.4,2217,2223,2163,2266,2194,2214,2201,2175,2221,2178,2217,2202,2215,2231,2265,2177,2224,2194,2188,2220,2187,2206,2182,2223,2191,2243,2206,2191,2217,2190
281.878,2073.7,2064,2063,2087,2090,2060,2049,2077,2076,2113,2080,2054,2098,2052,2086,2100,2092,2070,2078,2081,2064,2040,2101,2036,2082,2054,2053,2077,2078,2100,2055
282.195,2243.4,2265,2258,2245,2298,2244,2255,2248,2239,2232,2266,2232,2213,2233,2255,2255,2215,2209,2194,2235,2223,2241,2294,2261,2264,2244,2203,2240,2283,2234,2224
282.511,2370.0,2379,2395,2377,2372,2381,2412,2364,2371,2378,2355,2341,2370,2362,2413,2312,2431,2348,2366,2395,2366,2341,2342,2393,2392,2363,2336,2378,2389,2356,2323
282.828,2205.8,2208,2204,2173,2234,2206,2200,2242,2178,2231,2226,2186,2179,2241,2208,2191,2201,2214,2213,2207,2195,2187,2205,2212,2170,2246,2218,2159,2235,2212,2192
283.144,2332.7,2302,2362,2335,2337,2312,2330,2385,2313,2297,2336,2288,2351,2350,2362,2336,2310,2319,2349,2360,2330,2332,2335,2321,2333,2320,2334,2314,2355,2343,2329
283.461,2246.3,2218,2241,2216,2312,2230,2241,2257,2286,2241,2262,2199,2302,2239,2221,2235,2247,2213,2230,2241,2223,2221,2257,2226,2277,2261,2276,2272,2242,2255,2248
283.778,2354.0,2358,2358,2363,2331,2351,2344,2400,2315,2352,2393,2344,2365,2349,2331,2352,2317,2342,2373,2345,2391,2345,2357,2399,2317,2360,2351,2328,2355,2382,2352
284.094,2189.6,2143,2188,2206,2216,2173,2208,2189,2173,2221,2173,2196,2166,2186,2192,2202,2231,2148,2205,2147,2211,2170,2200,2172,2209,2222,2172,2181,2203,2186,2200
284.411,2193.9,2216,2183,2201,2195,2207,2180,2197,2216,2184,2161,2198,2216,2180,2151,2171,2186,2214,2194,2182,2221,2177,2222,2196,2196,2185,2181,2218,2194,2185,2210
284.728,2188.2,2182,2195,2198,2193,2200,2180,2170,2216,2207,2191,2169,2213,2136,2223,2186,2179,2166,2161,2186,2196,2142,2196,2174,2208,2181,2195,2228,2196,2184,2195
285.045,1984.2,1970,1962,1967,1970,2003,2013,2008,1939,1992,1953,1965,2008,1999,1999,1997,1985,1991,1998,1981,1971,1950,1974,1999,1963,2005,2007,1999,1960,1986,2011
285.361,2058.0,2073,2079,2064,2086,2056,2063,2036,2053,2052,2049,2055,2081,2103,2057,2041,2051,2065,2055,2058,2063,2051,2059,2052,2029,2091,2031,2023,2027,2047,2090
285.678,2209.0,2184,2230,2212,2213,2240,2232,2253,2219,2211,2227,2182,2223,2204,2191,2220,2193,2234,2206,2178,2218,2245,2181,2225,2159,2211,2216,2176,2189,2216,2181
285.995,2267.4,2237,2286,2283,2271,2290,2235,2278,2247,2289,2264,2255,2240,2262,2288,2276,2246,2218,2263,2313,2290,2262,2261,2298,2284,2257,2257,2293,2286,2253,2241
286.312,2373.4,2345,2356,2382,2403,2385,2361,2373,2351,2371,2324,2373,2356,2382,2370,2364,2399,2362,2407,2420,2420,2329,2416,2348,2370,2379,2351,2391,2357,2386,2370
286.629,2340.0,2358,2343,2329,2346,2382,2335,2333,2334,2323,2369,2312,2377,2322,2353,2378,2333,2325,2347,2307,2313,2302,2334,2298,2329,2323,2356,2342,2338,2400,2358
286.946,2825.9,2809,2816,2833,2828,2865,2800,2828,2859,2838,2840,2813,2819,2802,2763,2810,2843,2791,2816,2838,2834,2840,2834,2855,2828,2838,2798,2846,2819,2809,2864
287.263,2285.6,2248,2273,2310,2229,2280,2293,2290,2357,2318,2286,2270,2237,2326,2305,2287,2288,2284,2281,2279,2292,2245,2312,2299,2273,2287,2333,2290,2245,2281,2270
287.580,2713.7,2718,2671,2716,2733,2712,2715,2696,2699,2743,2724,2709,2740,2695,2713,2648,2742,2728,2755,2738,2709,2725,2698,2723,2732,2694,2693,2719,2719,2686,2718
287.898,2282.0,2296,2262,2298,2300,2324,2285,2305,2319,2269,2264,2293,2335,2291,2254,2259,2264,2283,2260,2266,2276,2275,2312,2224,2276,2276,2277,2284,2298,2265,2270
288.215,2024.3,2042,2022,2011,2029,1987,2028,2015,1999,2047,2014,2030,2029,2040,2020,2058,1989,2008,2038,2046,2012,2010,2029,2036,2001,2044,2006,2027,2049,1997,2067
288.532,2316.9,2333,2300,2299,2301,2301,2320,2324,2341,2304,2307,2343,2314,2315,2326,2320,2290,2325,2348,2307,2346,2285,2301,2339,2347,2316,2291,2310,2332,2326,2297
288.849,2180.7,2154,2182,2207,2188,2177,2168,2172,2164,2182,2145,2156,2224,2187,2155,2218,2172,2181,2218,2150,2160,2177,2199,2195,2191,2180,2152,2215,2163,2196,2193
289.167,2138.3,2168,2113,2157,2118,2156,2146,2166,2154,2132,2116,2113,2137,2120,2168,2095,2162,2129,2146,2124,2122,2155,2165,2166,2143,2118,2146,2135,2136,2120,2123
289.484,2240.8,2250,2218,2270,2235,2241,2248,2255,2193,2246,2236,2245,2290,2251,2237,2239,2216,2231,2226,2253,2243,2242,2222,2205,2277,2234,2261,2263,2219,2235,2242
289.801,2278.2,2282,2268,2275,2294,2250,2300,2310,2273,2224,2299,2297,2309,2255,2292,2293,2283,2283,2280,2295,2256,2268,2268,2283,2272,2293,2247,2264,2274,2292,2267
290.119,2351.9,2353,2383,2324,2361,2374,2329,2361,2371,2355,2345,2357,2364,2355,2326,2353,2312,2361,2376,2355,2375,2366,2332,2360,2358,2319,2362,2320,2352,2344,2353
290.436,2202.5,2197,2207,2201,2210,2201,2193,2205,2193,2172,2210,2169,2191,2206,2204,2200,2216,2227,2191,2192,2245,2194,2183,2227,2218,2227,2227,2188,2164,2217,2201
290.754,2457.4,2438,2461,2482,2449,2486,2483,2428,2406,2438,2452,2483,2423,2454,2485,2495,2461,2448,2469,2462,2458,2472,2433,2497,2450,2459,2467,2450,2446,2455,2432
291.071,2416.6,2432,2418,2446,2463,2397,2396,2448,2448,2437,2422,2400,2436,2427,2404,2432,2410,2384,2406,2371,2392,2397,2414,2436,2411,2397,2405,2412,2407,2442,2409
291.389,2087.5,2101,2095,2099,2120,2061,2063,2061,2112,2089,2094,2114,2069,2059,2107,2068,2100,2120,2088,2098,2086,2085,2120,2104,2035,2067,2079,2123,2092,2029,2086
291.707,2214.7,2198,2243,2218,2181,2228,2259,2185,2209,2209,2222,2232,2206,2216,2203,2224,2206,2203,2233,2224,2246,2193,2214,2247,2223,2192,2199,2168,2206,2218,2237
292.024,2161.2,2176,2123,2149,2154,2128,2185,2138,2201,2136,2193,2181,2140,2140,2169,2149,2176,2161,2187,2170,2180,2126,2189,2136,2139,2182,2147,2198,2173,2156,2153
292.342,2236.4,2204,2213,2241,2232,2255,2241,2233,2237,2217,2248,2236,2253,2209,2231,2289,2275,2239,2239,2244,2237,2225,2252,2216,2211,2208,2266,2237,2250,2209,2246
292.660,2170.8,2186,2184,2194,2133,2237,2152,2190,2195,2149,2157,2164,2149,2187,2178,2140,2157,2168,2128,2208,2168,2184,2145,2172,2157,2188,2175,2176,2154,2176,2173
292.978,2222.9,2245,2213,2187,2213,2181,2206,2206,2181,2253,2227,2211,2221,2220,2268,2248,2233,2202,2216,2225,2225,2222,2255,2201,2214,2208,2244,2241,2218,2273,2231
293.296,2344.5,2371,2362,2340,2316,2316,2319,2296,2332,2390,2335,2338,2367,2330,2355,2325,2330,2334,2362,2314,2356,2289,2352,2355,2363,2345,2390,2360,2383,2351,2360
293.613,2031.5,2034,2002,2064,2055,2043,2044,2006,2006,2042,2046,1996,2028,2051,2050,2021,2042,2068,1996,2034,2030,2038,2018,2038,2018,2019,2038,2051,2021,2026,2021
293.931,2167.7,2184,2184,2190,2144,2158,2204,2143,2159,2167,2161,2201,2129,2182,2181,2153,2141,2203,2166,2202,2163,2181,2195,2161,2178,2136,2152,2139,2170,2154,2149
294.249,2482.5,2453,2458,2490,2443,2472,2469,2489,2498,2499,2471,2492,2472,2494,2490,2481,2503,2495,2474,2473,2533,2492,2485,2460,2536,2490,2470,2450,2468,2497,2478
294.567,2214.3,2220,2175,2201,2227,2216,2220,2166,2247,2208,2226,2216,2233,2213,2178,2220,2254,2201,2219,2196,2234,2179,2227,2235,2219,2193,2206,2225,2255,2215,2206
294.885,2375.7,2367,2392,2347,2378,2390,2352,2382,2415,2397,2380,2393,2388,2382,2336,2404,2358,2360,2410,2352,2347,2352,2373,2411,2392,2399,2348,2352,2349,2378,2387
295.203,2258.7,2252,2252,2241,2270,2236,2282,2193,2277,2224,2219,2248,2280,2304,2226,2233,2236,2283,2254,2280,2280,2276,2262,2269,2270,2301,2250,2270,2273,2283,2237
295.522,2394.8,2415,2343,2440,2377,2422,2414,2340,2424,2404,2375,2396,2371,2388,2396,2379,2378,2386,2402,2429,2440,2357,2413,2410,2406,2398,2400,2376,2401,2409,2356
295.840,2220.3,2230,2188,2240,2249,2224,2194,2191,2222,2253,2178,2212,2178,2213,2223,2207,2235,2229,2243,2235,2200,2229,2217,2227,2225,2211,2243,2237,2221,2242,2212
296.158,2547.4,2568,2530,2572,2552,2561,2552,2545,2588,2536,2547,2548,2546,2538,2529,2520,2566,2552,2551,2537,2547,2548,2536,2560,2588,2568,2527,2553,2512,2530,2515
296.476,2534.1,2533,2545,2533,2552,2539,2528,2591,2552,2510,2526,2484,2518,2518,2565,2521,2530,2534,2516,2497,2529,2553,2531,2553,2541,2572,2533,2527,2518,2526,2547
296.795,2366.6,2344,2367,2358,2362,2352,2351,2352,2376,2386,2387,2329,2326,2384,2380,2355,2416,2348,2351,2353,2379,2408,2373,2384,2356,2362,2371,2403,2390,2324,2370
297.113,2108.3,2132,2110,2111,2073,2088,2119,2117,2099,2103,2138,2124,2064,2106,2117,2101,2115,2120,2085,2127,2123,2139,2117,2100,2094,2101,2123,2097,2082,2108,2117
297.431,2168.1,2142,2160,2168,2160,2201,2192,2197,2182,2176,2185,2160,2169,2152,2169,2147,2170,2180,2154,2148,2161,2153,2171,2145,2190,2176,2121,2168,2184,2175,2186
297.750,2315.7,2330,2285,2361,2305,2310,2298,2331,2349,2331,2288,2298,2275,2338,2276,2324,2337,2329,2324,2288,2325,2311,2331,2319,2306,2326,2285,2331,2342,2317,2301
298.068,2158.4,2152,2148,2145,2166,2151,2157,2149,2136,2138,2179,2164,2128,2179,2180,2146,2158,2205,2123,2156,2145,2185,2203,2181,2155,2136,2125,2152,2174,2180,2156
298.387,2208.6,2234,2202,2204,2211,2208,2231,2198,2202,2250,2187,2246,2206,2215,2213,2208,2196,2221,2202,2238,2184,2184,2223,2156,2218,2206,2201,2196,2225,2206,2188
298.705,2789.9,2829,2812,2861,2802,2738,2785,2753,2773,2793,2771,2813,2765,2799,2807,2807,2736,2792,2818,2813,2767,2774,2764,2766,2773,2814,2773,2840,2773,2805,2782
299.024,2119.5,2105,2124,2133,2154,2086,2068,2112,2111,2128,2114,2134,2160,2117,2080,2138,2117,2113,2127,2136,2098,2123,2129,2150,2088,2153,2091,2116,2148,2123,2109
299.342,2243.3,2239,2228,2245,2237,2216,2238,2233,2240,2264,2291,2246,2286,2220,2249,2216,2290,2226,2249,2268,2257,2229,2201,2254,2230,2261,2251,2259,2209,2236,2232
299.661,2089.5,2093,2099,2066,2097,2090,2091,2097,2068,2092,2082,2093,2094,2053,2107,2113,2101,2088,2112,2082,2091,2113,2097,2080,2070,2085,2089,2089,2068,2061,2123
299.980,2161.0,2173,2156,2176,2159,2165,2181,2147,2152,2173,2174,2165,2143,2159,2127,2186,2128,2164,2211,2128,2180,2148,2194,2191,2143,2138,2139,2164,2143,2196,2126
300.298,2282.3,2317,2266,2286,2245,2267,2292,2291,2260,2260,2277,2282,2280,2304,2280,2271,2272,2300,2268,2306,2290,2269,2266,2333,2271,2274,2324,2330,2251,2288,2249
300.617,2189.4,2208,2222,2188,2180,2188,2201,2167,2217,2181,2214,2218,2201,2212,2142,2176,2171,2227,2231,2213,2173,2173,2200,2166,2141,2177,2169,2191,2230,2142,2163
300.936,2109.7,2136,2083,2100,2152,2140,2091,2124,2113,2097,2129,2102,2114,2090,2123,2118,2084,2119,2158,2100,2092,2098,2082,2137,2095,2107,2098,2106,2098,2101,2104
301.255,2393.0,2374,2416,2360,2378,2392,2361,2387,2397,2426,2383,2386,2433,2350,2389,2400,2386,2386,2389,2372,2451,2411,2409,2353,2445,2434,2377,2388,2376,2392,2389
301.574,2414.3,2404,2419,2433,2421,2429,2401,2410,2442,2439,2419,2421,2402,2393,2411,2441,2444,2364,2398,2417,2429,2379,2452,2422,2420,2372,2458,2402,2386,2408,2392
301.892,2150.6,2166,2168,2150,2175,2118,2175,2164,2169,2162,2165,2142,2144,2168,2178,2129,2159,2145,2163,2158,2136,2124,2100,2102,2169,2150,2180,2130,2130,2159,2139
302.211,2199.2,2216,2220,2170,2170,2224,2197,2191,2221,2226,2193,2185,2205,2174,2193,2200,2208,2175,2173,2218,2254,2175,2180,2168,2230,2200,2222,2186,2212,2189,2200
302.530,2506.2,2496,2506,2502,2489,2498,2506,2517,2521,2544,2510,2496,2532,2514,2536,2512,2489,2478,2486,2516,2532,2546,2517,2483,2510,2468,2525,2530,2488,2491,2447
302.849,2428.2,2456,2445,2390,2453,2487,2420,2437,2389,2438,2415,2449,2445,2394,2420,2397,2447,2414,2411,2434,2396,2388,2461,2421,2443,2434,2451,2453,2402,2450,2405
303.169,2339.7,2337,2358,2348,2376,2344,2357,2345,2285,2333,2373,2326,2327,2318,2338,2329,2342,2330,2317,2349,2362,2344,2386,2328,2344,2323,2353,2322,2352,2361,2283
303.488,2342.7,2315,2341,2308,2353,2381,2347,2359,2307,2339,2385,2358,2370,2341,2341,2362,2364,2385,2346,2319,2312,2340,2329,2356,2300,2308,2346,2362,2333,2346,2329
303.807,2132.9,2150,2145,2147,2150,2125,2140,2147,2133,2141,2118,2142,2139,2120,2125,2168,2102,2103,2101,2129,2118,2107,2140,2138,2136,2131,2145,2128,2150,2139,2129
304.126,2195.7,2239,2178,2195,2188,2187,2195,2207,2172,2179,2231,2255,2186,2218,2215,2199,2170,2166,2176,2196,2195,2195,2184,2214,2201,2201,2157,2156,2196,2203,2217
304.445,2410.1,2411,2440,2398,2453,2430,2397,2372,2462,2406,2405,2405,2426,2417,2404,2395,2410,2430,2411,2419,2423,2430,2405,2420,2465,2347,2367,2394,2398,2412,2351
304.765,2422.7,2422,2373,2433,2447,2408,2393,2417,2431,2430,2405,2446,2389,2457,2438,2445,2430,2436,2421,2401,2396,2421,2440,2449,2413,2409,2438,2397,2402,2446,2448
305.084,2365.7,2363,2359,2366,2389,2363,2439,2378,2373,2347,2389,2335,2380,2360,2352,2376,2351,2399,2367,2345,2362,2393,2342,2353,2361,2363,2354,2386,2317,2346,2364
305.403,2167.8,2144,2174,2239,2209,2158,2149,2159,2184,2149,2133,2197,2136,2177,2196,2158,2184,2147,2145,2158,2149,2145,2192,2169,2165,2173,2159,2151,2169,2178,2189
305.723,2230.1,2250,2186,2223,2225,2212,2214,2213,2276,2249,2227,2224,2226,2247,2238,2217,2231,2249,2228,2248,2200,2228,2259,2226,2253,2227,2213,2202,2240,2231,2241
306.042,2304.0,2266,2306,2304,2335,2316,2283,2360,2303,2323,2312,2311,2331,2318,2299,2313,2312,2317,2282,2323,2272,2268,2296,2276,2313,2264,2275,2318,2342,2274,2308
306.361,2321.5,2300,2338,2301,2318,2346,2344,2325,2324,2313,2290,2324,2350,2325,2341,2342,2306,2344,2347,2330,2310,2318,2289,2328,2319,2328,2283,2289,2303,2318,2353
306.681,2172.4,2206,2171,2130,2172,2173,2167,2201,2173,2163,2196,2160,2166,2149,2158,2206,2118,2155,2207,2169,2182,2170,2189,2172,2208,2166,2175,2186,2144,2159,2180
307.001,2232.0,2234,2251,2234,2221,2251,2214,2221,2232,2203,2237,2268,2240,2199,2245,2259,2222,2222,2243,2241,2243,2287,2230,2195,2219,2213,2230,2206,2241,2208,2252
307.320,2364.9,2356,2366,2398,2351,2385,2366,2392,2355,2360,2400,2354,2392,2341,2350,2380,2354,2378,2332,2408,2358,2354,2368,2341,2369,2324,2353,2351,2370,2370,2371
307.640,2340.2,2332,2324,2361,2377,2356,2305,2362,2326,2312,2337,2351,2331,2392,2327,2310,2357,2316,2366,2351,2325,2310,2369,2328,2380,2335,2362,2304,2302,2309,2389
307.959,2417.7,2414,2425,2413,2405,2467,2423,2466,2406,2397,2401,2430,2398,2412,2397,2438,2417,2385,2384,2440,2434,2422,2448,2399,2427,2420,2433,2404,2392,2405,2429
308.279,2214.3,2221,2194,2206,2201,2208,2257,2251,2195,2194,2258,2219,2223,2232,2238,2229,2200,2216,2222,2221,2197,2192,2178,2192,2219,2225,2186,2213,2235,2171,2236
308.599,2404.2,2419,2399,2394,2450,2452,2376,2442,2338,2405,2406,2398,2380,2393,2420,2396,2420,2409,2394,2385,2397,2352,2360,2403,2395,2427,2481,2369,2384,2462,2421
308.919,2230.3,2254,2239,2223,2302,2248,2268,2216,2183,2230,2238,2228,2251,2248,2232,2209,2184,2210,2230,2224,2244,2239,2210,2218,2206,2248,2244,2268,2211,2196,2209
309.238,2365.3,2365,2346,2335,2319,2356,2386,2359,2347,2330,2370,2376,2399,2381,2348,2361,2331,2396,2389,2400,2359,2362,2384,2360,2376,2333,2380,2353,2401,2397,2361
309.558,2310.8,2318,2313,2344,2257,2297,2310,2258,2311,2338,2293,2302,2275,2341,2329,2323,2302,2338,2318,2327,2265,2340,2314,2335,2344,2300,2329,2342,2277,2317,2266
309.878,2218.8,2224,2233,2211,2204,2227,2222,2244,2246,2233,2207,2206,2245,2221,2197,2188,2195,2230,2209,2195,2214,2231,2219,2198,2232,2211,2215,2264,2221,2221,2201
310.198,2757.2,2754,2802,2724,2746,2780,2759,2749,2736,2725,2781,2795,2762,2776,2751,2780,2762,2753,2745,2756,2789,2752,2731,2755,2776,2773,2766,2753,2759,2692,2733
310.518,2384.8,2347,2377,2388,2410,2399,2360,2417,2372,2383,2403,2392,2340,2367,2404,2370,2406,2356,2364,2385,2369,2387,2411,2417,2358,2377,2398,2379,2414,2433,2360
310.838,2479.3,2472,2447,2460,2493,2493,2427,2516,2480,2473,2472,2489,2524,2514,2476,2488,2460,2453,2477,2515,2490,2485,2495,2458,2463,2480,2457,2437,2513,2497,2474
311.158,2472.4,2443,2488,2462,2466,2506,2499,2474,2480,2444,2474,2438,2476,2497,2458,2467,2441,2477,2491,2456,2463,2482,2487,2481,2483,2480,2495,2510,2464,2451,2439
311.478,2205.0,2176,2193,2211,2254,2167,2224,2190,2198,2214,2235,2181,2174,2204,2232,2178,2198,2194,2200,2175,2220,2179,2220,2186,2258,2219,2220,2235,2218,2210,2188
311.799,2186.1,2191,2212,2193,2200,2197,2197,2213,2177,2169,2195,2179,2180,2200,2195,2152,2165,2212,2203,2196,2168,2218,2202,2195,2174,2204,2171,2187,2187,2138,2113
312.119,2298.2,2260,2300,2336,2295,2318,2278,2295,2289,2298,2274,2293,2328,2316,2274,2311,2322,2291,2292,2278,2299,2327,2301,2314,2270,2271,2301,2302,2321,2276,2316
312.439,2492.1,2523,2502,2496,2437,2510,2523,2479,2474,2538,2467,2477,2488,2501,2464,2531,2494,2505,2486,2502,2479,2513,2488,2504,2517,2466,2469,2491,2487,2486,2467
312.759,2315.1,2310,2337,2355,2274,2276,2319,2300,2320,2268,2349,2340,2305,2304,2323,2324,2303,2311,2350,2289,2296,2305,2310,2342,2355,2307,2296,2319,2329,2343,2293
313.079,2434.9,2427,2453,2461,2417,2415,2437,2446,2426,2448,2443,2423,2445,2401,2421,2446,2414,2431,2452,2410,2471,2466,2425,2440,2437,2462,2400,2430,2440,2417,2443
313.400,2166.6,2190,2165,2131,2191,2138,2202,2186,2160,2142,2142,2164,2129,2165,2192,2135,2180,2152,2156,2184,2209,2178,2171,2169,2164,2178,2157,2168,2152,2147,2200
313.720,2088.8,2068,2124,2089,2144,2080,2092,2096,2105,2098,2092,2059,2071,2086,2099,2064,2102,2048,2094,2079,2076,2093,2110,2081,2079,2104,2081,2099,2101,2053,2098
314.041,2136.3,2136,2138,2161,2134,2096,2159,2136,2115,2158,2167,2141,2123,2164,2118,2140,2145,2142,2136,2163,2094,2156,2145,2149,2115,2089,2146,2127,2114,2117,2165
314.361,2192.0,2203,2181,2241,2219,2196,2187,2189,2155,2173,2192,2166,2181,2225,2199,2207,2156,2187,2200,2199,2230,2174,2165,2205,2176,2214,2181,2176,2204,2182,2198
314.682,2159.0,2180,2182,2180,2162,2135,2148,2195,2168,2169,2125,2200,2116,2150,2184,2171,2153,2187,2142,2139,2136,2146,2160,2159,2164,2180,2151,2152,2145,2128,2162
315.002,2265.0,2283,2257,2329,2267,2265,2269,2264,2249,2315,2231,2245,2262,2246,2275,2280,2261,2280,2207,2239,2290,2283,2288,2247,2269,2261,2248,2237,2313,2237,2252
315.323,2163.9,2184,2159,2159,2169,2139,2165,2210,2168,2158,2164,2169,2165,2170,2152,2196,2191,2165,2169,2159,2144,2176,2163,2165,2124,2177,2181,2141,2149,2138,2147
315.643,2499.1,2515,2518,2499,2486,2496,2517,2509,2502,2480,2520,2470,2517,2467,2489,2484,2464,2499,2484,2494,2470,2558,2504,2506,2537,2504,2517,2500,2496,2464,2508
315.964,2361.6,2360,2390,2361,2357,2350,2392,2351,2341,2338,2328,2361,2357,2429,2381,2339,2368,2380,2356,2386,2372,2365,2364,2380,2350,2349,2370,2372,2360,2322,2320
316.285,1949.1,1931,1923,1946,1984,1916,1915,1971,1942,1971,1979,1980,1920,1948,1944,1933,1969,1981,1958,1935,1948,1921,1902,1975,1969,1930,1981,1967,1948,1935,1952
316.605,2234.5,2248,2268,2230,2243,2255,2225,2269,2267,2253,2197,2248,2202,2216,2240,2237,2214,2249,2237,2232,2210,2233,2207,2254,2250,2223,2216,2215,2211,2220,2265
316.926,2342.9,2313,2345,2359,2353,2346,2374,2318,2326,2364,2303,2381,2331,2392,2370,2319,2336,2355,2330,2344,2347,2348,2332,2333,2317,2321,2304,2367,2382,2333,2343
317.247,2534.2,2506,2545,2552,2547,2537,2534,2524,2524,2543,2510,2571,2520,2546,2494,2541,2560,2512,2572,2521,2539,2545,2486,2539,2530,2528,2530,2543,2542,2517,2567
317.568,2434.9,2396,2439,2454,2457,2465,2433,2443,2457,2442,2403,2420,2440,2438,2440,2427,2426,2447,2425,2416,2429,2466,2446,2460,2422,2446,2416,2405,2412,2442,2436
317.889,2468.1,2438,2486,2462,2462,2486,2489,2468,2472,2501,2443,2474,2445,2486,2484,2465,2486,2497,2418,2487,2476,2450,2427,2422,2476,2464,2475,2484,2473,2472,2475
318.210,1980.4,1965,1981,2007,1994,1985,2007,1966,1988,1992,1928,1983,1957,1983,1969,1977,1961,1980,1978,1978,1951,1980,1993,2019,1980,1954,1997,1985,2001,1977,1997
318.530,2373.0,2374,2351,2364,2396,2335,2392,2378,2305,2368,2378,2406,2383,2359,2399,2369,2382,2395,2371,2344,2375,2353,2367,2411,2383,2384,2370,2324,2377,2416,2381
318.851,2227.1,2206,2241,2223,2253,2223,2224,2233,2255,2203,2204,2238,2220,2216,2201,2232,2257,2237,2207,2243,2234,2235,2249,2200,2243,2206,2209,2217,2207,2252,2244
319.173,2339.2,2327,2287,2311,2340,2338,2335,2339,2325,2350,2368,2329,2371,2290,2428,2384,2327,2339,2351,2348,2332,2277,2344,2330,2344,2337,2347,2339,2353,2347,2340
319.494,2201.1,2170,2194,2230,2216,2186,2205,2175,2190,2214,2208,2252,2191,2175,2199,2205,2203,2196,2232,2213,2196,2188,2203,2226,2232,2167,2201,2205,2185,2172,2203
319.815,2196.8,2184,2176,2197,2184,2180,2198,2216,2201,2179,2171,2219,2163,2230,2197,2184,2248,2208,2208,2194,2196,2173,2200,2218,2177,2197,2223,2202,2207,2201,2174
320.136,2485.3,2489,2461,2506,2486,2483,2507,2471,2494,2500,2490,2466,2477,2444,2499,2502,2469,2480,2452,2493,2509,2529,2488,2458,2489,2521,2485,2492,2479,2459,2482
320.457,2331.3,2352,2268,2329,2322,2331,2338,2315,2341,2323,2344,2354,2331,2302,2306,2324,2324,2327,2345,2322,2361,2317,2373,2381,2345,2315,2330,2329,2352,2317,2322
320.778,2383.3,2396,2401,2392,2355,2403,2362,2377,2393,2375,2381,2415,2383,2409,2426,2369,2373,2378,2372,2406,2344,2404,2390,2363,2379,2363,2383,2361,2414,2385,2348
321.100,2532.4,2535,2498,2531,2492,2537,2570,2514,2541,2554,2512,2530,2534,2545,2499,2569,2546,2512,2549,2537,2548,2521,2511,2515,2549,2548,2542,2540,2535,2499,2559
321.421,1985.6,1999,1995,1987,1983,1999,1981,1954,1983,2004,1970,2011,1964,1978,1987,1952,1961,1992,1981,1990,1994,2005,1994,2026,1989,1989,1965,1966,1987,1944,2037
321.742,2212.8,2221,2188,2193,2186,2224,2205,2187,2227,2229,2212,2218,2181,2202,2206,2230,2201,2199,2247,2205,2210,2208,2237,2225,2226,2195,2245,2239,2195,2227,2217
322.064,2425.7,2479,2436,2473,2419,2425,2410,2431,2457,2427,2419,2413,2440,2412,2404,2435,2396,2381,2393,2408,2454,2443,2422,2434,2442,2418,2427,2434,2424,2430,2384
322.385,2255.7,2282,2247,2253,2214,2266,2241,2249,2233,2263,2252,2277,2280,2296,2223,2254,2263,2267,2230,2264,2232,2266,2266,2202,2287,2279,2256,2235,2289,2252,2253
322.706,2370.4,2371,2392,2354,2354,2401,2333,2333,2376,2362,2360,2402,2361,2363,2364,2368,2410,2380,2414,2318,2377,2390,2381,2413,2343,2352,2380,2344,2385,2347,2383
323.028,2260.4,2272,2241,2278,2261,2275,2257,2289,2254,2248,2282,2265,2243,2224,2217,2267,2284,2269,2251,2248,2284,2205,2238,2256,2261,2256,2273,2307,2282,2250,2275
323.350,2058.3,2074,2052,2062,2060,2103,2041,2057,2072,2042,2021,2107,2056,2017,2031,2054,2050,2086,2047,2063,2097,2024,2036,2066,2038,2066,2043,2060,2069,2085,2070
323.671,2062.9,2024,2065,2042,2047,2104,2060,2090,2051,2062,2073,2083,2065,2040,2048,2052,2083,2047,2060,2091,2057,2108,2030,2058,2052,2052,2075,2082,2072,2046,2069
323.993,2202.7,2180,2215,2188,2223,2184,2212,2186,2260,2204,2186,2200,2200,2203,2226,2181,2193,2209,2213,2193,2216,2202,2186,2196,2165,2175,2241,2223,2224,2186,2211
324.314,2001.3,2033,2032,2011,1988,1995,2029,1996,2016,2011,1995,1965,1978,1974,1984,2027,2052,2003,2018,1987,2011,1978,1966,1986,1986,1987,2023,1986,2027,2002,1994
324.636,2693.3,2692,2705,2720,2703,2719,2713,2670,2658,2702,2650,2697,2693,2642,2707,2696,2700,2688,2721,2697,2696,2712,2677,2641,2687,2706,2747,2686,2713,2710,2651
324.958,2268.8,2234,2286,2278,2292,2269,2256,2299,2288,2280,2283,2294,2290,2246,2257,2257,2257,2237,2270,2267,2252,2258,2242,2267,2285,2283,2225,2259,2299,2261,2293
325.280,2368.9,2376,2341,2334,2348,2365,2429,2374,2390,2381,2405,2351,2393,2392,2338,2407,2365,2372,2384,2345,2356,2384,2351,2377,2325,2360,2338,2341,2385,2380,2379
325.601,2091.8,2097,2099,2101,2115,2059,2131,2082,2065,2051,2136,2075,2091,2098,2142,2049,2090,2077,2066,2077,2086,2088,2104,2112,2090,2074,2109,2086,2093,2101,2109
325.923,2173.6,2182,2204,2174,2175,2203,2175,2200,2160,2108,2227,2171,2153,2168,2165,2186,2180,2193,2169,2202,2195,2184,2184,2120,2159,2165,2173,2121,2176,2152,2183
326.245,2103.4,2115,2137,2126,2075,2104,2088,2107,2108,2105,2134,2103,2098,2150,2073,2119,2104,2096,2069,2099,2114,2068,2104,2076,2092,2075,2133,2123,2072,2139,2095
326.567,2162.9,2176,2152,2152,2165,2168,2154,2159,2155,2191,2152,2123,2156,2151,2142,2225,2168,2190,2133,2175,2159,2152,2126,2201,2142,2162,2137,2163,2180,2170,2207
326.889,2352.3,2393,2369,2372,2360,2318,2368,2350,2312,2357,2332,2370,2383,2369,2360,2341,2360,2324,2389,2331,2347,2321,2333,2380,2358,2360,2320,2317,2373,2352,2351
327.211,2328.8,2310,2330,2335,2344,2335,2316,2363,2349,2316,2324,2307,2345,2293,2373,2333,2330,2307,2344,2335,2325,2348,2294,2325,2303,2328,2350,2306,2348,2340,2308
327.533,2310.7,2336,2298,2316,2296,2313,2307,2285,2317,2328,2339,2307,2302,2286,2311,2307,2301,2314,2279,2317,2340,2336,2292,2342,2301,2293,2298,2304,2310,2342,2304
327.855,2291.3,2299,2326,2306,2308,2267,2282,2259,2262,2328,2264,2292,2265,2311,2291,2254,2303,2291,2282,2298,2282,2286,2271,2307,2303,2279,2291,2305,2296,2325,2306
328.177,2047.5,2075,2077,2062,2046,2077,2054,2054,2065,2086,2036,2017,2036,2037,2075,2035,2030,2038,2029,2037,2049,2048,2019,2052,2042,2056,2018,2054,2002,2063,2057
328.499,2271.4,2315,2285,2307,2277,2270,2259,2248,2283,2279,2262,2262,2256,2265,2220,2249,2281,2238,2333,2258,2294,2316,2221,2269,2248,2249,2296,2287,2267,2286,2262
328.822,3128.8,3118,3152,3107,3156,3127,3123,3101,3134,3169,3130,3168,3116,3148,3076,3136,3119,3093,3122,3102,3148,3120,3123,3093,3126,3162,3135,3125,3149,3138,3148
329.144,2272.1,2294,2296,2290,2255,2227,2283,2305,2257,2276,2254,2306,2270,2278,2264,2305,2297,2235,2248,2287,2243,2234,2234,2262,2267,2258,2291,2311,2300,2244,2291
329.466,2245.5,2264,2226,2243,2260,2264,2187,2256,2244,2252,2261,2231,2248,2246,2285,2239,2237,2274,2225,2229,2228,2271,2238,2260,2202,2272,2246,2233,2255,2237,2253
329.788,2187.9,2210,2166,2191,2170,2159,2173,2215,2223,2178,2229,2175,2158,2197,2185,2179,2166,2163,2151,2220,2223,2190,2208,2200,2187,2151,2210,2145,2199,2213,2202
330.111,2487.0,2481,2465,2493,2485,2516,2470,2498,2453,2501,2490,2469,2500,2474,2533,2536,2480,2436,2494,2494,2486,2442,2502,2485,2489,2482,2488,2483,2511,2510,2465
330.433,2505.4,2491,2495,2535,2488,2512,2577,2509,2492,2505,2497,2447,2528,2494,2493,2493,2515,2483,2509,2508,2502,2518,2506,2538,2523,2508,2485,2504,2481,2519,2506
330.756,2105.3,2118,2119,2106,2081,2119,2102,2104,2095,2103,2080,2124,2132,2096,2127,2127,2103,2114,2097,2102,2128,2079,2093,2121,2074,2112,2115,2115,2121,2067,2084
331.078,2018.7,2028,2027,1985,2045,2034,2018,2010,2040,2013,2013,2006,1996,2006,2045,2030,2002,2053,2016,2041,2020,2021,2036,2003,2051,2009,2022,1986,2013,2009,1984
331.401,2374.5,2394,2421,2403,2360,2383,2326,2387,2377,2409,2363,2385,2363,2349,2360,2366,2328,2376,2370,2386,2354,2373,2379,2392,2347,2384,2378,2371,2361,2409,2381
331.723,2197.2,2171,2170,2187,2207,2204,2170,2187,2194,2180,2199,2220,2193,2198,2217,2211,2207,2197,2205,2225,2196,2186,2190,2170,2217,2191,2235,2193,2216,2179,2202
332.046,2044.5,2061,2060,2081,2011,2051,2061,2060,2058,2037,2027,2004,2003,2056,2061,2041,2015,2058,2022,1987,2019,2071,2053,2076,2072,2082,2020,2072,2021,2054,2041
332.368,2457.4,2425,2485,2455,2475,2494,2452,2463,2476,2442,2418,2454,2437,2428,2466,2464,2447,2456,2464,2526,2467,2479,2430,2483,2434,2434,2428,2429,2457,2459,2495
332.691,2177.9,2194,2155,2166,2166,2193,2163,2162,2184,2223,2213,2168,2190,2202,2167,2191,2180,2149,2175,2161,2173,2202,2181,2186,2117,2185,2208,2188,2189,2169,2136
333.014,2503.0,2536,2514,2506,2479,2511,2500,2501,2504,2493,2500,2486,2530,2517,2504,2492,2541,2481,2508,2461,2512,2499,2532,2529,2516,2446,2516,2498,2466,2490,2522
333.336,2352.3,2385,2381,2378,2338,2318,2352,2356,2355,2344,2362,2371,2329,2331,2382,2363,2340,2360,2358,2358,2352,2338,2350,2360,2298,2345,2378,2349,2375,2344,2319
333.659,2552.6,2518,2546,2546,2549,2537,2553,2565,2520,2538,2558,2588,2573,2537,2568,2533,2595,2552,2568,2563,2532,2535,2564,2604,2582,2558,2528,2530,2541,2565,2533
333.982,2404.4,2415,2393,2373,2425,2408,2423,2382,2431,2389,2424,2409,2421,2399,2419,2421,2412,2412,2420,2391,2390,2387,2426,2407,2421,2376,2411,2383,2377,2409,2377
334.305,2544.6,2584,2522,2551,2544,2552,2516,2534,2585,2540,2543,2562,2488,2577,2550,2593,2491,2559,2549,2546,2508,2568,2556,2539,2567,2539,2544,2522,2580,2500,2530
334.628,2039.3,2059,2057,2028,2034,2041,2029,2075,2078,2038,2085,2018,2081,2048,2002,2031,1985,2031,2029,2033,2092,2017,2045,2044,2021,2018,2064,1994,2031,2037,2035
334.951,2288.8,2296,2298,2260,2268,2324,2288,2276,2295,2285,2262,2312,2334,2272,2264,2299,2281,2273,2314,2306,2242,2275,2304,2309,2296,2281,2278,2272,2316,2277,2306
335.274,2075.8,2055,2084,2075,2062,2089,2073,2061,2124,2104,2073,2076,2068,2074,2107,2063,2085,2035,2094,2060,2126,2061,2058,2093,2078,2038,2082,2039,2063,2105,2068
335.597,2343.3,2332,2354,2337,2356,2384,2341,2371,2357,2310,2316,2309,2317,2314,2333,2347,2336,2318,2298,2356,2376,2345,2347,2346,2364,2389,2343,2329,2351,2349,2373
335.920,2380.1,2388,2388,2405,2351,2360,2359,2393,2391,2382,2405,2357,2395,2387,2372,2370,2425,2356,2363,2390,2376,2395,2337,2407,2368,2378,2389,2392,2344,2399,2381
336.243,2405.7,2390,2394,2430,2373,2370,2430,2431,2422,2384,2438,2420,2396,2408,2443,2376,2390,2408,2402,2427,2448,2415,2380,2381,2377,2419,2440,2402,2368,2421,2388
336.566,2242.6,2180,2266,2262,2270,2278,2240,2234,2286,2234,2260,2232,2271,2237,2239,2239,2232,2218,2211,2190,2255,2267,2232,2280,2260,2237,2233,2251,2237,2229,2218
336.889,2180.2,2136,2179,2157,2131,2172,2161,2210,2180,2202,2150,2191,2198,2181,2159,2182,2171,2165,2230,2225,2187,2152,2185,2205,2215,2200,2178,2218,2152,2162,2171
337.212,2045.7,2037,2027,2053,2052,2055,2060,2071,2074,2040,2010,2037,2066,2008,2043,2057,2071,2064,2087,2062,2024,2040,2006,2017,2005,2024,2080,2051,2053,2057,2040
337.535,2070.1,2065,2092,2072,2091,2056,2086,2069,2109,2098,2093,2069,2018,2063,2029,2068,2094,2064,2073,2054,2056,2081,2061,2053,2066,2097,2072,2104,2083,2038,2028
337.859,2177.1,2201,2202,2149,2175,2186,2169,2175,2166,2145,2171,2201,2176,2135,2239,2173,2184,2157,2188,2156,2161,2192,2194,2120,2217,2184,2147,2195,2146,2192,2218
338.182,2164.2,2177,2166,2131,2150,2167,2162,2173,2168,2179,2164,2139,2175,2191,2161,2116,2160,2142,2155,2136,2184,2194,2196,2152,2171,2128,2154,2173,2210,2160,2193
338.505,2718.8,2753,2726,2678,2724,2700,2686,2724,2683,2747,2715,2713,2745,2706,2725,2701,2725,2763,2730,2705,2747,2744,2696,2739,2750,2714,2720,2713,2683,2686,2722
338.829,2346.6,2317,2365,2368,2340,2328,2324,2348,2340,2391,2349,2355,2357,2348,2312,2350,2360,2367,2342,2344,2376,2333,2317,2338,2344,2369,2357,2306,2372,2359,2323
339.152,2251.3,2208,2293,2239,2271,2238,2240,2229,2242,2283,2275,2295,2254,2248,2218,2221,2245,2255,2261,2251,2254,2229,2253,2262,2232,2256,2290,2213,2266,2248,2270
339.476,2200.3,2170,2232,2189,2211,2203,2206,2216,2206,2175,2228,2232,2205,2206,2169,2150,2203,2180,2198,2191,2260,2209,2179,2222,2213,2164,2184,2195,2191,2213,2208
339.799,2425.5,2379,2412,2478,2412,2421,2443,2448,2399,2419,2433,2415,2403,2405,2454,2467,2428,2498,2443,2397,2398,2397,2398,2418,2417,2442,2432,2433,2409,2466,2402
340.123,2152.8,2145,2133,2149,2145,2155,2136,2149,2133,2171,2156,2151,2168,2164,2136,2149,2150,2145,2168,2179,2177,2179,2184,2147,2168,2106,2149,2184,2147,2131,2130
340.446,2358.2,2333,2376,2334,2359,2355,2352,2348,2331,2385,2358,2386,2367,2367,2382,2367,2416,2341,2325,2335,2357,2413,2353,2337,2348,2328,2353,2383,2344,2374,2340
340.770,2106.8,2100,2105,2090,2132,2113,2111,2071,2098,2127,2123,2095,2092,2134,2089,2111,2104,2095,2105,2081,2134,2098,2119,2084,2103,2124,2108,2129,2116,2094,2120
341.093,2307.9,2283,2305,2308,2316,2310,2344,2337,2331,2290,2293,2333,2324,2312,2248,2322,2367,2322,2291,2290,2302,2295,2280,2275,2313,2318,2346,2316,2296,2296,2273
341.417,2208.7,2195,2194,2250,2178,2202,2223,2213,2211,2185,2172,2188,2199,2206,2196,2234,2221,2184,2195,2177,2200,2196,2224,2226,2221,2259,2231,2226,2244,2204,2207
341.741,2333.6,2292,2326,2348,2309,2325,2352,2340,2320,2351,2368,2346,2350,2312,2336,2340,2364,2342,2336,2356,2316,2294,2358,2312,2332,2341,2314,2347,2315,2345,2321
342.065,2203.3,2233,2197,2213,2180,2200,2234,2206,2175,2230,2218,2226,2184,2211,2155,2210,2178,2195,2205,2189,2178,2202,2187,2173,2233,2213,2227,2233,2192,2211,2211
342.388,2215.5,2186,2220,2257,2246,2211,2230,2247,2214,2221,2204,2217,2239,2206,2209,2225,2210,2232,2163,2185,2213,2196,2198,2210,2232,2226,2218,2202,2214,2207,2226
342.712,2464.0,2494,2436,2464,2522,2447,2445,2486,2490,2457,2440,2474,2440,2474,2468,2468,2460,2430,2468,2443,2456,2467,2468,2468,2478,2443,2469,2458,2472,2445,2489
343.036,2108.1,2098,2108,2125,2127,2123,2117,2127,2104,2094,2136,2073,2109,2114,2066,2074,2132,2124,2059,2115,2122,2081,2123,2109,2122,2106,2137,2122,2067,2106,2122
343.360,2604.1,2577,2595,2642,2597,2619,2605,2587,2625,2632,2598,2573,2591,2580,2609,2621,2636,2598,2604,2575,2626,2614,2579,2588,2574,2543,2631,2609,2619,2643,2634
343.684,2219.6,2209,2228,2207,2233,2180,2222,2235,2205,2234,2217,2221,2225,2243,2183,2221,2216,2233,2226,2227,2187,2232,2253,2209,2235,2192,2238,2213,2220,2238,2206
344.008,2134.9,2212,2130,2141,2121,2095,2147,2134,2122,2134,2156,2127,2165,2077,2118,2110,2133,2124,2131,2162,2115,2155,2120,2131,2152,2177,2116,2143,2141,2110,2147
344.332,2317.0,2296,2286,2315,2331,2324,2335,2342,2330,2315,2329,2305,2330,2309,2272,2317,2307,2299,2265,2297,2307,2330,2332,2321,2303,2388,2317,2372,2328,2315,2294
344.656,2029.0,2054,2034,2032,1997,2052,2024,2048,2024,2062,2038,2008,2033,2060,2045,2035,1985,2019,2009,2040,2045,2036,1993,2015,2018,2031,2062,2015,1985,2058,2013
344.980,2217.6,2216,2224,2213,2218,2229,2227,2227,2245,2239,2189,2197,2224,2243,2202,2182,2216,2196,2248,2230,2248,2208,2212,2186,2215,2222,2220,2202,2196,2241,2214
345.304,2596.1,2611,2628,2582,2577,2594,2578,2589,2601,2576,2585,2625,2614,2565,2620,2583,2607,2589,2619,2591,2605,2595,2584,2555,2587,2611,2610,2624,2611,2545,2622
345.628,2433.4,2424,2378,2443,2404,2450,2456,2433,2427,2447,2442,2448,2468,2399,2428,2422,2413,2434,2446,2440,2392,2429,2439,2444,2414,2428,2442,2457,2471,2416,2468
345.953,2369.7,2394,2380,2348,2343,2384,2340,2383,2364,2386,2381,2385,2387,2331,2385,2325,2377,2358,2337,2397,2389,2360,2358,2354,2432,2368,2405,2361,2355,2358,2367
346.277,2467.8,2472,2468,2443,2442,2464,2482,2501,2486,2489,2410,2458,2445,2441,2460,2438,2501,2472,2438,2453,2500,2485,2466,2472,2484,2476,2467,2500,2529,2446,2447
346.601,2389.1,2364,2414,2401,2434,2407,2385,2391,2435,2388,2406,2377,2395,2403,2387,2375,2349,2341,2357,2382,2412,2363,2372,2421,2367,2411,2354,2412,2440,2349,2381
346.925,2330.3,2329,2342,2330,2361,2392,2352,2345,2342,2362,2324,2318,2353,2316,2327,2297,2342,2317,2313,2315,2331,2337,2299,2321,2274,2314,2324,2303,2330,2388,2312
347.250,1910.1,1920,1906,1901,1925,1908,1901,1944,1942,1874,1928,1920,1942,1908,1909,1897,1926,1889,1874,1909,1905,1880,1939,1916,1907,1913,1906,1934,1896,1907,1878
347.574,2246.3,2240,2237,2242,2216,2216,2268,2292,2284,2236,2281,2233,2249,2232,2259,2253,2260,2234,2262,2225,2276,2234,2198,2272,2242,2243,2278,2238,2238,2264,2187
347.899,2246.3,2247,2227,2280,2265,2261,2278,2235,2245,2229,2241,2226,2269,2239,2261,2250,2252,2243,2246,2242,2212,2241,2243,2262,2235,2239,2254,2244,2241,2245,2237
348.223,2304.6,2299,2294,2329,2286,2312,2351,2320,2283,2260,2266,2298,2270,2313,2287,2340,2322,2334,2297,2340,2316,2336,2302,2281,2285,2302,2269,2283,2324,2328,2312
348.548,2466.6,2433,2474,2454,2486,2476,2518,2489,2449,2472,2429,2477,2466,2475,2421,2476,2488,2515,2536,2472,2472,2422,2474,2471,2480,2457,2433,2468,2449,2462,2403
348.872,2210.8,2214,2207,2186,2229,2187,2219,2234,2226,2182,2198,2209,2224,2173,2217,2238,2246,2213,2175,2226,2221,2245,2218,2197,2184,2232,2221,2222,2178,2213,2190
349.197,2269.9,2258,2264,2256,2280,2278,2263,2259,2296,2256,2277,2294,2265,2279,2228,2238,2286,2293,2279,2271,2277,2233,2283,2260,2296,2239,2250,2281,2250,2283,2324
349.521,2913.5,2921,2933,2928,2881,2908,2941,2894,2928,2929,2882,2861,2914,2889,2928,2934,2931,2912,2953,2900,2908,2915,2928,2908,2890,2867,2891,2937,2897,2948,2948
349.846,2236.3,2236,2200,2233,2232,2206,2260,2230,2258,2225,2245,2244,2266,2211,2222,2240,2192,2274,2242,2252,2259,2257,2202,2238,2260,2225,2211,2233,2238,2244,2254
350.171,2452.7,2416,2442,2525,2493,2466,2458,2491,2468,2456,2477,2459,2449,2476,2391,2443,2417,2465,2448,2427,2470,2415,2463,2454,2441,2473,2400,2429,2473,2463,2432
350.495,2181.5,2193,2214,2167,2206,2177,2189,2188,2141,2187,2195,2143,2148,2197,2169,2185,2157,2202,2182,2168,2191,2183,2206,2180,2160,2223,2184,2210,2171,2174,2155
350.820,2351.0,2389,2328,2349,2343,2328,2352,2351,2340,2354,2371,2346,2366,2329,2380,2367,2380,2331,2351,2360,2360,2338,2366,2326,2343,2344,2330,2348,2365,2358,2336
351.145,2148.7,2140,2141,2135,2154,2204,2161,2138,2129,2162,2148,2155,2148,2147,2165,2148,2118,2128,2163,2168,2135,2133,2176,2152,2150,2136,2138,2162,2155,2130,2143
351.470,2151.4,2150,2122,2150,2130,2132,2191,2178,2168,2152,2132,2121,2188,2159,2137,2141,2156,2152,2159,2165,2191,2142,2145,2145,2178,2143,2145,2152,2131,2133,2155
351.795,2376.7,2387,2393,2374,2399,2382,2383,2357,2366,2390,2365,2351,2338,2361,2377,2358,2353,2381,2345,2383,2353,2399,2372,2376,2391,2377,2405,2402,2389,2360,2433
352.120,2224.3,2229,2222,2217,2212,2230,2206,2204,2200,2217,2212,2248,2235,2226,2204,2277,2223,2229,2225,2224,2265,2197,2229,2238,2196,2185,2229,2248,2241,2219,2242
352.445,2516.6,2510,2497,2504,2542,2517,2496,2536,2528,2534,2530,2524,2474,2522,2502,2549,2495,2474,2522,2495,2526,2565,2515,2518,2529,2528,2499,2500,2547,2485,2534
352.770,2300.6,2290,2338,2285,2268,2289,2285,2326,2294,2294,2304,2293,2274,2315,2272,2321,2304,2279,2326,2322,2320,2307,2305,2298,2312,2312,2285,2274,2288,2304,2335
353.095,2221.1,2229,2234,2216,2230,2201,2228,2235,2238,2216,2214,2220,2229,2174,2243,2238,2229,2218,2202,2197,2250,2186,2211,2201,2230,2230,2223,2215,2246,2193,2258
353.420,2380.6,2394,2379,2378,2373,2336,2362,2385,2364,2395,2431,2399,2406,2382,2395,2388,2386,2337,2424,2412,2414,2341,2353,2376,2386,2369,2360,2357,2353,2376,2408
353.745,2526.2,2539,2507,2550,2564,2519,2517,2534,2531,2509,2536,2498,2548,2545,2538,2498,2531,2503,2530,2552,2494,2566,2540,2540,2500,2486,2531,2501,2537,2520,2523
354.070,2254.5,2237,2241,2273,2249,2249,2231,2239,2257,2239,2235,2277,2243,2259,2275,2255,2249,2223,2268,2290,2247,2289,2267,2243,2253,2260,2249,2282,2259,2246,2252
354.395,2143.1,2150,2105,2119,2156,2115,2170,2147,2143,2174,2169,2145,2159,2176,2153,2112,2125,2133,2103,2150,2168,2142,2134,2149,2157,2136,2168,2126,2152,2108,2150
354.720,2137.7,2177,2154,2124,2133,2149,2101,2141,2120,2135,2143,2111,2113,2140,2176,2175,2128,2145,2124,2150,2106,2141,2134,2142,2115,2159,2127,2140,2136,2132,2160
355.046,2066.2,2017,2121,2048,2062,2077,2072,2092,2067,2052,2054,2092,2079,2093,2087,2048,2042,2057,2104,2082,2063,2078,2035,2031,2047,2065,2058,2066,2053,2065,2078
355.371,2317.0,2332,2356,2340,2335,2324,2316,2322,2298,2309,2351,2324,2275,2344,2321,2342,2307,2351,2316,2316,2337,2267,2292,2314,2318,2294,2303,2329,2300,2274,2303
355.696,2038.4,2033,2033,2001,2038,2037,2053,2018,2024,2036,2051,2070,2028,2058,2044,2040,2054,2013,2005,2086,2027,2013,2062,2030,2046,2036,2058,2070,2042,2025,2020
356.022,2102.4,2126,2078,2088,2072,2106,2098,2116,2071,2094,2085,2098,2082,2093,2104,2091,2108,2107,2134,2081,2148,2111,2113,2114,2084,2138,2066,2101,2097,2138,2131
356.347,2426.4,2426,2434,2409,2457,2397,2438,2409,2424,2419,2426,2427,2430,2447,2405,2392,2444,2426,2445,2427,2418,2448,2434,2395,2406,2436,2395,2445,2453,2447,2433
356.673,2257.3,2235,2222,2287,2256,2264,2224,2242,2264,2282,2237,2258,2264,2294,2271,2269,2274,2253,2225,2281,2231,2275,2258,2249,2254,2280,2282,2241,2238,2255,2253
356.998,2171.2,2173,2165,2174,2189,2164,2174,2176,2194,2195,2170,2177,2165,2182,2211,2168,2168,2116,2185,2180,2159,2200,2183,2188,2134,2152,2168,2166,2156,2151,2153
357.324,2422.4,2387,2418,2402,2456,2444,2440,2440,2421,2410,2403,2412,2428,2388,2391,2447,2467,2452,2400,2422,2405,2421,2443,2410,2415,2438,2424,2436,2393,2441,2417
357.649,2475.3,2470,2459,2447,2500,2461,2495,2462,2492,2459,2483,2476,2481,2498,2514,2431,2472,2467,2512,2462,2495,2460,2484,2502,2505,2492,2473,2481,2464,2429,2434
357.975,2407.0,2430,2432,2415,2381,2399,2407,2411,2376,2430,2428,2401,2424,2393,2412,2416,2440,2394,2408,2386,2416,2406,2419,2421,2416,2438,2379,2398,2361,2382,2392
358.300,2065.1,2077,2088,2045,2065,2080,2052,2072,2025,2062,2080,2081,2056,2084,2059,2052,2061,2071,2072,2116,2086,2045,2065,2062,2056,2066,2053,2056,2041,2071,2053
358.626,2661.8,2671,2655,2701,2707,2628,2701,2613,2664,2660,2678,2640,2686,2715,2660,2623,2655,2661,2699,2671,2703,2624,2646,2620,2628,2705,2658,2666,2664,2593,2660
358.952,2285.3,2252,2332,2289,2305,2281,2305,2305,2287,2297,2255,2248,2292,2243,2312,2259,2301,2245,2293,2279,2297,2302,2301,2298,2275,2294,2315,2301,2287,2243,2265
359.277,2265.5,2270,2235,2244,2266,2268,2254,2316,2258,2264,2298,2250,2281,2286,2281,2293,2255,2266,2275,2266,2259,2265,2277,2195,2293,2230,2298,2211,2284,2262,2266
359.603,2132.8,2146,2098,2125,2128,2180,2137,2161,2149,2150,2128,2102,2131,2121,2137,2158,2152,2107,2130,2144,2150,2150,2112,2138,2119,2139,2107,2150,2089,2101,2146
359.929,2267.9,2274,2271,2247,2283,2235,2216,2265,2261,2298,2300,2264,2312,2257,2244,2266,2269,2264,2250,2315,2252,2258,2280,2285,2261,2284,2275,2266,2294,2248,2244
360.255,2341.6,2365,2320,2328,2333,2366,2329,2385,2323,2360,2350,2319,2321,2330,2353,2328,2352,2326,2339,2332,2332,2372,2377,2300,2373,2338,2343,2344,2360,2350,2301
360.581,2729.9,2706,2728,2729,2746,2669,2754,2737,2721,2728,2741,2739,2722,2682,2739,2715,2719,2747,2744,2750,2708,2723,2773,2726,2724,2748,2728,2731,2743,2747,2731
360.907,2288.2,2275,2296,2274,2293,2269,2301,2283,2277,2274,2276,2240,2274,2282,2270,2280,2258,2268,2284,2298,2328,2329,2303,2324,2288,2302,2260,2344,2291,2274,2331
361.233,2190.6,2158,2242,2216,2200,2191,2194,2206,2206,2220,2216,2125,2182,2173,2162,2173,2167,2182,2194,2195,2214,2172,2164,2192,2167,2208,2197,2218,2227,2175,2182
361.559,1984.9,1977,1970,1968,1998,1984,2019,1993,1993,2043,1951,2006,1976,1988,2014,1976,1957,1963,1976,2011,1958,1988,1977,1968,2000,1997,1997,1995,1961,1976,1967
361.885,2249.2,2278,2216,2273,2251,2204,2253,2248,2240,2232,2284,2245,2210,2270,2251,2239,2262,2232,2248,2243,2270,2202,2272,2273,2241,2232,2251,2266,2252,2274,2263
362.211,2293.2,2309,2321,2278,2301,2316,2284,2281,2281,2284,2275,2275,2314,2298,2269,2274,2277,2310,2298,2318,2274,2281,2265,2316,2313,2274,2299,2321,2331,2267,2293
362.537,2103.9,2123,2123,2105,2093,2088,2110,2097,2112,2107,2090,2120,2088,2116,2107,2104,2068,2111,2103,2086,2127,2099,2090,2115,2090,2117,2102,2092,2098,2100,2136
362.863,2203.2,2184,2230,2171,2210,2214,2189,2226,2240,2189,2179,2207,2236,2195,2189,2209,2216,2188,2188,2235,2183,2182,2191,2239,2227,2205,2178,2213,2195,2199,2189
363.189,2658.0,2653,2673,2672,2654,2685,2665,2674,2699,2660,2678,2654,2648,2650,2658,2643,2656,2676,2657,2635,2680,2641,2666,2614,2643,2647,2668,2628,2653,2686,2623
363.516,2355.6,2360,2338,2372,2392,2340,2378,2388,2387,2367,2360,2356,2389,2324,2360,2336,2357,2318,2361,2329,2303,2328,2376,2305,2405,2339,2353,2363,2377,2342,2365
363.842,2501.5,2483,2535,2472,2495,2493,2506,2472,2540,2509,2486,2502,2504,2493,2508,2555,2509,2500,2499,2529,2489,2485,2489,2481,2494,2426,2515,2540,2532,2528,2477
364.168,2481.5,2493,2460,2505,2498,2466,2478,2441,2459,2473,2527,2500,2501,2488,2479,2478,2499,2467,2506,2488,2478,2467,2502,2462,2467,2440,2498,2466,2494,2476,2490
364.494,2384.2,2418,2379,2362,2382,2364,2370,2360,2372,2422,2353,2353,2388,2378,2392,2393,2413,2383,2386,2414,2368,2404,2362,2391,2399,2403,2372,2387,2393,2394,2372
364.821,2111.2,2078,2114,2134,2123,2097,2150,2068,2098,2138,2124,2126,2094,2109,2124,2093,2116,2099,2090,2122,2101,2133,2083,2119,2141,2099,2122,2144,2114,2113,2070
365.147,2316.2,2270,2292,2340,2292,2351,2276,2329,2283,2334,2323,2280,2292,2331,2293,2319,2316,2290,2349,2383,2305,2318,2351,2321,2322,2331,2332,2319,2290,2316,2338
365.474,2032.2,2018,2040,2054,2045,2022,2047,2033,1994,2063,2009,2024,2010,2045,2028,2036,2060,2029,1992,2011,2017,2025,2059,2041,2040,2042,2040,2010,2080,2043,2008
365.800,2479.9,2458,2520,2488,2487,2438,2500,2434,2496,2477,2495,2501,2492,2478,2480,2458,2470,2449,2467,2493,2455,2459,2490,2521,2476,2497,2447,2513,2432,2489,2536
366.127,2367.5,2390,2365,2366,2338,2376,2347,2376,2389,2371,2409,2350,2371,2374,2368,2384,2358,2338,2353,2361,2347,2403,2383,2362,2367,2377,2376,2350,2357,2352,2366
366.453,2434.0,2432,2459,2444,2441,2437,2468,2398,2456,2445,2432,2412,2366,2460,2436,2426,2446,2448,2416,2456,2443,2394,2435,2441,2444,2426,2473,2417,2426,2430,2414
366.780,2347.5,2353,2320,2338,2307,2368,2337,2347,2320,2410,2351,2371,2392,2316,2339,2351,2319,2397,2305,2331,2337,2389,2335,2299,2364,2353,2318,2361,2367,2360,2371
367.106,2446.0,2467,2423,2456,2491,2436,2436,2449,2450,2435,2399,2453,2461,2490,2461,2421,2459,2410,2447,2419,2457,2438,2452,2456,2424,2450,2453,2463,2461,2449,2415
367.433,2347.2,2318,2379,2389,2340,2359,2348,2361,2328,2331,2364,2338,2353,2361,2344,2360,2342,2338,2302,2374,2367,2373,2336,2318,2367,2324,2364,2314,2323,2340,2362
367.760,1979.6,1941,1969,1960,1991,1978,1989,2032,1989,1978,1999,1969,1996,1958,1992,1951,1993,1986,2000,1964,1982,1962,1968,2009,1988,1970,1961,1987,2003,1972,1950
368.086,2386.9,2420,2386,2417,2373,2346,2370,2404,2396,2394,2368,2388,2446,2386,2355,2394,2360,2381,2388,2380,2364,2400,2362,2392,2402,2407,2383,2398,2411,2372,2365
368.413,2159.8,2179,2188,2125,2153,2137,2142,2180,2160,2209,2170,2181,2168,2122,2163,2112,2143,2168,2145,2122,2185,2176,2120,2191,2182,2148,2140,2161,2173,2150,2202
368.740,2477.1,2468,2504,2478,2459,2499,2472,2464,2488,2496,2472,2472,2483,2478,2461,2472,2453,2494,2462,2456,2490,2492,2498,2465,2520,2475,2472,2446,2455,2482,2488
369.067,2103.2,2110,2080,2115,2078,2141,2109,2085,2122,2122,2094,2112,2101,2100,2122,2105,2089,2071,2073,2102,2121,2088,2080,2070,2114,2108,2126,2101,2125,2115,2117
369.394,2655.9,2657,2683,2688,2611,2615,2684,2643,2616,2665,2656,2657,2644,2703,2681,2646,2675,2641,2634,2617,2673,2661,2656,2676,2645,2677,2634,2622,2677,2637,2702
369.721,2466.8,2466,2520,2459,2467,2476,2460,2465,2452,2437,2453,2485,2494,2452,2385,2473,2465,2453,2447,2474,2441,2435,2472,2460,2479,2481,2505,2489,2459,2495,2505
370.048,6361.9,6410,6320,6385,6341,6355,6381,6359,6348,6387,6375,6418,6390,6424,6353,6403,6429,6415,6356,6394,6296,6372,6245,6310,6335,6284,6364,6328,6320,6412,6347
370.375,2166.6,2175,2126,2165,2197,2152,2195,2160,2174,2129,2166,2198,2189,2192,2145,2175,2143,2143,2162,2194,2177,2144,2187,2132,2151,2168,2173,2180,2164,2168,2173
370.702,2124.3,2138,2111,2116,2108,2085,2125,2081,2138,2122,2108,2122,2111,2140,2126,2124,2120,2122,2134,2102,2088,2120,2185,2154,2138,2149,2152,2155,2112,2116,2128
371.029,1992.4,1972,1993,1976,1980,2015,2021,1976,1982,2001,1978,2007,1964,1983,1987,1972,1987,1987,1987,2004,1994,1990,1996,2025,1971,2004,1993,2033,1991,1971,2032
371.356,2266.0,2285,2274,2280,2283,2290,2298,2228,2297,2254,2289,2290,2296,2228,2255,2265,2244,2268,2264,2276,2254,2233,2286,2299,2236,2234,2269,2268,2207,2308,2222
371.683,2245.3,2278,2250,2261,2233,2253,2249,2244,2226,2232,2276,2273,2203,2225,2282,2216,2246,2230,2241,2223,2263,2244,2209,2296,2225,2237,2248,2277,2241,2243,2235
372.010,2569.1,2569,2565,2552,2521,2563,2568,2563,2556,2576,2565,2586,2603,2572,2541,2568,2575,2572,2554,2548,2586,2588,2534,2612,2590,2584,2565,2588,2573,2557,2580
372.337,1987.8,1990,1976,1990,1970,2005,1957,1980,1948,2003,1947,1990,1987,1981,1965,1983,1989,1965,2001,2000,2007,2006,1977,1998,2006,1986,2016,2011,2002,2006,1992
372.665,2577.3,2560,2541,2590,2577,2576,2556,2582,2559,2597,2540,2580,2565,2581,2577,2558,2604,2594,2586,2581,2574,2581,2552,2578,2596,2587,2602,2546,2603,2611,2586
372.992,2313.7,2296,2302,2304,2314,2292,2330,2311,2278,2304,2312,2335,2315,2330,2303,2342,2279,2284,2290,2340,2314,2347,2312,2296,2337,2330,2297,2333,2325,2318,2341
373.319,2081.1,2060,2130,2080,2101,2084,2101,2058,2098,2048,2064,2073,2108,2044,2047,2119,2088,2085,2103,2099,2084,2068,2090,2078,2090,2044,2066,2093,2095,2055,2080
373.647,2083.0,2078,2084,2084,2096,2080,2072,2071,2127,2088,2068,2076,2107,2097,2092,2083,2104,2062,2042,2061,2080,2119,2125,2101,2068,2040,2089,2057,2074,2099,2066
373.974,2189.6,2164,2137,2207,2196,2215,2180,2130,2203,2217,2181,2197,2207,2170,2207,2199,2211,2218,2188,2171,2202,2246,2173,2180,2180,2195,2162,2198,2196,2149,2208
374.301,2253.6,2230,2281,2263,2267,2262,2202,2244,2294,2258,2223,2270,2245,2228,2218,2255,2270,2252,2226,2239,2265,2283,2261,2274,2289,2255,2244,2270,2233,2244,2264
374.629,2296.5,2293,2246,2302,2334,2310,2275,2285,2315,2302,2289,2291,2324,2310,2309,2260,2317,2313,2282,2284,2271,2286,2311,2278,2343,2297,2298,2304,2270,2301,2295
374.956,2423.6,2410,2416,2494,2437,2478,2401,2397,2397,2389,2437,2413,2413,2443,2416,2401,2442,2422,2404,2399,2410,2408,2419,2408,2424,2445,2458,2414,2431,2462,2420
375.284,2193.7,2170,2214,2155,2195,2184,2183,2196,2191,2214,2224,2198,2216,2182,2210,2178,2195,2172,2218,2172,2218,2187,2181,2187,2171,2224,2192,2170,2220,2174,2221
375.612,2334.5,2316,2333,2323,2352,2381,2346,2323,2284,2335,2321,2330,2343,2340,2339,2344,2325,2325,2363,2367,2317,2306,2357,2333,2328,2309,2347,2372,2348,2296,2331
375.939,2621.7,2587,2641,2627,2601,2561,2599,2604,2622,2644,2657,2650,2633,2637,2659,2683,2560,2598,2664,2598,2606,2588,2689,2609,2620,2603,2636,2627,2637,2602,2608
376.267,1984.8,1962,1959,1982,1953,1972,1982,2015,2009,1997,1992,2016,1932,1954,1999,2002,1991,1999,2008,1967,1999,1982,1966,2018,1970,2006,1973,2001,1980,1969,1990
376.594,1825.4,1807,1790,1799,1802,1802,1804,1825,1862,1820,1805,1832,1822,1816,1826,1835,1796,1889,1852,1851,1814,1792,1836,1826,1825,1829,1849,1843,1837,1848,1828
376.922,2412.4,2410,2420,2411,2450,2424,2398,2395,2405,2448,2412,2432,2418,2403,2390,2403,2400,2414,2450,2408,2427,2434,2398,2392,2399,2368,2415,2393,2422,2389,2445
377.250,2260.3,2271,2272,2283,2297,2251,2267,2232,2274,2282,2236,2238,2253,2271,2235,2259,2275,2297,2261,2238,2271,2239,2264,2266,2265,2243,2245,2261,2284,2218,2260
377.578,2316.5,2299,2324,2336,2330,2351,2309,2296,2280,2320,2329,2303,2293,2331,2298,2308,2306,2321,2376,2287,2304,2266,2328,2302,2318,2332,2331,2324,2327,2314,2351
377.906,2253.6,2261,2246,2241,2285,2236,2220,2250,2274,2277,2250,2275,2238,2255,2235,2278,2236,2242,2241,2233,2230,2276,2249,2238,2288,2245,2258,2272,2259,2268,2252
378.233,2420.1,2434,2425,2398,2393,2465,2427,2399,2439,2415,2436,2454,2384,2437,2433,2411,2399,2396,2448,2425,2440,2397,2424,2402,2412,2401,2463,2397,2434,2430,2385
378.561,2203.5,2229,2198,2175,2183,2206,2236,2209,2186,2204,2205,2184,2211,2217,2164,2228,2186,2186,2216,2208,2211,2216,2212,2207,2197,2248,2221,2181,2166,2214,2200
378.889,2101.8,2089,2085,2128,2101,2093,2131,2102,2152,2077,2095,2081,2079,2109,2098,2117,2096,2122,2083,2113,2096,2112,2119,2093,2123,2113,2095,2086,2090,2100,2076
379.217,2222.6,2238,2228,2197,2162,2208,2264,2222,2253,2232,2232,2184,2218,2199,2223,2206,2255,2217,2239,2209,2217,2228,2266,2197,2229,2236,2291,2173,2224,2207,2223
379.545,2466.9,2424,2472,2472,2428,2482,2446,2464,2487,2457,2459,2453,2463,2493,2469,2497,2473,2452,2502,2475,2464,2500,2480,2449,2456,2456,2488,2473,2505,2434,2434
379.873,2339.8,2345,2332,2340,2354,2318,2316,2339,2326,2341,2318,2351,2392,2376,2314,2341,2338,2320,2311,2325,2340,2327,2344,2345,2390,2325,2358,2363,2341,2332,2331
380.201,1984.6,2015,2033,1988,1976,1960,1983,1983,1997,1974,1995,1972,1941,2008,2007,1979,1994,1980,1962,1984,1960,1988,2001,1961,1996,1990,1994,2011,1952,1968,1985
380.529,2281.2,2303,2295,2290,2243,2307,2258,2247,2296,2317,2307,2272,2311,2260,2289,2300,2304,2271,2240,2291,2222,2286,2268,2253,2315,2289,2309,2276,2272,2286,2260
380.858,2305.4,2316,2242,2318,2345,2271,2316,2306,2290,2291,2288,2325,2292,2360,2303,2306,2285,2301,2305,2244,2308,2332,2283,2335,2283,2312,2309,2352,2305,2317,2323
381.186,2186.1,2198,2207,2222,2186,2191,2227,2152,2147,2196,2216,2200,2184,2185,2177,2219,2206,2217,2173,2180,2145,2194,2192,2157,2184,2174,2189,2191,2182,2201,2092
381.514,2156.7,2147,2187,2172,2189,2155,2116,2149,2149,2160,2149,2204,2161,2165,2186,2154,2128,2167,2150,2136,2145,2174,2109,2178,2136,2128,2181,2180,2152,2145,2148
381.842,2147.7,2165,2133,2177,2141,2139,2163,2136,2136,2135,2107,2148,2152,2142,2160,2149,2168,2148,2151,2154,2123,2147,2135,2133,2142,2158,2153,2188,2144,2172,2131
382.171,2192.0,2200,2139,2182,2198,2209,2182,2215,2146,2218,2186,2208,2211,2197,2213,2213,2162,2177,2191,2174,2138,2218,2213,2168,2200,2219,2197,2206,2206,2179,2194
382.499,2208.0,2211,2204,2237,2225,2251,2206,2134,2195,2236,2235,2260,2190,2216,2198,2246,2190,2179,2204,2226,2184,2209,2186,2209,2236,2206,2216,2177,2223,2189,2162
382.827,2321.6,2332,2349,2311,2304,2329,2366,2278,2379,2329,2303,2328,2296,2341,2322,2317,2301,2304,2301,2318,2298,2342,2309,2340,2346,2323,2328,2313,2326,2287,2327
383.156,2145.3,2146,2124,2176,2126,2154,2136,2158,2149,2161,2141,2175,2143,2108,2138,2117,2157,2134,2178,2194,2131,2153,2154,2119,2138,2157,2131,2123,2132,2152,2154
383.484,2052.0,2048,2069,2056,2077,2057,2052,2050,2038,2060,2064,2068,2030,2037,2070,2086,2026,2066,2048,2047,2037,2075,2035,2029,2019,2054,2037,2062,2063,2069,2031
383.813,2410.1,2434,2419,2373,2404,2429,2430,2405,2411,2390,2415,2416,2414,2461,2414,2381,2395,2376,2404,2429,2416,2406,2384,2409,2401,2369,2398,2405,2456,2416,2444
384.141,3504.6,3505,3473,3539,3517,3485,3541,3550,3475,3490,3524,3497,3500,3493,3513,3519,3472,3484,3518,3466,3525,3545,3470,3536,3491,3497,3529,3474,3506,3510,3494
384.470,2401.8,2405,2450,2400,2397,2368,2398,2447,2376,2381,2406,2390,2430,2418,2392,2446,2408,2393,2415,2393,2399,2388,2392,2373,2426,2381,2395,2366,2411,2416,2393
384.798,2003.9,1990,1992,1997,1997,1996,1981,2015,2000,1985,1993,2021,2017,2014,2047,1984,2001,2026,2023,1990,1961,1990,2019,1994,1988,1998,2005,2009,2035,2038,2010
385.127,2215.5,2228,2223,2191,2188,2255,2206,2193,2241,2212,2223,2162,2211,2223,2240,2227,2198,2222,2180,2210,2210,2248,2205,2221,2210,2222,2220,2259,2197,2206,2235
385.456,2452.6,2449,2443,2465,2476,2488,2454,2435,2456,2432,2462,2427,2446,2454,2421,2438,2436,2467,2475,2395,2456,2480,2489,2434,2432,2461,2460,2461,2506,2448,2432
385.784,2402.8,2393,2416,2419,2394,2421,2371,2428,2444,2420,2388,2392,2415,2395,2402,2404,2382,2410,2409,2379,2398,2432,2372,2364,2375,2416,2389,2392,2413,2399,2451
386.113,2455.4,2454,2458,2443,2436,2467,2445,2442,2491,2445,2468,2472,2489,2449,2453,2482,2435,2442,2457,2465,2436,2431,2488,2488,2403,2487,2456,2433,2474,2456,2417
386.442,2287.2,2271,2273,2292,2307,2291,2273,2292,2247,2275,2254,2281,2290,2276,2314,2309,2318,2303,2259,2292,2272,2301,2253,2363,2341,2309,2301,2216,2314,2241,2287
386.771,2108.7,2117,2063,2109,2107,2073,2102,2122,2149,2107,2153,2118,2146,2095,2094,2123,2080,2108,2074,2120,2091,2108,2116,2093,2136,2147,2126,2076,2084,2131,2092
387.099,2076.3,2089,2104,2069,2072,2085,2081,2067,2065,2067,2093,2086,2082,2088,2070,2048,2076,2114,2084,2020,2068,2074,2084,2056,2092,2070,2069,2079,2113,2042,2081
387.428,2197.7,2197,2200,2235,2201,2174,2173,2207,2176,2176,2224,2224,2201,2187,2206,2200,2196,2214,2178,2194,2200,2207,2149,2202,2199,2190,2214,2191,2222,2186,2207
387.757,2207.9,2216,2207,2210,2197,2211,2189,2195,2238,2210,2225,2189,2174,2219,2185,2243,2180,2230,2212,2225,2207,2216,2220,2231,2220,2189,2198,2221,2190,2216,2175
388.086,2659.0,2631,2672,2609,2667,2676,2695,2624,2675,2674,2666,2652,2651,2689,2646,2665,2648,2645,2660,2669,2642,2661,2662,2712,2654,2648,2638,2621,2688,2668,2662
388.415,2338.4,2345,2328,2324,2322,2330,2366,2362,2332,2350,2333,2362,2328,2353,2318,2356,2353,2312,2368,2337,2335,2309,2343,2292,2392,2295,2324,2364,2351,2325,2344
388.744,2410.3,2425,2421,2403,2387,2431,2384,2387,2423,2429,2368,2408,2401,2390,2388,2430,2410,2400,2422,2412,2445,2460,2414,2391,2362,2442,2436,2396,2426,2410,2408
389.073,2313.4,2284,2303,2309,2316,2275,2337,2261,2278,2313,2333,2341,2366,2308,2321,2276,2319,2328,2382,2336,2300,2288,2308,2283,2353,2318,2314,2328,2316,2290,2318
389.402,2152.7,2182,2158,2153,2174,2164,2124,2174,2150,2156,2137,2179,2101,2146,2175,2129,2113,2162,2141,2162,2120,2177,2166,2161,2172,2192,2178,2143,2152,2115,2124
389.731,2285.0,2305,2305,2307,2265,2272,2283,2325,2261,2281,2293,2306,2285,2278,2242,2252,2275,2316,2239,2278,2329,2247,2330,2320,2281,2282,2269,2290,2296,2266,2273
390.061,2483.4,2458,2451,2444,2489,2455,2486,2463,2457,2495,2555,2487,2441,2481,2507,2495,2549,2495,2456,2466,2507,2469,2506,2488,2501,2487,2506,2480,2476,2480,2472
390.390,2254.2,2246,2270,2254,2203,2197,2239,2257,2251,2256,2280,2265,2238,2273,2278,2233,2232,2256,2235,2233,2282,2229,2243,2270,2266,2244,2292,2248,2279,2277,2300
390.719,2235.9,2249,2197,2234,2248,2215,2219,2226,2277,2251,2235,2253,2215,2224,2237,2280,2247,2247,2237,2232,2253,2245,2230,2201,2255,2226,2213,2262,2201,2241,2228
391.048,2300.8,2280,2312,2317,2318,2289,2296,2320,2301,2266,2315,2333,2273,2267,2293,2288,2310,2319,2263,2306,2299,2307,2330,2348,2290,2275,2293,2313,2303,2304,2296
391.377,2111.9,2103,2118,2140,2123,2102,2123,2088,2108,2119,2088,2132,2104,2137,2116,2120,2099,2117,2108,2119,2102,2096,2116,2107,2139,2099,2056,2094,2120,2121,2144
391.707,2215.2,2223,2231,2231,2234,2181,2235,2197,2238,2248,2241,2227,2179,2196,2234,2226,2191,2184,2254,2225,2222,2211,2234,2195,2234,2160,2244,2164,2212,2248,2156
392.036,2115.3,2116,2170,2129,2117,2084,2124,2115,2124,2093,2097,2124,2116,2088,2149,2126,2073,2096,2136,2110,2129,2116,2104,2162,2098,2090,2121,2099,2149,2123,2081
392.366,2268.9,2258,2266,2272,2242,2267,2245,2260,2298,2282,2275,2226,2271,2311,2258,2284,2282,2294,2296,2261,2240,2269,2248,2286,2269,2280,2271,2266,2265,2284,2241
392.695,2111.5,2101,2072,2117,2108,2080,2094,2125,2108,2101,2095,2083,2085,2148,2108,2131,2121,2152,2138,2147,2118,2135,2131,2068,2125,2112,2105,2092,2093,2097,2155
393.025,2416.7,2404,2416,2434,2411,2407,2418,2434,2452,2427,2401,2381,2433,2427,2428,2411,2440,2396,2426,2430,2391,2439,2416,2400,2430,2452,2422,2377,2396,2418,2383
393.354,2343.7,2346,2329,2328,2367,2328,2360,2322,2347,2324,2324,2377,2349,2351,2312,2387,2357,2344,2307,2324,2348,2353,2350,2342,2354,2315,2379,2360,2367,2341,2319
393.684,2071.2,2079,2089,2064,2080,2066,2082,2089,2066,2049,2036,2067,2072,2084,2056,2093,2060,2072,2082,2045,2083,2056,2075,2078,2082,2027,2110,2060,2070,2057,2108
394.013,2445.5,2475,2468,2478,2466,2436,2418,2460,2462,2416,2419,2459,2456,2461,2441,2435,2438,2464,2448,2420,2434,2454,2456,2455,2441,2464,2454,2428,2414,2400,2444
394.343,2159.3,2154,2176,2151,2172,2160,2137,2114,2173,2195,2143,2148,2162,2165,2160,2161,2181,2172,2109,2160,2189,2163,2191,2173,2140,2154,2152,2177,2150,2152,2144
394.672,2066.6,2070,2010,2077,2059,2080,2093,2072,2054,2078,2037,2070,2028,2091,2093,2112,2045,2058,2083,2053,2045,2065,2074,2078,2060,2050,2076,2075,2057,2061,2093
395.002,1950.4,1936,1964,1930,1956,1971,1969,1949,1950,1957,1946,1967,2003,1957,1925,1962,1929,1974,1930,1948,1976,1914,1948,1955,1942,1926,1981,1909,1962,1925,1950
395.332,2239.3,2256,2219,2204,2216,2209,2197,2248,2239,2244,2228,2205,2273,2243,2283,2247,2248,2252,2232,2249,2253,2216,2250,2218,2249,2261,2237,2237,2289,2256,2220
395.662,1930.8,1916,1916,1939,1908,1928,1926,1954,1914,1915,1937,1940,1951,1904,1904,1912,1917,1934,1931,1962,1943,1961,1951,1902,1909,1930,1906,1946,1948,1940,1981
395.991,2278.3,2267,2289,2277,2299,2290,2267,2298,2265,2258,2216,2292,2284,2267,2252,2244,2296,2297,2280,2283,2279,2311,2265,2307,2277,2274,2257,2261,2286,2324,2287
396.321,2282.8,2328,2285,2307,2258,2270,2249,2290,2294,2296,2252,2338,2236,2261,2296,2319,2284,2262,2268,2305,2294,2249,2284,2294,2257,2251,2288,2303,2280,2299,2286
396.651,2372.6,2367,2382,2414,2372,2374,2374,2337,2366,2380,2345,2380,2400,2370,2393,2371,2370,2338,2375,2378,2386,2373,2396,2376,2367,2374,2412,2364,2361,2349,2334
396.981,2085.5,2120,2090,2074,2071,2043,2117,2085,2105,2086,2042,2126,2091,2092,2077,2070,2091,2091,2048,2115,2096,2078,2075,2111,2099,2067,2065,2078,2089,2118,2055
397.311,2459.3,2473,2436,2481,2469,2467,2441,2441,2456,2470,2457,2464,2477,2432,2470,2473,2433,2440,2422,2499,2440,2458,2488,2484,2466,2491,2463,2474,2436,2465,2414
397.641,2317.1,2322,2282,2319,2283,2339,2271,2295,2318,2345,2341,2299,2319,2283,2353,2339,2335,2324,2304,2347,2335,2310,2351,2355,2309,2257,2318,2313,2308,2340,2300
397.971,2122.5,2124,2154,2131,2110,2154,2144,2101,2099,2087,2149,2132,2081,2147,2136,2114,2137,2142,2093,2105,2152,2137,2129,2110,2137,2096,2111,2085,2139,2136,2103
398.301,2102.6,2124,2104,2115,2082,2175,2066,2117,2087,2063,2116,2113,2116,2136,2142,2116,2077,2061,2061,2058,2152,2101,2160,2091,2077,2077,2126,2064,2116,2085,2100
398.631,2076.4,2091,2056,2066,2076,2082,2061,2056,2090,2079,2106,2070,2060,2056,2084,2093,2070,2098,2054,2092,2053,2109,2098,2054,2064,2087,2082,2038,2107,2079,2081
398.961,2150.0,2174,2151,2187,2149,2131,2126,2178,2120,2182,2124,2127,2183,2146,2141,2148,2128,2169,2136,2122,2155,2152,2142,2170,2168,2141,2104,2188,2143,2152,2164
399.291,2199.4,2211,2227,2218,2143,2206,2199,2234,2172,2207,2223,2208,2187,2218,2208,2213,2199,2207,2185,2200,2216,2240,2206,2208,2166,2185,2214,2154,2192,2165,2172
399.621,2035.8,2040,2066,2041,2019,2052,2045,2029,2024,2026,2022,2041,2022,2045,2033,2025,2027,2038,2049,1999,2049,2041,2024,2034,2036,2046,2035,2045,2033,2048,2040
399.952,2306.6,2324,2293,2281,2292,2309,2344,2279,2308,2296,2281,2294,2280,2309,2281,2318,2280,2278,2314,2333,2312,2281,2325,2324,2314,2309,2357,2314,2332,2293,2342
400.282,2015.1,1978,1994,2037,2031,2006,2022,2038,2013,2014,2008,2027,2027,2006,2043,2021,2027,2050,2034,2027,1994,1994,1996,1981,2019,2022,1988,2009,2010,2018,2019
400.612,2269.7,2250,2291,2264,2286,2296,2232,2237,2233,2275,2274,2237,2280,2295,2254,2319,2243,2236,2288,2273,2265,2290,2265,2253,2256,2287,2323,2237,2281,2288,2282
400.943,2205.3,2235,2216,2190,2184,2205,2210,2243,2212,2181,2228,2201,2228,2214,2176,2193,2232,2199,2208,2182,2228,2198,2171,2225,2172,2218,2197,2186,2207,2202,2219
401.273,2129.9,2121,2130,2115,2118,2136,2160,2096,2138,2139,2136,2135,2081,2137,2120,2130,2111,2170,2145,2124,2158,2147,2100,2130,2133,2158,2154,2152,2115,2072,2136
401.603,2342.3,2352,2318,2344,2351,2316,2323,2377,2347,2347,2346,2320,2360,2374,2329,2354,2351,2332,2351,2302,2334,2333,2328,2363,2336,2353,2341,2360,2376,2340,2312
401.934,2081.2,2101,2109,2107,2057,2088,2084,2097,2098,2088,2114,2060,2122,2052,2090,2052,2085,2060,2083,2088,2045,2104,2029,2070,2076,2084,2113,2049,2054,2087,2091
402.264,2153.3,2162,2141,2175,2151,2144,2156,2146,2152,2143,2154,2148,2128,2185,2190,2201,2166,2116,2128,2187,2136,2166,2138,2178,2142,2099,2201,2127,2136,2131,2173
402.595,2022.3,2032,2015,2004,2001,2018,2032,2011,2056,2034,2041,2028,2059,1993,2018,1993,2040,2009,2006,2007,2038,2020,1977,2038,2030,2018,2028,2040,2010,2034,2039
402.925,2090.2,2077,2100,2089,2110,2091,2066,2063,2091,2113,2108,2077,2094,2118,2054,2091,2079,2084,2095,2112,2106,2074,2075,2122,2076,2089,2107,2080,2101,2089,2075
403.256,2149.5,2134,2123,2143,2152,2108,2161,2164,2130,2166,2127,2164,2185,2113,2129,2151,2148,2146,2152,2185,2145,2139,2093,2145,2141,2200,2177,2187,2178,2174,2126
403.586,2789.3,2821,2755,2811,2786,2828,2815,2793,2780,2792,2827,2815,2778,2812,2805,2768,2768,2784,2781,2797,2762,2711,2772,2800,2754,2758,2824,2760,2793,2811,2819
403.917,2262.1,2276,2291,2303,2210,2292,2248,2259,2274,2231,2264,2259,2276,2253,2249,2248,2287,2235,2263,2256,2239,2222,2234,2257,2246,2254,2299,2292,2301,2287,2259
404.248,2130.0,2179,2116,2163,2149,2119,2158,2128,2146,2132,2147,2116,2106,2129,2130,2129,2120,2116,2140,2116,2119,2110,2111,2119,2080,2115,2144,2149,2181,2114,2120
404.578,2283.8,2315,2245,2291,2283,2288,2273,2253,2288,2280,2267,2306,2282,2287,2293,2290,2250,2270,2294,2301,2257,2289,2230,2307,2284,2342,2293,2289,2275,2297,2296
404.909,2387.2,2348,2352,2384,2433,2384,2373,2390,2400,2362,2406,2415,2387,2369,2415,2361,2366,2373,2402,2393,2402,2395,2374,2353,2370,2391,2426,2430,2355,2404,2402
405.240,2484.9,2482,2460,2475,2520,2460,2477,2488,2489,2466,2472,2516,2475,2478,2455,2508,2510,2435,2469,2506,2510,2464,2516,2489,2450,2515,2492,2491,2484,2542,2453
405.571,2138.0,2162,2157,2160,2098,2149,2135,2161,2112,2112,2137,2133,2158,2118,2135,2149,2152,2134,2136,2127,2142,2171,2131,2126,2133,2152,2143,2131,2093,2155,2138
405.902,2275.1,2231,2285,2253,2278,2276,2241,2290,2278,2265,2288,2266,2297,2232,2260,2273,2302,2278,2287,2271,2244,2281,2271,2316,2246,2269,2290,2312,2278,2291,2303
406.232,1929.6,1957,1903,1898,1951,1928,1953,1924,1910,1903,1924,1918,1930,1953,1934,1939,1916,1955,1962,1899,1906,1912,1869,1945,1956,1947,1931,1928,1947,1952,1939
406.563,2092.5,2104,2083,2044,2089,2069,2123,2124,2087,2119,2112,2069,2071,2090,2088,2102,2117,2063,2112,2069,2089,2128,2051,2129,2059,2096,2122,2089,2073,2095,2110
406.894,2182.0,2167,2206,2182,2133,2159,2151,2217,2158,2186,2218,2223,2167,2203,2177,2146,2188,2177,2190,2196,2179,2195,2158,2213,2156,2185,2210,2190,2175,2187,2169
407.225,2484.0,2470,2482,2491,2482,2489,2521,2483,2480,2466,2484,2467,2483,2447,2513,2520,2489,2472,2478,2543,2470,2463,2455,2463,2484,2493,2488,2478,2509,2489,2467
407.556,2257.7,2288,2266,2217,2254,2249,2258,2263,2283,2270,2257,2296,2233,2266,2282,2237,2216,2268,2297,2274,2254,2275,2297,2214,2236,2249,2273,2268,2248,2210,2232
407.887,1965.4,1947,1962,1999,1980,1963,1938,1987,1983,1972,1944,1952,1972,1972,1979,1985,1960,1970,1944,1968,1978,1961,1976,1950,1996,1945,1942,1957,1944,1944,1992
408.218,2274.8,2335,2275,2310,2287,2261,2257,2301,2295,2232,2243,2239,2273,2261,2268,2278,2262,2297,2283,2267,2269,2303,2291,2249,2258,2260,2250,2296,2257,2287,2299
408.550,2322.1,2315,2309,2301,2316,2337,2314,2330,2323,2341,2313,2332,2301,2318,2294,2343,2248,2369,2333,2315,2307,2339,2344,2323,2310,2337,2367,2332,2316,2326,2309
408.881,2265.9,2281,2238,2302,2243,2245,2250,2273,2243,2297,2272,2234,2285,2276,2243,2290,2262,2300,2267,2246,2291,2237,2261,2242,2245,2282,2242,2259,2287,2307,2276
409.212,2236.3,2233,2256,2249,2285,2253,2204,2238,2227,2202,2218,2232,2232,2218,2254,2277,2222,2246,2220,2197,2222,2207,2214,2261,2245,2267,2246,2259,2214,2221,2270
409.543,2297.1,2272,2291,2302,2290,2321,2317,2297,2301,2257,2265,2282,2351,2276,2272,2301,2296,2291,2253,2296,2287,2309,2276,2287,2318,2303,2289,2312,2321,2326,2355
409.874,2242.1,2234,2264,2266,2221,2258,2193,2248,2272,2254,2247,2244,2236,2262,2252,2204,2285,2276,2266,2203,2233,2214,2266,2228,2233,2287,2245,2237,2192,2213,2230
410.206,2035.5,2049,2040,2040,2024,2033,1996,2026,2048,2051,2037,2025,2025,2036,2059,2053,2040,2045,1998,2010,2063,2015,2056,2006,2068,2038,2005,2054,2032,2029,2064
410.537,2104.0,2123,2098,2059,2113,2090,2128,2107,2078,2122,2067,2128,2130,2144,2094,2078,2065,2122,2104,2102,2097,2153,2065,2093,2146,2131,2070,2122,2071,2122,2097
410.868,2213.0,2226,2196,2225,2214,2222,2209,2211,2164,2213,2202,2230,2221,2230,2216,2255,2244,2212,2232,2215,2200,2228,2207,2224,2208,2200,2226,2184,2177,2205,2193
411.200,2289.7,2261,2302,2265,2293,2293,2249,2254,2261,2313,2312,2315,2306,2260,2317,2318,2289,2293,2312,2291,2275,2260,2290,2305,2350,2276,2261,2303,2278,2268,2321
411.531,2397.3,2404,2409,2373,2368,2409,2368,2398,2413,2442,2380,2408,2402,2379,2412,2394,2434,2358,2443,2378,2393,2416,2380,2412,2400,2383,2392,2417,2379,2403,2372
411.863,2072.9,2037,2070,2054,2046,2072,2042,2080,2058,2114,2099,2114,2058,2072,2109,2068,2067,2081,2054,2082,2089,2058,2046,2098,2084,2073,2043,2068,2100,2095,2057
412.194,2277.2,2286,2265,2286,2285,2298,2242,2293,2262,2280,2225,2259,2285,2306,2278,2265,2296,2264,2266,2296,2253,2274,2280,2276,2277,2291,2305,2282,2293,2278,2270
412.526,2290.4,2333,2280,2287,2320,2220,2277,2274,2292,2296,2307,2278,2296,2320,2261,2272,2308,2284,2302,2276,2326,2290,2311,2296,2282,2315,2283,2280,2267,2305,2273
412.857,2229.6,2238,2230,2200,2236,2252,2221,2233,2249,2247,2226,2239,2229,2245,2227,2235,2262,2237,2266,2174,2235,2182,2253,2232,2240,2182,2209,2225,2241,2214,2229
413.189,2212.2,2220,2206,2193,2211,2207,2174,2207,2216,2210,2212,2192,2205,2221,2199,2196,2248,2258,2202,2213,2216,2225,2222,2224,2169,2224,2213,2212,2190,2239,2242
413.521,2400.0,2385,2368,2383,2358,2443,2362,2369,2433,2412,2390,2384,2464,2430,2403,2414,2400,2404,2397,2422,2393,2404,2392,2372,2432,2393,2396,2342,2425,2412,2418
413.852,2126.4,2138,2165,2119,2115,2081,2139,2155,2186,2106,2114,2141,2125,2154,2092,2098,2121,2109,2101,2178,2094,2112,2088,2114,2137,2150,2117,2153,2124,2150,2116
414.184,2365.9,2388,2344,2393,2371,2383,2374,2378,2346,2344,2327,2391,2360,2332,2373,2343,2334,2384,2363,2347,2392,2382,2372,2368,2366,2350,2388,2348,2354,2400,2383
414.516,2309.5,2305,2355,2304,2300,2276,2337,2310,2306,2307,2303,2329,2320,2339,2294,2297,2301,2300,2288,2300,2353,2350,2316,2277,2284,2313,2310,2310,2305,2298,2297
414.847,2271.0,2285,2231,2257,2295,2280,2267,2273,2267,2281,2256,2286,2236,2249,2293,2265,2283,2259,2276,2278,2271,2266,2309,2278,2287,2277,2283,2289,2255,2261,2237
415.179,2273.2,2281,2260,2211,2268,2255,2308,2292,2303,2254,2261,2294,2284,2287,2286,2265,2264,2282,2276,2255,2279,2303,2272,2258,2285,2284,2270,2270,2257,2238,2294
415.511,2484.5,2510,2500,2486,2480,2491,2496,2472,2488,2456,2472,2472,2452,2501,2544,2439,2504,2525,2449,2454,2499,2488,2491,2475,2479,2463,2502,2489,2483,2506,2469
415.843,2253.2,2270,2223,2209,2252,2279,2227,2293,2268,2289,2291,2239,2263,2228,2285,2255,2217,2251,2226,2220,2236,2236,2220,2246,2295,2250,2261,2260,2289,2258,2259
416.175,2573.6,2589,2569,2543,2568,2560,2576,2591,2585,2577,2584,2584,2543,2569,2572,2581,2577,2573,2559,2517,2592,2556,2547,2614,2614,2556,2594,2593,2572,2569,2584
416.507,2029.0,1999,2027,2045,2028,2021,2032,2006,2001,2057,2040,2036,2042,2030,2043,1989,2057,2072,2015,2038,2024,2016,2005,2002,2038,2028,2056,2037,2006,2047,2032
416.839,2166.2,2190,2153,2157,2165,2160,2179,2173,2200,2163,2210,2195,2089,2189,2168,2176,2136,2171,2177,2140,2163,2185,2137,2193,2132,2147,2191,2159,2164,2169,2154
417.171,2325.4,2274,2318,2291,2307,2310,2331,2347,2360,2355,2326,2327,2328,2346,2324,2317,2314,2319,2338,2264,2336,2298,2338,2345,2340,2293,2375,2354,2312,2392,2283
417.503,2232.6,2207,2231,2269,2218,2259,2198,2222,2245,2280,2271,2185,2295,2259,2201,2240,2230,2235,2239,2220,2189,2188,2244,2256,2235,2231,2220,2249,2227,2226,2209
417.835,2089.2,2072,2110,2094,2078,2115,2115,2105,2108,2079,2101,2095,2066,2102,2076,2075,2036,2079,2070,2054,2079,2106,2072,2098,2078,2099,2109,2112,2111,2081,2101
418.167,2529.1,2492,2507,2504,2551,2556,2535,2560,2488,2523,2557,2530,2525,2573,2534,2514,2522,2523,2508,2536,2566,2555,2523,2521,2536,2513,2536,2528,2546,2553,2457
418.499,2086.2,2089,2074,2060,2096,2090,2081,2099,2125,2111,2088,2084,2063,2102,2095,2105,2112,2104,2096,2035,2053,2077,2075,2038,2044,2079,2079,2104,2118,2116,2093
418.832,2424.4,2394,2410,2472,2490,2441,2451,2447,2421,2385,2415,2426,2412,2454,2421,2406,2409,2423,2414,2427,2426,2411,2416,2468,2415,2387,2431,2420,2418,2418,2405
419.164,2506.7,2486,2493,2491,2504,2524,2516,2500,2509,2512,2525,2522,2488,2476,2489,2524,2477,2488,2564,2437,2503,2537,2502,2550,2473,2517,2518,2521,2514,2563,2478
419.496,2032.2,1996,2013,2021,2057,2027,2045,2030,2038,2036,2047,2040,2043,2038,2021,2038,2054,2050,2005,2038,2020,2024,2000,2020,2058,2017,2056,2016,2058,2032,2028
419.828,2020.9,2008,2004,2049,2050,1982,2060,1989,2018,1977,2030,2014,2064,2026,2044,1972,2050,2025,1994,2020,2032,2051,2054,2014,2026,2011,2021,2010,1996,2020,2015
420.161,2056.8,2020,2057,2029,2092,2053,2053,2027,2094,2073,2043,2076,2064,2069,2047,2044,2043,2047,2073,2056,2061,2104,2082,2001,2061,2057,2030,2080,2058,2057,2054
420.493,2332.0,2363,2264,2330,2332,2357,2319,2347,2324,2270,2333,2325,2320,2339,2288,2335,2342,2320,2351,2335,2315,2348,2353,2358,2338,2293,2346,2343,2375,2353,2343
420.825,2020.7,2003,1986,2054,1984,2033,2049,2056,2005,1996,2012,2024,2024,2021,1982,2011,2033,2041,2007,2027,2024,2028,2027,2040,2022,2014,2027,2019,2012,2033,2026
421.158,2390.5,2378,2396,2383,2356,2360,2381,2383,2388,2374,2364,2411,2442,2433,2377,2411,2392,2380,2399,2402,2395,2385,2381,2422,2405,2368,2345,2370,2385,2424,2424
421.490,2198.0,2179,2199,2180,2207,2187,2172,2238,2215,2200,2243,2186,2167,2165,2192,2198,2200,2191,2217,2202,2213,2194,2187,2216,2249,2201,2198,2179,2200,2168,2196
421.823,2159.8,2142,2132,2182,2146,2181,2164,2187,2174,2169,2123,2172,2190,2175,2142,2159,2160,2161,2149,2121,2180,2152,2158,2171,2143,2140,2186,2176,2168,2125,2167
422.155,2059.5,2061,2029,2045,2086,2062,2120,2057,2095,2088,2041,2008,2024,2110,2070,2080,2053,2045,2045,2068,2034,2060,2046,2069,2044,2033,2051,2072,2051,2059,2080
422.488,2218.4,2228,2230,2221,2212,2251,2234,2209,2255,2233,2230,2175,2251,2219,2184,2216,2228,2240,2175,2209,2227,2227,2205,2216,2236,2181,2198,2204,2224,2248,2185
422.820,2011.2,1997,2024,2000,2043,2044,2033,2028,2034,1998,2025,1975,1995,2005,2020,1995,2002,2010,2010,1968,2000,2003,2009,2011,2001,2021,2051,2008,1993,2014,2018
423.153,2169.9,2156,2177,2144,2159,2162,2193,2193,2188,2160,2222,2214,2164,2167,2138,2189,2176,2165,2148,2152,2149,2161,2182,2174,2172,2188,2167,2139,2152,2180,2166
423.486,2010.9,2001,2018,2034,2001,2005,2012,1981,2004,2007,2010,2009,2028,1981,2019,2063,2003,2012,1979,2042,2049,2009,2004,2003,2034,1990,1978,2007,2040,1987,2018
423.818,1888.0,1872,1876,1903,1883,1876,1901,1885,1871,1900,1878,1895,1903,1851,1849,1898,1912,1914,1890,1889,1913,1888,1868,1867,1888,1901,1917,1890,1873,1906,1883
424.151,2307.9,2284,2298,2343,2287,2324,2304,2291,2376,2304,2330,2312,2309,2284,2298,2319,2257,2312,2336,2290,2301,2289,2321,2309,2274,2317,2296,2312,2315,2325,2319
424.484,2030.4,2031,2032,2070,2068,2018,2034,2053,2042,2006,2011,1982,2038,2037,2017,2009,2021,2043,2040,2043,2017,2001,2026,2042,2033,2040,2006,2028,2057,2008,2059
424.817,2466.8,2448,2474,2476,2472,2443,2456,2471,2446,2476,2451,2500,2438,2429,2461,2493,2450,2484,2473,2475,2449,2476,2490,2414,2484,2474,2437,2497,2487,2495,2485
425.150,1989.3,1988,2014,1976,1987,1956,1997,1986,1978,1987,1982,2018,1978,1972,2015,1985,2001,1998,1989,1978,1989,1983,2002,1939,2002,2015,1982,2010,1994,1966,2013
425.483,2108.7,2078,2094,2161,2093,2090,2109,2139,2129,2120,2086,2146,2070,2089,2105,2077,2118,2092,2105,2133,2115,2132,2106,2129,2084,2142,2090,2097,2127,2101,2104
425.815,2462.1,2480,2466,2469,2437,2486,2510,2472,2478,2435,2440,2500,2490,2436,2492,2454,2458,2446,2447,2505,2447,2449,2460,2435,2462,2491,2458,2476,2409,2433,2441
426.148,2131.2,2117,2108,2139,2122,2144,2125,2155,2096,2128,2088,2155,2147,2136,2144,2123,2154,2109,2165,2093,2172,2136,2139,2097,2120,2129,2162,2124,2153,2101,2156
426.481,2019.6,2024,2027,2015,2040,2019,2039,2026,2025,2068,2028,2012,2026,1981,2019,2014,2040,2004,2049,2021,2016,2013,2027,1991,2017,2008,2001,2009,2012,2016,2000
426.814,2116.5,2134,2124,2118,2100,2101,2147,2106,2118,2089,2099,2107,2081,2130,2131,2148,2078,2124,2130,2118,2138,2141,2091,2132,2106,2119,2086,2143,2109,2114,2132
427.147,2237.0,2197,2247,2249,2216,2241,2240,2240,2236,2260,2228,2250,2214,2236,2249,2217,2264,2280,2250,2247,2239,2200,2240,2251,2191,2228,2200,2242,2251,2253,2253
427.480,1970.7,1979,1934,2005,1984,1984,1965,1955,1933,1958,1978,1981,2005,1941,1971,2008,1975,1964,1996,1950,1977,2020,1948,1988,1942,1990,1964,1948,1981,1955,1941
427.814,2247.8,2233,2313,2224,2253,2258,2252,2248,2258,2270,2275,2229,2274,2234,2225,2238,2261,2217,2226,2284,2241,2259,2242,2265,2243,2291,2226,2241,2243,2207,2205
428.147,2178.8,2171,2209,2177,2148,2168,2158,2178,2192,2164,2160,2153,2171,2155,2157,2187,2182,2248,2208,2187,2162,2190,2164,2233,2171,2208,2142,2167,2165,2226,2162
428.480,2309.6,2290,2307,2287,2329,2289,2340,2337,2294,2324,2318,2303,2335,2311,2295,2302,2312,2312,2276,2346,2303,2340,2309,2307,2292,2305,2282,2276,2346,2331,2291
428.813,2399.2,2380,2376,2418,2395,2395,2376,2403,2409,2423,2406,2388,2381,2415,2394,2421,2413,2409,2371,2376,2415,2398,2413,2429,2397,2402,2416,2377,2393,2435,2351
429.146,2805.8,2841,2808,2874,2792,2834,2761,2843,2769,2827,2812,2824,2821,2790,2780,2854,2780,2777,2804,2792,2816,2795,2783,2828,2760,2820,2782,2785,2804,2826,2792
429.480,2072.8,2060,2078,2068,2081,2074,2094,2047,2085,2090,2089,2059,2070,2113,2076,2042,2068,2046,2086,2060,2059,2047,2081,2056,2082,2097,2068,2089,2071,2096,2051
429.813,2066.9,2060,2100,2078,2049,2037,2052,2085,2062,2093,2057,2082,2046,2098,2052,2052,2071,2067,2040,2094,2073,2052,2010,2114,2056,2037,2066,2131,2089,2063,2040
430.146,2374.2,2376,2395,2362,2388,2399,2394,2364,2354,2344,2394,2360,2385,2406,2339,2397,2384,2350,2414,2365,2372,2383,2374,2322,2375,2376,2362,2358,2362,2371,2401
430.480,2347.8,2408,2344,2348,2362,2336,2339,2331,2318,2344,2387,2363,2319,2345,2353,2355,2341,2341,2290,2346,2342,2368,2344,2312,2386,2323,2340,2337,2342,2388,2382
430.813,2269.0,2300,2266,2241,2320,2247,2293,2271,2253,2285,2296,2240,2258,2266,2270,2252,2255,2210,2277,2278,2274,2274,2274,2276,2287,2243,2276,2306,2274,2260,2248
431.146,2484.7,2493,2475,2479,2477,2507,2465,2465,2501,2501,2470,2487,2513,2429,2510,2489,2479,2450,2491,2488,2459,2472,2488,2504,2488,2485,2489,2478,2526,2503,2480
431.480,2154.1,2129,2156,2184,2138,2133,2128,2159,2156,2144,2131,2174,2125,2137,2165,2169,2150,2154,2169,2147,2139,2163,2121,2145,2175,2192,2153,2153,2208,2161,2165
431.813,2078.6,2058,2085,2083,2089,2075,2065,2077,2022,2122,2120,2089,2077,2034,2048,2102,2100,2074,2096,2100,2053,2048,2088,2088,2110,2080,2096,2080,2045,2105,2050
432.147,2320.2,2360,2302,2293,2282,2268,2378,2298,2310,2375,2323,2344,2327,2373,2363,2333,2314,2310,2340,2319,2329,2377,2309,2322,2318,2269,2328,2273,2247,2296,2327
432.481,1997.7,1987,2005,1992,2026,2013,1998,2019,1998,1984,2017,2002,2004,2028,2002,2003,1999,1987,1983,2028,2022,1989,1966,1985,1994,2006,1942,2001,1982,2007,1962
432.814,2356.4,2349,2343,2362,2376,2357,2335,2357,2318,2395,2328,2366,2347,2340,2346,2363,2376,2369,2345,2376,2350,2310,2364,2384,2364,2372,2385,2363,2301,2385,2366
433.148,2150.7,2089,2158,2160,2137,2165,2157,2175,2134,2129,2114,2150,2145,2118,2162,2152,2185,2144,2144,2147,2168,2185,2151,2133,2149,2169,2161,2154,2136,2173,2176
433.482,2236.5,2239,2220,2263,2200,2182,2236,2224,2225,2209,2222,2241,2232,2266,2216,2248,2318,2257,2189,2228,2227,2216,2259,2243,2274,2206,2261,2281,2207,2253,2254
433.815,2009.7,2036,2019,2019,2027,2035,2021,2052,1963,2009,2049,1990,1999,2022,2013,2009,1983,2025,1983,1990,1994,2012,2005,1976,1997,2014,2012,2009,1997,1982,2048
434.149,1943.6,1960,1974,1938,1950,1949,1938,1941,1930,1941,1969,1972,1913,1941,1924,1937,1938,1957,1949,1980,1963,1910,1948,1964,1949,1945,1923,1901,1931,1924,1950
434.483,2136.7,2142,2140,2150,2136,2114,2166,2123,2120,2114,2093,2166,2176,2155,2132,2109,2124,2106,2142,2158,2149,2161,2159,2140,2171,2130,2127,2107,2139,2140,2111
434.817,2092.8,2066,2126,2076,2084,2072,2078,2074,2062,2125,2097,2117,2093,2096,2122,2098,2122,2102,2100,2068,2085,2072,2130,2068,2128,2076,2093,2108,2079,2073,2093
435.150,2310.1,2323,2339,2312,2357,2296,2250,2345,2298,2289,2282,2291,2304,2366,2339,2319,2281,2335,2303,2294,2330,2309,2322,2322,2297,2324,2303,2321,2283,2246,2322
435.484,2076.3,2097,2111,2078,2023,2090,2077,2098,2069,2061,2065,2067,2100,2116,2081,2089,2062,2051,2072,2086,2095,2060,2060,2096,2114,2057,2065,2067,2048,2062,2073
435.818,1954.2,1972,1977,1958,1987,1958,1929,1963,1925,1970,1945,1922,1935,1992,1955,1942,1979,1960,1942,1980,1923,1967,1960,1944,1981,1918,1952,1960,1941,1927,1962
436.152,2294.4,2282,2290,2331,2296,2345,2291,2276,2309,2305,2296,2272,2269,2301,2301,2276,2294,2284,2325,2278,2294,2266,2313,2304,2286,2282,2281,2312,2258,2309,2306
436.486,2111.6,2115,2112,2096,2111,2089,2095,2129,2119,2147,2106,2102,2116,2121,2105,2092,2117,2122,2111,2129,2104,2108,2151,2132,2122,2059,2109,2139,2110,2101,2079
436.820,2223.8,2209,2249,2195,2235,2241,2215,2209,2216,2211,2218,2184,2241,2259,2263,2205,2248,2224,2216,2210,2230,2213,2217,2208,2231,2191,2238,2224,2238,2264,2213
437.154,2406.8,2397,2411,2432,2399,2454,2398,2425,2414,2430,2363,2380,2403,2425,2419,2415,2452,2414,2387,2386,2365,2374,2384,2378,2418,2370,2460,2401,2428,2401,2421
437.488,2283.1,2280,2303,2309,2268,2261,2276,2292,2264,2286,2295,2267,2297,2269,2299,2292,2278,2293,2310,2268,2275,2288,2276,2278,2307,2284,2260,2269,2266,2281,2302
437.822,2297.0,2301,2314,2316,2258,2308,2303,2301,2285,2303,2306,2265,2306,2292,2294,2273,2329,2294,2249,2293,2273,2305,2334,2276,2332,2309,2255,2343,2274,2318,2302
438.157,2488.1,2472,2474,2528,2477,2558,2490,2467,2506,2518,2510,2441,2494,2493,2505,2520,2476,2442,2510,2496,2460,2509,2450,2507,2471,2488,2504,2456,2472,2461,2488
438.491,2421.6,2393,2471,2469,2393,2427,2412,2430,2382,2426,2458,2446,2391,2417,2442,2439,2412,2421,2443,2424,2404,2451,2401,2438,2429,2378,2430,2389,2407,2410,2414
438.825,2122.2,2127,2131,2149,2107,2075,2096,2135,2140,2140,2105,2107,2092,2159,2126,2098,2133,2101,2111,2143,2147,2128,2154,2118,2113,2110,2156,2108,2152,2104,2101
439.159,2025.8,2041,2019,2009,2051,2043,2002,2066,2059,2000,2024,2039,2026,1985,1999,2057,2004,2056,2050,2029,2027,2037,2045,2014,2023,1983,2012,2034,2016,1976,2048
439.493,2288.4,2320,2235,2270,2315,2277,2290,2270,2280,2260,2318,2286,2242,2279,2280,2294,2266,2277,2329,2285,2300,2280,2323,2301,2318,2313,2278,2328,2256,2292,2289
439.828,1999.7,1972,2014,1980,1990,1992,1998,2002,2021,2006,2018,2066,1986,2014,2003,2004,2000,1996,2028,2001,1997,2000,1976,2018,2028,1984,1982,1983,1968,1992,1973
440.162,2205.3,2220,2275,2237,2204,2202,2201,2194,2189,2210,2199,2182,2201,2179,2196,2194,2193,2237,2189,2194,2182,2169,2216,2215,2217,2225,2180,2228,2182,2193,2257
440.497,2491.1,2495,2490,2509,2469,2474,2536,2475,2447,2480,2499,2513,2452,2498,2521,2482,2480,2543,2484,2498,2477,2504,2463,2492,2448,2508,2490,2497,2531,2511,2466
440.831,2104.7,2082,2089,2104,2130,2082,2105,2132,2099,2101,2117,2108,2100,2090,2110,2088,2112,2093,2104,2112,2110,2063,2124,2091,2136,2073,2125,2117,2110,2108,2127
441.165,2049.6,2042,2037,2050,2024,2079,2036,2086,2053,2031,2074,2044,2026,2039,2026,2092,2086,2063,2031,2094,2049,2063,2052,2062,2019,2004,2047,2037,2046,2024,2071
441.500,1994.3,2005,1976,1984,1980,1975,1938,1982,1959,1999,2028,2025,2009,1959,1988,2031,2033,1983,2006,2021,1977,1958,1999,1964,2039,2007,2032,1976,1984,2004,2008
441.834,2271.9,2259,2281,2286,2262,2314,2240,2254,2292,2297,2280,2232,2260,2280,2234,2255,2228,2255,2300,2273,2274,2245,2224,2298,2287,2288,2305,2244,2260,2319,2331
442.169,2268.3,2267,2272,2257,2264,2258,2237,2299,2283,2293,2273,2258,2287,2286,2241,2284,2264,2324,2261,2289,2275,2296,2253,2226,2258,2269,2292,2275,2248,2226,2235
442.503,2283.0,2296,2282,2263,2306,2293,2306,2259,2298,2268,2278,2231,2275,2300,2319,2263,2333,2293,2273,2304,2234,2299,2272,2262,2269,2292,2259,2288,2303,2274,2299
442.838,2305.8,2303,2300,2301,2283,2272,2328,2310,2309,2305,2303,2302,2320,2343,2296,2335,2256,2315,2338,2312,2293,2283,2317,2285,2290,2337,2301,2298,2330,2337,2271
443.173,1946.3,1937,1936,1922,1928,1953,1955,1963,1948,1943,1954,1903,1967,1936,1937,1941,1950,1946,1972,1956,1946,1950,1902,1932,1939,1920,1997,1983,1946,1955,1971
443.507,2141.2,2180,2092,2150,2168,2145,2139,2148,2149,2169,2129,2159,2163,2145,2158,2074,2134,2156,2134,2148,2145,2160,2124,2168,2149,2122,2131,2122,2125,2121,2130
443.842,2327.0,2320,2362,2331,2335,2318,2353,2336,2334,2337,2316,2287,2337,2356,2322,2342,2322,2339,2329,2318,2323,2335,2307,2345,2329,2328,2306,2309,2316,2298,2319
444.177,2086.3,2088,2086,2091,2071,2068,2074,2094,2048,2085,2094,2106,2061,2094,2121,2085,2100,2130,2086,2105,2097,2105,2061,2062,2098,2082,2085,2102,2085,2092,2034
444.512,2007.0,2030,2014,2046,1971,1986,2051,2000,2013,1987,1985,2022,2029,2043,2019,1993,1982,1986,1979,2004,2014,2011,1984,2004,2001,2016,2006,1967,2022,2023,2021
444.846,1901.7,1926,1896,1912,1914,1881,1903,1875,1918,1929,1888,1903,1887,1908,1896,1927,1886,1887,1896,1926,1874,1896,1903,1891,1907,1929,1936,1870,1891,1890,1905
445.181,2155.4,2171,2178,2140,2123,2164,2200,2120,2168,2158,2153,2136,2155,2161,2124,2169,2172,2162,2166,2147,2110,2136,2150,2204,2162,2165,2158,2154,2115,2142,2198
445.516,2155.8,2196,2205,2188,2099,2202,2139,2150,2143,2175,2174,2120,2176,2121,2140,2178,2198,2164,2133,2161,2145,2133,2144,2141,2125,2124,2148,2130,2160,2204,2159
445.851,2061.4,2056,2034,2035,2040,2081,2031,2066,2091,2047,2053,2091,2069,2059,2092,2059,2072,2068,2055,2080,2062,2080,2031,2030,2053,2078,2051,2094,2101,2041,2043
446.186,2106.6,2144,2080,2118,2106,2100,2101,2100,2104,2105,2117,2093,2077,2141,2117,2096,2111,2081,2111,2147,2106,2093,2104,2085,2077,2108,2093,2114,2091,2147,2131
446.521,2054.9,2089,2045,2026,2027,2078,2062,2042,2085,2075,2088,2049,2063,2044,2073,2031,2064,2035,2030,2034,2056,2057,2040,2066,2056,2056,2041,2043,2088,2027,2078
446.856,2497.7,2473,2551,2493,2509,2474,2511,2482,2493,2485,2536,2509,2514,2489,2500,2484,2482,2496,2483,2478,2527,2506,2490,2476,2507,2523,2470,2479,2501,2510,2500
447.191,2226.6,2268,2222,2235,2232,2204,2219,2206,2206,2227,2202,2257,2240,2264,2192,2265,2226,2217,2270,2189,2207,2212,2235,2217,2249,2219,2208,2213,2241,2201,2256
447.526,2227.2,2243,2242,2240,2214,2187,2221,2220,2224,2214,2302,2227,2197,2208,2208,2236,2219,2225,2217,2228,2233,2248,2215,2224,2202,2236,2218,2242,2200,2257,2270
447.861,2084.5,2074,2069,2076,2090,2082,2070,2104,2055,2118,2066,2079,2079,2086,2064,2094,2091,2070,2091,2074,2104,2091,2112,2097,2057,2044,2138,2128,2092,2060,2080
448.196,2250.2,2260,2282,2256,2264,2257,2254,2216,2282,2238,2221,2268,2251,2239,2267,2213,2287,2210,2236,2259,2220,2260,2272,2221,2283,2264,2216,2256,2234,2244,2277
448.531,2453.8,2441,2450,2482,2456,2435,2437,2444,2488,2418,2484,2450,2430,2453,2502,2440,2483,2454,2481,2403,2467,2431,2506,2440,2436,2492,2467,2451,2451,2388,2454
448.867,2373.7,2356,2382,2377,2395,2410,2346,2368,2392,2372,2340,2351,2382,2375,2386,2402,2359,2377,2378,2376,2386,2379,2324,2399,2372,2355,2362,2384,2402,2358,2366
449.202,1953.8,1930,1947,1953,1963,1929,1931,1925,1965,1973,1968,1946,1960,1920,1937,1974,1941,1968,1968,1952,1942,1965,1964,2019,1918,1968,1944,1962,1944,1972,1965
449.537,2622.9,2605,2601,2614,2636,2630,2659,2616,2633,2646,2646,2607,2625,2606,2579,2552,2594,2624,2659,2643,2610,2653,2649,2633,2626,2661,2579,2619,2593,2618,2672
449.872,2444.9,2420,2440,2411,2465,2425,2457,2423,2452,2455,2445,2470,2443,2445,2419,2431,2431,2469,2458,2436,2463,2421,2453,2439,2489,2463,2457,2455,2470,2385,2458
450.208,2395.2,2413,2347,2393,2405,2388,2398,2388,2409,2431,2398,2383,2411,2404,2406,2366,2386,2403,2392,2347,2401,2408,2393,2377,2414,2386,2414,2401,2394,2401,2399
450.543,2482.7,2477,2451,2489,2495,2475,2474,2521,2483,2514,2496,2524,2469,2506,2482,2489,2456,2476,2472,2474,2496,2474,2455,2466,2490,2520,2450,2444,2436,2514,2514
450.879,2205.5,2205,2178,2216,2217,2197,2174,2187,2183,2214,2202,2233,2232,2154,2191,2215,2180,2177,2230,2242,2181,2198,2237,2236,2224,2198,2238,2216,2213,2185,2211
451.214,2129.5,2128,2132,2132,2145,2109,2102,2121,2162,2117,2137,2139,2110,2133,2130,2096,2184,2098,2145,2144,2115,2099,2124,2141,2144,2115,2158,2132,2138,2090,2166
451.549,2137.7,2166,2136,2159,2152,2123,2155,2125,2108,2136,2168,2144,2117,2156,2112,2132,2172,2171,2133,2146,2127,2106,2139,2168,2094,2161,2122,2172,2123,2121,2088
451.885,2227.4,2221,2241,2253,2222,2206,2233,2220,2204,2259,2198,2244,2238,2253,2218,2222,2209,2212,2265,2241,2188,2222,2218,2221,2244,2186,2252,2266,2240,2232,2193
452.220,2176.4,2132,2189,2163,2185,2204,2180,2153,2184,2172,2158,2187,2201,2187,2174,2168,2173,2164,2158,2142,2156,2168,2185,2201,2188,2199,2188,2195,2201,2158,2180
452.556,2300.9,2332,2312,2293,2320,2320,2302,2296,2290,2283,2290,2321,2291,2299,2301,2302,2298,2305,2301,2320,2278,2285,2297,2337,2316,2272,2294,2305,2280,2295,2291
452.892,2417.9,2423,2404,2410,2406,2422,2443,2417,2473,2428,2379,2392,2428,2441,2405,2451,2396,2416,2442,2387,2405,2406,2369,2399,2433,2419,2428,2416,2426,2444,2428
453.227,2426.7,2403,2430,2458,2442,2438,2424,2449,2436,2415,2408,2440,2416,2429,2398,2395,2427,2429,2425,2430,2439,2447,2445,2398,2462,2459,2416,2411,2385,2393,2453
453.563,2400.7,2403,2411,2420,2417,2415,2429,2396,2366,2424,2424,2412,2382,2370,2390,2360,2392,2398,2434,2417,2434,2364,2425,2419,2378,2403,2415,2390,2345,2396,2393
453.899,2373.4,2390,2410,2370,2354,2351,2333,2373,2389,2344,2344,2378,2378,2406,2317,2372,2363,2370,2388,2365,2360,2370,2412,2406,2381,2349,2373,2407,2379,2374,2396
454.234,2297.0,2283,2298,2320,2255,2322,2294,2280,2292,2280,2316,2332,2268,2330,2320,2261,2291,2308,2292,2280,2289,2263,2313,2337,2299,2327,2291,2322,2291,2276,2280
454.570,2109.8,2113,2099,2084,2079,2104,2147,2098,2153,2121,2090,2138,2126,2089,2077,2090,2072,2102,2109,2136,2123,2126,2125,2140,2080,2171,2094,2086,2112,2105,2104
454.906,2435.6,2429,2438,2410,2444,2415,2440,2418,2418,2465,2414,2443,2440,2412,2433,2463,2420,2441,2425,2414,2405,2442,2452,2414,2451,2421,2453,2457,2461,2427,2502
455.242,2087.8,2097,2076,2095,2089,2139,2086,2073,2107,2114,2072,2066,2121,2042,2114,2099,2056,2099,2038,2074,2082,2067,2096,2062,2115,2068,2106,2113,2096,2091,2082
455.577,2038.3,2043,2065,2054,2061,2067,2024,2022,2050,2068,2029,2040,2024,2034,2058,2019,2005,2022,2024,1998,2068,2014,2047,2001,2036,2045,2113,2024,2065,2036,1992
455.913,1988.1,1993,1983,1999,1995,1963,2002,2020,1983,1997,1946,1965,1966,1994,2021,2021,1985,2001,1980,2001,1965,1982,1970,2003,1993,1970,2004,2018,1953,1980,1990
456.249,2290.2,2254,2300,2283,2277,2262,2343,2283,2270,2319,2332,2313,2303,2261,2296,2264,2298,2310,2282,2289,2260,2355,2290,2259,2328,2302,2273,2300,2244,2278,2278
456.585,1899.8,1877,1905,1865,1883,1902,1902,1917,1907,1883,1919,1923,1875,1917,1922,1930,1887,1894,1896,1884,1916,1910,1896,1907,1916,1912,1877,1912,1884,1882,1893
456.921,2166.4,2173,2152,2165,2184,2188,2193,2210,2145,2184,2152,2168,2145,2126,2178,2155,2180,2162,2195,2203,2096,2142,2169,2152,2166,2173,2161,2186,2133,2156,2200
457.257,2366.0,2371,2364,2320,2371,2406,2360,2373,2370,2368,2385,2348,2385,2356,2332,2359,2374,2375,2424,2376,2373,2376,2349,2345,2369,2321,2354,2363,2354,2414,2346
457.593,2107.8,2076,2081,2163,2116,2087,2125,2120,2084,2073,2105,2088,2126,2069,2130,2129,2080,2082,2099,2102,2113,2121,2141,2101,2104,2096,2111,2130,2113,2153,2115
457.929,2169.3,2191,2203,2144,2168,2196,2150,2155,2165,2174,2160,2161,2182,2152,2200,2158,2136,2172,2177,2180,2172,2193,2186,2142,2165,2153,2159,2186,2171,2184,2145
458.265,2343.9,2341,2299,2348,2352,2349,2360,2336,2347,2373,2358,2360,2321,2346,2345,2337,2339,2354,2362,2342,2324,2382,2343,2296,2322,2342,2360,2365,2349,2355,2310
458.602,2123.2,2108,2127,2112,2082,2128,2153,2120,2164,2117,2107,2129,2130,2147,2122,2128,2122,2125,2134,2141,2113,2136,2101,2109,2114,2132,2113,2103,2104,2145,2130
458.938,2974.5,3042,2961,2991,3004,2937,2990,2930,2988,2984,2933,2988,2947,2986,2933,2923,2984,2963,2997,2991,2997,2965,2975,2996,2988,2968,2953,2957,2987,2976,3001
459.274,2132.3,2155,2129,2147,2153,2141,2110,2105,2140,2092,2110,2124,2150,2181,2155,2147,2131,2145,2141,2122,2105,2135,2119,2159,2114,2118,2175,2147,2080,2149,2090
459.610,2177.5,2204,2192,2158,2163,2186,2194,2176,2192,2163,2163,2167,2173,2189,2172,2174,2158,2170,2155,2184,2158,2143,2187,2156,2207,2196,2200,2118,2189,2221,2216
459.946,2587.1,2606,2594,2584,2588,2573,2559,2562,2563,2600,2590,2587,2629,2592,2587,2584,2591,2614,2558,2584,2577,2612,2580,2568,2549,2592,2611,2547,2586,2628,2619
460.283,2176.5,2173,2191,2182,2162,2199,2145,2189,2193,2187,2209,2165,2200,2191,2188,2165,2174,2131,2186,2154,2197,2157,2161,2155,2172,2201,2190,2152,2182,2168,2176
460.619,2234.1,2222,2272,2253,2217,2222,2268,2204,2211,2229,2280,2237,2197,2270,2212,2256,2250,2246,2260,2249,2175,2184,2234,2251,2289,2255,2248,2223,2209,2176,2224
460.955,2420.8,2453,2445,2410,2385,2435,2445,2382,2412,2397,2424,2412,2426,2455,2448,2412,2433,2446,2434,2445,2410,2413,2442,2396,2403,2415,2433,2377,2445,2409,2382
461.292,2163.8,2158,2158,2181,2187,2224,2170,2141,2169,2169,2166,2186,2143,2125,2170,2188,2156,2209,2168,2136,2139,2185,2141,2145,2152,2137,2137,2153,2159,2167,2194
461.628,2330.6,2328,2330,2334,2307,2348,2310,2317,2373,2311,2341,2309,2354,2339,2318,2352,2324,2323,2389,2302,2308,2318,2335,2348,2303,2365,2341,2306,2328,2324,2332
461.965,2083.1,2062,2121,2092,2071,2047,2100,2045,2089,2040,2114,2066,2123,2072,2127,2067,2064,2106,2093,2093,2053,2076,2077,2054,2093,2084,2122,2053,2086,2116,2088
462.301,2468.2,2476,2490,2448,2479,2437,2434,2456,2472,2476,2474,2453,2519,2433,2520,2505,2479,2451,2473,2468,2468,2468,2443,2464,2474,2476,2430,2450,2458,2479,2492
462.638,1954.4,1969,1990,1970,1928,1982,1984,1952,1941,1922,1976,1960,1974,1935,1937,1946,1924,1919,1969,1976,1949,1936,1946,1946,1976,1929,1987,1897,1955,1973,1984
462.974,1966.3,1982,1967,1987,1939,1993,1994,1939,1979,1944,1979,2001,1942,1983,1963,1988,1898,1955,1985,1980,1997,1978,1952,1947,1974,1993,1935,1962,1944,1974,1935
463.311,2646.3,2656,2604,2655,2635,2647,2629,2647,2648,2637,2659,2648,2673,2669,2625,2645,2658,2607,2667,2633,2642,2671,2620,2640,2644,2668,2645,2654,2664,2627,2671
463.648,2300.1,2291,2273,2300,2298,2319,2296,2305,2291,2280,2355,2299,2280,2317,2284,2270,2271,2330,2313,2304,2303,2313,2302,2319,2299,2329,2289,2314,2309,2301,2249
463.984,2145.0,2163,2121,2177,2146,2171,2152,2113,2148,2123,2114,2184,2107,2119,2142,2129,2150,2150,2147,2160,2146,2154,2175,2148,2123,2179,2128,2164,2117,2152,2149
464.321,2137.6,2117,2118,2120,2144,2202,2119,2131,2085,2123,2167,2175,2145,2129,2172,2134,2116,2133,2134,2132,2143,2113,2151,2122,2111,2130,2165,2116,2184,2169,2127
464.658,2258.3,2222,2284,2265,2264,2279,2231,2292,2267,2226,2300,2300,2236,2281,2273,2242,2262,2260,2243,2253,2222,2240,2264,2236,2258,2276,2293,2255,2258,2240,2228
464.994,2095.7,2101,2083,2088,2122,2105,2110,2055,2132,2060,2106,2085,2130,2102,2117,2086,2085,2088,2084,2058,2060,2061,2102,2146,2114,2085,2109,2112,2097,2121,2068
465.331,2038.3,2018,2032,2051,2061,2033,2037,2044,2042,2008,2074,2034,2014,2058,2010,2040,2049,2054,2027,2044,2031,2026,2020,2040,2068,2060,2070,2047,2018,2036,2002
465.668,2238.0,2237,2258,2230,2227,2253,2246,2248,2243,2205,2287,2263,2222,2165,2245,2230,2222,2270,2193,2186,2223,2265,2243,2228,2224,2288,2237,2250,2268,2253,2232
466.005,2537.3,2574,2555,2542,2509,2529,2599,2582,2548,2563,2539,2544,2508,2555,2531,2523,2542,2504,2490,2511,2554,2499,2528,2564,2574,2552,2506,2475,2524,2547,2549
466.342,2180.4,2171,2162,2218,2191,2216,2167,2165,2193,2168,2204,2178,2204,2190,2181,2165,2204,2178,2150,2158,2190,2184,2197,2148,2187,2185,2158,2180,2176,2188,2157
466.679,2041.0,2024,2045,2048,2029,2074,2038,2063,2102,2066,2030,2032,2030,2040,2028,2011,2059,2010,2038,2067,2021,2021,2047,2033,2054,2072,2044,2055,2011,2030,2007
467.016,2246.6,2241,2262,2255,2257,2259,2279,2254,2233,2243,2221,2261,2203,2233,2260,2226,2237,2230,2267,2259,2213,2240,2247,2239,2287,2268,2244,2257,2235,2228,2261
467.352,2355.7,2353,2334,2368,2364,2347,2360,2344,2343,2328,2355,2387,2387,2397,2358,2357,2301,2370,2338,2346,2363,2382,2344,2341,2385,2328,2344,2362,2364,2342,2380
467.689,2206.8,2184,2189,2238,2185,2194,2260,2191,2184,2199,2239,2216,2200,2228,2192,2191,2189,2208,2216,2212,2197,2223,2196,2195,2272,2213,2231,2239,2180,2186,2156
468.027,2391.0,2436,2398,2392,2390,2372,2380,2408,2419,2394,2359,2424,2313,2338,2436,2387,2373,2418,2408,2417,2360,2412,2373,2421,2410,2358,2390,2408,2372,2397,2367
468.364,2300.9,2289,2320,2351,2344,2308,2287,2291,2276,2302,2255,2327,2273,2311,2297,2325,2249,2288,2290,2310,2302,2283,2330,2313,2333,2272,2322,2271,2276,2309,2324
468.701,2214.5,2213,2221,2211,2197,2200,2209,2216,2219,2217,2280,2202,2213,2197,2194,2245,2174,2238,2228,2205,2222,2209,2234,2224,2187,2225,2217,2224,2205,2214,2196
469.038,2144.9,2154,2162,2165,2164,2114,2141,2120,2139,2154,2119,2156,2144,2121,2134,2166,2171,2150,2126,2150,2158,2132,2122,2193,2115,2157,2137,2129,2152,2143,2158
469.375,2261.1,2269,2248,2228,2319,2271,2262,2278,2274,2313,2226,2254,2238,2286,2213,2248,2220,2254,2240,2265,2278,2256,2234,2301,2285,2276,2276,2291,2211,2237,2283
469.712,2441.6,2438,2412,2444,2437,2429,2467,2454,2439,2444,2447,2472,2423,2398,2451,2441,2446,2453,2485,2436,2433,2425,2452,2434,2388,2471,2474,2425,2425,2479,2426
470.049,2295.8,2297,2296,2292,2298,2290,2299,2293,2328,2317,2317,2275,2281,2270,2299,2302,2298,2282,2321,2293,2299,2284,2308,2280,2230,2285,2322,2295,2325,2306,2291
470.387,2388.3,2375,2464,2348,2372,2372,2380,2368,2404,2376,2371,2440,2414,2382,2406,2414,2409,2383,2379,2410,2382,2410,2349,2346,2431,2395,2386,2368,2369,2358,2388
470.724,2371.4,2339,2353,2389,2343,2427,2373,2399,2331,2364,2350,2385,2349,2375,2397,2366,2377,2360,2339,2358,2333,2397,2365,2373,2376,2399,2357,2377,2404,2411,2375
471.061,2069.9,2102,2069,2099,2068,2047,2094,2089,2080,2093,2049,2066,2084,2063,2057,2056,2066,2075,2093,2053,2061,2073,2045,2095,2028,2069,2068,2034,2060,2067,2094
471.399,2097.6,2101,2090,2095,2045,2089,2085,2088,2105,2117,2101,2122,2132,2105,2085,2075,2092,2097,2087,2084,2096,2096,2084,2131,2112,2098,2088,2107,2102,2118,2102
471.736,2476.1,2454,2484,2473,2457,2469,2472,2493,2449,2521,2450,2478,2485,2479,2507,2489,2498,2472,2441,2487,2506,2474,2450,2462,2477,2497,2488,2441,2462,2482,2487
472.073,2066.7,2085,2062,2044,2090,2065,2048,2084,2064,2042,2042,2042,2094,2059,2082,2079,2051,2064,2053,2066,2063,2071,2081,2097,2107,2078,2088,2073,2016,2055,2057
472.411,2204.6,2203,2210,2234,2193,2214,2213,2204,2235,2194,2166,2189,2145,2175,2211,2184,2189,2230,2206,2215,2218,2210,2224,2204,2198,2218,2220,2242,2192,2208,2194
472.748,2214.2,2228,2226,2241,2198,2208,2170,2234,2222,2231,2196,2180,2215,2209,2208,2196,2209,2221,2225,2206,2249,2175,2217,2195,2224,2237,2223,2226,2240,2205,2212
473.086,2307.6,2337,2327,2316,2306,2309,2266,2302,2334,2320,2291,2320,2296,2302,2297,2298,2311,2340,2312,2317,2273,2304,2308,2363,2278,2285,2270,2305,2319,2319,2304
473.423,2086.2,2122,2089,2071,2078,2098,2044,2108,2056,2079,2098,2101,2054,2076,2117,2069,2073,2073,2072,2077,2068,2123,2089,2117,2099,2057,2077,2104,2120,2072,2104
473.761,2138.9,2140,2149,2135,2148,2112,2132,2169,2136,2120,2121,2112,2124,2162,2170,2150,2166,2163,2107,2111,2133,2127,2180,2132,2160,2136,2160,2119,2164,2116,2114
474.099,2063.4,2102,2073,2087,2067,2088,2084,2072,2067,2038,2079,2091,2044,2085,2059,2038,2076,2017,2040,2027,2065,2071,2072,2059,2060,2033,2050,2072,2084,2079,2024
474.436,2617.9,2625,2604,2623,2619,2605,2586,2603,2611,2647,2661,2639,2618,2600,2557,2632,2627,2623,2602,2622,2616,2617,2619,2613,2625,2609,2642,2653,2640,2576,2622
474.774,2069.3,2046,2073,2070,2069,2072,2069,2061,2063,2073,2053,2053,2082,2084,2113,2056,2097,2026,2074,2068,2054,2062,2090,2109,2034,2031,2052,2096,2088,2068,2092
475.112,2069.9,2034,2066,2066,2075,2095,2074,2104,2085,2084,2071,2051,2051,2060,2055,2050,2083,2054,2085,2102,2059,2061,2082,2062,2050,2058,2063,2062,2083,2092,2079
475.449,2163.2,2185,2156,2208,2146,2167,2173,2126,2202,2142,2205,2132,2208,2182,2204,2152,2168,2137,2157,2116,2182,2181,2184,2145,2120,2148,2156,2133,2150,2163,2169
475.787,2307.6,2354,2278,2314,2297,2309,2297,2296,2307,2331,2287,2304,2333,2330,2298,2313,2288,2321,2337,2354,2263,2273,2308,2325,2327,2303,2296,2268,2296,2285,2335
476.125,2325.0,2300,2331,2341,2293,2316,2349,2357,2314,2330,2333,2353,2298,2336,2329,2283,2328,2362,2306,2264,2358,2311,2326,2319,2351,2344,2336,2339,2308,2320,2316
476.463,2144.9,2121,2120,2184,2136,2160,2144,2184,2135,2193,2116,2138,2130,2155,2129,2146,2115,2152,2151,2133,2185,2124,2152,2130,2124,2143,2131,2145,2168,2149,2153
476.800,2128.2,2114,2136,2138,2126,2144,2144,2112,2150,2115,2094,2136,2138,2120,2134,2136,2159,2123,2105,2133,2145,2110,2166,2140,2147,2093,2131,2100,2127,2114,2116
477.138,2439.3,2434,2440,2425,2416,2404,2441,2437,2433,2453,2420,2435,2470,2425,2482,2442,2405,2436,2422,2427,2469,2423,2422,2453,2462,2467,2453,2440,2489,2418,2436
477.476,2532.6,2533,2534,2541,2535,2472,2535,2500,2526,2559,2560,2538,2548,2559,2545,2554,2518,2504,2570,2547,2521,2520,2538,2520,2513,2493,2568,2528,2548,2522,2530
477.814,2418.6,2432,2406,2414,2402,2432,2449,2422,2423,2441,2453,2439,2420,2421,2398,2409,2487,2402,2436,2384,2429,2409,2362,2411,2430,2433,2397,2414,2373,2414,2415
478.152,2043.5,2029,2018,2059,2061,2034,2048,2053,2069,2076,2023,2017,2035,2025,2029,2015,2070,2056,2044,2055,2049,2039,2033,2056,2069,2057,2037,2051,2046,2037,2016
478.490,2275.7,2270,2308,2287,2241,2250,2318,2267,2283,2280,2296,2257,2315,2313,2260,2264,2289,2272,2319,2239,2286,2244,2260,2265,2249,2252,2255,2264,2306,2258,2303
478.828,2220.9,2209,2238,2181,2252,2200,2211,2235,2213,2224,2231,2239,2206,2234,2223,2237,2221,2255,2227,2217,2254,2224,2193,2236,2253,2240,2182,2186,2208,2196,2201
479.166,2064.5,2065,2094,2078,2075,2058,2081,2043,2070,2032,2077,2105,2073,2060,2074,2043,2026,2081,2000,2036,2091,2075,2066,2075,2026,2050,2109,2066,2031,2084,2090
479.504,2301.8,2315,2310,2279,2309,2301,2298,2250,2349,2310,2295,2322,2322,2281,2319,2273,2270,2297,2317,2340,2292,2312,2298,2307,2287,2267,2310,2330,2296,2261,2337
479.843,2272.7,2268,2246,2267,2288,2302,2236,2251,2276,2238,2285,2296,2268,2276,2271,2325,2219,2257,2272,2285,2300,2288,2230,2290,2265,2304,2249,2309,2270,2265,2284
480.181,2452.1,2428,2464,2445,2439,2426,2453,2444,2441,2405,2467,2480,2477,2476,2446,2437,2440,2445,2427,2426,2461,2450,2492,2460,2426,2458,2481,2463,2462,2479,2465
480.519,2398.9,2446,2417,2385,2423,2414,2340,2402,2404,2434,2367,2418,2444,2402,2392,2432,2392,2416,2377,2339,2365,2371,2394,2383,2413,2386,2387,2443,2408,2362,2411
480.857,2313.2,2317,2312,2300,2270,2319,2308,2344,2322,2323,2343,2307,2328,2325,2276,2306,2315,2329,2293,2303,2337,2298,2299,2320,2310,2297,2305,2289,2323,2325,2352
481.195,2269.1,2275,2282,2251,2284,2265,2259,2259,2264,2248,2258,2299,2305,2280,2284,2264,2262,2264,2292,2230,2297,2270,2253,2244,2211,2284,2307,2252,2264,2289,2276
481.534,2203.2,2197,2183,2229,2231,2222,2188,2215,2215,2185,2222,2162,2233,2197,2178,2220,2210,2219,2234,2202,2224,2176,2161,2184,2150,2239,2221,2187,2212,2210,2189
481.872,2100.2,2096,2121,2120,2099,2077,2125,2123,2097,2102,2132,2086,2092,2100,2083,2121,2069,2044,2121,2127,2103,2115,2041,2130,2097,2061,2110,2118,2089,2098,2109
482.210,2304.2,2316,2297,2304,2296,2318,2265,2318,2294,2316,2323,2251,2264,2280,2330,2351,2341,2253,2269,2297,2327,2331,2305,2306,2293,2296,2348,2282,2320,2320,2316
482.549,2008.2,1997,2008,1979,1999,2007,2026,2028,1990,2010,2002,2014,1998,2006,2019,1982,2024,1983,1994,2010,2010,1974,2015,2056,2008,1989,2014,2016,2013,2008,2066
482.887,2378.4,2379,2403,2397,2387,2369,2374,2401,2393,2400,2392,2391,2361,2402,2348,2406,2386,2386,2367,2345,2344,2350,2379,2381,2393,2378,2360,2366,2356,2382,2376
483.226,2341.4,2380,2324,2310,2366,2340,2334,2290,2337,2342,2336,2339,2364,2347,2323,2377,2388,2358,2345,2348,2351,2329,2321,2330,2302,2384,2324,2327,2344,2359,2322
483.564,2187.0,2213,2164,2185,2150,2180,2220,2150,2179,2213,2213,2214,2148,2193,2166,2175,2209,2209,2195,2196,2216,2202,2147,2181,2179,2178,2175,2208,2177,2194,2182
483.903,2051.8,2042,2054,2061,2027,2089,2049,2078,2036,2066,2059,2042,2076,2049,2019,2016,2061,2050,2059,2067,2086,2031,2027,2031,2034,2076,2034,2070,2037,2061,2066
484.241,2145.7,2173,2152,2163,2140,2136,2136,2161,2140,2171,2195,2129,2152,2106,2161,2136,2129,2153,2110,2158,2121,2146,2169,2143,2142,2134,2131,2114,2168,2170,2133
484.580,2199.8,2212,2239,2153,2214,2241,2216,2227,2221,2177,2195,2204,2182,2170,2170,2222,2179,2189,2184,2186,2240,2200,2206,2168,2191,2226,2191,2210,2179,2189,2214
484.918,2141.8,2143,2145,2136,2135,2124,2124,2146,2164,2131,2170,2151,2147,2173,2163,2163,2160,2174,2116,2128,2169,2123,2118,2131,2143,2114,2179,2112,2120,2104,2149
485.257,2113.8,2176,2099,2139,2145,2109,2105,2157,2077,2163,2078,2111,2113,2146,2120,2130,2084,2119,2077,2117,2062,2093,2105,2126,2105,2129,2108,2088,2124,2130,2080
485.596,2717.0,2703,2735,2752,2685,2765,2704,2706,2683,2740,2763,2675,2723,2711,2675,2681,2686,2730,2769,2712,2713,2716,2744,2693,2755,2713,2692,2728,2739,2709,2709
485.934,2407.0,2426,2395,2430,2346,2434,2409,2393,2437,2414,2413,2452,2405,2400,2415,2397,2447,2377,2377,2397,2399,2387,2388,2419,2397,2395,2386,2411,2391,2448,2426
486.273,2151.7,2177,2141,2164,2145,2122,2168,2155,2145,2174,2148,2171,2165,2154,2158,2128,2152,2130,2130,2157,2165,2193,2138,2128,2134,2160,2153,2144,2166,2142,2144
486.612,2133.3,2114,2156,2121,2179,2174,2122,2136,2118,2140,2146,2148,2118,2127,2138,2168,2089,2131,2124,2131,2163,2131,2146,2110,2094,2152,2116,2159,2109,2102,2138
486.950,2160.8,2176,2127,2125,2146,2191,2174,2158,2099,2162,2165,2174,2176,2155,2179,2120,2174,2177,2163,2187,2172,2118,2141,2157,2165,2184,2177,2186,2171,2130,2196
487.289,2343.5,2360,2348,2329,2377,2328,2344,2317,2356,2347,2342,2345,2351,2364,2317,2308,2323,2354,2343,2328,2339,2372,2387,2345,2290,2366,2334,2364,2319,2341,2367
487.628,1864.3,1879,1873,1856,1869,1882,1859,1836,1880,1862,1850,1862,1857,1855,1883,1850,1881,1851,1892,1901,1895,1843,1848,1892,1821,1848,1908,1869,1842,1858,1827
487.967,2194.1,2210,2197,2179,2180,2238,2195,2192,2226,2197,2208,2213,2214,2187,2201,2170,2166,2236,2200,2191,2168,2226,2172,2160,2182,2191,2204,2176,2182,2173,2188
488.306,2208.0,2213,2233,2194,2210,2233,2209,2181,2203,2223,2206,2238,2202,2212,2200,2229,2161,2202,2217,2203,2183,2189,2203,2225,2191,2190,2223,2209,2235,2180,2243
488.645,2211.9,2200,2173,2220,2211,2236,2239,2235,2201,2214,2167,2158,2227,2223,2216,2220,2210,2206,2243,2234,2211,2183,2221,2171,2189,2225,2221,2245,2223,2248,2187
488.984,2278.6,2310,2294,2280,2276,2277,2220,2280,2244,2294,2256,2316,2290,2273,2304,2267,2294,2282,2288,2285,2290,2274,2301,2251,2262,2276,2278,2274,2256,2296,2270
489.323,2002.0,2038,2027,1980,2032,2015,2004,1980,2004,2040,2010,1964,2046,2026,2020,1977,1994,1954,2006,1963,1979,2025,2015,1983,1991,2010,1992,2018,1977,1997,1993
489.662,2428.2,2479,2408,2439,2464,2453,2436,2438,2424,2404,2450,2412,2364,2429,2440,2384,2446,2423,2428,2425,2390,2426,2434,2449,2416,2428,2431,2449,2410,2426,2440
490.001,2283.2,2300,2309,2285,2259,2276,2289,2316,2244,2302,2265,2292,2277,2279,2307,2283,2287,2269,2284,2259,2277,2275,2284,2302,2296,2293,2262,2287,2280,2278,2280
490.340,2219.7,2209,2201,2222,2218,2237,2187,2223,2252,2219,2194,2205,2203,2249,2235,2230,2213,2202,2259,2216,2253,2273,2189,2207,2208,2218,2200,2249,2203,2239,2177
490.679,2341.6,2359,2333,2333,2337,2341,2296,2379,2358,2359,2360,2318,2298,2324,2328,2368,2357,2349,2366,2364,2366,2341,2342,2348,2341,2348,2329,2330,2309,2335,2333
491.018,2273.6,2284,2246,2255,2304,2280,2248,2282,2259,2311,2297,2282,2262,2253,2281,2244,2265,2248,2274,2276,2294,2289,2279,2289,2275,2284,2263,2275,2251,2277,2281
491.357,2472.7,2489,2513,2468,2498,2463,2507,2473,2439,2484,2454,2449,2459,2447,2474,2472,2445,2497,2491,2463,2448,2497,2491,2457,2448,2510,2474,2466,2472,2473,2459
491.697,2195.2,2181,2180,2184,2173,2196,2225,2182,2190,2221,2156,2202,2206,2167,2187,2184,2212,2204,2233,2243,2171,2173,2206,2178,2170,2211,2180,2183,2211,2208,2240
492.036,2157.9,2166,2168,2109,2189,2205,2174,2154,2171,2148,2144,2124,2149,2156,2167,2141,2164,2173,2111,2173,2168,2152,2200,2150,2170,2153,2178,2096,2141,2146,2198
492.375,2449.6,2504,2459,2467,2432,2452,2464,2451,2504,2459,2451,2427,2434,2477,2434,2404,2466,2458,2439,2455,2414,2434,2448,2484,2448,2494,2469,2432,2409,2423,2396
492.714,2337.0,2360,2371,2377,2360,2299,2321,2326,2309,2395,2334,2317,2332,2328,2314,2333,2366,2340,2357,2348,2333,2350,2301,2278,2347,2351,2319,2374,2309,2303,2359
493.054,2290.7,2295,2281,2271,2264,2302,2308,2301,2304,2285,2299,2296,2277,2269,2283,2291,2319,2307,2323,2307,2285,2252,2282,2280,2298,2280,2312,2288,2260,2298,2303
493.393,1915.0,1870,1952,1889,1890,1907,1912,1907,1905,1920,1932,1901,1942,1931,1924,1888,1918,1905,1936,1906,1945,1909,1926,1917,1912,1950,1889,1917,1909,1906,1935
493.732,2351.5,2317,2367,2338,2366,2346,2387,2332,2340,2328,2370,2372,2342,2351,2335,2345,2342,2345,2321,2386,2344,2362,2331,2351,2351,2384,2357,2341,2366,2358,2371
494.072,2225.4,2206,2227,2226,2257,2268,2249,2206,2207,2218,2247,2238,2195,2221,2235,2197,2241,2216,2239,2198,2214,2230,2215,2234,2232,2218,2272,2194,2225,2226,2211
494.411,2196.9,2203,2158,2211,2152,2176,2186,2209,2206,2223,2212,2197,2212,2177,2204,2188,2163,2225,2200,2221,2205,2233,2195,2233,2156,2214,2186,2189,2221,2172,2180
494.751,2225.9,2235,2207,2213,2233,2226,2225,2217,2258,2248,2258,2234,2220,2225,2232,2231,2231,2213,2207,2219,2208,2235,2239,2236,2235,2226,2246,2189,2207,2224,2200
495.090,2144.5,2137,2195,2163,2176,2168,2136,2133,2136,2108,2155,2145,2125,2155,2157,2133,2130,2161,2163,2133,2159,2140,2141,2134,2137,2109,2157,2156,2150,2105,2138
495.430,1945.3,1915,1948,1966,1938,1929,1921,1952,1934,1962,1899,1960,1926,1928,1935,1932,1976,1992,1946,1932,1962,1945,1933,1969,1951,1951,1962,1948,1926,1944,1976
495.769,1995.3,1994,2003,1992,1983,2013,1988,1961,2021,2036,2008,2003,1962,2018,1993,2014,2003,2007,1985,1973,1959,1983,2013,1980,2012,2015,1996,1994,2011,1976,1963
496.109,2315.6,2301,2310,2319,2332,2317,2334,2334,2286,2297,2324,2318,2313,2351,2336,2340,2307,2278,2283,2327,2305,2334,2312,2290,2317,2277,2335,2301,2324,2329,2338
496.449,1998.6,1975,2009,2028,2007,1999,1987,2009,2008,1972,1955,1992,1997,1977,1964,2020,1991,1992,1992,2020,2023,2004,2037,1973,2019,2003,1972,2017,2010,2006,2001
496.788,2198.7,2191,2234,2173,2204,2245,2202,2202,2205,2210,2234,2187,2184,2200,2194,2200,2215,2189,2232,2189,2197,2184,2187,2178,2207,2170,2218,2182,2192,2194,2162
497.128,2242.1,2237,2251,2217,2264,2206,2296,2272,2217,2276,2252,2213,2224,2258,2225,2248,2259,2252,2268,2231,2210,2193,2223,2223,2265,2270,2222,2253,2253,2255,2230
497.468,2426.1,2458,2412,2408,2411,2413,2460,2405,2414,2385,2408,2397,2413,2437,2392,2430,2419,2414,2434,2408,2408,2426,2454,2456,2397,2465,2460,2470,2446,2453,2429
497.808,2060.5,2035,2063,2037,2120,2033,2071,2064,2077,2066,2049,2068,2068,2046,2050,2072,2072,2093,2082,2032,2068,2039,2068,2023,2013,2072,2063,2045,2114,2049,2063
498.147,2173.1,2167,2147,2188,2139,2123,2211,2164,2184,2145,2172,2156,2194,2166,2149,2198,2196,2175,2153,2188,2184,2159,2173,2205,2153,2185,2201,2177,2177,2147,2216
498.487,1918.1,1880,1871,1930,1924,1914,1929,1916,1966,1898,1924,1952,1920,1893,1915,1915,1918,1904,1922,1933,1915,1921,1881,1945,1917,1931,1894,1944,1924,1932,1916
498.827,2394.2,2380,2419,2387,2376,2437,2400,2376,2412,2354,2386,2424,2385,2381,2362,2407,2420,2414,2390,2393,2389,2389,2406,2376,2422,2396,2373,2388,2412,2389,2384
499.167,1902.0,1921,1885,1893,1889,1915,1904,1887,1918,1908,1890,1913,1885,1880,1899,1905,1907,1934,1924,1887,1916,1901,1860,1912,1865,1954,1903,1917,1876,1909,1902
499.507,2143.4,2167,2115,2122,2138,2177,2146,2132,2162,2164,2175,2149,2152,2154,2116,2137,2115,2165,2142,2126,2137,2180,2138,2136,2151,2122,2140,2139,2126,2162,2118
499.847,2201.2,2241,2195,2223,2228,2208,2219,2178,2211,2211,2219,2183,2204,2177,2185,2210,2229,2199,2182,2182,2168,2200,2190,2216,2193,2203,2235,2182,2202,2160,2202
500.187,2154.2,2162,2150,2136,2157,2171,2120,2140,2150,2140,2173,2127,2161,2200,2129,2113,2181,2125,2168,2170,2167,2137,2177,2190,2184,2160,2115,2161,2177,2137,2149
500.527,2484.2,2490,2453,2476,2500,2465,2463,2480,2477,2480,2488,2504,2464,2536,2485,2495,2464,2476,2513,2478,2491,2454,2503,2445,2480,2502,2537,2492,2460,2503,2471
500.867,2377.9,2397,2375,2344,2358,2390,2376,2330,2367,2415,2414,2413,2376,2402,2389,2346,2386,2364,2398,2395,2349,2397,2394,2392,2367,2370,2373,2323,2364,2399,2373
501.207,2013.0,2002,2048,2015,2015,2013,2016,2019,2010,2034,1990,2045,1989,2010,1995,2010,1999,1994,2024,2031,2013,2008,2024,2043,2004,2022,2059,1978,1978,1991,2010
501.547,2043.6,2050,2071,2062,2049,2038,2076,2058,2041,2036,2074,2045,2034,2020,2014,2027,2045,2050,2056,2024,2025,2020,2028,2076,2056,2061,2027,2022,2047,2024,2052
501.887,2111.1,2123,2086,2127,2108,2117,2100,2108,2131,2109,2127,2090,2079,2065,2099,2083,2134,2102,2150,2133,2099,2111,2152,2131,2077,2111,2128,2101,2115,2104,2134
502.227,2024.3,2005,2006,2054,2026,2046,2013,2020,2040,2027,2004,2065,2033,1970,2041,2001,2012,2045,2026,2040,2021,2022,2040,2039,2034,2023,2010,1994,2046,2015,2012
502.567,2494.2,2476,2494,2500,2475,2515,2480,2460,2505,2503,2464,2479,2524,2456,2504,2465,2477,2521,2504,2498,2476,2524,2442,2516,2544,2511,2513,2485,2499,2517,2498
502.907,2097.5,2088,2112,2107,2102,2108,2088,2128,2068,2099,2086,2080,2141,2069,2116,2099,2081,2122,2113,2080,2123,2111,2068,2104,2098,2093,2058,2085,2100,2114,2084
503.248,2213.0,2259,2226,2196,2216,2222,2213,2223,2237,2247,2214,2224,2192,2152,2182,2185,2201,2212,2193,2226,2177,2217,2241,2212,2205,2201,2229,2202,2213,2252,2222
503.588,1895.9,1854,1901,1880,1916,1910,1910,1891,1931,1927,1903,1900,1894,1877,1896,1903,1881,1880,1880,1873,1878,1944,1891,1880,1905,1885,1881,1893,1906,1886,1922
503.928,2306.6,2329,2292,2283,2284,2289,2315,2302,2312,2297,2306,2306,2315,2280,2285,2306,2343,2278,2326,2274,2320,2313,2294,2346,2342,2276,2323,2355,2305,2294,2307
504.269,2198.3,2184,2169,2217,2202,2197,2180,2206,2227,2201,2220,2213,2180,2177,2180,2174,2176,2182,2170,2207,2221,2224,2246,2209,2204,2222,2185,2210,2204,2175,2188
504.609,2093.7,2110,2081,2088,2100,2069,2124,2106,2122,2106,2054,2106,2083,2065,2110,2088,2078,2107,2107,2112,2085,2085,2084,2093,2072,2107,2094,2104,2095,2091,2086
504.949,2250.5,2205,2269,2249,2268,2284,2274,2256,2268,2249,2287,2298,2234,2216,2232,2211,2243,2245,2303,2232,2275,2249,2248,2208,2250,2213,2268,2266,2239,2235,2241
505.290,2101.2,2102,2099,2113,2126,2095,2124,2091,2118,2080,2098,2074,2078,2088,2095,2114,2120,2125,2098,2144,2114,2063,2089,2080,2100,2112,2106,2099,2106,2092,2094
505.630,2352.8,2348,2367,2378,2339,2331,2356,2323,2357,2360,2331,2334,2367,2316,2365,2338,2358,2402,2325,2363,2356,2331,2361,2369,2386,2335,2292,2373,2380,2366,2376
505.971,2249.3,2249,2212,2252,2281,2254,2277,2235,2243,2241,2266,2279,2253,2238,2224,2264,2284,2211,2233,2228,2237,2259,2235,2250,2274,2267,2217,2272,2230,2274,2239
506.311,2288.1,2294,2270,2270,2307,2311,2259,2285,2293,2285,2278,2276,2274,2284,2320,2308,2291,2287,2280,2302,2248,2303,2249,2273,2304,2299,2248,2333,2300,2322,2290
506.652,2444.2,2447,2463,2445,2460,2459,2418,2445,2450,2429,2426,2440,2463,2430,2447,2493,2441,2457,2437,2438,2456,2448,2437,2441,2453,2449,2402,2464,2464,2426,2397
506.992,2468.3,2481,2489,2492,2531,2455,2472,2449,2485,2493,2473,2489,2479,2477,2464,2442,2475,2450,2497,2464,2437,2475,2429,2437,2449,2482,2472,2457,2493,2437,2425
507.333,2079.8,2086,2072,2068,2093,2066,2057,2114,2027,2091,2073,2080,2076,2061,2073,2111,2088,2097,2072,2075,2073,2108,2041,2094,2064,2101,2101,2073,2095,2084,2081
507.673,2039.6,1989,2034,2040,2043,2051,2067,2028,2034,2040,2037,2026,2056,2048,2018,2002,2079,2030,2049,2077,2004,2065,2041,1988,2076,2040,2040,2057,2040,2027,2062
508.014,2426.5,2466,2478,2377,2403,2446,2416,2407,2408,2408,2441,2443,2434,2469,2458,2420,2435,2382,2405,2420,2395,2456,2438,2442,2379,2408,2419,2468,2433,2413,2429
508.355,2210.5,2202,2222,2216,2211,2214,2195,2195,2205,2229,2197,2198,2193,2210,2208,2211,2243,2229,2237,2199,2210,2184,2205,2206,2211,2221,2181,2250,2215,2200,2217
508.695,2258.6,2276,2267,2259,2232,2242,2279,2267,2303,2258,2245,2255,2225,2233,2242,2253,2252,2239,2266,2223,2275,2248,2253,2291,2256,2327,2279,2245,2273,2261,2235
509.036,2060.7,2069,2074,2089,2003,2044,2077,2083,2049,2040,2038,2065,2068,2077,2054,2067,2079,2062,2079,2054,2075,2120,2076,2041,2081,2053,2053,2031,2035,2047,2039
509.377,2252.0,2267,2241,2281,2323,2264,2278,2232,2236,2224,2208,2281,2229,2245,2246,2250,2281,2226,2264,2256,2265,2262,2268,2249,2220,2265,2227,2253,2248,2236,2234
509.718,2027.1,2069,2012,2052,1992,2033,2028,2057,2012,2062,2041,1990,2010,1994,2041,2028,2037,2018,2008,2057,2028,2021,1989,2012,2044,2055,2058,2008,2019,2031,2007
510.059,2123.7,2130,2110,2127,2095,2127,2113,2144,2090,2088,2153,2121,2112,2133,2132,2124,2130,2133,2123,2131,2097,2143,2134,2162,2136,2115,2088,2143,2116,2123,2137
510.399,2020.6,2045,2009,2031,2043,2071,1998,2027,2019,2030,2001,1981,2022,2045,2028,2034,2047,2008,1992,1989,1981,2020,2011,2025,2002,2029,2030,2047,2010,2015,2027
510.740,2119.0,2112,2161,2115,2131,2110,2142,2158,2061,2099,2129,2123,2143,2102,2113,2108,2128,2128,2148,2072,2067,2133,2097,2109,2108,2170,2138,2095,2108,2134,2128
511.081,2180.0,2205,2190,2153,2198,2195,2174,2197,2152,2180,2189,2196,2169,2201,2201,2202,2164,2158,2188,2187,2216,2180,2145,2179,2180,2185,2160,2142,2177,2184,2152
511.422,2086.0,2114,2088,2070,2112,2064,2063,2108,2043,2077,2098,2105,2090,2099,2065,2073,2088,2069,2112,2090,2079,2090,2099,2090,2086,2094,2062,2063,2086,2102,2100
511.763,2049.2,2080,2021,2047,2076,2074,2056,2060,2019,2054,2070,2061,2070,2054,2062,2029,2025,2058,2046,2035,2063,2011,2047,2041,2040,2038,2048,2029,2043,2024,2094
512.104,2255.3,2220,2281,2243,2290,2235,2231,2275,2277,2265,2250,2292,2255,2267,2258,2292,2243,2237,2243,2231,2264,2242,2274,2248,2257,2258,2245,2270,2258,2220,2237
512.445,2155.3,2188,2152,2186,2208,2157,2154,2159,2137,2156,2128,2108,2143,2124,2155,2184,2189,2152,2130,2126,2170,2151,2154,2141,2177,2136,2152,2163,2177,2148,2155
512.786,2148.4,2160,2129,2136,2127,2160,2161,2150,2133,2159,2134,2186,2148,2118,2134,2171,2166,2153,2158,2141,2177,2158,2163,2130,2171,2165,2095,2154,2097,2156,2161
513.127,2296.4,2285,2301,2306,2294,2294,2305,2318,2284,2340,2283,2301,2281,2325,2312,2281,2248,2303,2312,2244,2308,2280,2280,2334,2331,2331,2295,2288,2267,2282,2280
513.468,2464.4,2438,2424,2438,2442,2464,2485,2478,2409,2468,2499,2460,2512,2477,2500,2441,2454,2474,2479,2492,2432,2470,2489,2485,2474,2499,2440,2469,2457,2417,2466
513.810,2359.2,2362,2377,2372,2389,2330,2387,2358,2351,2355,2391,2345,2363,2348,2347,2388,2373,2365,2378,2351,2316,2374,2391,2361,2354,2341,2331,2322,2383,2307,2366
514.151,2351.6,2356,2326,2387,2358,2314,2303,2406,2367,2368,2363,2355,2355,2316,2331,2355,2389,2314,2352,2348,2354,2315,2334,2383,2318,2329,2392,2355,2369,2354,2381
514.492,2652.0,2645,2707,2664,2670,2646,2682,2637,2628,2689,2623,2662,2666,2633,2616,2693,2637,2671,2633,2628,2647,2635,2673,2624,2632,2654,2654,2671,2630,2654,2655
514.833,2255.4,2278,2271,2267,2260,2282,2252,2245,2234,2249,2251,2253,2234,2248,2319,2280,2239,2250,2258,2257,2208,2250,2253,2294,2249,2222,2241,2266,2256,2224,2272
515.174,2087.4,2097,2093,2104,2079,2078,2073,2074,2073,2131,2102,2064,2120,2082,2071,2051,2110,2068,2068,2101,2093,2092,2142,2067,2085,2079,2095,2055,2080,2104,2091
515.516,2103.8,2137,2075,2091,2139,2093,2112,2094,2099,2117,2106,2111,2136,2072,2131,2112,2105,2110,2117,2108,2070,2088,2090,2132,2077,2109,2083,2126,2098,2082,2093
515.857,2133.5,2143,2142,2163,2139,2178,2175,2143,2133,2113,2141,2098,2153,2092,2128,2097,2125,2145,2148,2106,2156,2104,2171,2133,2138,2122,2129,2154,2134,2109,2093
516.198,2137.4,2145,2134,2146,2174,2160,2131,2147,2153,2147,2152,2098,2121,2160,2133,2145,2176,2112,2132,2148,2132,2147,2159,2125,2121,2125,2110,2149,2162,2079,2098
516.540,2028.3,2032,2062,2038,2059,2034,2002,2052,2027,2006,2026,2013,2074,2040,2051,2051,2031,1997,2001,2016,2019,2008,2061,1972,2017,2073,2059,2010,2018,1965,2034
516.881,1896.4,1866,1908,1900,1854,1890,1913,1889,1891,1897,1885,1893,1912,1888,1890,1884,1914,1931,1911,1901,1882,1856,1894,1888,1913,1902,1918,1904,1881,1906,1930
517.223,2276.2,2223,2316,2304,2243,2244,2247,2276,2312,2292,2276,2296,2337,2250,2323,2297,2285,2302,2296,2262,2281,2278,2279,2264,2309,2231,2280,2269,2207,2264,2244
517.564,2147.1,2157,2164,2131,2149,2162,2138,2170,2170,2128,2168,2144,2137,2154,2116,2118,2161,2153,2162,2139,2139,2110,2125,2175,2183,2138,2132,2146,2177,2123,2143
517.906,2203.9,2217,2243,2165,2187,2215,2197,2186,2218,2180,2206,2211,2197,2182,2235,2216,2227,2248,2236,2157,2197,2186,2203,2184,2215,2189,2204,2194,2224,2188,2211
518.247,2193.3,2203,2201,2201,2190,2194,2187,2193,2229,2188,2169,2187,2184,2196,2204,2178,2180,2190,2195,2173,2169,2208,2195,2211,2219,2198,2208,2213,2173,2184,2178
518.589,2208.9,2248,2200,2228,2219,2242,2223,2200,2181,2252,2232,2220,2178,2220,2199,2205,2187,2198,2224,2154,2217,2191,2227,2207,2180,2181,2218,2209,2188,2208,2231
518.930,1983.5,2031,1976,1991,1972,1972,1974,1979,1961,1971,1980,1973,1969,2000,2000,1996,2002,1996,1988,1963,1987,1963,1997,1956,2000,1999,1969,1985,1998,1948,2010
519.272,2170.9,2186,2186,2168,2181,2186,2130,2149,2180,2191,2170,2179,2141,2197,2184,2162,2178,2166,2127,2169,2177,2170,2175,2178,2155,2143,2178,2227,2158,2182,2154
519.613,2178.2,2181,2181,2200,2217,2203,2178,2180,2158,2162,2136,2162,2183,2195,2168,2212,2179,2186,2203,2181,2142,2126,2187,2245,2157,2168,2148,2176,2197,2158,2178
519.955,2124.7,2180,2090,2136,2109,2136,2165,2146,2131,2111,2137,2105,2067,2104,2102,2097,2129,2128,2111,2163,2136,2082,2077,2184,2128,2155,2125,2108,2128,2126,2145
520.297,2117.3,2079,2128,2152,2135,2121,2124,2126,2118,2121,2147,2112,2130,2137,2127,2131,2062,2082,2136,2083,2099,2067,2124,2126,2155,2130,2112,2079,2092,2160,2125
520.639,2288.8,2290,2263,2273,2297,2312,2293,2257,2325,2264,2309,2315,2291,2288,2278,2311,2278,2266,2286,2341,2271,2280,2299,2250,2317,2282,2251,2313,2326,2278,2261
520.980,2056.3,2065,2067,2038,2088,2056,2038,2050,2075,2086,2068,2083,2072,2061,2043,2071,2058,2017,2084,2079,2022,2053,2065,2032,2032,2079,2073,2000,2053,2040,2042
521.322,2192.1,2199,2196,2146,2194,2155,2225,2178,2169,2171,2236,2196,2162,2233,2206,2203,2210,2193,2200,2185,2150,2166,2175,2174,2186,2184,2212,2236,2229,2212,2182
521.664,2158.5,2152,2148,2195,2154,2179,2131,2171,2121,2141,2146,2155,2205,2168,2165,2170,2184,2149,2166,2172,2199,2156,2163,2136,2119,2169,2154,2149,2160,2113,2164
522.006,2076.8,2107,2105,2073,2056,2095,2040,2069,2091,2082,2037,2081,2080,2082,2075,2096,2064,2081,2059,2088,2044,2045,2059,2106,2099,2084,2104,2086,2085,2063,2069
522.348,2188.2,2185,2199,2149,2196,2200,2189,2133,2190,2214,2200,2197,2209,2189,2204,2168,2176,2205,2186,2184,2204,2129,2164,2155,2227,2202,2219,2222,2231,2154,2165
522.690,2218.0,2204,2250,2202,2223,2207,2237,2232,2231,2238,2157,2225,2210,2232,2222,2233,2193,2201,2232,2179,2249,2179,2257,2224,2225,2232,2232,2188,2228,2214,2203
523.031,2097.5,2168,2120,2086,2125,2088,2079,2114,2103,2109,2088,2092,2105,2093,2121,2082,2145,2067,2084,2095,2114,2040,2070,2081,2086,2088,2116,2091,2107,2092,2076
523.373,2259.9,2261,2302,2234,2229,2265,2261,2261,2282,2258,2246,2300,2254,2274,2243,2280,2259,2296,2287,2284,2264,2259,2216,2204,2284,2248,2258,2241,2259,2257,2232
523.715,2464.6,2495,2487,2466,2493,2488,2461,2464,2426,2457,2481,2458,2491,2454,2465,2468,2469,2427,2443,2448,2459,2468,2469,2494,2412,2460,2451,2432,2501,2492,2459
524.057,2239.8,2242,2261,2246,2258,2269,2215,2239,2218,2287,2223,2222,2226,2210,2229,2241,2220,2261,2254,2242,2242,2235,2255,2213,2276,2194,2238,2215,2267,2238,2257
524.399,2396.1,2387,2369,2396,2344,2413,2417,2379,2382,2452,2383,2409,2376,2401,2392,2419,2388,2385,2414,2397,2417,2431,2382,2393,2399,2386,2409,2387,2419,2358,2400
524.742,2363.4,2360,2384,2379,2382,2390,2328,2385,2328,2329,2347,2357,2339,2349,2353,2360,2371,2387,2367,2343,2379,2393,2371,2378,2361,2357,2351,2393,2369,2370,2342
525.084,2267.5,2262,2285,2272,2281,2306,2246,2277,2282,2283,2274,2281,2273,2227,2257,2246,2253,2267,2292,2249,2237,2239,2292,2274,2298,2243,2287,2285,2279,2230,2248
525.426,2336.6,2346,2330,2312,2347,2344,2360,2367,2349,2352,2363,2315,2332,2312,2316,2338,2352,2354,2345,2339,2333,2328,2334,2316,2373,2296,2322,2369,2320,2293,2341
525.768,1840.2,1818,1845,1849,1835,1816,1828,1814,1837,1821,1854,1848,1813,1869,1850,1822,1852,1853,1822,1816,1880,1852,1843,1866,1805,1844,1842,1830,1839,1890,1854
526.110,2457.5,2426,2468,2451,2478,2493,2472,2426,2417,2432,2464,2441,2487,2494,2402,2445,2467,2495,2477,2460,2460,2452,2441,2445,2438,2463,2425,2480,2485,2468,2474
526.452,2318.3,2355,2310,2300,2298,2328,2333,2309,2336,2372,2341,2320,2363,2307,2300,2343,2306,2317,2311,2292,2308,2296,2336,2304,2328,2309,2308,2293,2322,2314,2291
526.795,2476.7,2480,2467,2465,2460,2533,2461,2468,2453,2459,2517,2521,2465,2485,2453,2476,2450,2458,2520,2494,2506,2475,2454,2433,2490,2509,2461,2464,2483,2443,2499
527.137,2086.2,2102,2120,2045,2076,2094,2093,2061,2097,2092,2086,2096,2075,2059,2097,2067,2123,2085,2083,2059,2108,2088,2098,2105,2090,2057,2096,2080,2069,2090,2094
527.479,2207.5,2244,2222,2192,2200,2244,2228,2210,2234,2197,2168,2206,2180,2191,2184,2197,2224,2154,2217,2200,2196,2198,2241,2178,2230,2200,2246,2219,2229,2185,2210
527.822,2303.5,2299,2293,2315,2324,2258,2317,2254,2319,2268,2355,2316,2309,2318,2288,2300,2334,2325,2322,2298,2288,2316,2319,2269,2297,2302,2292,2291,2303,2324,2293
528.164,2222.1,2226,2218,2212,2219,2232,2189,2249,2201,2226,2250,2204,2185,2203,2249,2225,2229,2210,2271,2199,2217,2206,2205,2232,2260,2226,2232,2219,2200,2237,2232
528.506,2260.3,2263,2251,2273,2252,2228,2268,2261,2294,2263,2299,2245,2262,2260,2206,2248,2264,2251,2272,2234,2298,2253,2248,2243,2296,2265,2275,2280,2260,2219,2278
528.849,2293.0,2321,2293,2275,2286,2262,2290,2293,2265,2292,2275,2353,2292,2273,2302,2318,2317,2312,2275,2291,2271,2289,2302,2266,2312,2296,2296,2294,2283,2317,2278
529.191,2061.2,2076,2069,2013,2069,2075,2032,2096,2060,2093,2085,2056,2091,2089,2093,2028,2071,2040,2088,2049,2092,2022,2073,2025,2052,2062,2031,2032,2048,2075,2050
529.534,2180.4,2222,2161,2178,2184,2206,2191,2166,2192,2182,2158,2168,2182,2155,2192,2196,2182,2196,2168,2184,2185,2170,2184,2185,2195,2177,2192,2180,2122,2182,2177
529.876,2477.6,2502,2489,2468,2450,2482,2422,2472,2495,2513,2460,2495,2468,2458,2491,2502,2473,2444,2513,2488,2470,2489,2449,2460,2418,2516,2491,2500,2491,2461,2497
530.219,2422.9,2410,2450,2396,2451,2440,2392,2408,2400,2424,2437,2453,2392,2465,2437,2465,2433,2410,2441,2396,2430,2393,2424,2445,2408,2397,2440,2420,2430,2407,2392
530.561,2309.5,2323,2345,2348,2305,2340,2332,2345,2312,2323,2274,2279,2319,2294,2318,2278,2244,2285,2319,2336,2292,2355,2297,2308,2280,2276,2326,2307,2298,2319,2308
530.904,2035.6,2036,2057,2040,2057,1999,2049,1993,2041,1985,2066,1998,2021,2033,2048,2060,2065,2018,2079,2040,2044,2040,2047,2064,2068,2044,2017,2034,1987,2014,2023
531.246,2151.7,2111,2154,2140,2104,2161,2143,2152,2134,2163,2156,2183,2146,2164,2162,2172,2164,2130,2183,2150,2124,2160,2165,2114,2173,2184,2133,2158,2175,2147,2146
531.589,2312.4,2283,2326,2335,2297,2308,2289,2306,2301,2278,2309,2291,2306,2301,2336,2333,2378,2342,2323,2309,2309,2313,2312,2349,2298,2378,2308,2280,2296,2284,2294
531.932,2470.4,2469,2473,2487,2483,2484,2409,2460,2472,2468,2446,2446,2504,2486,2468,2449,2480,2423,2470,2492,2466,2456,2463,2463,2478,2489,2472,2490,2511,2466,2488
532.274,2035.8,2044,2037,2028,2050,2018,2038,2069,2051,2034,2018,2058,2018,2026,2025,2029,2027,2043,2041,2035,2015,2018,2004,2039,2006,2029,2043,2075,2079,2019,2059
532.617,2505.4,2493,2493,2499,2508,2472,2495,2506,2520,2533,2501,2463,2552,2459,2493,2516,2493,2513,2508,2517,2522,2507,2512,2526,2512,2503,2508,2507,2495,2486,2551
532.960,2222.7,2202,2230,2237,2227,2225,2200,2222,2210,2227,2235,2212,2230,2256,2226,2229,2219,2214,2228,2211,2228,2274,2243,2223,2196,2223,2204,2226,2172,2238,2214
533.303,2337.5,2377,2313,2268,2338,2335,2338,2339,2348,2331,2328,2344,2320,2335,2315,2358,2374,2328,2355,2312,2325,2328,2346,2335,2368,2376,2322,2362,2323,2330,2354
533.645,1996.0,1981,2015,2019,1974,1989,1970,1993,1980,1954,2004,1980,2025,1989,1979,2039,1973,2010,2011,1991,1992,1972,2033,1993,2030,1961,2008,2010,2001,2002,2001
533.988,2227.6,2245,2218,2210,2221,2204,2208,2232,2210,2218,2232,2212,2248,2251,2264,2184,2206,2303,2209,2225,2211,2239,2233,2197,2237,2239,2253,2208,2240,2208,2262
534.331,2157.8,2169,2144,2180,2110,2124,2135,2169,2142,2149,2185,2125,2184,2180,2114,2174,2165,2172,2147,2185,2170,2158,2163,2147,2189,2184,2128,2172,2162,2159,2150
534.674,2270.1,2262,2277,2258,2241,2279,2246,2257,2293,2286,2276,2240,2310,2272,2264,2266,2284,2266,2322,2228,2262,2285,2286,2242,2277,2236,2283,2292,2271,2263,2279
535.017,2346.0,2371,2346,2328,2356,2350,2336,2333,2392,2305,2347,2354,2374,2363,2360,2324,2320,2360,2329,2339,2344,2372,2307,2386,2353,2323,2298,2352,2358,2373,2327
535.360,2142.1,2109,2162,2180,2169,2180,2152,2143,2147,2134,2153,2174,2132,2135,2141,2098,2120,2113,2098,2128,2168,2130,2183,2156,2140,2126,2119,2162,2156,2128,2126
535.703,2373.9,2370,2398,2388,2395,2374,2387,2357,2379,2392,2371,2369,2354,2370,2376,2325,2402,2348,2368,2367,2371,2373,2361,2354,2404,2363,2388,2408,2357,2408,2341
536.046,2340.1,2339,2322,2337,2340,2334,2313,2346,2358,2341,2328,2349,2346,2305,2356,2392,2334,2320,2345,2338,2356,2344,2371,2305,2295,2326,2329,2339,2354,2389,2352
536.389,2038.8,2035,2032,2051,2040,2024,2030,2049,2063,2020,2066,2068,2030,2002,2047,2010,2024,2026,2058,2041,2039,2065,2049,2041,2029,2050,2000,2057,2051,2024,2042
536.732,2285.6,2286,2315,2255,2270,2303,2271,2319,2315,2325,2301,2271,2326,2300,2262,2253,2254,2304,2310,2283,2266,2243,2296,2278,2275,2289,2281,2246,2304,2266,2302
537.075,2221.8,2243,2203,2211,2248,2244,2267,2207,2252,2213,2193,2211,2212,2178,2214,2242,2226,2240,2206,2255,2209,2202,2211,2218,2240,2205,2191,2205,2236,2219,2252
537.418,2152.5,2155,2130,2123,2163,2169,2153,2125,2146,2189,2160,2141,2178,2198,2220,2151,2139,2162,2128,2170,2129,2136,2151,2147,2152,2109,2150,2130,2116,2165,2191
537.761,2236.9,2271,2254,2247,2266,2248,2237,2234,2265,2256,2228,2265,2258,2244,2241,2221,2255,2201,2239,2219,2236,2200,2173,2217,2229,2257,2216,2242,2190,2253,2245
538.105,2436.7,2452,2477,2438,2444,2428,2431,2424,2421,2428,2406,2440,2436,2442,2474,2464,2434,2427,2462,2433,2444,2432,2408,2414,2426,2434,2410,2415,2415,2471,2471
538.448,2293.0,2303,2303,2355,2233,2302,2276,2264,2282,2302,2305,2283,2282,2319,2308,2321,2301,2275,2300,2319,2302,2285,2327,2297,2292,2285,2246,2310,2254,2280,2278
538.791,1986.7,1992,1965,2003,2008,1981,1962,1978,2006,1984,1979,1958,1987,1993,2008,1962,1993,1960,1999,2009,1985,1998,1994,1944,2001,1990,2000,2012,2011,1972,1966
539.134,2158.4,2149,2190,2152,2144,2147,2168,2128,2146,2133,2171,2204,2107,2152,2147,2168,2125,2184,2165,2148,2175,2157,2160,2180,2140,2163,2168,2168,2173,2172,2168
539.478,2326.5,2289,2338,2317,2283,2354,2292,2315,2357,2352,2356,2293,2354,2350,2347,2378,2344,2323,2364,2335,2273,2325,2325,2317,2347,2311,2308,2286,2318,2320,2324
539.821,2207.5,2218,2196,2199,2208,2222,2232,2222,2232,2165,2213,2197,2187,2216,2199,2215,2208,2200,2179,2236,2226,2218,2201,2175,2192,2208,2165,2172,2263,2229,2233
540.164,2121.7,2107,2097,2156,2112,2111,2116,2114,2136,2103,2138,2132,2158,2137,2112,2173,2068,2116,2091,2136,2091,2111,2123,2141,2111,2152,2126,2120,2144,2106,2113
540.508,2306.8,2298,2311,2290,2303,2313,2318,2297,2312,2283,2314,2299,2308,2287,2298,2321,2323,2357,2262,2280,2284,2319,2281,2300,2331,2356,2312,2293,2318,2314,2323
540.851,2382.5,2361,2397,2390,2406,2382,2415,2390,2373,2382,2379,2419,2381,2388,2418,2353,2412,2398,2358,2379,2351,2355,2355,2375,2408,2335,2426,2385,2380,2361,2363
541.194,2280.7,2278,2263,2284,2258,2323,2293,2255,2301,2249,2267,2319,2284,2254,2282,2279,2250,2292,2277,2300,2275,2290,2297,2291,2236,2342,2284,2271,2279,2265,2284
541.538,2219.0,2213,2203,2256,2220,2250,2210,2222,2206,2204,2188,2211,2229,2217,2191,2237,2173,2196,2249,2231,2253,2232,2228,2245,2248,2198,2214,2229,2213,2228,2175
541.881,2132.5,2103,2106,2130,2164,2113,2152,2169,2160,2118,2168,2113,2111,2114,2142,2120,2127,2128,2125,2109,2108,2143,2162,2124,2168,2105,2120,2128,2118,2173,2155
542.225,2170.0,2155,2187,2157,2130,2175,2226,2209,2191,2163,2177,2152,2154,2191,2210,2142,2162,2168,2163,2154,2141,2156,2198,2162,2161,2179,2119,2171,2184,2158,2204
542.568,2102.9,2117,2108,2076,2103,2099,2092,2081,2069,2108,2072,2120,2110,2166,2120,2106,2075,2094,2083,2102,2085,2095,2114,2100,2114,2138,2067,2113,2144,2101,2115
542.912,1878.6,1856,1864,1887,1852,1878,1880,1872,1849,1837,1896,1867,1890,1879,1918,1859,1879,1878,1884,1870,1893,1922,1894,1886,1896,1886,1859,1888,1866,1872,1901
543.256,1868.7,1882,1889,1888,1890,1833,1828,1860,1869,1874,1878,1866,1868,1874,1897,1838,1906,1852,1896,1894,1850,1872,1851,1882,1884,1880,1860,1858,1824,1883,1836
543.599,2343.6,2332,2353,2338,2304,2376,2340,2332,2350,2303,2329,2306,2360,2357,2351,2347,2340,2345,2358,2334,2368,2323,2338,2352,2313,2365,2368,2350,2354,2366,2355
543.943,2252.0,2276,2239,2256,2260,2269,2232,2272,2278,2242,2281,2256,2278,2260,2233,2272,2261,2235,2191,2253,2245,2258,2219,2233,2232,2282,2284,2233,2239,2223,2268
544.286,2126.3,2133,2128,2157,2165,2168,2157,2077,2133,2065,2158,2120,2109,2164,2139,2108,2098,2136,2123,2121,2136,2137,2123,2135,2134,2126,2154,2101,2088,2089,2107
544.630,2284.7,2256,2282,2315,2319,2272,2318,2294,2289,2255,2291,2261,2258,2291,2272,2300,2264,2284,2275,2286,2292,2250,2274,2283,2284,2321,2305,2260,2320,2307,2263
544.974,2505.2,2498,2490,2492,2508,2493,2497,2504,2508,2516,2512,2504,2505,2522,2501,2499,2521,2511,2532,2494,2512,2462,2501,2542,2512,2520,2508,2529,2494,2486,2484
545.318,2329.4,2335,2294,2348,2327,2326,2326,2360,2367,2321,2335,2292,2332,2318,2332,2312,2325,2328,2368,2344,2324,2308,2346,2318,2326,2296,2351,2283,2330,2354,2356
545.661,2456.1,2475,2418,2467,2460,2434,2474,2433,2453,2433,2491,2449,2435,2415,2461,2462,2452,2470,2482,2483,2478,2466,2447,2431,2472,2440,2444,2492,2427,2484,2456
546.005,2157.2,2139,2137,2126,2185,2157,2166,2146,2193,2140,2185,2158,2129,2177,2138,2181,2136,2193,2137,2139,2170,2137,2165,2191,2174,2174,2165,2147,2144,2133,2155
546.349,2174.1,2197,2197,2126,2172,2152,2180,2155,2181,2206,2145,2168,2168,2217,2177,2174,2198,2160,2181,2187,2138,2155,2207,2218,2209,2152,2152,2170,2176,2170,2135
546.693,2040.2,2045,2033,2046,2029,2049,2064,2044,2032,2029,2072,2009,2015,2066,2022,2038,2045,2044,2081,2095,2026,2052,2013,2041,2020,2043,2028,2026,2035,2040,2024
547.037,2251.3,2267,2235,2259,2250,2267,2244,2234,2235,2239,2266,2254,2259,2248,2261,2248,2273,2246,2244,2296,2269,2264,2282,2260,2259,2232,2224,2248,2221,2223,2232
547.381,2164.2,2161,2183,2175,2179,2173,2196,2142,2166,2196,2166,2188,2125,2152,2155,2143,2135,2221,2151,2175,2160,2140,2130,2146,2182,2172,2160,2156,2148,2165,2184
547.725,2060.0,2059,2060,2057,2062,2080,2068,2046,2094,2057,2029,2065,2015,2053,2043,2041,2057,2040,2066,2077,2089,2067,2060,2059,2072,2060,2034,2046,2089,2076,2079
548.069,2249.7,2242,2255,2287,2228,2217,2234,2236,2281,2277,2255,2237,2239,2286,2259,2238,2256,2310,2262,2237,2222,2243,2236,2206,2256,2240,2264,2240,2266,2242,2240
548.413,2225.4,2224,2221,2232,2209,2231,2237,2230,2226,2214,2276,2242,2194,2233,2171,2205,2241,2249,2256,2248,2210,2233,2200,2213,2239,2232,2191,2200,2232,2239,2235
548.757,1880.5,1875,1875,1886,1892,1873,1869,1888,1875,1907,1907,1872,1869,1873,1890,1862,1898,1864,1896,1892,1932,1895,1871,1860,1891,1892,1862,1878,1851,1854,1866
549.101,1912.4,1904,1922,1917,1934,1886,1921,1896,1917,1937,1896,1930,1871,1935,1925,1909,1896,1926,1912,1896,1931,1907,1898,1907,1887,1930,1944,1904,1915,1944,1876
549.445,2102.5,2089,2101,2106,2085,2089,2072,2113,2118,2097,2085,2082,2134,2082,2074,2115,2101,2106,2109,2134,2081,2108,2085,2095,2090,2088,2111,2126,2145,2126,2129
549.789,2320.6,2340,2313,2330,2298,2326,2323,2318,2330,2352,2325,2324,2297,2341,2327,2319,2336,2287,2294,2339,2301,2312,2322,2351,2302,2323,2289,2302,2364,2320,2313
550.133,1998.9,2004,1980,2010,2010,1994,2038,1987,2015,1979,1981,2003,2010,2001,2004,1964,1992,1989,2025,1972,2033,1991,1993,1967,2037,1994,1953,2011,2022,1993,2016
550.477,2069.3,2075,2056,2028,2062,2077,2110,2099,2057,2072,2108,2089,2065,2066,2041,2067,2063,2089,2052,2054,2052,2104,2073,2043,2079,2067,2072,2061,2085,2076,2036
550.822,2294.9,2299,2309,2324,2260,2314,2355,2310,2268,2270,2304,2297,2299,2312,2302,2281,2301,2302,2237,2259,2309,2294,2293,2312,2323,2260,2289,2294,2296,2278,2295
551.166,2138.2,2164,2102,2141,2117,2108,2158,2120,2171,2130,2170,2120,2143,2145,2165,2156,2125,2158,2142,2163,2149,2149,2135,2114,2138,2155,2139,2095,2101,2134,2139
551.510,2258.5,2297,2256,2229,2300,2254,2272,2229,2292,2254,2247,2280,2255,2269,2229,2262,2265,2228,2254,2244,2276,2261,2249,2261,2250,2220,2246,2278,2265,2268,2265
551.854,1961.6,1982,1939,1990,1966,1989,1953,2013,1950,1954,1919,1938,1936,1966,1968,1990,1932,1967,1925,1979,1972,1946,1961,1955,1982,1964,1961,1947,1957,1981,1965
552.199,2274.7,2258,2275,2281,2249,2255,2235,2265,2284,2276,2226,2294,2287,2278,2310,2270,2282,2280,2292,2237,2270,2303,2277,2248,2290,2276,2268,2290,2307,2303,2276
552.543,2065.0,2034,2073,2064,2048,2075,2036,2088,2073,2074,2037,2092,2082,2088,2076,2035,2041,2093,2050,2091,2027,2093,2069,2033,2049,2057,2063,2028,2090,2109,2083
552.887,2181.0,2175,2219,2216,2172,2189,2175,2202,2193,2218,2136,2226,2188,2184,2113,2210,2183,2201,2154,2142,2136,2216,2182,2217,2172,2163,2157,2163,2184,2152,2192
553.232,2191.2,2171,2186,2224,2221,2150,2201,2189,2181,2204,2181,2208,2203,2220,2205,2178,2189,2165,2178,2153,2171,2172,2228,2205,2164,2191,2227,2197,2192,2178,2205
553.576,2286.9,2287,2307,2282,2278,2301,2308,2312,2281,2280,2280,2291,2305,2283,2321,2260,2287,2278,2243,2286,2304,2277,2293,2303,2329,2281,2296,2232,2273,2271,2279
553.921,2243.4,2247,2233,2234,2299,2255,2262,2278,2227,2234,2249,2263,2240,2250,2250,2198,2261,2206,2257,2188,2274,2262,2243,2246,2233,2271,2211,2224,2240,2241,2226
554.265,2055.4,2019,2062,2062,2059,2055,2073,2020,2046,2018,2052,2024,2079,2068,2063,2091,2044,2070,2057,2070,2050,2053,2053,2054,2051,2088,2062,2006,2082,2037,2093
554.609,2116.2,2054,2115,2145,2092,2083,2099,2131,2130,2121,2108,2129,2112,2148,2100,2128,2161,2086,2128,2094,2141,2128,2097,2095,2096,2110,2149,2136,2115,2130,2125
554.954,2166.8,2129,2171,2167,2137,2145,2193,2151,2209,2196,2178,2175,2197,2178,2184,2181,2155,2152,2177,2141,2177,2148,2162,2184,2158,2137,2159,2194,2152,2160,2157
555.299,1885.5,1904,1888,1915,1896,1886,1882,1879,1884,1895,1870,1881,1882,1875,1893,1884,1912,1849,1905,1890,1895,1893,1889,1882,1864,1857,1879,1885,1916,1862,1874
555.643,2172.8,2150,2192,2125,2142,2173,2155,2178,2151,2178,2170,2167,2198,2196,2200,2180,2217,2163,2160,2169,2169,2159,2173,2173,2221,2179,2167,2161,2192,2166,2161
555.988,1980.3,1988,2020,1981,1950,2008,2006,1962,1972,1953,1983,1950,2016,1961,2005,1943,1966,1974,2010,1986,1968,1973,1946,1986,1997,1969,1991,2008,1966,2007,1964
556.332,2234.7,2268,2245,2222,2221,2259,2170,2208,2255,2231,2240,2221,2209,2211,2236,2249,2210,2246,2251,2201,2224,2249,2268,2265,2254,2262,2197,2248,2283,2220,2219
556.677,2433.5,2464,2477,2441,2435,2383,2405,2444,2484,2428,2436,2452,2467,2430,2401,2426,2374,2452,2421,2446,2437,2419,2421,2436,2427,2422,2452,2409,2432,2426,2458
557.022,2176.0,2152,2214,2175,2188,2133,2146,2171,2193,2152,2180,2148,2174,2198,2216,2184,2171,2213,2173,2136,2162,2182,2149,2193,2209,2159,2201,2198,2196,2175,2138
557.366,2304.2,2286,2320,2288,2258,2316,2287,2335,2330,2286,2305,2315,2275,2320,2300,2292,2306,2314,2292,2311,2303,2333,2290,2291,2333,2296,2290,2309,2331,2337,2277
557.711,2244.3,2242,2228,2251,2276,2284,2274,2243,2212,2256,2257,2271,2263,2252,2235,2281,2218,2208,2226,2274,2233,2230,2237,2238,2239,2208,2246,2234,2252,2239,2223
558.056,2176.6,2176,2156,2192,2166,2156,2224,2134,2200,2181,2172,2184,2154,2155,2188,2176,2215,2152,2153,2154,2171,2175,2195,2210,2187,2142,2186,2190,2179,2180,2194
558.401,2138.9,2144,2138,2117,2143,2090,2144,2159,2157,2157,2109,2136,2137,2165,2139,2137,2128,2149,2135,2123,2152,2151,2111,2114,2121,2111,2201,2173,2142,2130,2153
558.745,2039.4,2039,2033,2048,2040,2033,2066,2046,2058,2044,2044,2027,2011,2028,2054,2059,2042,2047,2029,2035,2040,2004,2039,2052,2012,2067,2038,2079,2020,2031,2018
559.090,2156.8,2157,2185,2159,2156,2143,2175,2178,2168,2125,2157,2146,2175,2154,2126,2157,2141,2189,2133,2175,2127,2149,2165,2159,2152,2190,2161,2159,2130,2156,2158
559.435,2087.0,2110,2099,2090,2088,2093,2082,2051,2059,2120,2076,2126,2125,2098,2072,2091,2048,2055,2086,2090,2110,2096,2064,2072,2033,2116,2121,2097,2098,2075,2070
559.780,2364.2,2374,2368,2342,2331,2349,2374,2345,2365,2393,2374,2394,2335,2382,2329,2385,2376,2392,2364,2326,2376,2401,2360,2351,2357,2334,2362,2370,2389,2345,2384
560.125,2138.1,2156,2166,2082,2143,2170,2112,2164,2158,2150,2122,2134,2121,2131,2181,2166,2141,2094,2136,2118,2120,2122,2119,2148,2139,2135,2176,2127,2171,2112,2130
560.470,2262.4,2249,2266,2288,2281,2280,2288,2250,2288,2251,2308,2282,2284,2282,2249,2251,2237,2260,2299,2270,2256,2288,2246,2226,2260,2221,2264,2245,2269,2219,2214
560.815,2229.3,2218,2238,2233,2205,2267,2247,2245,2210,2248,2220,2223,2216,2189,2244,2232,2266,2242,2212,2258,2237,2217,2169,2219,2225,2226,2245,2238,2253,2244,2193
561.160,2446.3,2467,2494,2431,2435,2429,2422,2495,2459,2463,2469,2448,2447,2406,2480,2444,2429,2435,2454,2425,2404,2475,2451,2424,2408,2483,2427,2474,2459,2474,2379
561.505,2396.8,2423,2397,2362,2411,2395,2392,2411,2373,2412,2456,2438,2443,2367,2410,2428,2410,2383,2420,2414,2364,2393,2393,2383,2338,2396,2353,2373,2396,2379,2392
561.850,2384.8,2406,2409,2388,2395,2390,2387,2386,2391,2382,2380,2401,2420,2403,2426,2383,2336,2424,2386,2379,2359,2357,2334,2411,2348,2351,2375,2386,2393,2344,2413
562.195,2228.8,2196,2183,2241,2242,2242,2243,2229,2256,2277,2243,2244,2273,2211,2252,2220,2228,2236,2207,2207,2202,2257,2225,2234,2192,2248,2240,2194,2172,2250,2219
562.540,2247.3,2229,2273,2243,2259,2239,2272,2261,2244,2265,2240,2228,2229,2193,2253,2291,2227,2255,2255,2252,2261,2232,2259,2243,2275,2201,2254,2242,2271,2246,2226
562.885,2213.2,2206,2219,2228,2203,2170,2214,2231,2201,2188,2184,2212,2211,2228,2252,2237,2213,2224,2239,2208,2192,2227,2225,2250,2199,2209,2166,2208,2174,2229,2249
563.231,1996.5,2045,1990,1963,1989,2005,1983,2032,1974,1992,2013,1992,2019,1969,1991,1958,2056,2013,1969,1928,2012,2005,1996,1992,2032,1965,1994,2035,1998,2000,1985
563.576,2577.7,2576,2592,2581,2582,2574,2596,2569,2574,2590,2578,2594,2577,2572,2568,2597,2571,2555,2590,2536,2596,2603,2600,2526,2562,2568,2578,2622,2539,2550,2614
563.921,1925.3,1905,1982,1896,1945,1902,1921,1942,1922,1934,1912,1904,1928,1928,1954,1921,1931,1929,1940,1933,1901,1906,1944,1918,1910,1898,1929,1915,1944,1906,1960
564.266,2394.4,2373,2363,2377,2377,2402,2403,2369,2362,2420,2396,2383,2404,2421,2399,2389,2400,2405,2414,2461,2340,2389,2403,2386,2387,2427,2397,2351,2406,2411,2416
564.611,2443.8,2497,2444,2465,2453,2420,2437,2458,2418,2405,2449,2472,2451,2471,2442,2481,2474,2448,2427,2444,2421,2400,2459,2460,2401,2435,2454,2443,2445,2403,2438
564.957,2228.4,2235,2257,2213,2230,2236,2217,2224,2236,2238,2230,2257,2223,2230,2222,2234,2210,2244,2248,2203,2233,2222,2226,2230,2216,2223,2214,2258,2220,2208,2215
565.302,2041.1,2047,2031,2024,2033,2047,2038,2031,2097,2034,2031,2030,2050,2044,2042,2070,2045,2030,2070,2008,2042,2059,2015,2049,2017,2042,2020,2047,2015,2042,2084
565.647,1922.8,1916,1946,1916,1923,1896,1906,1942,1924,1926,1956,1918,1929,1962,1900,1896,1930,1923,1950,1941,1915,1926,1909,1903,1929,1952,1892,1899,1932,1910,1916
565.993,2210.5,2209,2175,2228,2232,2148,2180,2220,2202,2233,2220,2255,2199,2198,2173,2218,2244,2232,2231,2247,2191,2230,2230,2184,2231,2209,2216,2196,2201,2180,2202
566.338,1971.6,1947,1969,1970,1965,1989,1978,2013,1950,1958,1983,1981,1985,1979,1972,1975,1962,1972,2008,1976,1946,2003,1953,1979,1943,1960,1996,1954,1942,1967,1972
566.684,2434.6,2449,2408,2440,2424,2470,2378,2482,2425,2411,2461,2410,2451,2460,2454,2411,2405,2450,2456,2462,2471,2441,2485,2415,2440,2399,2408,2401,2413,2424,2433
567.029,2330.5,2352,2320,2331,2320,2333,2286,2326,2351,2374,2298,2318,2318,2357,2358,2317,2301,2346,2348,2332,2320,2295,2373,2325,2376,2345,2304,2305,2362,2326,2299
567.375,2161.3,2163,2164,2185,2198,2150,2166,2128,2175,2172,2133,2130,2162,2146,2138,2159,2189,2171,2164,2210,2171,2106,2137,2178,2198,2159,2140,2165,2189,2149,2143
567.720,2100.5,2127,2081,2055,2106,2097,2119,2105,2120,2088,2089,2090,2114,2102,2102,2081,2120,2122,2083,2102,2129,2075,2119,2139,2113,2123,2091,2060,2081,2091,2092
568.066,2021.6,2015,2045,2006,2026,2058,2026,2008,2018,2028,2039,1994,2030,2017,2002,2024,2051,1999,2032,2036,2021,2003,2029,2006,2055,2028,2011,2007,1999,2018,2017
568.411,2172.0,2179,2177,2174,2182,2143,2155,2205,2194,2161,2157,2204,2139,2180,2157,2149,2190,2158,2209,2186,2145,2201,2184,2158,2145,2196,2201,2152,2128,2162,2189
568.757,2329.6,2326,2331,2307,2346,2330,2332,2300,2334,2290,2318,2319,2336,2316,2337,2363,2335,2332,2332,2363,2340,2302,2319,2346,2361,2331,2351,2370,2298,2320,2304
569.102,2105.2,2091,2098,2075,2082,2137,2081,2075,2101,2090,2102,2126,2111,2139,2111,2110,2136,2101,2097,2082,2113,2091,2114,2106,2112,2122,2105,2139,2104,2110,2095
569.448,1964.3,1946,1928,1974,1965,1962,1965,1962,1975,1986,1959,1979,1933,1950,1953,1956,2005,1966,1942,1979,1976,1944,1964,1955,1981,1924,2013,1981,1972,1998,1935
569.794,2250.9,2277,2268,2216,2280,2254,2229,2241,2272,2277,2234,2233,2271,2240,2248,2285,2241,2220,2228,2287,2234,2237,2244,2253,2271,2241,2268,2214,2250,2242,2272
570.139,2328.3,2363,2328,2318,2319,2335,2318,2326,2327,2296,2352,2354,2317,2328,2325,2316,2345,2303,2336,2340,2341,2307,2300,2331,2330,2337,2319,2320,2322,2329,2368
570.485,2037.6,2029,2033,2032,2069,2060,2032,2005,2046,2049,2044,2018,2010,2029,2011,1985,2045,2038,2062,2052,2043,2058,2038,2005,2039,2079,2038,2015,2056,2059,2049
570.831,2399.5,2408,2378,2364,2380,2405,2440,2408,2402,2393,2388,2382,2410,2410,2400,2416,2409,2414,2392,2405,2363,2372,2457,2386,2406,2400,2414,2394,2408,2384,2396
571.177,2384.9,2434,2372,2372,2360,2396,2398,2396,2368,2405,2385,2383,2393,2386,2380,2382,2360,2398,2394,2372,2409,2379,2367,2351,2407,2364,2378,2382,2379,2395,2401
571.522,2468.0,2482,2471,2458,2451,2490,2465,2464,2445,2462,2463,2508,2476,2451,2466,2451,2471,2474,2462,2441,2478,2478,2462,2451,2488,2479,2479,2454,2492,2444,2485
571.868,2039.6,2020,2010,2014,2012,1990,2014,2073,2032,2023,2029,2035,2072,2049,2053,2069,2042,2043,2060,2050,2027,2079,2006,2041,2022,2029,2072,2067,2065,2046,2044
572.214,2115.3,2096,2112,2082,2076,2118,2143,2137,2113,2095,2108,2124,2126,2121,2117,2097,2114,2104,2109,2119,2134,2144,2164,2159,2116,2112,2104,2088,2091,2125,2112
572.560,2202.4,2163,2254,2185,2207,2223,2212,2175,2208,2196,2205,2207,2208,2171,2212,2174,2187,2265,2224,2208,2210,2181,2221,2151,2201,2210,2222,2209,2181,2184,2219
572.906,2168.9,2220,2192,2139,2181,2158,2191,2168,2155,2113,2163,2187,2156,2173,2185,2133,2193,2123,2125,2160,2156,2214,2175,2160,2205,2184,2157,2201,2140,2201,2159
573.252,2229.8,2214,2238,2202,2255,2200,2200,2241,2202,2285,2257,2270,2251,2240,2244,2206,2249,2235,2261,2218,2222,2211,2247,2258,2190,2205,2225,2240,2215,2214,2198
573.598,2230.0,2230,2222,2227,2238,2205,2270,2209,2237,2240,2216,2221,2219,2230,2234,2224,2264,2205,2203,2218,2261,2256,2243,2234,2227,2243,2241,2250,2208,2215,2209
573.944,2297.0,2309,2296,2284,2282,2305,2275,2309,2275,2292,2290,2270,2314,2286,2296,2241,2292,2291,2291,2293,2320,2329,2299,2281,2305,2284,2325,2348,2290,2331,2308
574.290,2136.3,2141,2145,2147,2154,2113,2139,2108,2144,2123,2168,2112,2133,2147,2151,2164,2141,2129,2130,2094,2123,2144,2159,2128,2132,2142,2129,2121,2158,2147,2123
574.636,2325.1,2340,2327,2319,2312,2332,2332,2329,2334,2316,2307,2351,2330,2337,2313,2268,2344,2325,2328,2332,2296,2320,2321,2328,2330,2317,2332,2348,2325,2344,2316
574.982,2044.5,2024,2053,2055,2046,2040,2021,2067,2044,2074,2052,2040,2056,2044,2025,1993,2057,2051,2057,2042,2076,2038,2030,2054,2055,2061,2060,2031,2033,2018,2037
575.328,2363.4,2374,2337,2345,2370,2346,2372,2434,2335,2369,2364,2332,2359,2364,2336,2378,2374,2376,2349,2376,2382,2378,2374,2335,2365,2386,2363,2364,2350,2340,2375
575.674,2121.7,2091,2134,2145,2116,2136,2112,2125,2120,2134,2089,2168,2114,2107,2104,2104,2133,2115,2163,2099,2129,2126,2122,2114,2141,2154,2107,2082,2111,2144,2112
576.020,2236.0,2223,2248,2229,2290,2229,2196,2251,2240,2266,2264,2228,2228,2219,2218,2189,2213,2249,2226,2193,2291,2240,2252,2239,2241,2250,2242,2200,2248,2257,2222
576.366,2246.6,2241,2251,2245,2249,2294,2239,2228,2259,2218,2228,2270,2280,2216,2256,2270,2253,2232,2252,2226,2217,2235,2240,2254,2264,2238,2257,2252,2273,2235,2225
576.712,2540.0,2531,2556,2482,2520,2528,2478,2537,2561,2561,2587,2546,2541,2537,2526,2542,2572,2528,2541,2539,2546,2574,2508,2568,2544,2522,2546,2549,2571,2539,2519
577.058,2466.9,2445,2414,2434,2486,2503,2511,2491,2478,2425,2473,2468,2491,2466,2495,2507,2459,2491,2447,2424,2463,2458,2451,2490,2428,2471,2467,2473,2447,2454,2496
577.405,1963.6,1962,1959,1975,2003,1996,1931,1949,1912,1947,1975,1989,1951,1964,1963,1932,1967,1937,1955,1994,1980,1958,1972,1990,1969,1983,1974,1952,1929,1985,1956
577.751,2095.5,2078,2054,2106,2079,2060,2117,2109,2079,2085,2130,2074,2110,2095,2090,2124,2104,2101,2056,2134,2108,2096,2062,2178,2109,2102,2053,2090,2132,2043,2107
578.097,2336.2,2359,2311,2324,2305,2335,2313,2363,2310,2347,2325,2364,2318,2355,2401,2352,2345,2336,2348,2333,2316,2309,2317,2326,2356,2325,2342,2336,2330,2333,2352
578.444,2355.7,2353,2357,2312,2351,2324,2344,2332,2345,2329,2374,2367,2382,2393,2309,2349,2374,2368,2287,2386,2394,2321,2393,2324,2385,2337,2405,2356,2359,2373,2388
578.790,2103.8,2082,2072,2117,2084,2060,2136,2088,2149,2095,2099,2123,2111,2090,2131,2133,2088,2095,2101,2099,2072,2126,2086,2132,2112,2126,2126,2087,2086,2113,2096
579.136,2232.8,2232,2223,2230,2238,2219,2211,2274,2226,2243,2234,2246,2251,2248,2203,2247,2243,2220,2218,2214,2191,2257,2216,2248,2275,2233,2223,2236,2209,2243,2233
579.483,2349.1,2341,2371,2346,2338,2377,2292,2370,2331,2379,2359,2311,2363,2376,2333,2362,2364,2349,2351,2300,2368,2366,2400,2336,2348,2355,2314,2346,2355,2323,2349
579.829,2072.5,2060,2077,2112,2072,2078,2066,2091,2093,2075,2073,2067,2076,2103,2073,2042,2061,2063,2055,2070,2059,2040,2048,2071,2130,2042,2082,2097,2070,2065,2064
580.176,2188.1,2204,2148,2181,2213,2204,2190,2216,2202,2181,2144,2177,2179,2182,2178,2209,2188,2192,2189,2195,2179,2194,2189,2203,2169,2197,2163,2185,2200,2209,2182
580.522,2255.0,2276,2232,2247,2261,2243,2248,2266,2305,2202,2258,2267,2258,2244,2246,2229,2253,2277,2237,2285,2245,2276,2264,2287,2244,2277,2291,2244,2227,2196,2264
580.868,2202.4,2206,2192,2225,2232,2201,2192,2210,2163,2208,2206,2208,2200,2206,2187,2197,2224,2238,2180,2185,2198,2169,2189,2238,2209,2229,2173,2192,2186,2220,2208
581.215,2327.8,2311,2298,2362,2334,2334,2298,2327,2337,2284,2346,2318,2357,2322,2360,2296,2308,2325,2312,2336,2338,2342,2351,2331,2327,2340,2332,2313,2332,2345,2317
581.562,2164.6,2182,2117,2171,2161,2156,2182,2189,2169,2145,2133,2174,2196,2157,2139,2168,2157,2178,2177,2161,2205,2167,2161,2184,2214,2137,2143,2146,2142,2163,2165
581.908,2058.8,2014,2045,2060,2092,2073,2091,2059,2073,2097,2060,2058,2063,2028,2075,2068,2054,2065,2062,2057,2040,2064,2051,2057,2068,2070,2033,2078,2029,2041,2040
582.255,2177.1,2182,2178,2202,2186,2159,2193,2158,2149,2146,2197,2179,2147,2173,2173,2182,2176,2191,2155,2163,2195,2179,2194,2182,2187,2164,2191,2190,2208,2168,2165
582.601,2021.6,2047,2023,2003,2029,2032,2068,2010,2009,2036,2018,2015,2072,1956,1993,2005,2049,1982,2043,2006,2025,2009,2028,2005,2054,2006,2011,2030,2059,2015,2010
582.948,2138.5,2142,2097,2152,2175,2120,2155,2174,2138,2139,2162,2164,2137,2118,2136,2122,2146,2120,2154,2134,2142,2120,2136,2161,2146,2104,2138,2111,2150,2152,2110
583.295,2063.3,2105,2035,2073,2073,2069,2057,2072,2046,2079,2032,2063,2033,2064,2040,2081,2074,2035,2081,2076,2089,2062,2056,2095,2025,2043,2077,2075,2050,2068,2070
583.641,2084.2,2033,2105,2099,2088,2121,2066,2105,2032,2079,2077,2131,2088,2038,2091,2081,2054,2122,2090,2084,2112,2091,2089,2092,2045,2077,2083,2129,2093,2063,2068
583.988,2465.1,2484,2458,2468,2472,2468,2433,2465,2441,2517,2445,2459,2453,2402,2492,2472,2467,2475,2479,2463,2458,2453,2480,2449,2521,2445,2455,2467,2457,2479,2477
584.335,2120.5,2091,2084,2092,2104,2136,2139,2134,2111,2140,2133,2151,2149,2118,2088,2123,2132,2139,2114,2124,2122,2123,2109,2134,2145,2108,2084,2116,2133,2121,2117
584.681,2286.6,2271,2270,2305,2316,2247,2280,2269,2266,2283,2292,2269,2266,2265,2293,2311,2287,2280,2282,2292,2295,2323,2283,2245,2310,2326,2333,2253,2278,2299,2308
585.028,2068.9,2086,2053,2100,2106,2054,2095,2058,2048,2051,2077,2099,2078,2056,2090,2097,2067,2084,2086,2069,2057,2040,2071,2074,2036,2062,2073,2063,2054,2043,2039
585.375,2057.0,2060,2062,2068,2049,2029,2040,2049,2055,2058,2069,2027,2051,2016,2056,2074,2040,2070,2044,2076,2059,2044,2098,2061,2060,2063,2057,2075,2058,2092,2049
585.722,2216.6,2193,2220,2213,2189,2201,2220,2249,2246,2228,2200,2246,2206,2257,2180,2227,2226,2195,2206,2243,2201,2265,2213,2247,2210,2185,2205,2228,2226,2203,2170
586.069,2325.0,2340,2342,2337,2320,2313,2312,2323,2304,2363,2343,2314,2316,2314,2324,2342,2340,2340,2277,2329,2329,2337,2328,2296,2316,2322,2312,2312,2318,2331,2356
586.416,2134.4,2128,2121,2159,2121,2128,2129,2149,2156,2136,2114,2114,2088,2093,2141,2130,2137,2188,2154,2137,2116,2136,2121,2159,2168,2129,2083,2116,2154,2143,2184
586.763,2232.3,2231,2224,2274,2242,2270,2197,2258,2206,2241,2209,2227,2202,2254,2229,2220,2202,2209,2264,2254,2172,2260,2225,2257,2221,2233,2239,2236,2266,2179,2269
587.110,2402.1,2403,2390,2424,2412,2434,2407,2357,2421,2409,2406,2415,2420,2388,2380,2385,2419,2387,2428,2408,2392,2422,2362,2405,2398,2414,2386,2403,2402,2411,2376
587.457,2243.0,2222,2250,2280,2203,2246,2209,2250,2266,2235,2260,2218,2247,2233,2242,2231,2245,2223,2232,2241,2245,2259,2235,2250,2241,2266,2246,2271,2257,2246,2242
587.804,2055.2,2058,2079,2052,2075,2041,2082,2022,2027,2066,2056,2049,2069,2033,2026,2052,2053,2042,2076,2076,2067,2037,2041,2071,2071,2052,2036,2089,2040,2070,2049
588.151,1935.1,1944,1990,1944,1936,1901,1913,1948,1965,1957,1960,1905,1916,1953,1947,1883,1953,1913,1933,1928,1908,1944,1919,1912,1982,1950,1902,1926,1935,1924,1962
588.498,2447.2,2501,2481,2447,2421,2541,2417,2435,2432,2467,2433,2441,2500,2419,2484,2396,2433,2436,2428,2498,2483,2435,2453,2467,2428,2407,2436,2401,2399,2440,2458
588.845,2282.7,2280,2287,2256,2266,2319,2255,2266,2302,2313,2249,2305,2301,2246,2264,2299,2269,2266,2289,2298,2271,2307,2292,2274,2303,2286,2289,2255,2280,2281,2313
589.192,2254.9,2254,2262,2278,2250,2278,2233,2278,2244,2278,2261,2269,2274,2256,2279,2237,2290,2243,2231,2227,2256,2255,2252,2258,2246,2218,2258,2218,2230,2290,2245
589.539,1952.0,1950,1936,1974,1964,1919,1931,1954,1973,1955,1935,1951,1955,1947,2000,1932,1922,1962,1933,1937,1972,1965,1968,1975,1947,1960,1927,1931,1946,1968,1970
589.886,2207.4,2177,2187,2206,2251,2178,2191,2226,2202,2219,2185,2241,2241,2190,2218,2227,2203,2184,2235,2225,2214,2194,2210,2175,2253,2208,2194,2212,2206,2186,2184
590.233,2061.7,2069,2032,2135,2085,2086,2029,2048,2053,2091,2062,2074,2036,2054,2055,2062,2071,2034,2056,2071,2025,2075,2067,2086,2057,2067,2010,2073,2040,2086,2063
590.580,2072.3,2032,2053,2074,2062,2102,2098,2061,2044,2058,2073,2073,2050,2058,2096,2092,2100,2054,2097,2058,2081,2073,2044,2126,2062,2105,2056,2047,2058,2095,2088
590.928,1983.2,2012,1989,1976,1946,2014,2009,1978,1964,1946,1948,1981,1981,1972,1990,2014,1986,1966,2001,2006,1967,1996,2006,1998,1958,1994,2009,1961,1967,1973,1987
591.275,2119.2,2114,2146,2139,2120,2152,2135,2101,2068,2147,2108,2120,2106,2099,2144,2112,2163,2147,2103,2143,2085,2110,2119,2140,2137,2130,2067,2165,2095,2089,2071
591.622,2057.2,2072,1986,2055,2074,2056,2075,2045,2042,2057,2102,2006,2091,2018,2067,2104,2054,2044,2065,2069,2040,2060,2087,2062,2092,2041,2078,2040,2042,2031,2062
591.969,2264.8,2251,2345,2269,2257,2237,2257,2246,2254,2272,2280,2243,2245,2244,2266,2248,2296,2276,2254,2272,2275,2254,2249,2285,2272,2265,2289,2264,2261,2286,2233
592.317,1985.3,1946,1960,1962,2026,1982,1983,1976,1987,2012,1987,2002,2043,1989,1962,1990,1994,1948,1987,2008,1987,1984,1982,2011,1940,1971,1972,1988,1981,2009,1989
592.664,2217.3,2224,2229,2242,2245,2185,2224,2227,2198,2213,2230,2243,2228,2241,2203,2192,2208,2232,2243,2188,2209,2266,2213,2228,2188,2188,2169,2190,2225,2231,2216
593.011,2738.8,2752,2770,2772,2731,2756,2705,2735,2732,2684,2726,2765,2741,2692,2731,2766,2723,2726,2771,2736,2742,2748,2725,2724,2767,2734,2739,2736,2732,2749,2755
593.359,2232.4,2241,2217,2218,2224,2234,2242,2188,2219,2205,2237,2220,2242,2228,2227,2225,2311,2235,2225,2268,2232,2180,2248,2231,2237,2210,2268,2249,2218,2251,2243
593.706,2164.4,2154,2161,2160,2151,2165,2217,2155,2182,2198,2185,2179,2189,2136,2156,2189,2179,2146,2152,2148,2169,2194,2181,2134,2166,2151,2150,2115,2147,2169,2153
594.054,2226.1,2228,2232,2195,2222,2209,2235,2279,2183,2226,2201,2203,2198,2219,2255,2198,2233,2256,2233,2223,2219,2234,2222,2250,2218,2275,2242,2234,2243,2201,2218
594.401,2141.8,2153,2179,2136,2155,2123,2163,2124,2143,2149,2173,2097,2189,2165,2144,2136,2127,2150,2128,2128,2177,2160,2121,2123,2146,2126,2140,2131,2111,2086,2170
594.749,2212.7,2220,2209,2225,2213,2204,2207,2247,2193,2207,2210,2207,2200,2218,2223,2229,2217,2195,2207,2205,2218,2216,2180,2208,2262,2227,2203,2211,2232,2203,2184
595.096,2250.0,2245,2214,2275,2258,2277,2200,2236,2224,2263,2240,2223,2237,2277,2269,2268,2253,2279,2280,2276,2264,2254,2248,2250,2273,2232,2216,2237,2235,2230,2266
595.444,2340.7,2362,2331,2357,2371,2382,2344,2321,2340,2349,2338,2402,2316,2306,2376,2337,2324,2357,2306,2381,2343,2337,2351,2320,2351,2343,2354,2286,2334,2300,2301
595.791,2187.7,2188,2130,2171,2196,2159,2182,2187,2178,2168,2191,2163,2200,2208,2206,2200,2174,2219,2174,2178,2210,2196,2222,2163,2222,2160,2213,2198,2209,2164,2201
596.139,2513.8,2523,2502,2499,2526,2520,2525,2529,2522,2544,2528,2487,2467,2454,2508,2532,2530,2534,2507,2529,2520,2511,2478,2543,2522,2493,2501,2531,2550,2468,2532
596.486,2160.9,2172,2181,2170,2136,2183,2186,2156,2179,2198,2158,2130,2137,2194,2110,2121,2157,2162,2169,2184,2174,2150,2149,2136,2128,2184,2184,2154,2168,2142,2174
596.834,2066.5,2062,2060,2074,2084,2036,2072,2122,2084,2062,2060,2073,2051,2042,2073,2062,2042,2062,2115,2077,2077,2075,2044,2054,2097,2035,2032,2060,2096,2045,2067
597.182,1928.7,1908,1925,1938,1922,1919,1941,1908,1905,1960,1938,1933,1942,1939,1929,1911,1931,1931,1908,1923,1931,1990,1926,1909,1947,1906,1945,1925,1943,1899,1928
597.529,2292.3,2315,2302,2309,2283,2302,2297,2279,2320,2307,2335,2266,2298,2270,2290,2278,2281,2307,2290,2291,2283,2293,2277,2270,2270,2265,2309,2254,2344,2301,2284
597.877,2152.0,2136,2146,2168,2123,2185,2149,2139,2136,2189,2178,2109,2179,2154,2153,2151,2149,2169,2153,2177,2145,2165,2171,2188,2173,2131,2111,2149,2138,2123,2124
598.225,2145.3,2149,2168,2119,2122,2155,2152,2136,2137,2159,2125,2133,2128,2145,2120,2183,2125,2135,2197,2141,2142,2148,2167,2152,2127,2145,2146,2139,2161,2161,2143
598.573,1971.2,1928,1998,2001,1960,1994,2002,1916,1948,1966,1992,1947,1956,1984,1984,1944,2008,1984,1940,1979,1971,1965,1970,1977,1947,1997,1961,1989,1998,1965,1964
598.920,2426.8,2401,2420,2438,2434,2399,2472,2445,2432,2426,2432,2458,2456,2393,2432,2434,2412,2432,2443,2472,2409,2410,2385,2423,2430,2408,2431,2415,2436,2401,2426
599.268,2162.8,2160,2202,2135,2176,2152,2149,2179,2168,2182,2132,2120,2135,2179,2181,2181,2123,2177,2184,2178,2132,2159,2183,2162,2154,2161,2162,2168,2188,2146,2177
599.616,1989.3,1995,1990,2023,2014,1963,1986,1989,1953,2003,1985,1958,1995,1997,1973,2010,1970,2018,1976,2009,1994,1995,1989,1964,2020,1982,1996,2008,1970,1992,1963
599.964,2158.3,2155,2182,2162,2165,2128,2173,2152,2168,2171,2179,2137,2165,2194,2182,2176,2145,2174,2143,2117,2191,2126,2135,2140,2143,2158,2210,2150,2119,2173,2137
600.312,1951.2,1964,1963,1982,1941,1962,1928,1944,1909,1962,1963,1983,1986,1940,1926,1953,1953,1907,1937,1954,1951,1935,1941,1957,1984,1942,1940,1951,1944,1971,1964
600.660,2049.0,2062,2064,2078,2066,2068,2073,2025,2077,1994,2072,2012,2031,2062,2059,2066,2009,2018,2049,2009,2030,2031,2069,2034,2063,2064,2058,2035,2085,2038,2068
601.008,2115.9,2117,2125,2097,2099,2136,2094,2127,2126,2138,2093,2112,2095,2058,2148,2133,2134,2110,2117,2119,2123,2123,2128,2130,2113,2104,2102,2120,2102,2115,2138
601.356,2254.2,2238,2275,2259,2259,2222,2253,2252,2246,2243,2318,2260,2239,2228,2236,2268,2224,2249,2217,2274,2287,2241,2261,2250,2242,2284,2243,2288,2283,2243,2245
601.704,1812.9,1836,1808,1833,1777,1830,1794,1845,1821,1817,1786,1786,1827,1814,1822,1765,1791,1797,1807,1833,1832,1765,1815,1828,1807,1864,1808,1798,1816,1823,1843
602.052,2116.9,2097,2142,2119,2118,2143,2122,2133,2092,2072,2099,2138,2114,2148,2149,2113,2101,2105,2114,2129,2120,2089,2133,2156,2123,2091,2080,2158,2101,2097,2110
602.400,2134.3,2141,2138,2137,2129,2120,2120,2152,2142,2120,2138,2144,2127,2159,2130,2123,2129,2153,2144,2142,2149,2132,2130,2116,2152,2141,2136,2130,2141,2108,2106
602.748,2486.1,2491,2512,2473,2458,2489,2509,2497,2510,2473,2488,2461,2440,2496,2480,2487,2534,2506,2494,2501,2467,2454,2474,2468,2500,2491,2482,2461,2497,2489,2502
603.096,2047.1,2045,2042,2084,2020,2090,2031,2045,2059,2044,2050,2047,2045,2057,2084,2034,2019,2019,2069,2047,2041,2051,2039,2036,2051,2048,2046,2031,2070,2047,2023
603.444,2031.1,1996,2041,2020,2042,2044,2009,2062,2071,2022,2026,2036,2073,2006,2030,2006,2011,2062,2011,2042,2043,2032,2031,2044,2002,2028,2021,2021,2035,2039,2026
603.792,2279.5,2266,2278,2300,2298,2290,2246,2318,2239,2258,2238,2268,2297,2288,2291,2252,2274,2250,2292,2310,2318,2284,2269,2272,2298,2272,2285,2318,2237,2278,2300
604.140,2121.1,2127,2128,2117,2142,2116,2124,2094,2161,2137,2124,2131,2127,2109,2141,2098,2133,2139,2061,2135,2132,2124,2109,2100,2124,2152,2113,2115,2108,2114,2098
604.488,2218.9,2231,2216,2200,2224,2230,2227,2205,2261,2192,2245,2217,2240,2182,2209,2219,2236,2221,2209,2209,2198,2215,2206,2232,2222,2204,2235,2212,2208,2232,2230
604.836,2152.3,2133,2147,2151,2139,2169,2119,2185,2165,2153,2155,2152,2174,2180,2155,2171,2181,2131,2165,2158,2133,2145,2098,2164,2159,2164,2169,2164,2109,2129,2152
605.185,2140.3,2163,2138,2157,2150,2143,2152,2152,2121,2130,2123,2138,2151,2122,2188,2120,2166,2142,2137,2172,2169,2085,2125,2152,2128,2113,2119,2147,2141,2146,2120
605.533,2317.5,2289,2319,2316,2301,2325,2290,2299,2339,2314,2328,2291,2309,2283,2360,2325,2329,2300,2378,2336,2300,2293,2315,2329,2332,2319,2330,2342,2313,2300,2321
605.881,2113.4,2107,2143,2126,2144,2114,2090,2122,2107,2106,2112,2141,2113,2097,2100,2100,2153,2100,2108,2085,2106,2116,2121,2125,2121,2099,2110,2099,2119,2105,2112
606.230,2380.9,2354,2359,2417,2386,2372,2383,2366,2351,2419,2373,2377,2358,2359,2355,2354,2420,2389,2383,2357,2408,2403,2421,2369,2364,2381,2425,2378,2405,2359,2381
606.578,2332.6,2347,2358,2304,2292,2317,2354,2314,2361,2278,2375,2361,2315,2344,2324,2326,2318,2360,2338,2331,2334,2350,2313,2320,2309,2319,2363,2377,2326,2336,2314
606.926,2246.5,2250,2210,2269,2255,2240,2260,2237,2236,2242,2236,2258,2292,2282,2235,2245,2220,2195,2253,2274,2240,2252,2227,2262,2249,2242,2228,2277,2227,2266,2235
607.275,2340.6,2361,2297,2355,2360,2333,2316,2312,2364,2365,2335,2356,2328,2366,2315,2343,2317,2323,2323,2357,2363,2329,2394,2328,2360,2365,2309,2345,2360,2287,2353
607.623,2256.9,2246,2267,2225,2260,2261,2234,2267,2280,2259,2318,2230,2258,2239,2258,2302,2261,2274,2248,2272,2259,2248,2244,2248,2253,2226,2251,2278,2268,2243,2230
607.971,1949.4,1962,1946,1939,1956,1981,1925,1942,1928,1961,1949,1958,1944,1940,1961,1910,1967,1913,1929,1940,1945,1990,1966,1966,1921,1965,1963,1946,1949,1966,1955
608.320,2565.4,2523,2540,2532,2562,2571,2562,2558,2564,2579,2558,2585,2599,2556,2563,2582,2616,2520,2565,2579,2545,2579,2587,2616,2588,2580,2547,2546,2564,2552,2545
608.668,2221.0,2221,2217,2220,2201,2220,2248,2175,2214,2232,2234,2215,2248,2198,2225,2163,2233,2240,2191,2225,2222,2223,2212,2244,2222,2249,2209,2241,2238,2255,2195
609.017,2362.4,2389,2372,2355,2359,2344,2356,2333,2388,2386,2337,2371,2356,2372,2374,2388,2364,2348,2410,2357,2329,2332,2367,2404,2331,2341,2376,2381,2349,2360,2343
609.365,2357.7,2351,2371,2377,2385,2376,2355,2383,2346,2382,2358,2372,2367,2339,2316,2414,2340,2327,2334,2361,2375,2314,2344,2339,2366,2337,2341,2321,2332,2406,2402
609.714,1984.9,2001,1977,1992,1974,1987,1990,2004,2001,1983,1998,1968,1966,1990,1983,1945,1982,2008,2008,1972,1961,1995,1987,1959,2018,1992,1975,1955,1989,1998,1990
610.062,2214.2,2227,2239,2221,2237,2247,2230,2197,2243,2177,2160,2197,2222,2188,2186,2223,2220,2205,2256,2225,2224,2188,2204,2205,2230,2200,2187,2218,2237,2217,2217
610.411,1946.3,1950,1940,1905,1927,1974,1935,1954,1940,1916,1946,1951,1968,1936,1941,1959,1969,1953,1952,1944,1919,1933,1940,1952,1933,1948,1965,1946,1969,1962,1962
610.760,2115.0,2093,2134,2136,2076,2090,2117,2090,2105,2153,2089,2127,2155,2134,2130,2124,2135,2109,2079,2104,2127,2086,2116,2107,2126,2145,2114,2109,2090,2110,2139
611.108,2048.5,2009,2050,2014,2046,2065,2040,2009,2060,2063,2060,2076,2044,2074,2071,2052,2035,2068,2047,2077,2024,2009,2025,2067,2083,2040,2036,2100,2008,2029,2073
611.457,2160.0,2170,2113,2193,2173,2189,2186,2141,2183,2169,2147,2175,2159,2125,2129,2121,2146,2129,2195,2130,2159,2154,2145,2137,2173,2185,2163,2181,2174,2178,2177
611.805,2402.6,2371,2396,2409,2392,2401,2429,2379,2395,2415,2390,2412,2398,2367,2393,2440,2411,2379,2371,2407,2410,2369,2413,2421,2400,2390,2422,2417,2417,2424,2441
612.154,2254.2,2248,2255,2221,2235,2268,2264,2266,2248,2264,2261,2248,2271,2206,2250,2276,2257,2270,2235,2244,2248,2268,2270,2238,2262,2253,2255,2274,2253,2281,2237
612.503,2487.1,2513,2532,2505,2485,2480,2482,2398,2499,2504,2485,2478,2449,2485,2482,2466,2499,2452,2509,2469,2469,2477,2499,2464,2474,2494,2544,2493,2521,2533,2474
612.852,2301.4,2266,2327,2326,2285,2292,2264,2259,2317,2309,2277,2306,2307,2287,2310,2296,2338,2315,2309,2289,2280,2339,2296,2280,2354,2292,2332,2308,2302,2279,2302
613.200,2344.7,2344,2354,2341,2350,2363,2375,2324,2303,2353,2371,2360,2321,2316,2337,2368,2335,2356,2367,2366,2313,2321,2336,2343,2317,2376,2333,2375,2319,2344,2360
613.549,2346.7,2304,2340,2380,2355,2347,2367,2310,2349,2338,2404,2315,2356,2373,2286,2356,2359,2358,2363,2358,2337,2323,2321,2333,2353,2390,2316,2392,2346,2324,2348
613.898,2308.5,2303,2299,2304,2329,2295,2358,2302,2328,2327,2350,2291,2302,2332,2299,2267,2346,2282,2309,2340,2284,2284,2331,2303,2255,2307,2297,2326,2312,2289,2305
614.247,2375.5,2373,2368,2369,2383,2351,2389,2402,2346,2416,2433,2378,2367,2349,2410,2398,2378,2384,2373,2360,2370,2390,2342,2348,2364,2402,2347,2373,2333,2395,2373
614.596,2261.4,2242,2252,2274,2253,2236,2256,2227,2251,2239,2277,2304,2292,2266,2256,2229,2265,2296,2248,2279,2289,2235,2268,2285,2271,2241,2282,2257,2243,2276,2254
614.945,2290.8,2283,2261,2299,2264,2334,2296,2314,2297,2290,2296,2293,2310,2254,2286,2273,2278,2248,2288,2276,2257,2348,2292,2293,2264,2324,2292,2275,2283,2328,2329
615.294,2183.0,2174,2197,2174,2156,2208,2127,2182,2158,2184,2209,2186,2200,2157,2204,2162,2206,2145,2171,2156,2196,2200,2205,2180,2195,2179,2208,2198,2195,2193,2184
615.642,2257.0,2265,2225,2285,2252,2309,2273,2261,2232,2275,2286,2272,2282,2232,2250,2233,2248,2272,2234,2254,2266,2224,2253,2244,2273,2251,2244,2276,2225,2244,2269
615.991,2678.5,2659,2698,2683,2651,2681,2640,2676,2671,2643,2692,2664,2687,2734,2703,2696,2680,2695,2709,2667,2640,2691,2694,2671,2657,2695,2668,2705,2691,2656,2657
616.340,2173.6,2214,2206,2156,2197,2161,2181,2191,2174,2176,2164,2200,2158,2171,2186,2158,2120,2196,2171,2136,2212,2154,2169,2140,2167,2189,2178,2151,2145,2197,2190
616.689,2089.9,2090,2083,2049,2112,2129,2053,2123,2108,2092,2083,2069,2102,2109,2067,2106,2073,2106,2079,2121,2072,2068,2088,2064,2098,2098,2071,2120,2092,2082,2091
617.038,2409.7,2409,2448,2399,2440,2397,2436,2423,2401,2376,2376,2436,2412,2427,2409,2348,2390,2430,2420,2438,2386,2366,2421,2393,2428,2416,2386,2424,2440,2381,2434
617.387,2206.4,2210,2209,2177,2243,2184,2203,2194,2196,2191,2186,2199,2218,2242,2202,2208,2218,2246,2200,2224,2175,2188,2198,2179,2203,2203,2213,2223,2230,2219,2211
617.737,2368.4,2349,2361,2356,2380,2365,2349,2327,2409,2373,2363,2354,2344,2350,2408,2369,2408,2356,2384,2384,2350,2399,2378,2355,2348,2427,2364,2332,2390,2364,2356
618.086,2179.8,2202,2168,2185,2201,2144,2187,2178,2204,2130,2168,2190,2186,2193,2200,2206,2156,2149,2170,2212,2191,2186,2178,2160,2196,2198,2174,2191,2190,2125,2177
618.435,2359.2,2373,2343,2368,2343,2376,2360,2372,2333,2347,2388,2411,2350,2332,2345,2377,2370,2363,2362,2340,2333,2328,2349,2359,2404,2335,2350,2402,2363,2329,2370
618.784,2371.3,2390,2389,2366,2350,2350,2432,2338,2351,2358,2366,2338,2352,2370,2334,2401,2413,2360,2365,2388,2356,2372,2410,2334,2366,2357,2405,2382,2398,2380,2368
619.133,2098.3,2119,2067,2109,2058,2094,2120,2110,2105,2143,2101,2090,2063,2117,2098,2118,2093,2127,2088,2096,2082,2061,2088,2094,2117,2107,2092,2090,2110,2077,2116
619.482,2221.1,2255,2272,2201,2266,2232,2206,2151,2187,2218,2231,2239,2266,2238,2232,2204,2212,2228,2229,2228,2185,2184,2227,2210,2230,2180,2220,2212,2197,2299,2195
619.832,2079.9,2055,2079,2088,2092,2055,2071,2106,2086,2046,2111,2099,2094,2081,2092,2098,2066,2084,2082,2059,2046,2076,2067,2051,2060,2060,2092,2122,2097,2099,2083
620.181,2063.1,2059,2065,2053,2029,2091,2096,2072,2047,2103,2029,2080,2081,2056,2020,2095,2096,2069,2048,2049,2079,2050,2044,2053,2060,2084,2031,2052,2072,2079,2050
620.530,2417.8,2423,2427,2401,2451,2432,2395,2428,2423,2408,2434,2408,2455,2444,2403,2435,2461,2392,2383,2446,2382,2449,2427,2419,2408,2443,2420,2370,2403,2383,2382
620.879,2351.7,2375,2341,2337,2376,2374,2335,2367,2318,2336,2335,2389,2345,2335,2397,2361,2367,2360,2366,2332,2353,2352,2364,2378,2324,2321,2351,2334,2314,2352,2362
621.229,2114.7,2093,2141,2085,2136,2110,2121,2099,2097,2140,2109,2095,2123,2119,2136,2097,2090,2097,2121,2103,2086,2090,2139,2110,2112,2174,2126,2097,2110,2148,2138
621.578,2708.9,2713,2696,2694,2692,2756,2725,2686,2720,2748,2671,2695,2713,2687,2736,2723,2714,2732,2686,2707,2723,2698,2689,2723,2734,2712,2717,2669,2713,2701,2694
621.927,2391.2,2398,2389,2402,2415,2398,2381,2390,2403,2388,2425,2387,2414,2399,2363,2365,2394,2354,2383,2370,2367,2378,2364,2406,2390,2417,2397,2392,2428,2389,2389
622.277,2082.5,2049,2066,2099,2079,2077,2085,2066,2080,2076,2078,2081,2095,2071,2130,2067,2067,2037,2060,2119,2055,2070,2086,2139,2099,2110,2105,2066,2099,2067,2097
622.626,2159.3,2161,2152,2172,2179,2164,2174,2117,2157,2122,2129,2156,2188,2141,2166,2159,2182,2132,2136,2164,2129,2182,2153,2165,2197,2187,2168,2143,2158,2170,2176
622.975,2142.5,2138,2189,2145,2124,2140,2142,2153,2171,2106,2157,2147,2134,2157,2143,2165,2107,2125,2157,2155,2126,2142,2148,2139,2124,2152,2147,2107,2155,2130,2151
623.325,2195.1,2194,2207,2216,2191,2176,2196,2192,2188,2168,2206,2200,2225,2175,2227,2219,2190,2191,2172,2203,2171,2188,2200,2191,2194,2170,2176,2202,2234,2216,2174
623.674,2235.9,2245,2295,2236,2238,2270,2196,2232,2248,2246,2225,2227,2228,2246,2241,2267,2221,2237,2192,2243,2237,2221,2218,2250,2205,2225,2239,2215,2219,2254,2260
624.024,2586.1,2561,2549,2619,2624,2585,2573,2621,2605,2549,2561,2531,2582,2573,2604,2595,2600,2587,2594,2615,2575,2605,2631,2550,2554,2605,2616,2607,2574,2587,2552
624.373,2315.2,2335,2336,2360,2348,2300,2305,2342,2318,2319,2345,2315,2315,2326,2305,2343,2275,2339,2296,2329,2298,2302,2282,2281,2338,2308,2313,2318,2305,2304,2255
624.723,2345.5,2326,2337,2336,2366,2334,2353,2346,2296,2321,2323,2360,2359,2375,2345,2368,2320,2327,2360,2340,2356,2359,2323,2347,2374,2383,2347,2345,2357,2355,2326
625.072,2290.8,2306,2240,2322,2255,2303,2302,2259,2330,2280,2278,2263,2296,2325,2293,2274,2307,2287,2276,2284,2316,2284,2290,2294,2280,2316,2318,2290,2290,2288,2278
625.422,2048.0,2019,2081,2079,2069,2046,2067,2065,2060,2028,2056,2047,2023,2040,2039,2067,2004,2042,2045,2099,2076,2029,2083,2037,2057,2004,2054,2029,2038,2050,2008
625.772,2227.4,2249,2277,2198,2243,2263,2222,2288,2227,2248,2246,2249,2229,2264,2205,2220,2200,2201,2213,2201,2199,2214,2214,2238,2248,2186,2220,2205,2193,2221,2240
626.121,2154.4,2149,2163,2126,2162,2140,2132,2164,2156,2130,2152,2173,2148,2186,2147,2167,2127,2211,2115,2216,2186,2139,2164,2163,2155,2193,2134,2155,2122,2140,2118
626.471,2308.1,2330,2309,2311,2301,2288,2345,2287,2323,2267,2308,2311,2282,2305,2317,2324,2275,2280,2303,2323,2314,2287,2293,2305,2339,2333,2304,2320,2330,2324,2304
626.821,2312.3,2283,2331,2298,2327,2303,2295,2270,2317,2310,2318,2333,2316,2326,2327,2323,2314,2323,2323,2339,2326,2362,2294,2288,2309,2306,2290,2324,2330,2307,2256
627.170,2178.0,2201,2145,2188,2197,2232,2193,2147,2173,2170,2160,2202,2201,2165,2186,2173,2178,2191,2168,2178,2213,2152,2160,2173,2161,2133,2170,2198,2204,2180,2149
627.520,2081.7,2089,2070,2073,2079,2104,2054,2077,2091,2095,2114,2106,2064,2086,2058,2084,2056,2086,2088,2134,2054,2106,2035,2103,2077,2059,2080,2092,2104,2108,2026
627.870,2410.5,2385,2438,2431,2436,2375,2401,2400,2403,2444,2381,2431,2404,2465,2448,2396,2413,2449,2420,2383,2405,2363,2413,2345,2443,2401,2409,2390,2414,2414,2415
628.220,2183.5,2189,2181,2206,2211,2179,2171,2156,2180,2181,2149,2188,2167,2184,2204,2199,2185,2176,2188,2182,2189,2204,2166,2180,2184,2134,2208,2213,2200,2174,2177
628.569,2233.5,2257,2251,2220,2277,2248,2243,2255,2266,2208,2193,2254,2223,2176,2232,2223,2235,2245,2205,2264,2250,2202,2254,2216,2246,2234,2201,2248,2208,2253,2217
628.919,2335.8,2357,2329,2371,2363,2282,2322,2310,2374,2300,2339,2332,2349,2303,2301,2320,2411,2362,2354,2268,2376,2305,2360,2356,2324,2332,2337,2357,2323,2337,2319
629.269,2295.8,2287,2275,2292,2309,2289,2334,2296,2299,2270,2287,2317,2268,2323,2315,2253,2275,2307,2293,2285,2298,2280,2314,2323,2293,2312,2285,2329,2268,2306,2293
629.619,2300.4,2330,2305,2317,2362,2280,2297,2325,2262,2299,2299,2325,2293,2272,2301,2273,2302,2322,2289,2310,2316,2279,2305,2296,2301,2286,2314,2268,2309,2315,2259
629.969,2396.4,2367,2428,2375,2360,2384,2396,2445,2398,2443,2377,2403,2392,2361,2385,2442,2386,2399,2384,2377,2383,2413,2403,2420,2388,2381,2432,2388,2371,2398,2413
630.319,2297.1,2268,2266,2324,2310,2306,2268,2336,2259,2314,2293,2280,2296,2311,2283,2324,2283,2270,2321,2281,2313,2321,2283,2261,2289,2328,2278,2272,2314,2329,2331
630.669,2193.8,2188,2205,2196,2218,2162,2198,2214,2194,2217,2192,2214,2180,2200,2192,2169,2190,2180,2184,2193,2205,2186,2204,2185,2210,2233,2165,2191,2188,2186,2175
631.019,2106.2,2110,2074,2106,2142,2076,2095,2084,2135,2104,2089,2089,2120,2123,2115,2093,2127,2110,2121,2101,2145,2092,2115,2098,2104,2101,2095,2107,2098,2117,2101
631.368,2307.9,2336,2307,2323,2304,2308,2312,2337,2310,2298,2300,2275,2287,2310,2268,2319,2309,2350,2334,2299,2330,2287,2274,2310,2322,2338,2292,2334,2273,2287,2305
631.718,2451.2,2413,2437,2478,2461,2419,2440,2474,2451,2446,2397,2464,2481,2488,2471,2473,2469,2448,2438,2488,2445,2445,2438,2438,2409,2454,2454,2454,2474,2429,2459
632.068,2268.7,2262,2295,2286,2208,2206,2287,2261,2274,2278,2291,2293,2257,2284,2270,2252,2253,2310,2268,2294,2267,2283,2275,2253,2262,2252,2252,2273,2265,2285,2265
632.419,2379.7,2398,2415,2336,2382,2382,2406,2358,2347,2360,2324,2392,2378,2387,2387,2396,2372,2339,2395,2377,2357,2361,2416,2376,2398,2390,2387,2413,2385,2377,2401
632.769,2065.4,2095,2105,2034,2037,2074,2070,2110,2065,2077,2070,2050,2101,2055,2038,2062,2093,2055,2026,2046,2035,2058,2073,2065,2056,2067,2077,2062,2087,2048,2072
633.119,2228.3,2263,2270,2235,2227,2196,2211,2198,2215,2252,2205,2226,2230,2198,2235,2252,2245,2246,2166,2217,2242,2244,2221,2253,2245,2215,2234,2234,2253,2197,2225
633.469,2482.7,2511,2483,2539,2440,2475,2510,2473,2468,2474,2451,2502,2508,2489,2517,2458,2483,2475,2416,2477,2490,2466,2452,2463,2526,2501,2505,2488,2483,2464,2493
633.819,2241.9,2237,2284,2212,2223,2218,2226,2253,2270,2243,2236,2216,2231,2294,2228,2249,2271,2243,2228,2229,2201,2185,2297,2245,2208,2239,2246,2281,2279,2225,2259
634.169,2234.7,2212,2248,2241,2246,2262,2206,2251,2224,2265,2264,2244,2193,2219,2218,2269,2238,2262,2191,2254,2171,2227,2248,2228,2259,2232,2182,2245,2236,2266,2240
634.519,2480.0,2456,2446,2459,2438,2456,2490,2485,2490,2499,2491,2527,2469,2477,2495,2415,2508,2511,2451,2478,2478,2500,2488,2475,2490,2473,2496,2476,2461,2486,2537
634.869,2137.1,2161,2103,2144,2078,2127,2123,2138,2152,2139,2126,2162,2135,2121,2158,2187,2115,2159,2132,2129,2128,2167,2110,2161,2113,2157,2125,2117,2139,2171,2136
635.220,2506.0,2523,2495,2509,2514,2516,2496,2529,2528,2512,2483,2480,2474,2527,2517,2499,2519,2517,2510,2498,2513,2505,2492,2502,2505,2498,2539,2520,2451,2503,2507
635.570,2344.9,2387,2367,2354,2361,2324,2314,2317,2334,2368,2337,2343,2332,2332,2392,2313,2340,2376,2335,2338,2341,2353,2348,2358,2328,2365,2367,2376,2312,2312,2322
635.920,2092.8,2081,2125,2096,2069,2111,2119,2092,2079,2106,2099,2095,2064,2088,2040,2090,2097,2120,2093,2076,2116,2104,2090,2114,2098,2105,2096,2067,2055,2088,2110
636.270,2872.8,2841,2865,2888,2885,2847,2890,2843,2912,2893,2818,2848,2858,2847,2912,2870,2897,2910,2871,2876,2884,2855,2883,2836,2889,2890,2860,2907,2860,2868,2882
636.621,2490.0,2460,2468,2507,2480,2453,2513,2459,2477,2487,2506,2508,2487,2513,2472,2497,2476,2509,2452,2458,2492,2502,2509,2508,2497,2498,2482,2478,2508,2529,2516
636.971,2553.0,2512,2534,2543,2582,2601,2555,2518,2565,2576,2558,2544,2580,2528,2580,2596,2556,2584,2530,2555,2525,2504,2562,2575,2555,2570,2556,2521,2575,2523,2527
637.321,2330.1,2300,2329,2371,2336,2326,2359,2331,2333,2317,2320,2279,2259,2354,2318,2328,2348,2328,2290,2334,2357,2361,2376,2369,2313,2330,2329,2317,2350,2339,2302
637.672,2145.2,2147,2148,2140,2152,2139,2145,2134,2151,2178,2108,2182,2107,2144,2115,2115,2157,2126,2132,2168,2198,2158,2141,2160,2106,2163,2134,2137,2161,2138,2171
638.022,2119.4,2133,2111,2114,2130,2092,2102,2114,2104,2164,2115,2112,2178,2150,2124,2148,2137,2090,2105,2116,2105,2095,2100,2132,2116,2104,2126,2083,2116,2139,2127
638.373,2080.1,2105,2082,2071,2044,2095,2070,2117,2065,2120,2079,2085,2116,2013,2079,2056,2078,2125,2080,2046,2095,2072,2079,2084,2060,2107,2062,2059,2053,2103,2104
638.723,2355.9,2357,2341,2335,2342,2361,2358,2359,2300,2389,2402,2381,2340,2391,2328,2355,2373,2319,2361,2375,2336,2345,2343,2332,2365,2363,2353,2364,2369,2366,2374
639.073,2458.8,2467,2472,2406,2516,2424,2466,2483,2410,2470,2469,2468,2481,2458,2443,2473,2441,2463,2446,2438,2443,2493,2479,2398,2440,2469,2434,2502,2496,2463,2453
639.424,2635.0,2659,2625,2593,2648,2632,2664,2626,2647,2638,2661,2624,2621,2652,2649,2642,2645,2639,2617,2613,2637,2625,2632,2632,2655,2587,2648,2618,2648,2596,2677
639.774,2168.2,2180,2187,2189,2142,2145,2172,2141,2172,2149,2182,2187,2182,2175,2161,2149,2168,2158,2181,2163,2173,2193,2191,2183,2163,2141,2162,2155,2172,2190,2140
640.125,2382.9,2384,2378,2374,2376,2384,2384,2405,2426,2370,2382,2398,2353,2366,2418,2405,2410,2374,2374,2398,2367,2389,2367,2379,2373,2435,2360,2334,2381,2373,2370
640.476,2602.1,2610,2575,2578,2620,2608,2623,2579,2591,2598,2622,2572,2585,2625,2648,2602,2580,2617,2603,2612,2593,2609,2587,2586,2610,2575,2603,2604,2617,2612,2620
640.826,2306.2,2323,2305,2308,2326,2308,2266,2286,2329,2285,2288,2328,2345,2307,2335,2319,2331,2296,2301,2291,2329,2282,2284,2283,2280,2308,2316,2318,2301,2300,2308
641.177,2031.7,2032,2023,2006,2029,2009,2050,2030,2026,2061,2018,2063,2006,2057,2010,2046,2025,2041,2031,2010,2032,2054,2016,2046,2001,2048,2054,2036,2013,2062,2015
641.527,2405.4,2372,2387,2399,2397,2430,2385,2379,2414,2371,2408,2396,2388,2441,2428,2429,2431,2420,2403,2454,2387,2401,2384,2450,2382,2375,2397,2445,2385,2413,2411
641.878,2307.8,2326,2306,2318,2278,2283,2312,2282,2288,2353,2312,2333,2347,2303,2293,2299,2316,2318,2304,2312,2328,2301,2299,2293,2249,2381,2306,2270,2289,2330,2305
642.229,2339.6,2287,2338,2358,2350,2332,2346,2329,2372,2314,2393,2348,2370,2353,2358,2339,2305,2347,2356,2324,2335,2355,2325,2360,2314,2337,2345,2321,2348,2342,2287
642.579,2244.8,2240,2239,2244,2252,2235,2251,2245,2211,2253,2235,2252,2233,2257,2232,2270,2272,2255,2256,2245,2244,2230,2238,2239,2240,2257,2237,2276,2221,2235,2249
642.930,2971.8,2969,3016,2986,2974,3008,2974,2964,2988,2963,2976,2971,2997,2982,2986,2938,2922,2990,2916,2944,2969,3000,2969,3000,2960,2943,2959,3000,2986,2939,2965
643.281,2304.2,2296,2326,2299,2324,2311,2284,2296,2342,2296,2298,2301,2312,2294,2317,2287,2334,2309,2295,2307,2320,2297,2290,2317,2288,2346,2283,2292,2286,2272,2308
643.631,2362.3,2328,2377,2366,2327,2342,2337,2387,2333,2336,2358,2378,2362,2410,2380,2326,2380,2374,2384,2366,2344,2396,2349,2385,2372,2365,2402,2361,2325,2356,2363
643.982,2653.9,2669,2692,2634,2648,2651,2622,2641,2631,2640,2666,2696,2671,2674,2681,2692,2646,2602,2634,2639,2632,2608,2656,2675,2628,2611,2658,2683,2661,2724,2651
644.333,2549.9,2560,2492,2537,2594,2601,2532,2565,2537,2546,2519,2553,2546,2529,2510,2575,2515,2576,2591,2532,2550,2547,2557,2536,2524,2574,2556,2582,2522,2586,2554
644.684,2396.6,2423,2383,2389,2382,2394,2383,2371,2396,2402,2377,2412,2425,2423,2437,2420,2353,2387,2355,2410,2382,2386,2351,2367,2414,2404,2432,2418,2437,2395,2390
645.035,2734.0,2718,2750,2713,2775,2718,2705,2743,2728,2751,2732,2693,2751,2775,2776,2761,2739,2746,2726,2767,2716,2705,2746,2761,2717,2737,2663,2734,2705,2771,2697
645.385,2363.7,2296,2385,2347,2386,2336,2385,2324,2336,2331,2377,2339,2371,2379,2338,2417,2416,2344,2339,2332,2357,2390,2340,2380,2418,2395,2359,2364,2403,2373,2354
645.736,3076.1,3072,3084,3058,3104,3087,3027,3077,3081,3114,3042,3051,3091,3061,3043,3075,3096,3065,3069,3077,3080,3059,3073,3079,3072,3111,3075,3060,3145,3088,3066
646.087,2349.7,2344,2339,2361,2338,2327,2320,2357,2391,2352,2361,2403,2342,2356,2344,2355,2329,2393,2355,2348,2328,2396,2324,2376,2323,2353,2316,2335,2370,2330,2324
646.438,2838.6,2851,2835,2854,2877,2851,2802,2857,2866,2833,2859,2813,2812,2831,2801,2843,2821,2829,2780,2824,2840,2844,2862,2856,2848,2857,2836,2857,2863,2820,2836
646.789,2901.9,2894,2933,2890,2955,2865,2852,2895,2897,2922,2925,2856,2890,2875,2899,2901,2893,2907,2920,2894,2932,2945,2917,2888,2886,2897,2872,2892,2913,2987,2865
647.140,2831.7,2841,2809,2838,2834,2844,2819,2835,2831,2847,2790,2811,2856,2832,2854,2874,2837,2831,2814,2814,2838,2871,2853,2844,2834,2802,2772,2804,2867,2831,2824
647.491,2715.9,2717,2696,2737,2736,2761,2676,2687,2752,2707,2712,2710,2695,2723,2713,2715,2725,2713,2708,2723,2709,2731,2687,2705,2718,2709,2755,2757,2675,2708,2718
647.842,2967.8,2968,2984,2972,2982,2969,2974,2943,3008,2961,2986,2964,2934,2991,2951,2966,2968,2960,2935,2981,2980,2946,2988,3004,2947,2960,2928,2940,2981,3014,2948
648.193,2378.1,2376,2374,2416,2352,2408,2402,2373,2364,2372,2412,2389,2354,2408,2415,2385,2392,2394,2374,2368,2345,2374,2377,2362,2328,2335,2376,2379,2377,2381,2382
648.544,2416.5,2424,2408,2416,2412,2412,2410,2385,2426,2443,2449,2409,2422,2502,2436,2398,2407,2422,2393,2422,2436,2354,2387,2453,2392,2397,2415,2416,2403,2415,2430
648.895,2564.3,2590,2556,2523,2584,2561,2542,2507,2544,2592,2522,2580,2584,2555,2564,2544,2603,2557,2557,2605,2588,2603,2563,2565,2546,2545,2563,2596,2555,2572,2563
649.246,2476.9,2459,2446,2465,2493,2478,2447,2500,2440,2457,2450,2484,2457,2473,2458,2506,2460,2498,2470,2511,2482,2497,2481,2525,2509,2490,2493,2490,2469,2462,2458
649.597,2526.8,2532,2520,2557,2530,2506,2544,2544,2563,2555,2527,2518,2575,2490,2559,2520,2511,2508,2479,2501,2522,2501,2557,2514,2548,2524,2512,2526,2543,2507,2511
649.949,2565.9,2532,2560,2546,2534,2584,2560,2553,2544,2566,2605,2594,2585,2558,2590,2566,2553,2593,2566,2545,2577,2560,2547,2560,2553,2545,2564,2600,2574,2557,2606
650.300,2267.1,2277,2271,2247,2302,2268,2262,2283,2274,2296,2256,2284,2270,2292,2280,2225,2236,2253,2278,2223,2260,2323,2253,2249,2316,2240,2216,2252,2267,2299,2261
650.651,2509.0,2508,2522,2526,2515,2487,2518,2527,2482,2509,2484,2501,2491,2514,2545,2473,2485,2493,2536,2521,2533,2508,2505,2506,2475,2517,2521,2549,2496,2497,2527
651.002,2483.6,2523,2453,2446,2483,2492,2466,2467,2482,2483,2467,2535,2507,2504,2465,2459,2497,2499,2508,2450,2513,2501,2500,2497,2459,2462,2487,2473,2486,2481,2463
651.353,2484.7,2439,2456,2482,2500,2463,2469,2482,2498,2494,2527,2424,2517,2486,2526,2454,2528,2446,2548,2483,2468,2472,2508,2489,2499,2433,2495,2492,2485,2496,2481
651.705,2913.5,2891,2912,2916,2946,2931,2936,2897,2921,2894,2942,2897,2892,2952,2936,2868,2946,2924,2871,2915,2895,2912,2899,2912,2918,2897,2944,2907,2923,2886,2924
652.056,2647.7,2625,2627,2633,2655,2669,2641,2685,2590,2648,2619,2649,2637,2689,2696,2643,2626,2664,2661,2636,2619,2646,2681,2657,2649,2655,2688,2639,2661,2618,2625
652.407,3300.4,3295,3320,3270,3277,3296,3268,3248,3289,3278,3274,3296,3283,3285,3334,3295,3336,3324,3288,3333,3328,3265,3299,3324,3299,3323,3318,3302,3337,3309,3319
652.758,2940.3,2930,2931,2905,2942,2952,2884,2917,2955,2950,2900,2940,2927,2956,2928,2938,2950,2925,2912,2968,2972,2946,2936,2942,2990,3018,2936,2925,2925,2970,2940
653.110,2772.5,2715,2785,2746,2777,2797,2815,2734,2746,2784,2736,2789,2790,2825,2806,2767,2756,2832,2765,2760,2746,2740,2767,2749,2770,2765,2763,2799,2774,2802,2775
653.461,2751.9,2720,2747,2729,2742,2739,2729,2735,2718,2760,2723,2740,2750,2768,2731,2726,2793,2767,2789,2813,2734,2765,2747,2743,2795,2758,2755,2757,2757,2750,2776
653.812,2346.1,2343,2348,2337,2358,2356,2353,2312,2334,2338,2312,2329,2380,2351,2362,2308,2320,2340,2325,2332,2354,2364,2393,2349,2396,2329,2386,2357,2326,2346,2344
654.164,2633.7,2582,2650,2607,2619,2630,2611,2639,2639,2650,2597,2611,2598,2619,2664,2634,2687,2645,2637,2613,2660,2664,2603,2648,2663,2625,2662,2669,2623,2632,2629
654.515,2430.7,2353,2406,2468,2477,2377,2431,2435,2397,2446,2423,2462,2431,2446,2419,2458,2403,2443,2421,2442,2451,2477,2454,2434,2406,2404,2425,2442,2442,2426,2421
654.867,2425.6,2482,2405,2426,2404,2439,2404,2458,2452,2408,2430,2458,2439,2454,2424,2410,2420,2421,2445,2440,2440,2428,2428,2382,2420,2449,2379,2433,2399,2395,2397
655.218,2487.1,2446,2512,2497,2508,2448,2455,2464,2473,2480,2494,2484,2482,2491,2459,2505,2493,2509,2513,2533,2470,2481,2496,2475,2454,2477,2470,2515,2507,2532,2490
655.570,2291.0,2308,2298,2313,2309,2292,2300,2269,2237,2272,2266,2315,2276,2307,2286,2282,2272,2273,2281,2310,2299,2312,2283,2292,2306,2293,2281,2273,2322,2310,2292
655.921,2335.0,2327,2355,2360,2319,2318,2322,2335,2355,2344,2335,2354,2329,2318,2299,2342,2299,2385,2313,2358,2314,2332,2330,2329,2291,2365,2334,2340,2371,2308,2369
656.273,2547.2,2542,2556,2541,2572,2547,2529,2537,2528,2538,2539,2544,2547,2550,2564,2540,2557,2563,2542,2511,2568,2568,2522,2560,2537,2531,2550,2589,2576,2525,2544
656.624,2607.8,2607,2581,2627,2619,2652,2628,2609,2618,2573,2576,2609,2601,2598,2622,2589,2653,2608,2610,2607,2593,2629,2624,2535,2583,2621,2638,2603,2585,2605,2631
656.976,2643.8,2623,2649,2638,2632,2645,2651,2687,2636,2648,2638,2655,2662,2661,2668,2612,2617,2621,2671,2602,2646,2609,2657,2669,2652,2666,2625,2636,2660,2651,2627
657.327,2694.1,2704,2694,2686,2679,2714,2664,2675,2689,2717,2718,2694,2702,2704,2669,2664,2670,2728,2722,2689,2700,2686,2699,2679,2707,2703,2656,2711,2696,2683,2722
657.679,2404.3,2347,2421,2394,2390,2426,2388,2417,2395,2374,2413,2406,2391,2379,2460,2403,2419,2402,2427,2399,2404,2381,2406,2413,2387,2421,2399,2418,2431,2414,2403
658.030,2367.1,2322,2371,2335,2346,2360,2386,2360,2360,2371,2351,2402,2393,2378,2402,2409,2344,2376,2372,2336,2412,2364,2322,2361,2370,2338,2328,2387,2389,2373,2394
658.382,2828.1,2843,2826,2790,2824,2805,2840,2825,2839,2857,2829,2785,2876,2828,2843,2801,2844,2802,2830,2827,2779,2856,2834,2878,2805,2820,2808,2867,2816,2796,2871
658.734,2790.9,2776,2768,2803,2782,2788,2728,2752,2806,2846,2787,2789,2767,2820,2787,2749,2777,2808,2794,2789,2794,2814,2797,2816,2807,2754,2760,2829,2856,2777,2808
659.085,2392.1,2365,2394,2367,2390,2371,2384,2383,2353,2441,2372,2410,2413,2403,2397,2410,2435,2398,2417,2388,2339,2341,2393,2383,2411,2365,2441,2422,2412,2395,2370
659.437,2650.0,2662,2630,2634,2652,2659,2662,2646,2685,2653,2659,2643,2672,2645,2591,2617,2632,2670,2660,2683,2699,2646,2658,2626,2613,2689,2617,2630,2697,2645,2626
659.789,2539.9,2574,2555,2579,2525,2535,2491,2543,2478,2533,2511,2525,2537,2569,2526,2555,2524,2558,2569,2537,2520,2544,2565,2558,2541,2581,2488,2547,2562,2498,2568
660.141,2466.2,2510,2395,2438,2474,2449,2445,2480,2471,2453,2438,2489,2463,2468,2461,2475,2446,2470,2470,2494,2454,2514,2444,2463,2489,2506,2447,2473,2458,2500,2450
660.492,2432.5,2501,2408,2393,2419,2430,2422,2406,2385,2413,2461,2404,2433,2441,2420,2425,2474,2443,2404,2471,2480,2415,2443,2423,2394,2468,2459,2414,2391,2471,2464
660.844,2270.7,2317,2249,2261,2246,2254,2246,2277,2273,2260,2255,2299,2259,2286,2269,2278,2258,2297,2248,2288,2291,2291,2246,2289,2276,2246,2287,2257,2283,2292,2244
661.196,2392.8,2406,2409,2358,2357,2409,2386,2408,2392,2362,2390,2427,2403,2420,2384,2401,2415,2377,2411,2388,2410,2382,2401,2386,2354,2396,2387,2370,2413,2416,2367
661.548,2291.0,2263,2291,2335,2314,2240,2294,2278,2324,2321,2296,2291,2280,2261,2274,2302,2252,2324,2261,2298,2297,2296,2290,2245,2337,2321,2290,2279,2272,2309,2294
661.900,2620.6,2626,2600,2607,2640,2632,2641,2643,2611,2617,2611,2610,2619,2624,2568,2660,2620,2606,2603,2581,2636,2651,2640,2602,2637,2630,2678,2574,2648,2601,2603
662.252,2672.5,2672,2657,2641,2638,2664,2692,2711,2674,2662,2711,2623,2620,2697,2654,2703,2673,2637,2718,2681,2661,2732,2640,2653,2651,2675,2696,2691,2706,2662,2681
662.603,2397.4,2435,2362,2344,2362,2402,2388,2376,2391,2416,2393,2416,2408,2395,2392,2438,2456,2402,2392,2423,2364,2389,2380,2395,2427,2398,2414,2369,2405,2399,2390
662.955,2667.7,2652,2677,2670,2726,2667,2657,2699,2686,2676,2645,2674,2638,2664,2650,2673,2634,2682,2649,2687,2681,2683,2650,2700,2615,2685,2680,2649,2652,2657,2673
663.307,2818.4,2810,2829,2777,2827,2799,2796,2813,2790,2808,2810,2831,2809,2835,2843,2860,2809,2828,2843,2848,2823,2828,2813,2811,2798,2801,2818,2803,2829,2822,2840
663.659,2268.0,2270,2246,2276,2251,2268,2235,2283,2290,2309,2251,2299,2228,2240,2264,2258,2285,2243,2268,2274,2301,2262,2285,2322,2239,2259,2232,2264,2262,2282,2295
664.011,2699.1,2696,2666,2689,2708,2699,2699,2694,2682,2703,2717,2680,2715,2648,2703,2747,2692,2701,2682,2730,2712,2714,2710,2701,2697,2656,2691,2729,2692,2675,2746
664.363,2249.4,2243,2238,2250,2250,2253,2249,2226,2222,2232,2248,2279,2229,2236,2260,2236,2285,2283,2283,2242,2222,2264,2243,2254,2252,2228,2259,2232,2294,2235,2256
664.715,2197.6,2208,2236,2230,2200,2164,2207,2188,2177,2210,2213,2223,2163,2214,2165,2171,2210,2169,2196,2224,2204,2202,2212,2158,2160,2206,2216,2197,2205,2232,2168
665.067,2687.8,2690,2717,2701,2706,2733,2664,2688,2664,2677,2665,2669,2671,2699,2729,2715,2673,2706,2695,2673,2666,2690,2705,2656,2670,2674,2725,2630,2690,2710,2684
665.419,3131.6,3112,3112,3158,3128,3121,3122,3095,3128,3128,3147,3149,3180,3105,3156,3130,3152,3140,3073,3114,3104,3141,3142,3160,3146,3164,3178,3113,3103,3166,3081
665.771,2350.6,2343,2337,2369,2328,2377,2324,2363,2379,2343,2342,2362,2380,2344,2334,2330,2322,2363,2350,2369,2336,2370,2317,2384,2360,2354,2368,2336,2369,2323,2341
666.123,2501.5,2525,2473,2508,2516,2509,2501,2497,2494,2494,2470,2540,2496,2498,2530,2482,2474,2513,2485,2506,2500,2530,2497,2467,2491,2504,2527,2503,2495,2499,2522
666.476,2669.5,2676,2654,2680,2661,2646,2651,2623,2678,2669,2653,2674,2710,2655,2678,2689,2705,2663,2673,2632,2694,2649,2650,2674,2693,2689,2639,2704,2669,2668,2686
666.828,2529.2,2522,2517,2532,2497,2559,2565,2555,2499,2499,2538,2535,2544,2511,2499,2548,2493,2531,2520,2537,2507,2570,2531,2520,2538,2500,2536,2547,2559,2524,2543
667.180,2657.4,2672,2664,2652,2647,2668,2633,2704,2672,2663,2665,2661,2654,2639,2679,2696,2636,2646,2659,2664,2637,2623,2699,2626,2651,2632,2658,2702,2675,2646,2600
667.532,2502.7,2540,2574,2515,2468,2513,2506,2521,2472,2512,2524,2486,2460,2486,2529,2496,2488,2487,2485,2516,2496,2497,2504,2486,2513,2542,2498,2501,2505,2472,2489
667.884,2417.1,2443,2406,2374,2385,2440,2387,2421,2408,2409,2414,2403,2372,2375,2418,2492,2411,2405,2427,2424,2488,2385,2406,2418,2426,2450,2462,2449,2408,2388,2419
668.236,2783.6,2827,2780,2764,2811,2767,2776,2773,2797,2795,2781,2773,2805,2805,2739,2772,2783,2769,2808,2776,2813,2774,2762,2778,2824,2768,2816,2788,2765,2743,2777
668.589,2731.6,2719,2776,2689,2708,2736,2755,2763,2746,2716,2734,2718,2745,2717,2749,2733,2715,2657,2757,2687,2690,2778,2734,2733,2760,2736,2734,2751,2748,2742,2723
668.941,2183.7,2161,2178,2171,2145,2180,2209,2181,2149,2165,2177,2182,2167,2210,2189,2168,2186,2213,2176,2199,2181,2161,2207,2174,2242,2169,2179,2228,2152,2215,2196
669.293,2479.1,2458,2487,2483,2470,2472,2510,2457,2470,2486,2488,2466,2446,2527,2466,2481,2504,2469,2506,2545,2526,2477,2477,2449,2456,2504,2435,2473,2454,2477,2453
669.646,2554.0,2557,2518,2555,2551,2575,2534,2555,2545,2573,2548,2562,2569,2534,2548,2570,2554,2500,2552,2580,2563,2563,2553,2558,2566,2619,2586,2548,2536,2517,2530
669.998,2571.2,2559,2534,2572,2582,2582,2592,2554,2589,2590,2560,2534,2555,2546,2560,2585,2550,2559,2623,2584,2596,2554,2595,2582,2555,2560,2622,2588,2569,2561,2543
670.350,2508.6,2511,2477,2493,2556,2509,2538,2544,2514,2541,2529,2520,2486,2489,2493,2525,2557,2483,2503,2487,2442,2499,2533,2540,2501,2536,2480,2478,2508,2496,2491
670.703,2533.8,2528,2511,2489,2526,2519,2532,2573,2496,2575,2491,2530,2541,2568,2509,2522,2524,2518,2563,2544,2574,2528,2547,2569,2539,2541,2545,2532,2543,2518,2520
671.055,2275.4,2270,2283,2265,2312,2279,2290,2288,2234,2230,2288,2281,2259,2285,2257,2245,2287,2270,2316,2277,2254,2261,2275,2282,2292,2274,2292,2272,2283,2271,2289
671.407,2195.9,2185,2205,2213,2196,2161,2219,2221,2141,2200,2188,2225,2181,2195,2208,2203,2186,2176,2200,2192,2173,2178,2207,2215,2229,2190,2225,2161,2174,2214,2217
671.760,2362.6,2339,2383,2343,2378,2379,2376,2367,2348,2373,2369,2367,2319,2374,2334,2398,2373,2350,2374,2336,2380,2387,2369,2356,2360,2349,2359,2357,2345,2394,2342
672.112,2656.3,2638,2651,2640,2638,2659,2654,2652,2634,2664,2665,2678,2679,2684,2683,2662,2674,2637,2656,2681,2644,2661,2644,2607,2658,2669,2648,2670,2619,2661,2678
672.465,2517.8,2507,2543,2511,2518,2525,2494,2515,2531,2545,2507,2534,2543,2498,2501,2516,2485,2487,2528,2524,2508,2515,2485,2524,2547,2549,2552,2498,2518,2482,2544
672.817,2415.3,2427,2387,2452,2420,2428,2403,2428,2385,2411,2396,2403,2394,2431,2416,2424,2441,2438,2450,2382,2432,2382,2393,2429,2380,2431,2427,2405,2431,2426,2406
673.170,2045.4,2032,2041,2030,2035,2044,2079,2067,2034,2092,2040,2022,2040,2008,2021,2025,2054,2031,2045,2042,2066,2067,2037,2045,2077,2042,2063,2049,2031,2066,2037
673.522,2280.9,2296,2276,2301,2264,2291,2299,2275,2262,2285,2270,2266,2273,2325,2273,2283,2278,2298,2301,2297,2270,2263,2282,2286,2276,2262,2276,2266,2264,2298,2270
673.875,2344.3,2350,2342,2317,2345,2366,2371,2309,2343,2333,2384,2336,2345,2350,2323,2354,2337,2381,2347,2319,2349,2344,2324,2351,2336,2329,2355,2333,2326,2367,2363
674.227,2530.5,2520,2545,2527,2530,2503,2540,2568,2520,2507,2522,2518,2485,2563,2565,2493,2544,2520,2529,2539,2531,2526,2568,2524,2494,2544,2538,2516,2520,2586,2530
674.580,2386.8,2393,2389,2385,2411,2377,2361,2405,2363,2392,2381,2370,2366,2422,2392,2395,2391,2383,2417,2382,2347,2359,2372,2415,2415,2408,2360,2416,2334,2407,2395
674.932,2485.0,2484,2526,2468,2467,2456,2486,2460,2460,2516,2498,2472,2506,2468,2452,2472,2495,2483,2486,2479,2531,2433,2488,2499,2503,2470,2520,2499,2481,2472,2520
675.285,2475.8,2433,2487,2484,2446,2459,2483,2466,2460,2458,2449,2475,2480,2515,2507,2498,2458,2486,2502,2508,2473,2473,2497,2476,2457,2517,2478,2460,2481,2439,2468
675.638,2298.9,2299,2298,2271,2270,2287,2322,2300,2280,2270,2268,2299,2291,2293,2330,2319,2277,2307,2276,2298,2286,2328,2313,2323,2319,2252,2324,2330,2282,2323,2331
675.990,2358.8,2334,2346,2384,2356,2339,2372,2361,2358,2333,2389,2350,2338,2389,2383,2332,2359,2345,2358,2349,2381,2374,2413,2344,2373,2377,2312,2376,2333,2337,2370
676.343,2546.2,2498,2521,2520,2511,2532,2554,2546,2536,2492,2557,2582,2570,2532,2547,2580,2575,2512,2545,2574,2544,2553,2555,2539,2536,2565,2583,2559,2550,2562,2556
676.696,2291.4,2297,2354,2286,2312,2262,2302,2272,2289,2297,2264,2256,2295,2298,2307,2305,2293,2278,2290,2277,2290,2298,2269,2304,2302,2288,2292,2325,2290,2241,2308
677.048,2548.9,2566,2543,2539,2548,2521,2547,2548,2546,2544,2512,2516,2518,2562,2546,2584,2547,2545,2582,2568,2520,2537,2598,2542,2556,2564,2552,2560,2584,2530,2542
677.401,2531.7,2551,2513,2502,2548,2541,2520,2548,2524,2514,2557,2547,2538,2541,2569,2561,2529,2517,2524,2527,2521,2495,2550,2521,2530,2581,2514,2511,2528,2520,2509
677.754,2310.5,2311,2305,2310,2318,2369,2344,2339,2328,2287,2319,2291,2290,2336,2328,2320,2285,2301,2294,2331,2330,2258,2300,2321,2281,2297,2285,2307,2302,2330,2297
678.107,2301.8,2290,2287,2303,2296,2315,2316,2303,2353,2254,2252,2265,2363,2301,2315,2363,2276,2335,2270,2312,2317,2340,2296,2298,2268,2291,2272,2368,2254,2282,2300
678.459,2560.1,2551,2581,2587,2536,2555,2527,2562,2588,2575,2556,2530,2574,2582,2571,2561,2542,2576,2557,2536,2564,2579,2536,2570,2579,2562,2529,2589,2555,2533,2560
678.812,2518.0,2486,2522,2507,2492,2509,2514,2512,2504,2546,2511,2483,2570,2532,2540,2494,2512,2524,2534,2514,2538,2543,2539,2501,2532,2466,2550,2526,2500,2518,2520
679.165,2014.4,2001,2027,1997,2016,2019,2028,2027,2004,2042,2040,2013,2004,1974,2010,2004,2022,2017,2029,2042,2018,2068,2023,2022,1983,1997,1955,1999,1981,2042,2029
679.518,2270.4,2217,2271,2296,2290,2268,2258,2288,2281,2283,2233,2281,2289,2287,2282,2263,2282,2281,2265,2254,2269,2265,2286,2277,2258,2283,2258,2293,2246,2253,2256
679.871,2496.7,2494,2509,2476,2509,2543,2517,2518,2477,2512,2508,2493,2490,2526,2478,2512,2470,2518,2466,2489,2484,2463,2512,2486,2506,2476,2498,2535,2507,2453,2476
680.224,2605.2,2541,2626,2604,2639,2611,2604,2575,2576,2581,2621,2596,2625,2616,2618,2655,2603,2646,2612,2583,2602,2590,2615,2605,2593,2583,2633,2594,2620,2589,2599
680.577,2364.2,2403,2360,2353,2319,2376,2395,2316,2372,2347,2353,2342,2376,2363,2379,2359,2399,2342,2358,2382,2410,2328,2380,2326,2385,2360,2357,2402,2352,2336,2396
680.930,2043.0,2011,2059,2034,2065,2036,2066,2069,2017,2065,2050,2053,2024,2056,2020,2023,2046,2042,2041,2051,2066,2024,2044,2031,2046,2040,2007,2048,2045,2045,2065
681.283,2297.6,2298,2270,2310,2314,2291,2322,2288,2265,2270,2294,2302,2294,2281,2291,2327,2330,2280,2322,2302,2319,2285,2315,2322,2310,2280,2286,2314,2299,2250,2296
681.636,2135.3,2115,2130,2148,2141,2109,2162,2134,2123,2141,2139,2133,2159,2110,2092,2138,2135,2157,2148,2136,2116,2123,2146,2139,2138,2139,2146,2143,2147,2139,2133
681.989,2391.5,2426,2420,2362,2382,2403,2355,2424,2376,2380,2428,2386,2417,2360,2392,2366,2440,2425,2385,2342,2392,2371,2361,2387,2406,2365,2355,2419,2396,2405,2418
682.342,2531.8,2554,2519,2548,2534,2521,2549,2497,2487,2564,2541,2533,2526,2524,2517,2569,2553,2541,2496,2531,2550,2541,2521,2552,2509,2551,2506,2591,2520,2520,2490
682.695,2492.5,2485,2481,2503,2498,2503,2465,2477,2488,2478,2491,2466,2511,2507,2480,2489,2490,2512,2492,2512,2498,2485,2467,2488,2485,2468,2489,2510,2518,2483,2557
683.048,2158.8,2136,2191,2182,2126,2141,2176,2172,2149,2148,2138,2146,2147,2169,2162,2187,2208,2107,2156,2180,2100,2141,2159,2219,2141,2162,2153,2151,2143,2184,2189
683.401,2098.7,2102,2094,2095,2086,2066,2104,2064,2082,2070,2129,2092,2090,2143,2114,2095,2102,2112,2082,2080,2091,2079,2109,2154,2074,2084,2114,2100,2102,2109,2143
683.754,2544.9,2546,2567,2560,2525,2538,2509,2541,2537,2557,2499,2550,2550,2557,2600,2555,2547,2534,2533,2540,2529,2531,2547,2593,2508,2564,2504,2554,2538,2567,2566
684.107,2328.8,2314,2322,2319,2344,2349,2289,2313,2313,2327,2340,2297,2363,2310,2328,2344,2354,2303,2285,2317,2349,2328,2383,2352,2337,2364,2328,2349,2314,2324,2304
684.460,2389.4,2380,2362,2372,2399,2429,2372,2377,2414,2368,2399,2401,2371,2387,2363,2468,2367,2404,2416,2340,2352,2384,2377,2390,2370,2447,2363,2420,2397,2358,2435
684.813,2287.4,2265,2288,2251,2318,2285,2299,2323,2294,2296,2279,2280,2289,2249,2326,2265,2277,2312,2284,2285,2281,2269,2280,2283,2297,2308,2288,2275,2287,2296,2294
685.166,2244.7,2254,2230,2256,2230,2248,2242,2258,2235,2256,2239,2290,2232,2237,2254,2276,2219,2249,2253,2271,2222,2207,2195,2216,2237,2220,2269,2264,2288,2236,2258
685.520,2369.9,2413,2383,2396,2350,2379,2404,2358,2349,2366,2362,2409,2418,2315,2356,2392,2367,2378,2337,2342,2365,2371,2372,2377,2370,2365,2360,2340,2358,2344,2402
685.873,2321.0,2303,2328,2337,2344,2355,2303,2335,2286,2305,2346,2310,2310,2312,2313,2360,2358,2354,2304,2351,2313,2312,2328,2330,2277,2305,2312,2306,2335,2304,2294
686.226,2554.3,2533,2549,2572,2496,2599,2538,2578,2561,2561,2574,2500,2558,2545,2511,2533,2557,2565,2585,2547,2518,2551,2572,2605,2556,2574,2552,2577,2570,2542,2549
686.579,2335.8,2318,2352,2336,2297,2298,2323,2384,2316,2319,2343,2324,2378,2317,2309,2377,2336,2293,2332,2342,2314,2330,2345,2380,2363,2355,2317,2358,2318,2365,2336
686.932,2442.2,2423,2446,2415,2413,2408,2474,2441,2451,2450,2448,2451,2484,2440,2458,2452,2446,2435,2461,2421,2429,2453,2420,2480,2462,2452,2463,2435,2417,2420,2419
687.286,2201.1,2168,2197,2210,2233,2171,2175,2176,2210,2252,2228,2234,2191,2197,2206,2184,2204,2182,2162,2163,2188,2259,2197,2230,2217,2245,2206,2181,2178,2244,2144
687.639,2424.3,2404,2449,2409,2440,2411,2405,2433,2457,2406,2387,2440,2422,2437,2436,2419,2416,2447,2403,2441,2446,2406,2451,2418,2386,2397,2431,2450,2435,2434,2413
687.992,2129.3,2123,2108,2140,2136,2156,2117,2120,2092,2149,2126,2119,2106,2126,2137,2106,2132,2152,2142,2133,2081,2138,2151,2181,2133,2121,2165,2110,2096,2148,2136
688.346,2391.4,2389,2394,2365,2392,2401,2412,2363,2417,2395,2412,2405,2355,2360,2388,2417,2453,2408,2368,2364,2372,2396,2340,2419,2411,2382,2394,2392,2401,2367,2410
688.699,2688.8,2725,2703,2678,2689,2725,2694,2698,2676,2720,2680,2687,2703,2677,2683,2680,2658,2691,2690,2665,2666,2685,2660,2703,2664,2727,2686,2705,2684,2644,2718
689.052,2155.5,2186,2137,2138,2153,2175,2138,2119,2126,2174,2195,2188,2162,2184,2133,2186,2125,2146,2158,2141,2172,2134,2118,2142,2138,2153,2161,2166,2149,2178,2190
689.406,2280.6,2300,2302,2284,2305,2264,2294,2278,2287,2280,2257,2303,2256,2275,2290,2306,2275,2300,2277,2266,2283,2261,2275,2284,2276,2300,2284,2292,2269,2251,2245
689.759,2344.8,2314,2286,2328,2364,2336,2381,2333,2296,2357,2380,2369,2304,2341,2329,2310,2339,2312,2347,2372,2318,2357,2366,2365,2370,2389,2340,2380,2360,2374,2328
690.113,2287.9,2276,2271,2276,2281,2303,2286,2277,2311,2319,2273,2317,2296,2328,2253,2274,2315,2294,2276,2266,2303,2280,2266,2288,2273,2326,2274,2253,2286,2300,2295
690.466,2395.6,2386,2389,2397,2406,2366,2411,2397,2401,2392,2396,2392,2435,2346,2425,2402,2408,2367,2402,2383,2386,2399,2390,2401,2417,2410,2369,2403,2391,2408,2392
690.820,2442.0,2463,2456,2442,2436,2422,2496,2394,2443,2417,2457,2481,2483,2425,2479,2409,2458,2442,2456,2447,2428,2404,2456,2426,2450,2402,2415,2447,2431,2449,2446
691.173,2164.8,2162,2160,2161,2184,2177,2173,2161,2141,2178,2163,2181,2146,2143,2168,2175,2139,2181,2153,2176,2206,2104,2149,2152,2152,2155,2185,2214,2176,2168,2160
691.527,2380.6,2369,2388,2406,2410,2384,2429,2386,2390,2364,2386,2392,2357,2398,2401,2377,2405,2371,2371,2408,2389,2406,2368,2385,2389,2352,2337,2345,2351,2353,2350
691.880,2351.1,2362,2366,2356,2328,2346,2393,2291,2351,2345,2393,2316,2364,2362,2336,2357,2342,2367,2333,2360,2366,2335,2330,2340,2389,2341,2356,2333,2357,2338,2381
692.234,2153.1,2156,2157,2160,2142,2112,2189,2133,2152,2144,2189,2152,2179,2136,2165,2161,2157,2167,2129,2134,2141,2165,2146,2175,2117,2166,2162,2165,2161,2141,2140
692.587,2188.8,2164,2227,2201,2191,2197,2178,2175,2199,2190,2147,2202,2186,2200,2222,2137,2196,2226,2188,2179,2197,2215,2175,2201,2116,2198,2175,2188,2180,2197,2216
692.941,2522.8,2521,2525,2505,2541,2554,2528,2534,2502,2528,2558,2488,2506,2480,2517,2516,2548,2564,2534,2518,2542,2525,2505,2562,2511,2493,2539,2522,2515,2547,2456
693.294,2236.8,2218,2267,2193,2271,2207,2266,2225,2224,2218,2236,2223,2207,2208,2253,2226,2239,2236,2272,2235,2249,2254,2206,2216,2216,2289,2243,2227,2228,2246,2306
693.648,2144.7,2156,2128,2095,2192,2157,2173,2132,2136,2143,2130,2151,2210,2142,2155,2193,2126,2113,2118,2139,2117,2154,2150,2125,2132,2138,2178,2128,2098,2178,2154
694.002,2537.6,2594,2530,2558,2545,2534,2568,2533,2554,2521,2532,2524,2537,2498,2526,2571,2504,2502,2521,2523,2530,2542,2565,2575,2557,2548,2556,2530,2540,2485,2524
694.355,2225.0,2251,2248,2223,2240,2223,2246,2207,2256,2210,2226,2206,2211,2218,2227,2217,2225,2221,2251,2252,2214,2222,2210,2244,2205,2219,2201,2244,2238,2217,2178
694.709,2153.7,2162,2158,2168,2124,2179,2160,2152,2143,2170,2154,2170,2172,2097,2162,2146,2176,2200,2140,2162,2139,2146,2132,2157,2122,2191,2135,2164,2142,2132,2156
695.063,2191.0,2171,2184,2192,2169,2181,2210,2171,2196,2198,2193,2198,2164,2189,2191,2245,2187,2169,2194,2200,2177,2169,2180,2181,2229,2212,2168,2192,2177,2214,2228
695.416,2281.0,2268,2315,2292,2303,2293,2265,2294,2258,2284,2254,2294,2281,2296,2244,2253,2282,2270,2289,2285,2281,2278,2278,2272,2266,2259,2303,2285,2268,2327,2294
695.770,2428.6,2458,2479,2405,2403,2416,2422,2466,2443,2405,2437,2401,2431,2390,2462,2432,2418,2482,2413,2415,2437,2438,2385,2413,2458,2401,2453,2454,2402,2431,2407
696.124,2697.6,2676,2714,2718,2741,2694,2676,2678,2670,2718,2691,2657,2673,2711,2751,2694,2752,2676,2720,2676,2694,2737,2738,2652,2683,2686,2688,2721,2714,2664,2665
696.478,2062.5,2046,2081,2086,2058,2086,2066,2041,2072,2079,2070,2057,2085,2041,2059,2065,2054,2051,2081,2009,2037,2080,2088,2050,2070,2091,2050,2056,2058,2078,2030
696.831,2357.8,2401,2387,2379,2348,2358,2354,2340,2349,2334,2331,2369,2384,2356,2365,2347,2299,2363,2366,2347,2353,2372,2394,2367,2328,2360,2364,2315,2371,2369,2365
697.185,2484.0,2451,2506,2466,2455,2490,2457,2478,2477,2509,2513,2506,2494,2411,2505,2470,2436,2504,2480,2484,2470,2479,2472,2495,2484,2544,2518,2484,2508,2495,2480
697.539,2391.6,2360,2356,2411,2384,2416,2412,2372,2401,2413,2358,2411,2414,2389,2358,2396,2425,2391,2370,2415,2396,2342,2427,2364,2360,2389,2361,2440,2394,2417,2405
697.893,2663.9,2662,2695,2635,2667,2655,2683,2665,2655,2651,2683,2659,2666,2678,2647,2625,2651,2696,2704,2621,2664,2697,2665,2632,2685,2629,2645,2709,2681,2643,2668
698.247,2257.8,2242,2239,2266,2244,2266,2236,2242,2283,2274,2244,2246,2282,2220,2202,2258,2259,2283,2240,2270,2234,2279,2264,2261,2284,2241,2269,2289,2250,2256,2312
698.601,2303.2,2346,2286,2296,2361,2271,2324,2288,2307,2276,2255,2298,2319,2360,2300,2331,2304,2294,2311,2274,2315,2259,2298,2290,2297,2315,2321,2302,2307,2295,2295
698.955,2578.9,2574,2596,2594,2584,2594,2602,2597,2566,2584,2599,2591,2557,2560,2582,2555,2581,2591,2530,2639,2584,2594,2590,2570,2563,2587,2546,2575,2562,2561,2558
699.309,2300.1,2269,2287,2293,2344,2287,2316,2315,2310,2317,2322,2291,2283,2276,2287,2285,2273,2322,2318,2327,2274,2313,2276,2327,2304,2314,2297,2288,2265,2302,2320
699.662,2365.6,2362,2338,2353,2364,2362,2384,2339,2421,2326,2389,2346,2376,2350,2353,2357,2370,2403,2354,2370,2351,2345,2411,2338,2338,2355,2372,2376,2382,2398,2385
700.016,2197.8,2211,2172,2175,2246,2180,2197,2161,2185,2184,2205,2169,2192,2211,2184,2209,2223,2187,2224,2220,2182,2168,2202,2250,2219,2207,2208,2196,2182,2167,2219
700.370,2304.2,2304,2289,2291,2300,2291,2287,2335,2332,2318,2279,2333,2268,2317,2273,2317,2360,2278,2272,2283,2307,2277,2315,2314,2318,2305,2322,2329,2291,2333,2287
700.724,1986.7,1985,1979,2009,2002,1960,1990,1965,2031,2008,2020,1979,1985,1980,1992,1989,1958,1973,2014,1957,1953,1984,2027,1976,1972,1994,1970,1998,1994,1990,1966
701.078,2162.7,2165,2142,2147,2179,2147,2185,2158,2157,2127,2177,2184,2176,2175,2177,2145,2183,2124,2178,2175,2143,2155,2141,2160,2204,2165,2186,2147,2156,2142,2181
701.432,2610.4,2561,2604,2629,2613,2585,2603,2657,2637,2599,2614,2590,2633,2624,2634,2610,2623,2610,2578,2591,2609,2571,2611,2609,2600,2635,2589,2546,2635,2638,2673
701.786,2148.4,2141,2147,2148,2174,2160,2127,2176,2136,2152,2103,2137,2132,2152,2119,2139,2146,2148,2146,2167,2163,2173,2156,2137,2182,2166,2140,2132,2150,2146,2157
702.141,2257.7,2248,2276,2235,2252,2245,2276,2289,2309,2278,2257,2243,2245,2274,2266,2256,2250,2293,2252,2233,2240,2259,2280,2254,2242,2266,2241,2217,2272,2255,2227
702.495,2033.5,2040,2009,2024,2028,1983,2016,2033,2054,2053,2030,2023,2059,2075,2085,2034,2029,2043,2065,2000,2028,2045,2033,2026,2028,2024,2025,2011,2024,2008,2071
702.849,2183.9,2205,2212,2174,2182,2181,2185,2196,2204,2176,2186,2133,2160,2204,2196,2216,2197,2198,2180,2202,2101,2193,2149,2193,2168,2194,2194,2202,2201,2153,2182
703.203,2144.3,2132,2105,2178,2184,2177,2194,2179,2156,2128,2145,2141,2114,2122,2130,2098,2105,2154,2139,2168,2123,2119,2141,2158,2147,2111,2164,2176,2166,2140,2134
703.557,2313.5,2325,2266,2329,2323,2303,2333,2342,2267,2281,2304,2319,2317,2344,2318,2317,2287,2352,2284,2288,2329,2317,2316,2310,2308,2344,2338,2325,2323,2300,2297
703.911,2073.0,2087,2084,2079,2072,2100,2109,2081,2073,2057,2081,2075,2066,2053,2082,2092,2072,2051,2053,2044,2111,2056,2076,2051,2082,2088,2071,2024,2067,2071,2083
704.265,2284.6,2294,2290,2299,2275,2257,2279,2265,2310,2278,2274,2305,2250,2300,2299,2259,2260,2303,2256,2301,2280,2290,2324,2305,2244,2273,2278,2252,2323,2292,2323
704.619,2304.3,2284,2293,2317,2297,2314,2323,2280,2308,2281,2285,2317,2316,2333,2330,2318,2286,2306,2280,2316,2281,2312,2323,2302,2317,2296,2298,2290,2303,2341,2283
704.974,2430.4,2364,2434,2429,2426,2429,2475,2433,2422,2390,2413,2430,2456,2429,2430,2442,2439,2407,2441,2436,2415,2421,2411,2452,2422,2401,2440,2424,2459,2473,2469
705.328,2406.9,2380,2401,2383,2420,2392,2444,2413,2375,2393,2421,2424,2417,2381,2392,2399,2360,2436,2362,2371,2411,2444,2411,2388,2430,2449,2407,2411,2435,2457,2400
705.682,2266.8,2251,2267,2307,2284,2252,2280,2273,2269,2235,2255,2288,2244,2261,2239,2267,2245,2272,2255,2298,2275,2250,2272,2274,2282,2271,2310,2230,2286,2261,2251
706.036,2325.6,2331,2341,2314,2309,2352,2373,2342,2323,2254,2294,2333,2326,2307,2325,2340,2288,2326,2315,2323,2363,2339,2361,2298,2334,2313,2353,2325,2302,2322,2342
706.391,2269.5,2289,2266,2266,2218,2253,2275,2276,2282,2239,2230,2283,2272,2242,2252,2230,2260,2296,2282,2232,2255,2318,2298,2276,2248,2314,2311,2275,2306,2283,2258
706.745,2511.5,2542,2508,2521,2494,2502,2538,2502,2524,2499,2512,2524,2491,2534,2528,2488,2494,2501,2509,2498,2486,2512,2533,2522,2519,2495,2518,2534,2501,2526,2491
707.099,2322.5,2332,2302,2344,2315,2343,2312,2300,2328,2327,2337,2329,2318,2305,2302,2320,2329,2320,2310,2345,2297,2339,2331,2351,2296,2352,2341,2344,2340,2308,2257
707.454,2220.2,2213,2239,2216,2216,2207,2208,2261,2217,2256,2225,2232,2202,2229,2215,2258,2217,2220,2255,2227,2216,2275,2163,2245,2198,2191,2208,2213,2205,2232,2147
707.808,2355.6,2347,2350,2333,2399,2368,2386,2345,2382,2315,2331,2381,2324,2342,2389,2364,2343,2371,2358,2344,2309,2369,2366,2334,2390,2351,2360,2346,2345,2361,2366
708.162,2284.6,2271,2290,2286,2267,2271,2225,2285,2314,2328,2289,2289,2264,2308,2293,2305,2245,2284,2269,2263,2276,2278,2295,2331,2301,2305,2271,2254,2290,2324,2266
708.517,2397.4,2417,2399,2358,2404,2368,2386,2411,2397,2435,2390,2370,2392,2386,2434,2373,2437,2398,2373,2392,2426,2429,2397,2424,2392,2385,2391,2375,2393,2392,2397
708.871,2209.3,2233,2232,2186,2196,2204,2268,2188,2200,2165,2247,2241,2184,2180,2213,2208,2197,2196,2239,2209,2217,2235,2204,2228,2197,2187,2234,2204,2197,2195,2194
709.226,2287.2,2306,2278,2313,2298,2303,2281,2277,2297,2256,2284,2286,2309,2283,2298,2315,2268,2278,2331,2266,2280,2267,2284,2293,2254,2266,2287,2294,2291,2270,2304
709.580,2302.2,2319,2313,2255,2287,2318,2335,2322,2309,2310,2293,2316,2257,2265,2323,2326,2287,2289,2302,2298,2361,2313,2302,2297,2281,2296,2313,2266,2310,2300,2304
709.934,2197.1,2182,2201,2193,2206,2180,2219,2232,2214,2179,2202,2229,2184,2202,2204,2196,2214,2207,2197,2192,2216,2171,2168,2209,2193,2178,2202,2192,2188,2200,2162
710.289,2627.9,2644,2643,2596,2649,2593,2656,2614,2632,2625,2651,2629,2580,2628,2635,2660,2591,2641,2661,2622,2623,2664,2597,2616,2635,2643,2619,2620,2643,2632,2596
710.643,2525.7,2505,2513,2544,2519,2490,2520,2504,2530,2540,2513,2527,2527,2515,2533,2540,2529,2505,2524,2515,2581,2502,2544,2491,2522,2563,2532,2536,2557,2541,2509
710.998,2087.9,2131,2078,2117,2090,2095,2111,2081,2087,2060,2069,2063,2076,2101,2081,2080,2075,2123,2071,2110,2098,2088,2065,2110,2113,2052,2073,2073,2090,2118,2058
711.353,2486.1,2512,2543,2497,2481,2471,2505,2500,2510,2561,2469,2474,2488,2509,2461,2482,2501,2488,2474,2499,2423,2463,2482,2471,2483,2452,2505,2451,2462,2483,2482
711.707,2869.5,2833,2868,2885,2876,2881,2865,2869,2849,2905,2889,2904,2862,2824,2884,2894,2858,2848,2859,2900,2853,2868,2869,2842,2876,2857,2837,2872,2896,2893,2868
712.062,2234.9,2272,2273,2230,2269,2228,2241,2218,2228,2248,2217,2218,2264,2225,2217,2246,2237,2214,2218,2266,2218,2227,2265,2241,2235,2230,2212,2195,2234,2223,2237
712.416,2220.5,2184,2179,2240,2202,2215,2262,2226,2203,2209,2264,2262,2200,2232,2250,2191,2198,2220,2182,2209,2245,2204,2233,2235,2204,2211,2217,2223,2240,2222,2254
712.771,2271.5,2269,2241,2284,2267,2251,2294,2303,2270,2270,2263,2266,2285,2252,2286,2272,2261,2260,2261,2256,2265,2270,2301,2220,2257,2290,2291,2321,2280,2275,2263
713.125,2617.8,2624,2594,2620,2629,2590,2639,2642,2620,2624,2680,2568,2582,2620,2643,2590,2603,2606,2594,2598,2626,2625,2659,2621,2618,2603,2600,2620,2602,2642,2651
713.480,2342.6,2290,2333,2330,2384,2303,2352,2334,2309,2306,2322,2289,2345,2331,2336,2366,2324,2306,2393,2350,2406,2389,2344,2393,2344,2375,2336,2354,2334,2381,2318
713.835,2349.8,2331,2364,2389,2385,2325,2334,2342,2318,2373,2376,2369,2313,2382,2371,2324,2334,2380,2341,2382,2351,2299,2315,2373,2339,2320,2341,2358,2371,2373,2321
714.189,1980.7,1983,1953,1990,2010,1946,2009,1953,1993,2010,1967,1979,1971,1972,2010,2002,2008,1964,1952,1995,2014,1959,1953,1997,1976,1958,1988,1976,1972,1967,1995
714.544,2165.2,2156,2177,2160,2173,2150,2178,2104,2189,2143,2158,2158,2180,2163,2147,2157,2198,2149,2179,2169,2197,2168,2161,2160,2164,2141,2172,2152,2178,2173,2201
714.899,2518.2,2512,2530,2510,2532,2486,2531,2559,2507,2509,2497,2502,2499,2508,2512,2517,2539,2526,2522,2490,2520,2508,2534,2548,2535,2566,2512,2501,2528,2493,2512
715.253,2659.2,2673,2639,2694,2629,2664,2666,2683,2675,2666,2631,2678,2660,2669,2657,2653,2668,2629,2638,2669,2677,2687,2659,2627,2661,2647,2651,2663,2632,2682,2648
715.608,2104.0,2092,2092,2105,2107,2134,2140,2110,2136,2110,2072,2056,2077,2102,2120,2067,2118,2121,2070,2108,2168,2091,2079,2081,2072,2123,2118,2138,2091,2124,2099
715.963,2420.1,2424,2433,2446,2410,2395,2415,2402,2444,2430,2397,2426,2412,2445,2388,2389,2403,2476,2407,2406,2432,2467,2408,2424,2391,2425,2424,2434,2380,2439,2431
716.318,2313.4,2305,2303,2293,2326,2313,2340,2311,2329,2318,2271,2317,2298,2313,2330,2302,2316,2330,2303,2328,2345,2316,2345,2337,2321,2246,2330,2297,2292,2305,2322
716.673,2276.4,2283,2287,2277,2260,2275,2284,2292,2306,2299,2270,2280,2290,2259,2257,2265,2240,2300,2272,2280,2257,2248,2274,2300,2285,2258,2261,2289,2335,2234,2274
717.027,2353.3,2373,2374,2363,2328,2359,2362,2310,2383,2377,2357,2339,2336,2366,2335,2333,2352,2373,2312,2358,2382,2389,2338,2342,2336,2352,2371,2359,2335,2364,2340
717.382,2208.5,2186,2207,2175,2200,2224,2236,2231,2200,2220,2194,2212,2202,2219,2194,2230,2189,2171,2218,2218,2233,2199,2217,2212,2231,2224,2218,2197,2220,2165,2213
717.737,2406.0,2431,2424,2396,2362,2416,2425,2382,2427,2420,2381,2462,2387,2416,2400,2424,2414,2380,2379,2402,2378,2400,2390,2394,2394,2450,2404,2405,2441,2376,2420
718.092,2553.0,2586,2577,2560,2531,2570,2557,2531,2533,2553,2519,2535,2537,2550,2558,2548,2556,2578,2575,2558,2536,2552,2559,2575,2515,2545,2603,2579,2549,2508,2556
718.447,2241.5,2234,2236,2233,2218,2249,2257,2267,2264,2248,2236,2229,2255,2220,2280,2238,2242,2265,2209,2246,2250,2245,2268,2280,2186,2208,2228,2240,2252,2259,2204
718.802,2550.9,2534,2547,2613,2557,2557,2539,2556,2549,2543,2584,2527,2568,2545,2552,2595,2554,2537,2519,2571,2583,2554,2543,2566,2532,2509,2541,2558,2487,2541,2565
719.157,2486.2,2533,2484,2505,2460,2511,2501,2510,2442,2507,2478,2473,2468,2479,2511,2476,2507,2459,2491,2488,2468,2494,2455,2456,2488,2468,2447,2464,2502,2526,2536
719.511,2657.0,2641,2661,2692,2646,2654,2697,2679,2607,2608,2620,2664,2681,2668,2662,2669,2643,2658,2655,2653,2722,2633,2669,2647,2686,2649,2656,2650,2655,2675,2610
719.866,2385.3,2424,2395,2388,2384,2344,2367,2388,2392,2340,2392,2403,2374,2367,2354,2390,2405,2355,2429,2349,2395,2398,2431,2395,2391,2357,2433,2373,2412,2359,2376
720.221,2314.9,2294,2325,2281,2296,2303,2314,2313,2280,2318,2352,2330,2271,2319,2330,2339,2304,2350,2333,2315,2320,2324,2318,2308,2300,2306,2312,2284,2313,2348,2348
720.576,2739.7,2740,2756,2720,2704,2725,2745,2721,2753,2736,2752,2762,2736,2721,2755,2733,2721,2733,2757,2744,2747,2700,2740,2752,2760,2777,2712,2712,2761,2767,2748
720.931,2328.5,2330,2349,2313,2298,2314,2284,2362,2319,2364,2351,2325,2334,2322,2360,2340,2326,2383,2301,2315,2297,2308,2359,2333,2307,2342,2366,2319,2294,2317,2323
721.286,2102.2,2093,2130,2079,2067,2068,2077,2132,2124,2111,2085,2067,2136,2134,2118,2101,2123,2107,2094,2083,2136,2114,2088,2093,2125,2072,2072,2114,2109,2113,2100
721.641,2300.4,2285,2296,2290,2319,2299,2265,2312,2331,2281,2312,2285,2325,2295,2293,2286,2280,2292,2305,2292,2336,2248,2320,2365,2322,2314,2274,2315,2265,2307,2302
721.996,2620.8,2604,2670,2589,2574,2653,2608,2601,2639,2577,2639,2614,2627,2616,2581,2632,2628,2652,2641,2608,2640,2662,2628,2620,2600,2629,2596,2646,2636,2596,2618
722.352,2500.9,2485,2526,2538,2546,2458,2483,2514,2498,2471,2526,2478,2536,2522,2431,2520,2495,2486,2496,2500,2532,2491,2496,2504,2492,2510,2471,2515,2534,2478,2496
722.707,2247.8,2271,2252,2224,2210,2224,2272,2250,2248,2230,2235,2275,2219,2248,2231,2306,2255,2259,2270,2239,2264,2261,2227,2259,2255,2253,2252,2227,2232,2229,2256
723.062,2874.5,2901,2877,2877,2864,2869,2904,2852,2867,2895,2910,2874,2856,2888,2885,2854,2935,2861,2886,2851,2893,2869,2865,2859,2870,2836,2846,2898,2908,2843,2842
723.417,2542.7,2541,2539,2541,2559,2527,2549,2573,2549,2506,2524,2541,2545,2569,2553,2530,2552,2567,2550,2553,2509,2555,2532,2540,2525,2559,2491,2569,2552,2523,2557
723.772,2386.3,2405,2358,2412,2417,2365,2438,2441,2412,2403,2326,2358,2362,2432,2366,2351,2372,2401,2381,2382,2380,2398,2399,2376,2372,2411,2386,2346,2396,2388,2355
724.127,2803.4,2778,2802,2826,2825,2810,2800,2786,2810,2777,2836,2777,2782,2798,2812,2806,2760,2824,2825,2801,2792,2840,2796,2860,2835,2808,2784,2816,2765,2770,2802
724.482,2605.2,2613,2615,2578,2574,2626,2590,2605,2607,2592,2621,2565,2636,2594,2619,2614,2625,2641,2548,2588,2644,2617,2587,2612,2527,2629,2655,2618,2618,2575,2622
724.837,2542.9,2524,2526,2530,2529,2569,2504,2550,2528,2536,2539,2490,2554,2577,2499,2557,2549,2532,2529,2536,2543,2604,2575,2548,2530,2576,2551,2538,2532,2567,2564
725.193,2521.9,2513,2516,2519,2541,2500,2543,2559,2528,2508,2499,2464,2518,2548,2533,2529,2504,2515,2549,2543,2543,2517,2520,2537,2475,2491,2499,2517,2549,2529,2552
725.548,2462.8,2499,2473,2419,2451,2493,2464,2416,2508,2451,2438,2505,2453,2437,2449,2462,2439,2478,2450,2471,2453,2459,2438,2429,2489,2485,2462,2517,2502,2429,2464
725.903,2645.7,2638,2673,2624,2670,2608,2638,2667,2648,2674,2645,2631,2629,2681,2646,2620,2678,2645,2646,2656,2676,2681,2593,2630,2614,2655,2661,2636,2627,2631,2650
726.258,2401.7,2386,2449,2402,2398,2417,2408,2401,2393,2400,2394,2417,2410,2380,2381,2409,2411,2408,2419,2412,2389,2363,2409,2388,2410,2379,2424,2401,2366,2408,2419
726.614,2385.7,2379,2377,2406,2398,2398,2407,2392,2364,2399,2409,2340,2409,2390,2353,2391,2387,2382,2399,2395,2354,2392,2403,2383,2374,2375,2374,2406,2349,2370,2415
726.969,2510.7,2526,2517,2469,2509,2514,2554,2517,2526,2497,2553,2502,2507,2470,2552,2497,2543,2497,2537,2529,2514,2517,2490,2509,2473,2490,2520,2553,2457,2481,2502
727.324,2599.3,2617,2616,2601,2625,2595,2584,2588,2628,2589,2604,2637,2601,2602,2582,2606,2594,2604,2572,2533,2631,2573,2594,2611,2587,2589,2632,2600,2606,2590,2588
727.680,2662.9,2633,2616,2659,2645,2643,2637,2679,2686,2655,2695,2696,2692,2677,2683,2628,2669,2663,2682,2628,2653,2613,2629,2682,2664,2719,2675,2691,2683,2648,2665
728.035,2948.7,2961,2949,2976,2964,2969,2934,2971,2944,2922,2994,2961,2952,2955,2932,2946,2967,2924,2900,2993,2959,2913,2897,2961,2951,2877,2992,2960,2964,2919,2953
728.390,2365.1,2400,2409,2330,2345,2364,2359,2430,2340,2372,2334,2389,2361,2334,2328,2347,2368,2364,2372,2357,2377,2367,2380,2370,2354,2377,2351,2402,2387,2345,2339
728.746,2586.9,2604,2590,2577,2575,2594,2573,2603,2599,2610,2593,2580,2557,2597,2553,2529,2574,2560,2578,2569,2582,2573,2571,2618,2614,2613,2629,2582,2603,2591,2616
729.101,2334.3,2345,2328,2316,2310,2385,2329,2339,2312,2313,2316,2311,2358,2308,2328,2325,2379,2313,2358,2375,2330,2337,2323,2339,2315,2371,2349,2342,2347,2354,2273
729.456,2518.1,2537,2482,2526,2512,2542,2484,2547,2523,2469,2539,2560,2553,2523,2488,2515,2515,2527,2510,2534,2517,2500,2485,2520,2506,2514,2499,2553,2499,2525,2539
729.812,2513.5,2542,2517,2518,2525,2491,2504,2536,2514,2515,2512,2488,2503,2503,2499,2497,2547,2534,2540,2497,2564,2492,2523,2494,2520,2508,2496,2512,2510,2489,2515
730.167,2460.6,2483,2474,2472,2436,2467,2431,2448,2477,2456,2468,2482,2491,2439,2465,2484,2456,2459,2467,2458,2489,2457,2477,2454,2459,2443,2469,2478,2418,2447,2415
730.523,2564.7,2570,2539,2542,2580,2593,2524,2588,2559,2537,2571,2552,2572,2572,2544,2562,2552,2561,2580,2593,2541,2547,2581,2541,2549,2548,2630,2590,2562,2601,2561
730.878,2592.5,2591,2584,2568,2619,2563,2633,2636,2538,2573,2611,2572,2603,2629,2640,2590,2580,2596,2575,2567,2587,2553,2552,2584,2622,2577,2591,2584,2608,2603,2646
731.234,2475.8,2494,2480,2469,2477,2505,2471,2514,2475,2448,2476,2444,2458,2506,2495,2496,2465,2480,2478,2477,2474,2450,2477,2453,2476,2462,2447,2525,2476,2442,2484
731.589,2407.5,2425,2434,2402,2416,2378,2336,2401,2410,2402,2401,2397,2405,2391,2443,2443,2430,2377,2416,2400,2377,2440,2415,2386,2394,2413,2396,2404,2458,2408,2427
731.945,2657.7,2664,2662,2643,2673,2648,2649,2629,2666,2629,2637,2653,2628,2657,2724,2704,2650,2688,2664,2690,2718,2671,2649,2619,2633,2651,2648,2634,2634,2657,2659
732.300,2292.3,2270,2288,2299,2296,2285,2287,2311,2292,2318,2284,2312,2259,2342,2295,2278,2309,2294,2293,2265,2293,2289,2272,2285,2249,2296,2313,2339,2309,2250,2296
732.656,2393.4,2385,2366,2410,2378,2416,2346,2387,2392,2382,2392,2370,2390,2400,2416,2374,2371,2393,2413,2369,2408,2429,2405,2410,2370,2428,2421,2401,2381,2386,2414
733.011,2365.5,2333,2404,2331,2389,2332,2340,2370,2361,2371,2350,2305,2323,2353,2412,2379,2383,2370,2384,2397,2333,2363,2403,2383,2388,2411,2358,2364,2366,2358,2350
733.367,2666.5,2703,2681,2652,2650,2680,2697,2634,2691,2637,2669,2709,2679,2679,2681,2657,2676,2717,2671,2647,2636,2632,2681,2662,2635,2660,2664,2629,2652,2669,2666
733.722,2566.9,2571,2569,2532,2567,2589,2581,2543,2607,2561,2557,2579,2569,2608,2561,2557,2598,2553,2587,2543,2541,2562,2545,2575,2582,2604,2559,2534,2575,2571,2526
734.078,2511.3,2542,2537,2464,2498,2495,2540,2507,2508,2492,2490,2514,2537,2512,2477,2508,2517,2528,2509,2501,2489,2494,2522,2520,2543,2528,2482,2572,2465,2513,2535
734.434,2575.7,2585,2566,2575,2569,2593,2555,2574,2585,2618,2580,2541,2595,2586,2596,2562,2610,2534,2589,2543,2573,2582,2582,2594,2584,2562,2584,2586,2543,2580,2546
734.789,2099.7,2097,2110,2089,2116,2093,2105,2083,2102,2099,2069,2101,2094,2061,2088,2046,2105,2106,2093,2111,2120,2114,2134,2051,2111,2144,2107,2110,2111,2093,2127
735.145,2740.8,2716,2741,2750,2738,2753,2684,2736,2790,2775,2760,2708,2757,2718,2766,2761,2762,2767,2758,2773,2712,2696,2721,2719,2757,2749,2722,2736,2743,2722,2734
735.501,2524.1,2494,2495,2517,2527,2530,2486,2536,2537,2496,2517,2531,2535,2527,2509,2553,2514,2549,2521,2536,2539,2541,2539,2526,2536,2495,2507,2525,2513,2560,2532
735.856,2339.4,2329,2348,2326,2360,2320,2315,2339,2365,2331,2329,2324,2352,2360,2300,2306,2360,2334,2348,2335,2348,2329,2329,2378,2324,2285,2365,2357,2385,2355,2347
736.212,2284.3,2293,2264,2271,2324,2328,2283,2268,2261,2290,2282,2300,2259,2290,2279,2270,2298,2258,2251,2296,2356,2269,2274,2288,2318,2284,2273,2274,2282,2284,2263
736.568,2340.7,2371,2296,2297,2303,2316,2317,2348,2338,2361,2355,2325,2390,2377,2305,2292,2362,2353,2382,2346,2336,2356,2307,2337,2360,2331,2325,2355,2366,2353,2360
736.923,2566.9,2588,2606,2537,2591,2542,2578,2560,2530,2587,2572,2550,2560,2541,2568,2558,2558,2561,2557,2585,2565,2564,2592,2522,2542,2579,2584,2585,2586,2564,2594
737.279,2500.0,2498,2537,2498,2501,2478,2465,2466,2519,2512,2440,2516,2521,2460,2497,2506,2502,2493,2472,2515,2528,2528,2489,2475,2506,2498,2515,2524,2530,2491,2520
737.635,2434.7,2491,2430,2410,2410,2461,2463,2392,2441,2441,2451,2430,2425,2445,2424,2434,2445,2419,2443,2439,2451,2440,2418,2482,2392,2414,2413,2408,2442,2450,2438
737.991,2453.3,2411,2421,2440,2477,2476,2437,2434,2414,2488,2484,2420,2458,2422,2456,2456,2458,2495,2486,2465,2504,2472,2437,2434,2445,2448,2445,2466,2449,2453,2449
738.347,2056.7,2040,2067,2042,2091,2056,2043,2068,2041,2033,2077,2045,2042,2074,2026,2042,2073,2066,2036,2060,2061,2065,2121,2045,2046,2077,2072,2060,2038,2030,2063
738.702,2568.1,2520,2556,2564,2571,2563,2600,2640,2633,2584,2555,2531,2480,2590,2526,2536,2558,2571,2579,2589,2589,2580,2550,2572,2581,2586,2578,2576,2558,2576,2552
739.058,1932.1,1921,1974,1928,1951,1926,1891,1932,1953,1942,1900,1900,1935,1928,1954,1917,1939,1910,1932,1922,1900,1941,1941,1939,1956,1905,1925,1949,1939,1978,1935
739.414,2301.4,2271,2289,2320,2333,2243,2307,2312,2291,2296,2328,2273,2328,2294,2292,2294,2307,2303,2271,2278,2329,2298,2325,2310,2311,2331,2316,2288,2330,2305,2268
739.770,2177.8,2166,2166,2167,2174,2170,2181,2227,2188,2135,2186,2168,2215,2200,2199,2152,2147,2170,2194,2166,2159,2162,2202,2211,2216,2150,2198,2167,2167,2196,2135
740.126,2381.3,2392,2386,2389,2346,2379,2381,2353,2373,2396,2387,2392,2384,2386,2398,2381,2344,2400,2372,2380,2401,2373,2394,2370,2367,2393,2371,2399,2421,2361,2371
740.482,2369.4,2341,2434,2360,2353,2316,2384,2388,2386,2373,2336,2347,2382,2385,2362,2393,2341,2319,2383,2383,2368,2378,2373,2371,2411,2352,2346,2342,2430,2355,2389
740.838,2362.7,2360,2366,2340,2341,2344,2345,2374,2374,2403,2376,2386,2349,2355,2337,2352,2338,2382,2345,2345,2354,2366,2377,2371,2347,2385,2415,2378,2354,2330,2392
741.194,2505.1,2549,2519,2508,2501,2489,2538,2517,2511,2499,2502,2535,2497,2474,2466,2460,2475,2462,2515,2495,2516,2513,2546,2534,2530,2528,2495,2521,2493,2471,2495
741.550,2506.7,2531,2466,2538,2529,2493,2550,2462,2554,2548,2504,2501,2463,2513,2482,2514,2469,2491,2521,2504,2551,2535,2503,2533,2468,2521,2486,2507,2488,2480,2497
741.905,2243.7,2227,2297,2243,2251,2225,2260,2237,2233,2255,2267,2223,2216,2250,2186,2257,2281,2251,2227,2221,2236,2272,2223,2260,2253,2228,2258,2240,2238,2246,2251
742.261,2456.1,2454,2437,2417,2477,2453,2493,2476,2457,2461,2478,2444,2475,2476,2464,2413,2457,2478,2498,2439,2460,2469,2442,2435,2456,2468,2449,2409,2457,2422,2469
742.617,2333.9,2345,2289,2348,2363,2320,2342,2371,2307,2300,2348,2357,2337,2312,2294,2371,2355,2350,2320,2345,2296,2292,2328,2344,2401,2314,2332,2362,2337,2312,2324
742.973,2387.8,2410,2399,2405,2401,2389,2347,2400,2339,2390,2415,2413,2394,2385,2354,2393,2393,2345,2396,2411,2396,2384,2399,2364,2395,2383,2394,2403,2388,2363,2387
743.329,2447.6,2452,2432,2510,2490,2522,2420,2486,2425,2399,2466,2413,2429,2429,2429,2439,2476,2460,2460,2482,2423,2430,2453,2437,2466,2437,2436,2424,2410,2439,2454
743.686,2287.7,2300,2284,2324,2317,2296,2279,2276,2322,2262,2298,2299,2248,2256,2297,2289,2268,2286,2297,2304,2297,2264,2281,2283,2240,2332,2274,2303,2304,2283,2269
744.042,2499.8,2496,2427,2532,2501,2560,2485,2531,2488,2462,2547,2490,2493,2500,2489,2480,2499,2502,2491,2496,2501,2474,2508,2493,2532,2545,2508,2473,2515,2498,2478
744.398,2228.0,2189,2196,2214,2210,2212,2262,2268,2253,2232,2235,2203,2258,2203,2237,2209,2243,2254,2239,2201,2196,2226,2291,2229,2242,2222,2194,2245,2200,2237,2241
744.754,2469.6,2447,2471,2484,2499,2422,2472,2486,2444,2466,2505,2433,2478,2453,2495,2484,2480,2471,2520,2473,2444,2479,2479,2453,2447,2476,2469,2462,2473,2454,2468
745.110,2222.7,2221,2171,2210,2222,2210,2230,2270,2224,2264,2229,2208,2208,2203,2206,2218,2269,2221,2206,2235,2238,2201,2214,2232,2216,2234,2211,2237,2224,2188,2260
745.466,2447.1,2424,2460,2496,2432,2476,2513,2500,2457,2403,2436,2445,2446,2468,2421,2423,2472,2458,2425,2449,2371,2430,2446,2440,2445,2418,2435,2473,2418,2454,2480
745.822,2254.2,2253,2259,2254,2195,2245,2258,2242,2242,2211,2227,2292,2266,2290,2207,2291,2285,2252,2264,2217,2248,2296,2234,2263,2274,2227,2255,2297,2274,2259,2248
746.178,2563.1,2604,2529,2541,2539,2553,2572,2590,2574,2577,2529,2568,2563,2548,2569,2585,2551,2571,2566,2568,2560,2582,2547,2571,2593,2556,2551,2554,2568,2561,2554
746.534,2062.9,2031,2079,2090,2069,2108,2056,2062,2037,2040,2060,2051,2058,2014,2075,2076,2033,2068,2052,2048,2056,2100,2087,2070,2050,2040,2098,2056,2070,2085,2068
746.891,2363.7,2334,2336,2348,2387,2353,2368,2392,2385,2395,2348,2365,2345,2386,2352,2382,2369,2353,2345,2347,2360,2368,2382,2373,2355,2393,2314,2349,2402,2366,2358
747.247,2606.7,2604,2585,2605,2584,2592,2585,2648,2585,2612,2553,2648,2627,2621,2613,2606,2596,2629,2663,2612,2589,2558,2606,2651,2659,2613,2564,2607,2585,2595,2607
747.603,2121.3,2122,2117,2148,2136,2113,2069,2113,2134,2123,2146,2131,2117,2110,2110,2120,2112,2104,2151,2128,2146,2124,2136,2097,2153,2107,2107,2108,2122,2108,2127
747.959,2432.5,2446,2439,2422,2457,2384,2458,2457,2437,2450,2437,2447,2422,2393,2453,2434,2452,2453,2429,2418,2456,2417,2439,2372,2400,2424,2395,2478,2424,2426,2457
748.315,2258.5,2271,2246,2255,2256,2288,2240,2259,2247,2257,2267,2280,2268,2226,2276,2278,2299,2257,2251,2260,2241,2306,2227,2228,2230,2274,2184,2275,2264,2301,2244
748.672,2515.0,2561,2444,2518,2521,2552,2474,2509,2565,2533,2472,2513,2516,2525,2542,2504,2494,2533,2527,2518,2537,2529,2490,2501,2520,2501,2492,2520,2526,2526,2486
749.028,2581.6,2604,2573,2600,2640,2597,2559,2545,2563,2582,2640,2606,2581,2537,2556,2557,2569,2578,2591,2582,2580,2596,2618,2553,2570,2601,2540,2589,2594,2547,2599
749.384,2089.4,2085,2071,2122,2083,2089,2128,2117,2106,2088,2099,2079,2149,2050,2075,2088,2120,2093,2055,2104,2069,2079,2072,2112,2081,2101,2090,2056,2063,2093,2066
749.741,2024.0,2046,2019,2035,2028,2014,2018,2061,2051,2018,1992,2034,2010,2000,2043,2031,2009,2018,2056,2037,2013,2026,2032,2076,2037,2003,1992,1979,2008,2012,2021
750.097,2449.3,2474,2451,2413,2468,2477,2449,2469,2432,2467,2406,2456,2444,2432,2490,2450,2424,2438,2403,2444,2410,2476,2425,2460,2452,2438,2470,2440,2427,2504,2489
750.453,2339.2,2329,2348,2348,2341,2348,2337,2315,2358,2318,2348,2344,2363,2306,2367,2325,2380,2321,2324,2355,2362,2317,2331,2335,2302,2338,2333,2348,2351,2330,2355
750.809,2337.2,2329,2321,2326,2325,2356,2352,2331,2333,2337,2364,2331,2365,2350,2345,2310,2344,2288,2305,2376,2308,2361,2344,2313,2373,2346,2344,2322,2329,2348,2340
751.166,2377.9,2393,2388,2366,2400,2412,2406,2353,2374,2413,2392,2349,2387,2391,2393,2416,2362,2331,2379,2394,2359,2351,2365,2336,2361,2366,2347,2320,2411,2389,2433
751.522,2466.5,2489,2456,2495,2459,2460,2462,2472,2472,2433,2474,2454,2477,2471,2467,2504,2464,2510,2443,2478,2445,2465,2452,2447,2504,2491,2424,2440,2447,2488,2452
751.879,2563.4,2519,2570,2558,2566,2564,2556,2608,2553,2581,2591,2568,2563,2541,2608,2532,2520,2572,2572,2564,2570,2550,2561,2561,2589,2586,2559,2576,2557,2530,2556
752.235,2085.0,2084,2082,2092,2098,2072,2088,2115,2059,2079,2116,2103,2121,2092,2069,2105,2076,2084,2077,2097,2027,2061,2120,2093,2104,2124,2068,2058,2045,2068,2073
752.591,2392.7,2398,2376,2360,2428,2387,2369,2362,2396,2410,2385,2394,2389,2410,2389,2367,2396,2364,2379,2405,2406,2388,2414,2385,2418,2418,2414,2415,2399,2377,2382
752.948,2217.1,2191,2226,2218,2220,2248,2216,2203,2233,2245,2200,2195,2219,2171,2216,2194,2220,2279,2236,2217,2194,2237,2235,2193,2249,2206,2238,2226,2207,2170,2211
753.304,2233.5,2214,2259,2209,2228,2258,2225,2245,2218,2227,2217,2232,2239,2253,2250,2249,2256,2210,2207,2224,2209,2227,2250,2232,2209,2241,2253,2218,2249,2258,2240
753.661,2424.0,2443,2436,2432,2414,2429,2398,2426,2461,2412,2432,2440,2428,2411,2456,2432,2449,2429,2411,2407,2379,2394,2420,2413,2446,2431,2429,2427,2420,2431,2384
754.017,2292.7,2314,2303,2293,2315,2313,2315,2285,2265,2266,2261,2310,2269,2346,2266,2323,2320,2287,2296,2290,2256,2320,2301,2300,2292,2278,2270,2267,2226,2307,2326
754.374,2296.8,2313,2302,2275,2314,2331,2293,2262,2314,2284,2326,2294,2330,2250,2301,2255,2341,2297,2288,2254,2281,2268,2333,2284,2306,2319,2278,2302,2297,2298,2313
754.730,2133.3,2128,2116,2142,2188,2109,2170,2113,2128,2128,2130,2148,2147,2120,2140,2109,2139,2089,2158,2109,2124,2164,2158,2130,2129,2137,2114,2155,2132,2121,2123
755.087,2255.8,2265,2234,2263,2250,2298,2239,2244,2232,2265,2262,2284,2264,2234,2235,2269,2223,2242,2281,2244,2269,2251,2241,2266,2230,2267,2275,2261,2264,2290,2231
755.443,2253.2,2259,2259,2233,2257,2303,2250,2234,2237,2248,2243,2243,2277,2275,2237,2265,2272,2233,2290,2267,2266,2260,2194,2223,2237,2223,2239,2256,2264,2291,2261
755.800,2284.4,2294,2236,2322,2301,2272,2307,2287,2244,2299,2306,2318,2236,2297,2276,2297,2253,2243,2261,2257,2316,2269,2305,2275,2284,2312,2323,2301,2277,2288,2277
756.156,2340.2,2355,2321,2298,2363,2332,2348,2357,2314,2321,2333,2350,2377,2360,2346,2313,2363,2338,2307,2324,2350,2344,2369,2319,2358,2334,2334,2337,2342,2377,2321
756.513,2089.1,2064,2080,2092,2100,2097,2098,2054,2096,2106,2050,2113,2113,2078,2088,2057,2106,2094,2072,2067,2120,2077,2092,2086,2141,2075,2064,2078,2083,2102,2130
756.870,2159.9,2142,2155,2145,2138,2139,2145,2179,2149,2140,2196,2169,2147,2162,2184,2162,2155,2171,2175,2154,2170,2151,2191,2152,2139,2169,2185,2126,2157,2214,2136
757.226,2460.3,2441,2462,2473,2503,2452,2512,2442,2489,2483,2469,2479,2463,2473,2442,2417,2470,2451,2478,2429,2457,2486,2431,2471,2464,2436,2448,2456,2417,2459,2455
757.583,2222.0,2240,2233,2250,2221,2221,2245,2214,2185,2249,2239,2222,2207,2226,2236,2222,2224,2213,2202,2220,2244,2245,2259,2169,2273,2206,2185,2210,2177,2198,2226
757.939,2453.5,2448,2472,2429,2415,2454,2511,2410,2463,2464,2459,2459,2444,2472,2478,2414,2457,2479,2464,2467,2451,2437,2467,2439,2413,2453,2444,2484,2457,2447,2453
758.296,2197.9,2208,2232,2209,2272,2216,2187,2197,2198,2174,2157,2214,2220,2193,2209,2185,2189,2191,2199,2210,2173,2176,2209,2225,2205,2175,2183,2214,2144,2176,2197
758.653,2345.2,2337,2360,2340,2299,2298,2379,2336,2342,2349,2367,2290,2344,2376,2391,2340,2368,2359,2340,2341,2325,2331,2320,2370,2351,2350,2360,2346,2362,2302,2382
759.010,2094.8,2111,2098,2110,2080,2116,2079,2124,2097,2090,2091,2105,2117,2108,2124,2062,2101,2094,2118,2069,2090,2096,2100,2094,2084,2082,2115,2073,2064,2078,2073
759.366,2165.8,2169,2160,2162,2153,2180,2178,2170,2185,2126,2172,2177,2174,2185,2184,2164,2153,2127,2183,2160,2167,2190,2145,2159,2176,2178,2159,2154,2138,2195,2150
759.723,2293.3,2280,2316,2285,2334,2296,2305,2312,2305,2288,2287,2264,2292,2284,2304,2296,2261,2309,2301,2290,2316,2316,2280,2317,2298,2266,2303,2279,2275,2286,2255
760.080,2380.0,2368,2347,2396,2399,2382,2371,2429,2402,2380,2336,2359,2379,2423,2346,2377,2425,2363,2404,2356,2383,2377,2379,2387,2388,2370,2409,2374,2386,2334,2372
760.436,2186.5,2194,2165,2197,2184,2173,2191,2183,2207,2188,2227,2163,2169,2185,2212,2174,2216,2184,2190,2198,2216,2139,2156,2195,2202,2158,2216,2192,2169,2154,2197
760.793,2254.0,2261,2273,2237,2309,2245,2258,2250,2241,2302,2241,2216,2209,2238,2243,2285,2277,2288,2260,2245,2257,2251,2296,2214,2310,2253,2225,2264,2234,2223,2215
761.150,2368.5,2386,2355,2355,2376,2352,2373,2360,2393,2307,2397,2376,2381,2348,2334,2365,2408,2384,2364,2386,2371,2360,2385,2365,2386,2361,2360,2410,2358,2354,2345
761.507,2280.7,2271,2313,2261,2258,2266,2276,2237,2301,2296,2289,2205,2318,2299,2369,2296,2276,2247,2300,2259,2313,2259,2273,2257,2267,2293,2292,2271,2292,2266,2302
761.864,2153.6,2127,2196,2136,2117,2186,2151,2186,2166,2152,2173,2124,2170,2153,2168,2162,2136,2128,2147,2143,2167,2176,2155,2128,2152,2130,2166,2130,2178,2166,2138
762.220,2188.4,2241,2197,2217,2176,2190,2165,2191,2177,2183,2208,2193,2191,2156,2175,2185,2227,2201,2213,2194,2165,2182,2194,2202,2147,2201,2165,2203,2186,2154,2173
762.577,2206.9,2222,2211,2209,2196,2186,2217,2212,2210,2212,2213,2154,2192,2223,2197,2242,2209,2220,2212,2202,2228,2175,2194,2219,2185,2201,2207,2236,2197,2227,2199
762.934,2293.0,2296,2278,2264,2301,2294,2284,2328,2288,2259,2321,2288,2298,2293,2305,2268,2270,2271,2285,2318,2281,2279,2331,2294,2349,2281,2270,2282,2278,2302,2333
763.291,2329.7,2346,2292,2306,2330,2323,2352,2377,2341,2313,2362,2337,2334,2337,2298,2321,2300,2349,2334,2298,2324,2331,2342,2348,2333,2320,2339,2328,2336,2318,2323
763.648,2468.1,2463,2474,2488,2474,2447,2465,2472,2443,2496,2445,2461,2461,2480,2504,2469,2485,2476,2424,2476,2481,2436,2458,2473,2451,2461,2491,2470,2476,2476,2466
764.005,1947.8,1941,1964,1963,1938,1946,1965,1976,1945,1934,1967,1930,1972,1951,1906,1920,1946,1987,1928,1939,1929,1935,1928,1907,1947,1965,1969,1986,1940,1949,1962
764.362,2556.8,2561,2551,2521,2567,2541,2591,2577,2569,2531,2547,2577,2578,2562,2556,2615,2547,2559,2521,2517,2576,2530,2568,2559,2537,2575,2561,2571,2533,2564,2541
764.718,2130.1,2148,2123,2122,2118,2141,2153,2161,2134,2105,2117,2130,2189,2171,2106,2126,2132,2138,2132,2104,2101,2131,2138,2138,2150,2084,2158,2122,2130,2080,2121
765.075,2520.1,2482,2522,2508,2528,2487,2548,2556,2526,2498,2555,2539,2491,2496,2547,2557,2507,2519,2509,2491,2508,2482,2558,2514,2509,2533,2517,2553,2556,2499,2507
765.432,2111.8,2089,2129,2130,2114,2117,2142,2097,2141,2112,2113,2099,2097,2072,2099,2114,2109,2120,2097,2101,2130,2051,2143,2093,2151,2090,2097,2133,2108,2123,2143
765.789,2530.4,2509,2516,2533,2515,2548,2539,2558,2549,2528,2557,2477,2558,2530,2504,2515,2495,2519,2545,2560,2537,2516,2518,2528,2532,2504,2539,2563,2539,2553,2528
766.146,2399.7,2360,2425,2403,2417,2415,2392,2390,2440,2405,2449,2408,2395,2405,2432,2407,2399,2397,2408,2410,2391,2375,2408,2384,2392,2369,2397,2408,2377,2386,2347
766.503,2173.5,2186,2175,2168,2173,2174,2178,2194,2174,2179,2209,2181,2180,2182,2158,2154,2176,2149,2156,2127,2214,2167,2174,2152,2182,2145,2180,2198,2208,2159,2153
766.860,2436.8,2416,2413,2437,2437,2404,2451,2473,2399,2468,2444,2446,2477,2448,2430,2463,2450,2435,2439,2445,2464,2453,2431,2415,2408,2446,2395,2399,2437,2457,2424
767.217,2405.6,2401,2364,2394,2458,2408,2420,2430,2416,2373,2356,2386,2437,2392,2394,2430,2423,2436,2431,2411,2438,2438,2439,2410,2356,2394,2362,2403,2398,2378,2391
767.574,2701.6,2732,2694,2667,2690,2684,2653,2696,2699,2734,2693,2680,2713,2712,2673,2703,2674,2689,2701,2680,2729,2663,2708,2712,2781,2730,2676,2701,2720,2726,2734
767.931,2217.3,2220,2220,2243,2200,2194,2233,2205,2231,2218,2219,2235,2234,2249,2205,2228,2205,2218,2258,2146,2222,2187,2230,2224,2205,2220,2205,2184,2234,2233,2213
768.288,2470.3,2494,2480,2456,2442,2465,2430,2468,2453,2483,2484,2520,2484,2487,2487,2456,2483,2459,2461,2437,2461,2494,2444,2462,2497,2436,2492,2514,2456,2468,2455
768.645,2133.7,2153,2100,2125,2167,2186,2157,2099,2131,2094,2111,2142,2125,2152,2158,2152,2101,2147,2147,2102,2121,2152,2140,2141,2158,2141,2126,2134,2148,2101,2101
769.002,2165.3,2152,2179,2207,2180,2157,2171,2152,2142,2124,2153,2218,2157,2149,2161,2153,2161,2130,2180,2157,2138,2197,2176,2194,2183,2166,2196,2177,2164,2170,2115
769.360,2285.7,2331,2301,2252,2303,2285,2281,2320,2269,2285,2274,2254,2314,2300,2245,2265,2310,2251,2293,2274,2301,2336,2273,2282,2265,2259,2268,2314,2296,2284,2286
769.717,2215.0,2249,2223,2227,2191,2258,2263,2188,2205,2223,2193,2240,2246,2202,2178,2228,2201,2272,2205,2177,2224,2182,2180,2200,2223,2187,2218,2211,2208,2217,2232
770.074,2192.6,2192,2235,2213,2160,2200,2209,2212,2214,2189,2226,2177,2198,2184,2222,2191,2177,2241,2225,2155,2189,2166,2186,2187,2181,2168,2184,2221,2145,2140,2192
770.431,2302.0,2291,2312,2301,2278,2245,2323,2267,2294,2323,2316,2282,2309,2241,2313,2313,2325,2296,2313,2281,2291,2315,2325,2309,2339,2303,2314,2262,2318,2323,2338
770.788,2134.6,2110,2149,2149,2152,2192,2136,2129,2127,2148,2156,2136,2114,2146,2141,2141,2122,2127,2121,2160,2136,2134,2141,2138,2139,2105,2121,2120,2130,2091,2126
771.145,2252.2,2232,2246,2232,2243,2240,2231,2240,2254,2265,2228,2227,2267,2276,2254,2264,2255,2247,2229,2295,2250,2260,2276,2277,2258,2237,2219,2289,2236,2301,2239
771.502,2321.5,2373,2321,2318,2319,2357,2335,2280,2316,2330,2321,2350,2283,2357,2315,2312,2309,2273,2336,2318,2284,2338,2322,2321,2337,2290,2334,2328,2333,2333,2302
771.860,2219.0,2243,2231,2183,2227,2197,2232,2187,2253,2221,2264,2196,2192,2183,2213,2243,2244,2172,2228,2228,2248,2199,2222,2250,2216,2198,2219,2213,2232,2241,2196
772.217,2267.1,2300,2271,2251,2281,2276,2264,2245,2291,2235,2248,2276,2278,2283,2298,2258,2289,2228,2278,2271,2265,2242,2287,2191,2270,2274,2287,2264,2253,2240,2319
772.574,2263.7,2288,2283,2297,2259,2250,2289,2233,2281,2285,2251,2265,2240,2253,2254,2241,2246,2258,2284,2275,2278,2208,2272,2271,2245,2280,2306,2226,2259,2276,2259
772.931,2360.1,2370,2322,2342,2376,2339,2372,2338,2340,2402,2376,2345,2342,2333,2350,2341,2337,2360,2398,2372,2368,2338,2411,2370,2373,2364,2380,2345,2334,2364,2400
773.289,2202.2,2205,2166,2216,2233,2138,2187,2188,2235,2236,2206,2205,2231,2186,2176,2190,2203,2218,2184,2220,2230,2189,2209,2178,2221,2184,2219,2196,2202,2200,2216
773.646,2198.1,2213,2208,2217,2189,2188,2204,2158,2219,2212,2233,2195,2200,2176,2144,2244,2191,2219,2209,2165,2200,2211,2188,2177,2184,2195,2200,2192,2202,2223,2187
774.003,2423.9,2367,2392,2418,2443,2430,2463,2429,2433,2457,2447,2398,2463,2450,2450,2445,2388,2400,2421,2397,2424,2436,2413,2427,2441,2426,2397,2395,2435,2425,2406
774.360,2224.0,2217,2202,2223,2281,2220,2214,2223,2223,2213,2213,2220,2232,2202,2222,2243,2253,2197,2251,2239,2228,2235,2182,2202,2219,2219,2258,2252,2232,2215,2190
774.718,2187.3,2204,2209,2170,2200,2197,2158,2212,2166,2202,2181,2149,2207,2184,2200,2206,2197,2158,2200,2181,2185,2195,2180,2222,2165,2168,2169,2186,2214,2190,2165
775.075,2273.2,2282,2252,2276,2313,2238,2272,2252,2259,2298,2245,2300,2240,2300,2286,2244,2276,2279,2252,2276,2298,2253,2255,2310,2257,2285,2280,2253,2268,2303,2294
775.432,2472.2,2498,2464,2469,2483,2467,2480,2467,2474,2480,2450,2480,2441,2512,2445,2438,2468,2480,2499,2478,2528,2451,2460,2489,2470,2477,2458,2472,2486,2451,2451
775.790,2280.8,2318,2271,2280,2288,2262,2258,2271,2264,2303,2281,2293,2294,2297,2274,2290,2227,2276,2314,2292,2290,2342,2252,2284,2291,2283,2258,2271,2259,2274,2266
776.147,2334.2,2344,2335,2335,2363,2328,2334,2336,2348,2336,2326,2362,2367,2335,2314,2341,2317,2319,2317,2325,2310,2366,2352,2335,2319,2324,2324,2361,2312,2306,2336
776.504,2151.1,2115,2156,2146,2148,2154,2160,2172,2136,2140,2168,2173,2133,2123,2127,2164,2156,2133,2168,2154,2181,2174,2173,2157,2137,2152,2133,2154,2126,2168,2152
776.862,2294.0,2293,2308,2296,2300,2306,2278,2297,2282,2285,2297,2266,2314,2313,2283,2285,2289,2285,2300,2312,2281,2322,2301,2253,2274,2313,2272,2314,2299,2271,2331
777.219,2250.5,2256,2267,2253,2248,2243,2254,2234,2253,2208,2248,2264,2242,2228,2240,2267,2270,2212,2265,2300,2262,2206,2281,2263,2256,2265,2246,2230,2267,2227,2259
777.577,2775.4,2791,2749,2757,2778,2795,2746,2799,2763,2755,2758,2795,2798,2746,2763,2801,2748,2773,2736,2745,2782,2778,2796,2831,2789,2755,2816,2752,2762,2802,2803
777.934,2676.0,2682,2670,2692,2679,2673,2651,2692,2668,2696,2675,2699,2692,2703,2690,2672,2665,2653,2686,2645,2648,2702,2677,2673,2666,2640,2673,2630,2700,2694,2695
778.291,2252.7,2296,2250,2226,2248,2255,2240,2234,2232,2263,2259,2265,2228,2257,2245,2267,2258,2266,2234,2238,2261,2230,2267,2237,2245,2278,2271,2249,2272,2262,2248
778.649,2175.7,2182,2192,2169,2137,2209,2172,2202,2157,2184,2190,2161,2162,2178,2148,2218,2187,2187,2201,2193,2156,2161,2136,2160,2180,2178,2207,2137,2149,2174,2204
779.006,2145.5,2120,2125,2136,2150,2163,2188,2128,2126,2141,2159,2162,2186,2133,2136,2159,2163,2127,2125,2143,2152,2140,2186,2095,2150,2146,2167,2162,2129,2136,2132
779.364,2185.2,2176,2190,2187,2187,2198,2202,2167,2168,2173,2172,2191,2196,2187,2206,2184,2153,2214,2184,2200,2199,2200,2183,2192,2147,2180,2204,2187,2161,2195,2173
779.721,2007.5,2011,2008,2011,2046,2013,2011,1981,2035,2022,2006,1993,2015,2042,1992,2013,2028,1996,1960,2013,2000,2010,2017,1977,2021,2007,2003,2014,1996,2017,1967
780.079,2068.6,2060,2081,2077,2083,2095,2069,2065,2057,2054,2047,2037,2082,2046,2060,2072,2086,2034,2086,2051,2067,2087,2065,2075,2062,2088,2078,2057,2110,2066,2061
780.436,2454.4,2456,2427,2420,2501,2445,2445,2481,2440,2485,2454,2451,2438,2464,2458,2476,2469,2450,2463,2441,2444,2438,2478,2388,2475,2474,2439,2456,2469,2462,2445
780.794,2161.6,2167,2168,2105,2141,2173,2162,2176,2180,2205,2168,2136,2195,2144,2172,2159,2122,2177,2189,2136,2145,2161,2153,2191,2171,2161,2149,2191,2123,2149,2179
781.151,2256.0,2265,2236,2297,2281,2228,2250,2246,2265,2251,2257,2280,2270,2251,2270,2259,2254,2228,2268,2282,2238,2262,2203,2223,2230,2239,2320,2296,2213,2250,2269
781.509,2184.2,2205,2193,2172,2189,2128,2187,2184,2188,2202,2173,2208,2204,2177,2172,2181,2191,2204,2156,2210,2179,2210,2172,2150,2168,2184,2189,2196,2189,2196,2169
781.867,2384.6,2385,2412,2389,2413,2358,2372,2406,2417,2367,2401,2395,2362,2411,2392,2398,2395,2419,2405,2432,2389,2364,2386,2394,2362,2345,2356,2369,2361,2357,2325
782.224,2507.8,2514,2507,2513,2467,2506,2515,2510,2505,2513,2484,2474,2509,2506,2502,2520,2513,2529,2523,2498,2468,2503,2513,2454,2522,2504,2518,2529,2560,2512,2543
782.582,2396.3,2390,2361,2421,2411,2385,2419,2390,2420,2405,2373,2402,2411,2404,2354,2390,2459,2377,2413,2380,2405,2426,2394,2419,2360,2414,2394,2369,2381,2349,2414
782.939,2275.4,2277,2254,2288,2271,2282,2304,2273,2276,2307,2254,2289,2305,2248,2298,2265,2254,2275,2279,2264,2301,2290,2264,2269,2282,2237,2273,2295,2273,2283,2231
783.297,2454.8,2414,2499,2476,2438,2438,2435,2479,2453,2432,2437,2460,2460,2464,2464,2435,2452,2455,2440,2504,2460,2457,2442,2475,2504,2445,2446,2401,2465,2449,2465
783.655,2075.9,2080,2080,2105,2104,2076,2081,2056,2108,2077,2089,2060,2048,2036,2084,2079,2084,2083,2063,2102,2057,2030,2086,2078,2084,2088,2070,2058,2115,2048,2067
784.012,2306.5,2319,2271,2317,2288,2272,2344,2321,2295,2317,2298,2303,2333,2309,2299,2340,2279,2305,2321,2306,2320,2297,2307,2290,2328,2286,2318,2284,2323,2292,2312
784.370,2282.6,2290,2273,2280,2325,2282,2281,2256,2290,2255,2290,2284,2303,2298,2271,2301,2309,2252,2252,2310,2267,2292,2268,2254,2277,2289,2273,2285,2275,2276,2320
784.728,2037.7,2045,1993,1999,2069,2049,2098,2038,2001,2027,2019,2052,2054,2048,2051,2002,2060,2039,2024,2031,2025,2024,2036,2039,2025,2072,2026,2021,2035,2036,2092
785.085,2396.3,2435,2441,2384,2388,2369,2385,2374,2408,2391,2376,2460,2389,2419,2388,2392,2410,2427,2418,2337,2351,2398,2380,2360,2426,2431,2388,2374,2370,2418,2401
785.443,2294.5,2353,2304,2263,2257,2300,2264,2283,2269,2305,2244,2300,2300,2299,2305,2338,2272,2330,2312,2266,2265,2342,2350,2272,2285,2289,2312,2261,2299,2287,2309
785.801,2363.2,2347,2381,2364,2405,2381,2335,2333,2358,2326,2381,2363,2342,2357,2353,2355,2347,2370,2382,2378,2319,2406,2329,2329,2357,2406,2355,2405,2375,2365,2392
786.158,2261.1,2243,2289,2237,2311,2266,2254,2236,2292,2275,2267,2232,2231,2289,2273,2258,2281,2253,2241,2249,2226,2252,2300,2269,2245,2283,2256,2276,2256,2259,2235
786.516,2293.6,2270,2285,2328,2323,2288,2287,2294,2338,2283,2297,2309,2278,2281,2316,2266,2298,2291,2303,2273,2288,2279,2295,2289,2324,2261,2328,2296,2281,2306,2254
786.874,2033.1,2014,2012,2045,2030,1999,2032,2023,2045,2026,2040,2005,2042,2005,2063,2101,2016,2044,2008,2040,2043,2059,2001,2053,2046,2042,2028,2028,2028,2044,2031
787.232,1962.8,1948,1952,1957,1982,1986,1956,1986,1945,1955,1987,1996,1949,1976,1969,1960,1970,2018,1961,1965,1952,1921,1960,1945,1978,1970,1957,1960,1929,1966,1928
787.589,2280.0,2281,2266,2302,2311,2304,2266,2309,2266,2303,2276,2271,2248,2263,2268,2230,2278,2279,2285,2258,2268,2266,2314,2321,2324,2280,2302,2280,2257,2258,2265
787.947,2425.3,2410,2378,2422,2454,2456,2446,2419,2404,2397,2457,2449,2433,2430,2431,2412,2421,2424,2393,2421,2390,2437,2410,2443,2405,2427,2460,2400,2454,2430,2445
788.305,2618.5,2660,2608,2620,2624,2658,2620,2627,2612,2651,2609,2578,2655,2604,2568,2605,2574,2603,2617,2609,2574,2632,2652,2630,2632,2634,2595,2623,2631,2625,2625
788.663,1948.4,1962,1957,1926,1984,1968,1936,1960,1939,1955,1950,1947,1944,1915,1953,1924,1966,1928,1920,1933,1953,1948,1962,1963,1957,1971,1924,1961,1971,1964,1912
789.021,2247.7,2259,2261,2241,2250,2245,2254,2245,2260,2248,2295,2256,2249,2224,2222,2246,2213,2213,2258,2271,2241,2223,2249,2259,2239,2248,2236,2276,2268,2250,2232
789.378,2329.9,2329,2316,2344,2287,2346,2323,2346,2305,2331,2320,2321,2372,2316,2352,2365,2302,2344,2345,2322,2319,2304,2302,2323,2349,2360,2337,2320,2333,2340,2325
789.736,2264.8,2255,2290,2274,2273,2247,2251,2291,2255,2258,2329,2277,2290,2249,2255,2278,2190,2266,2254,2246,2265,2251,2282,2256,2273,2243,2275,2242,2287,2259,2282
790.094,2414.4,2374,2390,2366,2421,2426,2432,2416,2426,2408,2416,2444,2443,2403,2390,2398,2422,2397,2445,2402,2412,2433,2413,2417,2431,2428,2445,2443,2374,2424,2393
790.452,1990.1,1996,2010,2018,2003,2010,1986,2013,1958,2002,1977,1996,1977,1966,1998,1992,1972,2005,2012,2026,1983,1981,1984,2001,1981,1948,1993,1994,1958,2029,1933
790.810,2179.3,2174,2205,2168,2214,2186,2134,2180,2166,2177,2171,2157,2177,2200,2187,2158,2186,2192,2208,2149,2175,2220,2166,2150,2166,2177,2172,2217,2179,2205,2163
791.168,2274.2,2266,2243,2267,2257,2291,2300,2297,2296,2252,2238,2318,2233,2304,2282,2268,2294,2289,2305,2288,2265,2276,2232,2289,2255,2260,2284,2287,2262,2263,2264
791.526,2006.6,2056,2013,1992,2042,2011,2004,1991,2023,1995,1999,1973,2043,2027,2008,2044,1988,1993,1977,1983,1990,2009,1978,1974,1999,2009,1996,2020,2048,2031,1983
791.884,2189.0,2199,2148,2214,2213,2185,2182,2162,2209,2204,2182,2206,2158,2159,2233,2194,2188,2190,2184,2179,2191,2185,2198,2202,2168,2165,2206,2158,2246,2208,2155
792.242,2049.2,2098,2043,2073,2041,2032,2053,2032,2032,2026,2040,2057,1996,2042,2040,2042,2048,2076,2070,2055,2071,2070,2035,2060,2053,2034,2022,2046,2013,2099,2076
792.600,2105.7,2091,2088,2118,2109,2104,2149,2074,2085,2129,2086,2132,2094,2072,2070,2150,2155,2139,2080,2098,2106,2121,2134,2114,2116,2107,2084,2120,2092,2073,2081
792.957,2264.9,2278,2269,2340,2262,2250,2245,2296,2254,2303,2239,2296,2241,2194,2243,2229,2252,2269,2255,2254,2280,2263,2287,2283,2266,2236,2263,2266,2282,2264,2287
793.315,2188.0,2195,2195,2199,2167,2169,2194,2213,2207,2216,2168,2220,2190,2212,2200,2211,2225,2181,2160,2172,2171,2186,2223,2153,2165,2195,2157,2168,2159,2165,2205
793.673,2280.2,2293,2284,2281,2274,2284,2301,2281,2294,2286,2310,2257,2256,2284,2270,2272,2262,2297,2281,2253,2289,2296,2234,2256,2288,2312,2281,2272,2296,2284,2278
794.031,2401.2,2404,2419,2445,2401,2406,2376,2377,2406,2370,2430,2444,2394,2422,2390,2376,2391,2367,2393,2383,2408,2375,2445,2424,2431,2417,2414,2361,2418,2366,2382
794.389,2282.8,2273,2315,2290,2248,2245,2298,2319,2293,2243,2265,2335,2287,2288,2300,2309,2280,2284,2304,2249,2310,2271,2276,2255,2265,2326,2258,2280,2274,2301,2242
794.747,1815.9,1834,1844,1839,1801,1810,1816,1837,1794,1781,1826,1835,1802,1809,1829,1830,1824,1811,1816,1770,1833,1848,1793,1824,1833,1807,1798,1812,1797,1823,1800
795.105,2254.7,2233,2258,2312,2228,2252,2252,2259,2259,2229,2274,2259,2233,2257,2244,2279,2226,2257,2256,2261,2265,2293,2266,2239,2250,2246,2245,2264,2249,2239,2257
795.464,2088.0,2076,2077,2096,2129,2091,2066,2080,2057,2078,2086,2066,2121,2114,2082,2041,2063,2097,2075,2116,2102,2077,2099,2103,2101,2074,2117,2078,2065,2126,2086
795.822,2203.7,2237,2182,2208,2226,2208,2189,2171,2177,2216,2207,2173,2201,2196,2204,2210,2218,2244,2185,2184,2183,2212,2225,2190,2216,2196,2234,2208,2204,2205,2201
796.180,2163.2,2184,2172,2166,2130,2163,2187,2177,2124,2163,2153,2156,2134,2124,2146,2155,2189,2141,2141,2157,2145,2152,2160,2170,2207,2209,2184,2163,2177,2166,2202
796.538,2309.1,2328,2310,2322,2293,2312,2298,2298,2284,2318,2292,2302,2322,2361,2322,2334,2274,2309,2298,2367,2322,2300,2309,2276,2336,2312,2282,2322,2314,2275,2282
796.896,2235.2,2288,2210,2247,2225,2245,2227,2259,2248,2240,2242,2212,2224,2257,2216,2212,2211,2250,2239,2242,2252,2229,2222,2257,2255,2247,2195,2217,2249,2208,2230
797.254,2186.5,2160,2214,2187,2204,2175,2175,2193,2183,2196,2135,2225,2186,2188,2155,2207,2173,2175,2170,2180,2217,2143,2175,2193,2243,2184,2176,2210,2182,2202,2189
797.612,2267.7,2257,2250,2265,2235,2255,2269,2258,2274,2254,2280,2229,2279,2246,2246,2286,2249,2306,2265,2268,2245,2257,2291,2262,2276,2292,2311,2282,2260,2293,2290
797.970,2111.9,2143,2127,2123,2121,2102,2111,2131,2106,2104,2081,2138,2097,2101,2093,2088,2102,2124,2105,2114,2090,2155,2135,2083,2124,2112,2088,2110,2131,2124,2095
798.328,2118.7,2125,2105,2108,2120,2112,2144,2120,2107,2098,2097,2142,2099,2149,2128,2099,2139,2132,2106,2103,2074,2121,2131,2122,2136,2099,2122,2136,2145,2119,2124
798.686,2242.6,2239,2246,2239,2186,2237,2201,2243,2254,2225,2218,2248,2253,2274,2213,2244,2233,2248,2262,2269,2232,2231,2277,2229,2254,2264,2245,2212,2276,2237,2289
799.045,2224.9,2215,2238,2253,2210,2165,2274,2271,2249,2233,2184,2218,2205,2252,2240,2225,2223,2204,2212,2214,2242,2206,2223,2238,2195,2241,2202,2200,2232,2249,2233
799.403,2119.8,2110,2127,2123,2116,2134,2152,2128,2138,2110,2116,2119,2143,2100,2118,2109,2115,2089,2106,2103,2165,2145,2093,2124,2112,2153,2113,2115,2113,2095,2109
799.761,2462.9,2454,2482,2506,2454,2464,2434,2427,2430,2471,2504,2424,2437,2468,2445,2436,2464,2451,2454,2493,2497,2534,2473,2445,2456,2462,2460,2434,2488,2450,2489
800.119,2416.7,2461,2412,2442,2405,2427,2381,2398,2372,2442,2400,2413,2442,2431,2404,2409,2434,2398,2412,2397,2426,2427,2381,2415,2451,2447,2414,2428,2408,2429,2394
800.477,2980.7,2983,2990,3011,2953,2982,2940,3012,3000,2975,3001,2976,3016,2989,2940,2990,2991,2957,2964,2987,2963,2998,2982,2987,2990,3032,2978,2965,2943,2970,2957
800.836,2442.1,2453,2449,2426,2416,2423,2479,2430,2453,2445,2449,2442,2445,2427,2453,2446,2445,2443,2427,2504,2481,2458,2379,2456,2488,2421,2429,2423,2449,2375,2450
801.194,2242.0,2268,2257,2220,2237,2236,2209,2232,2230,2261,2202,2230,2250,2257,2232,2259,2281,2221,2233,2235,2257,2232,2288,2256,2228,2253,2227,2254,2206,2249,2259
801.552,2501.6,2472,2482,2556,2504,2507,2509,2530,2488,2550,2478,2482,2522,2454,2496,2575,2517,2472,2501,2477,2476,2513,2481,2549,2514,2501,2490,2505,2501,2460,2485
801.910,2476.5,2492,2541,2487,2453,2479,2437,2473,2484,2471,2421,2531,2453,2450,2488,2480,2501,2474,2473,2435,2514,2460,2463,2479,2459,2511,2493,2495,2457,2478,2462
802.269,2320.3,2370,2301,2328,2270,2271,2339,2325,2350,2335,2338,2323,2319,2387,2308,2308,2290,2336,2329,2318,2283,2333,2336,2296,2312,2309,2315,2323,2321,2297,2339
802.627,2461.1,2461,2464,2474,2412,2462,2434,2464,2462,2461,2480,2448,2463,2525,2461,2472,2440,2479,2498,2450,2492,2431,2447,2498,2454,2458,2446,2463,2478,2412,2444
802.985,2204.6,2234,2203,2188,2218,2228,2190,2250,2214,2190,2202,2205,2176,2184,2238,2190,2223,2188,2218,2182,2194,2189,2205,2184,2176,2232,2203,2206,2202,2200,2226
803.344,2088.4,2052,2104,2066,2058,2126,2112,2105,2078,2093,2137,2090,2032,2096,2051,2101,2081,2121,2066,2093,2104,2079,2071,2103,2064,2073,2091,2103,2095,2088,2118
803.702,2138.7,2146,2133,2160,2151,2132,2125,2166,2163,2132,2166,2188,2129,2122,2157,2141,2122,2153,2140,2115,2106,2101,2143,2132,2131,2125,2121,2142,2178,2117,2123
804.060,2227.6,2262,2240,2208,2246,2195,2263,2225,2273,2215,2238,2224,2217,2232,2258,2222,2196,2219,2215,2245,2245,2239,2232,2189,2175,2211,2222,2225,2268,2177,2252
804.419,2216.7,2178,2258,2208,2197,2165,2232,2203,2194,2223,2162,2193,2191,2263,2241,2236,2165,2280,2168,2199,2200,2211,2200,2232,2259,2280,2238,2259,2218,2237,2210
804.777,2507.1,2493,2507,2468,2460,2543,2505,2553,2513,2476,2506,2520,2484,2531,2488,2500,2498,2468,2500,2542,2500,2534,2542,2533,2510,2526,2505,2504,2496,2501,2506
805.135,2072.4,2088,2050,2048,2061,2072,2089,2046,2092,2029,2097,2106,2084,2103,2079,2088,2062,2067,2071,2075,2122,2021,2072,2063,2063,2069,2060,2105,2079,2063,2048
805.494,2372.5,2409,2355,2370,2363,2355,2341,2361,2404,2353,2339,2393,2315,2412,2377,2363,2338,2353,2408,2426,2379,2395,2376,2377,2371,2377,2390,2380,2363,2362,2370
805.852,2271.3,2246,2281,2293,2291,2272,2255,2271,2270,2296,2268,2281,2286,2248,2250,2308,2261,2275,2225,2284,2295,2260,2258,2256,2266,2254,2258,2290,2287,2266,2287
806.210,2354.7,2413,2366,2332,2351,2382,2336,2360,2382,2370,2331,2349,2376,2316,2394,2349,2358,2362,2376,2346,2344,2365,2312,2328,2335,2394,2330,2348,2323,2363,2351
806.569,2477.1,2507,2452,2484,2472,2485,2505,2491,2458,2434,2475,2479,2506,2524,2481,2481,2470,2481,2498,2437,2468,2469,2481,2451,2477,2496,2491,2452,2473,2488,2447
806.927,2262.5,2227,2284,2276,2255,2300,2246,2315,2262,2303,2282,2188,2254,2289,2237,2252,2288,2284,2287,2228,2218,2260,2260,2267,2283,2280,2231,2256,2250,2250,2262
807.286,1992.8,1995,2008,1994,2002,1975,1987,1990,2021,2008,1962,2022,2004,1977,2007,2020,1960,1992,1983,1982,2014,2023,1976,1965,1979,2022,1969,1977,1967,2009,1994
807.644,2194.4,2193,2227,2216,2184,2194,2192,2195,2199,2190,2151,2173,2211,2181,2191,2202,2214,2191,2197,2164,2179,2178,2226,2182,2136,2243,2203,2225,2184,2203,2207
808.003,2221.4,2218,2248,2225,2235,2245,2190,2241,2223,2189,2226,2211,2232,2172,2217,2229,2212,2213,2240,2231,2224,2231,2223,2262,2184,2215,2233,2222,2229,2185,2237
808.361,2706.2,2712,2709,2688,2721,2702,2690,2670,2668,2705,2722,2760,2728,2694,2730,2702,2724,2684,2723,2661,2684,2763,2704,2731,2701,2712,2668,2696,2698,2711,2725
808.720,1945.0,1942,1942,1982,1933,1906,1967,1948,1969,1938,1947,1943,1982,1947,1986,1908,1937,1942,1957,1923,1938,1938,1951,1960,1913,1946,1925,1937,1942,1956,1946
809.078,2074.7,2068,2079,2098,2032,2091,2072,2070,2093,2040,2048,2076,2071,2085,2105,2086,2085,2036,2058,2092,2071,2094,2101,2094,2082,2065,2071,2084,2076,2077,2041
809.437,2180.8,2176,2186,2198,2205,2188,2206,2170,2185,2161,2196,2186,2181,2213,2158,2177,2164,2156,2218,2162,2160,2173,2152,2191,2162,2177,2175,2203,2156,2178,2212
809.795,2214.8,2207,2199,2211,2251,2196,2205,2226,2235,2215,2223,2192,2239,2226,2252,2167,2222,2197,2220,2225,2216,2208,2217,2259,2205,2197,2237,2200,2193,2189,2216
810.154,2469.8,2430,2474,2435,2481,2461,2475,2470,2474,2498,2496,2517,2479,2462,2499,2463,2518,2453,2456,2434,2430,2442,2494,2437,2445,2482,2467,2469,2477,2493,2483
810.512,2175.7,2193,2152,2214,2184,2204,2172,2160,2188,2172,2205,2216,2192,2154,2173,2162,2158,2184,2167,2196,2173,2184,2135,2164,2187,2173,2106,2226,2159,2164,2153
810.871,2209.4,2171,2188,2207,2239,2186,2189,2216,2163,2236,2212,2204,2238,2206,2241,2162,2221,2234,2216,2245,2198,2203,2239,2212,2200,2222,2228,2232,2196,2187,2191
811.229,2231.4,2189,2239,2260,2190,2227,2210,2280,2229,2205,2248,2223,2243,2204,2261,2218,2255,2268,2236,2242,2222,2184,2192,2242,2220,2252,2244,2235,2282,2203,2239
811.588,2192.7,2178,2220,2200,2226,2226,2198,2184,2191,2211,2200,2214,2219,2165,2180,2165,2178,2197,2146,2188,2193,2186,2198,2237,2175,2176,2165,2190,2190,2206,2178
811.946,2422.0,2392,2439,2401,2420,2447,2473,2388,2417,2453,2420,2421,2433,2412,2384,2405,2433,2349,2458,2415,2393,2423,2436,2442,2408,2416,2441,2401,2466,2451,2423
812.305,2345.4,2357,2335,2344,2349,2321,2362,2345,2350,2375,2369,2342,2331,2310,2344,2336,2339,2335,2343,2337,2357,2372,2359,2354,2313,2344,2323,2323,2379,2358,2356
812.664,2108.4,2056,2102,2128,2090,2152,2088,2080,2145,2130,2119,2085,2113,2076,2083,2109,2140,2121,2100,2139,2142,2106,2080,2095,2089,2110,2119,2143,2104,2109,2099
813.022,2235.3,2229,2200,2256,2238,2244,2211,2261,2224,2232,2206,2246,2295,2235,2202,2254,2205,2265,2232,2242,2250,2214,2206,2215,2235,2273,2252,2258,2246,2207,2226
813.381,2149.6,2114,2171,2123,2131,2141,2126,2185,2166,2149,2142,2108,2134,2130,2152,2155,2156,2156,2146,2151,2161,2145,2177,2178,2112,2169,2168,2177,2172,2159,2134
813.739,2397.5,2384,2371,2370,2390,2436,2379,2374,2378,2403,2413,2398,2411,2432,2394,2424,2419,2392,2360,2367,2414,2399,2434,2402,2421,2427,2405,2364,2386,2392,2387
814.098,2311.1,2307,2295,2281,2321,2302,2313,2307,2272,2321,2300,2313,2314,2330,2312,2328,2342,2305,2297,2360,2300,2308,2320,2319,2302,2335,2320,2324,2275,2289,2321
814.457,2348.7,2363,2379,2357,2379,2371,2321,2350,2348,2328,2342,2348,2353,2339,2347,2371,2358,2352,2341,2378,2334,2372,2309,2361,2332,2324,2342,2360,2342,2324,2336
814.815,2121.0,2123,2136,2110,2089,2185,2096,2125,2179,2084,2141,2153,2133,2091,2120,2119,2105,2131,2109,2110,2127,2077,2143,2117,2109,2110,2137,2120,2116,2112,2123
815.174,2259.5,2214,2245,2236,2268,2218,2271,2276,2260,2276,2294,2228,2283,2265,2242,2270,2318,2227,2314,2301,2246,2284,2249,2220,2246,2261,2241,2281,2213,2263,2276
815.533,2267.5,2304,2268,2237,2276,2230,2254,2279,2264,2272,2272,2290,2298,2278,2294,2254,2288,2230,2261,2290,2267,2269,2271,2233,2245,2257,2252,2243,2276,2300,2274
815.891,2304.2,2319,2303,2277,2333,2278,2279,2339,2290,2288,2276,2299,2271,2319,2296,2284,2330,2343,2345,2326,2281,2307,2321,2348,2331,2296,2299,2259,2296,2291,2302
816.250,2386.7,2401,2335,2350,2393,2421,2392,2372,2385,2351,2404,2387,2364,2435,2416,2393,2410,2406,2384,2402,2408,2380,2385,2411,2370,2381,2354,2396,2358,2381,2377
816.609,2103.5,2107,2131,2098,2142,2120,2073,2094,2126,2081,2092,2109,2111,2120,2099,2078,2107,2119,2077,2110,2130,2105,2129,2090,2076,2086,2113,2112,2101,2058,2110
816.968,2493.0,2486,2495,2484,2487,2522,2486,2508,2521,2469,2499,2446,2469,2468,2479,2481,2484,2479,2499,2487,2499,2500,2504,2526,2497,2535,2487,2468,2493,2528,2503
817.326,2392.1,2403,2342,2372,2413,2376,2409,2417,2387,2404,2400,2362,2435,2386,2372,2396,2370,2368,2412,2406,2384,2419,2404,2383,2348,2408,2387,2400,2405,2408,2388
817.685,1949.8,1950,1976,1960,1979,1974,1949,1919,1954,1914,1944,1938,1950,1979,1963,1892,1960,1927,1968,1971,1936,1934,1948,1948,1955,1954,1946,1960,1961,1928,1957
818.044,2539.4,2563,2522,2530,2548,2572,2569,2525,2511,2546,2527,2529,2529,2544,2592,2488,2504,2559,2538,2582,2529,2536,2504,2528,2512,2561,2574,2545,2525,2556,2534
818.403,2352.8,2383,2365,2353,2387,2412,2316,2376,2358,2349,2387,2368,2383,2353,2347,2320,2355,2357,2345,2337,2335,2351,2340,2339,2326,2364,2320,2323,2315,2341,2379
818.761,1849.0,1857,1880,1828,1876,1838,1838,1845,1845,1876,1860,1845,1830,1857,1829,1834,1862,1826,1852,1888,1835,1872,1867,1874,1844,1871,1848,1852,1800,1839,1801
819.120,2213.7,2235,2201,2229,2230,2204,2220,2189,2214,2216,2178,2240,2224,2202,2188,2184,2182,2213,2208,2205,2254,2220,2223,2194,2184,2208,2234,2248,2223,2234,2228
819.479,2304.0,2285,2314,2321,2305,2297,2292,2347,2296,2306,2290,2310,2305,2276,2260,2288,2330,2326,2283,2327,2324,2305,2275,2271,2304,2313,2322,2328,2291,2299,2331
819.838,2256.2,2252,2211,2243,2291,2222,2270,2255,2301,2223,2290,2243,2250,2235,2287,2240,2281,2229,2288,2253,2282,2253,2263,2257,2287,2214,2248,2235,2262,2253,2267
820.197,2207.3,2171,2216,2160,2194,2233,2246,2223,2185,2210,2176,2236,2224,2197,2189,2219,2193,2202,2193,2210,2205,2209,2210,2241,2224,2188,2216,2230,2213,2220,2187
820.556,2329.4,2295,2353,2329,2380,2307,2353,2309,2307,2351,2387,2284,2297,2308,2335,2313,2352,2360,2342,2325,2358,2366,2320,2288,2316,2309,2333,2337,2329,2308,2332
820.914,2267.8,2265,2265,2283,2253,2275,2274,2276,2249,2246,2266,2247,2269,2270,2273,2242,2300,2270,2226,2229,2275,2286,2301,2280,2248,2303,2294,2264,2232,2281,2291
821.273,2084.5,2097,2058,2068,2067,2086,2095,2104,2104,2081,2052,2120,2070,2111,2094,2090,2052,2083,2077,2059,2072,2050,2139,2121,2073,2094,2146,2067,2097,2046,2063
821.632,2151.4,2145,2141,2158,2163,2169,2166,2147,2161,2145,2179,2136,2137,2177,2143,2165,2150,2107,2132,2144,2170,2164,2160,2152,2137,2108,2153,2197,2132,2165,2138
821.991,2222.5,2206,2261,2249,2217,2272,2240,2232,2217,2231,2234,2223,2210,2209,2240,2218,2195,2218,2261,2201,2262,2183,2228,2226,2213,2220,2250,2180,2189,2196,2195
822.350,2091.5,2071,2111,2114,2095,2136,2058,2118,2069,2084,2108,2078,2082,2093,2100,2084,2100,2124,2086,2035,2100,2088,2087,2103,2087,2057,2130,2057,2100,2104,2085
822.709,2259.3,2261,2258,2233,2282,2307,2246,2260,2237,2276,2249,2246,2243,2298,2254,2254,2279,2259,2241,2251,2273,2187,2238,2255,2278,2280,2291,2287,2250,2256,2249
823.068,2667.6,2683,2690,2671,2661,2681,2648,2715,2666,2636,2669,2682,2661,2642,2655,2646,2714,2746,2663,2624,2666,2655,2672,2634,2668,2664,2597,2713,2633,2694,2679
823.427,2173.4,2139,2132,2187,2194,2212,2157,2180,2175,2185,2156,2166,2152,2203,2146,2184,2154,2220,2178,2144,2191,2188,2159,2187,2182,2162,2216,2177,2160,2154,2161
823.786,2620.4,2651,2603,2597,2617,2675,2582,2603,2664,2596,2611,2654,2608,2632,2581,2607,2608,2632,2620,2627,2608,2630,2570,2623,2616,2608,2643,2632,2656,2621,2638
824.144,2268.9,2278,2274,2256,2293,2261,2259,2235,2228,2287,2234,2273,2287,2267,2284,2202,2299,2266,2285,2278,2295,2305,2257,2249,2300,2265,2253,2261,2259,2301,2277
824.503,2476.3,2497,2448,2476,2449,2472,2487,2468,2486,2465,2493,2520,2506,2456,2494,2453,2472,2477,2462,2456,2459,2480,2479,2507,2489,2453,2487,2435,2454,2508,2501
824.862,2161.1,2141,2158,2125,2144,2168,2147,2177,2123,2154,2162,2159,2130,2167,2153,2179,2169,2146,2143,2170,2172,2159,2168,2133,2140,2162,2192,2212,2216,2171,2194
825.221,2654.2,2645,2627,2614,2644,2669,2626,2652,2614,2663,2639,2659,2670,2648,2625,2660,2645,2681,2664,2662,2670,2651,2674,2648,2628,2651,2699,2664,2675,2710,2648
825.580,2318.5,2343,2333,2365,2300,2329,2290,2244,2333,2336,2344,2331,2270,2321,2297,2302,2357,2312,2337,2301,2298,2309,2325,2315,2310,2351,2305,2286,2298,2354,2360
825.939,2431.9,2436,2445,2417,2425,2435,2450,2383,2475,2436,2441,2399,2447,2468,2404,2453,2399,2457,2451,2416,2430,2414,2385,2406,2438,2412,2440,2461,2461,2454,2419
826.298,2495.4,2500,2489,2550,2518,2472,2518,2498,2490,2476,2495,2509,2511,2443,2457,2501,2479,2483,2517,2489,2524,2481,2497,2505,2526,2488,2476,2477,2525,2486,2483
826.657,2675.4,2623,2658,2674,2665,2730,2659,2637,2677,2696,2715,2695,2712,2665,2671,2694,2627,2671,2667,2683,2694,2700,2701,2698,2662,2624,2646,2673,2687,2670,2689
827.016,2260.2,2259,2211,2267,2253,2267,2228,2233,2281,2294,2256,2266,2239,2272,2255,2243,2276,2265,2254,2260,2307,2274,2282,2241,2261,2289,2263,2287,2247,2226,2250
827.375,2416.8,2414,2415,2431,2431,2415,2420,2408,2372,2430,2404,2449,2365,2465,2405,2417,2421,2408,2387,2393,2439,2420,2457,2443,2392,2436,2445,2390,2379,2421,2431
827.734,2251.5,2246,2265,2235,2233,2267,2248,2251,2276,2298,2252,2254,2251,2198,2288,2256,2220,2243,2230,2236,2282,2241,2255,2255,2246,2247,2264,2294,2217,2242,2254
828.093,2232.7,2257,2251,2238,2264,2215,2225,2199,2206,2237,2274,2264,2249,2248,2236,2236,2213,2206,2232,2216,2217,2245,2228,2209,2229,2200,2252,2216,2246,2241,2233
828.453,2282.8,2298,2257,2268,2326,2307,2298,2318,2303,2292,2275,2307,2253,2283,2280,2282,2244,2255,2277,2282,2277,2271,2315,2256,2282,2263,2323,2333,2247,2252,2261
828.812,2258.7,2217,2251,2266,2220,2273,2272,2303,2251,2254,2262,2265,2265,2254,2258,2296,2221,2234,2277,2279,2266,2236,2264,2270,2236,2271,2267,2275,2264,2249,2246
829.171,2507.2,2530,2521,2548,2528,2508,2473,2473,2502,2514,2458,2529,2484,2495,2495,2493,2496,2507,2520,2519,2528,2482,2526,2545,2510,2506,2486,2520,2515,2472,2533
829.530,2031.2,2031,2071,2060,2055,2051,2046,2053,2025,2052,2002,2030,2020,2008,2033,2013,2025,2045,2023,2058,2058,2003,2055,1999,1993,2024,2026,2043,2005,1996,2033
829.889,2293.2,2334,2292,2316,2292,2226,2272,2274,2291,2318,2264,2274,2331,2288,2326,2278,2274,2300,2262,2322,2266,2307,2303,2245,2336,2311,2332,2293,2287,2293,2290
830.248,2124.7,2094,2115,2152,2145,2093,2188,2106,2105,2124,2142,2145,2117,2130,2116,2111,2104,2128,2122,2133,2154,2132,2117,2131,2115,2106,2139,2123,2122,2102,2129
830.607,2067.8,2088,2023,2084,2068,2071,2058,2082,2048,2078,2058,2059,2036,2038,2103,2080,2030,2097,2074,2094,2049,2089,2045,2088,2086,2080,2066,2084,2063,2053,2063
830.966,2152.0,2163,2171,2146,2189,2125,2213,2131,2180,2101,2133,2147,2126,2155,2165,2149,2187,2168,2184,2116,2169,2144,2120,2200,2119,2139,2136,2132,2137,2164,2152
831.325,1777.8,1771,1799,1782,1800,1805,1802,1744,1789,1758,1749,1790,1793,1776,1761,1738,1796,1790,1788,1768,1781,1773,1795,1805,1747,1750,1771,1764,1768,1778,1802
831.685,2500.1,2476,2515,2482,2535,2506,2465,2469,2517,2526,2486,2456,2531,2521,2537,2486,2472,2490,2530,2482,2496,2534,2505,2473,2537,2516,2500,2495,2491,2497,2477
832.044,2346.4,2306,2390,2353,2342,2381,2365,2323,2344,2380,2353,2382,2331,2303,2324,2335,2351,2341,2387,2347,2326,2358,2338,2346,2376,2343,2348,2312,2372,2339,2297
832.403,2770.6,2753,2785,2761,2760,2753,2789,2794,2750,2716,2781,2795,2770,2797,2767,2757,2816,2780,2788,2769,2768,2756,2771,2762,2803,2774,2787,2773,2745,2761,2736
832.762,2306.5,2326,2280,2291,2324,2347,2302,2296,2320,2297,2301,2325,2280,2301,2289,2303,2320,2321,2296,2289,2287,2325,2314,2265,2349,2328,2261,2338,2327,2289,2304
833.121,2289.1,2284,2296,2277,2299,2286,2257,2302,2268,2287,2271,2283,2255,2292,2252,2294,2280,2292,2321,2240,2289,2301,2310,2300,2309,2316,2269,2340,2269,2348,2285
833.480,2056.7,2104,2053,2067,2075,2071,2038,2101,2084,2017,2034,2022,2052,2069,2058,2067,2068,2026,2082,2049,2068,2059,2066,2069,2043,2034,2022,2041,2053,2046,2062
833.840,2144.0,2128,2161,2123,2168,2197,2150,2142,2149,2104,2162,2118,2156,2147,2127,2132,2160,2152,2119,2136,2130,2185,2133,2131,2116,2177,2132,2145,2173,2124,2142
834.199,2124.0,2145,2159,2178,2101,2110,2120,2108,2102,2125,2133,2132,2141,2102,2150,2147,2130,2140,2115,2104,2133,2102,2118,2105,2102,2133,2124,2119,2077,2143,2122
834.558,2209.4,2198,2223,2174,2198,2250,2222,2240,2169,2216,2249,2224,2173,2228,2218,2232,2167,2155,2207,2228,2216,2218,2240,2200,2225,2226,2182,2236,2195,2170,2202
834.917,2143.5,2181,2160,2167,2154,2130,2132,2132,2144,2145,2131,2159,2163,2157,2122,2155,2136,2119,2114,2135,2115,2128,2191,2128,2168,2135,2176,2146,2134,2108,2140
835.277,2411.6,2421,2386,2424,2400,2423,2393,2408,2363,2424,2406,2428,2435,2429,2407,2457,2443,2393,2439,2410,2440,2392,2401,2381,2422,2398,2429,2379,2408,2410,2398
835.636,2124.4,2139,2123,2115,2100,2126,2139,2125,2146,2133,2081,2116,2117,2130,2133,2106,2134,2110,2121,2125,2130,2098,2127,2118,2104,2129,2147,2109,2128,2184,2138
835.995,2284.1,2286,2298,2298,2257,2278,2309,2288,2270,2269,2289,2267,2294,2243,2296,2284,2276,2313,2300,2304,2283,2248,2298,2286,2314,2275,2277,2270,2285,2267,2301
836.354,2087.3,2113,2114,2072,2040,2093,2104,2075,2062,2038,2072,2090,2103,2128,2071,2104,2064,2057,2102,2107,2109,2108,2096,2086,2067,2099,2080,2104,2068,2120,2074
836.714,2089.6,2078,2107,2049,2066,2081,2117,2095,2086,2051,2118,2058,2092,2090,2088,2092,2118,2070,2110,2102,2146,2102,2062,2094,2074,2116,2092,2079,2073,2098,2085
837.073,2059.9,2079,2059,2051,2036,2080,2059,2078,2026,2087,2072,2048,2082,2066,2051,2050,2057,2040,2094,2077,2052,2074,2082,2042,2059,2063,2042,2012,2104,2022,2053
837.432,2310.0,2322,2265,2307,2328,2292,2344,2325,2296,2332,2301,2372,2283,2301,2344,2282,2319,2321,2305,2321,2281,2301,2280,2304,2298,2292,2308,2359,2328,2294,2296
837.792,2403.5,2408,2342,2392,2448,2406,2407,2412,2372,2421,2389,2396,2431,2380,2378,2442,2390,2410,2429,2357,2415,2448,2406,2392,2393,2404,2386,2393,2403,2427,2427
838.151,1973.1,1947,1980,1994,1968,1992,1906,1976,1937,1929,1949,1930,1974,1994,1994,1951,1986,1982,1988,1994,1970,1981,1989,1976,1957,1981,1982,2008,2003,1994,1982
838.510,2159.8,2124,2169,2196,2177,2148,2137,2187,2123,2138,2162,2164,2171,2161,2191,2150,2170,2152,2177,2132,2149,2163,2136,2183,2147,2169,2153,2188,2141,2197,2140
838.870,2251.9,2218,2286,2269,2270,2283,2288,2225,2184,2250,2213,2263,2274,2232,2276,2245,2254,2276,2234,2270,2251,2277,2241,2216,2266,2245,2276,2259,2217,2242,2256
839.229,2147.7,2153,2102,2182,2121,2140,2153,2168,2127,2124,2145,2186,2157,2148,2134,2149,2144,2153,2139,2155,2132,2126,2146,2162,2149,2156,2170,2184,2152,2145,2129
839.588,2144.7,2144,2134,2151,2098,2162,2172,2147,2150,2134,2142,2159,2149,2184,2175,2176,2139,2151,2125,2125,2139,2143,2157,2147,2139,2159,2126,2123,2131,2125,2136
839.948,2208.1,2213,2203,2215,2191,2197,2218,2230,2187,2209,2207,2190,2204,2199,2240,2212,2212,2208,2190,2229,2192,2210,2220,2200,2197,2232,2213,2201,2220,2172,2232
840.307,2072.6,2072,2089,2085,2040,2085,2061,2062,2092,2043,2057,2072,2103,2075,2105,2074,2074,2085,2077,2097,2058,2073,2090,2024,2046,2068,2076,2092,2047,2104,2053
840.666,2076.9,2069,2085,2057,2049,2090,2093,2078,2092,2076,2084,2089,2077,2100,2059,2077,2091,2072,2106,2085,2071,2077,2080,2046,2089,2093,2054,2082,2053,2040,2094
841.026,1953.2,1940,1968,1935,1924,1934,1935,1938,1971,1976,2009,1960,1948,1954,1968,1975,1937,1966,1968,1948,1950,1960,1971,1994,1948,1915,1933,1926,1944,1928,1974
841.385,2047.4,1999,2040,2035,2043,2065,2069,2071,2036,2069,2033,2089,2053,2066,2036,2045,2085,2070,2031,1981,2059,2052,2060,2045,2042,2054,2055,2057,2005,2038,2040
841.745,2220.3,2223,2183,2212,2220,2218,2205,2242,2210,2220,2188,2235,2225,2251,2218,2207,2207,2233,2211,2225,2209,2226,2270,2254,2240,2219,2193,2242,2187,2203,2232
842.104,2211.5,2212,2215,2238,2253,2260,2202,2210,2191,2174,2243,2216,2183,2211,2203,2219,2227,2235,2236,2208,2226,2178,2192,2196,2226,2188,2180,2222,2192,2228,2182
842.463,2066.7,2053,2056,2065,2073,2070,2074,2079,2079,2083,2047,2053,2051,2085,2106,2086,2028,2067,2108,2059,2083,2089,2043,2046,2070,2051,2063,2083,2042,2049,2061
842.823,1800.1,1836,1819,1831,1774,1784,1770,1813,1821,1821,1810,1795,1795,1778,1819,1784,1801,1831,1800,1761,1797,1790,1808,1809,1784,1754,1826,1793,1791,1804,1803
843.182,2208.8,2196,2173,2186,2209,2245,2236,2187,2190,2248,2214,2236,2233,2244,2187,2212,2216,2240,2187,2222,2228,2217,2198,2221,2171,2171,2217,2210,2210,2176,2184
843.542,2103.7,2098,2081,2080,2118,2114,2090,2077,2116,2099,2129,2101,2137,2146,2102,2130,2120,2124,2090,2076,2098,2112,2093,2129,2108,2116,2058,2080,2106,2080,2104
843.901,2063.3,2069,2054,2063,2044,2076,2068,2068,2067,2028,2041,2063,2040,2034,2067,2044,2099,2088,2040,2080,2081,2053,2064,2069,2091,2059,2077,2117,2050,2037,2068
844.261,1977.7,1987,1954,2001,1969,2001,1967,2013,1962,1968,1973,1960,1987,1983,2005,1981,1946,1968,1986,1964,1979,1992,1980,1982,1973,1972,2006,1971,1969,1977,1955
844.620,1932.8,1905,1968,1944,1940,1957,1950,1902,2003,1950,1949,1890,1923,1926,1928,1938,1952,1952,1932,1937,1953,1891,1917,1922,1937,1921,1914,1901,1914,1905,1962
844.980,2024.4,2018,2021,2010,2013,2009,2020,2020,2004,2024,2037,2040,2045,2016,2024,2024,2033,2050,2015,2017,2001,2047,2014,2018,1996,1995,2046,2046,2023,2057,2048
845.339,2521.4,2523,2515,2567,2578,2543,2528,2558,2556,2541,2501,2534,2484,2524,2467,2522,2474,2483,2584,2518,2513,2512,2528,2495,2508,2514,2507,2517,2481,2544,2523
845.699,1754.8,1756,1768,1788,1793,1763,1756,1744,1734,1761,1761,1765,1761,1731,1763,1754,1752,1732,1776,1741,1741,1724,1768,1740,1758,1747,1744,1779,1782,1743,1720
846.058,1969.2,2001,1948,1954,1960,1961,1991,1979,1952,1924,1952,1954,1977,2011,1948,1992,1983,1960,1972,1981,1974,1946,1981,1983,1961,1996,2003,1972,1971,1962,1927
846.418,1740.9,1761,1722,1747,1730,1754,1731,1724,1739,1719,1759,1747,1722,1755,1736,1736,1757,1720,1728,1742,1717,1721,1763,1771,1729,1738,1736,1787,1753,1742,1741
846.777,2025.1,2040,2027,2028,1976,1994,2035,2029,2033,2042,2038,2047,2027,2014,1997,2022,2032,2044,2015,2062,2033,2031,1992,2036,2024,1984,2020,2020,2021,2057,2034
847.137,1771.5,1802,1755,1779,1787,1764,1786,1760,1774,1777,1750,1774,1748,1785,1741,1756,1764,1788,1816,1757,1774,1706,1795,1761,1771,1754,1778,1781,1768,1756,1839
847.496,1792.9,1776,1793,1802,1813,1740,1785,1788,1795,1807,1783,1792,1772,1804,1804,1789,1821,1803,1809,1815,1780,1741,1818,1823,1835,1784,1787,1788,1790,1769,1780
847.856,1624.6,1645,1621,1634,1616,1634,1633,1627,1613,1645,1677,1611,1661,1619,1582,1611,1606,1636,1650,1644,1623,1625,1589,1606,1582,1626,1646,1647,1628,1580,1622
ExternalTrigger,,,,,,,,,,,,,,,,,,,,,,,,,,,,,,,
