Wavelength[nm],Average,1,2,3,4,5,6,7,8,9,10,11,12,13,14,15,16,17,18,19,20,21,22,23,24,25,26,27,28,29,30
160.473,2038.4,2028,2028,2009,2038,1988,2044,2029,2024,2067,2049,2051,2068,2031,2056,2012,2106,2008,2033,2073,2024,2051,2073,2046,2044,2052,1992,2010,2056,2006,2056
160.772,2172.6,2207,2168,2158,2170,2196,2156,2175,2162,2153,2196,2190,2176,2198,2180,2138,2195,2153,2159,2185,2173,2182,2157,2199,2153,2191,2173,2169,2184,2154,2129
161.072,1988.3,1992,1978,1962,1989,2027,1980,1916,1978,2009,2022,1976,1981,1988,1963,1955,2010,1970,2001,1996,1972,1997,2010,2011,2011,2004,2015,2009,1961,1973,1994
161.372,2165.1,2159,2204,2180,2136,2157,2170,2183,2188,2142,2162,2132,2156,2195,2172,2165,2137,2143,2168,2191,2174,2128,2164,2145,2142,2206,2153,2174,2154,2187,2186
161.671,1994.5,2020,2006,1987,1994,1987,1976,2012,2005,2003,1987,2031,1999,1994,2016,1979,1989,1975,1964,1977,1952,2006,2004,2007,1999,1992,1998,2008,1998,1988,1981
161.971,2270.8,2271,2285,2228,2272,2291,2280,2259,2270,2277,2280,2263,2258,2278,2273,2275,2311,2292,2272,2246,2271,2259,2280,2212,2257,2291,2284,2262,2252,2297,2278
162.271,2051.0,2036,2059,2045,2078,2021,2082,2091,2034,2061,2014,2047,2053,2042,2065,2072,2030,2042,2054,2069,2024,2033,2024,2037,2056,2037,2082,2045,2076,2054,2066
162.571,2107.4,2119,2099,2092,2133,2104,2116,2124,2089,2099,2117,2106,2111,2081,2100,2096,2074,2111,2088,2133,2114,2127,2127,2095,2068,2086,2119,2136,2127,2106,2126
162.871,2284.2,2255,2305,2284,2284,2264,2284,2334,2329,2310,2249,2300,2254,2290,2288,2245,2262,2282,2268,2308,2265,2317,2296,2292,2287,2269,2293,2250,2239,2330,2293
163.170,2165.8,2176,2154,2165,2198,2162,2188,2140,2134,2169,2149,2163,2173,2137,2171,2191,2166,2191,2187,2152,2175,2193,2200,2124,2163,2132,2167,2179,2128,2182,2165
163.470,2101.4,2102,2132,2095,2084,2093,2088,2082,2104,2081,2075,2089,2113,2105,2103,2090,2112,2113,2104,2110,2100,2068,2137,2129,2116,2096,2104,2128,2088,2121,2080
163.771,2117.6,2120,2077,2095,2129,2125,2155,2150,2098,2116,2120,2146,2094,2116,2096,2091,2101,2143,2106,2152,2115,2147,2118,2129,2128,2095,2140,2098,2128,2121,2078
164.071,2365.2,2337,2366,2333,2383,2357,2363,2351,2388,2326,2339,2342,2381,2369,2346,2371,2372,2421,2333,2393,2407,2335,2390,2406,2356,2376,2348,2355,2373,2387,2353
164.371,2121.1,2106,2111,2119,2161,2127,2135,2080,2094,2116,2114,2114,2155,2134,2100,2136,2141,2123,2110,2129,2088,2130,2086,2152,2127,2139,2152,2104,2135,2110,2104
164.671,2234.5,2215,2219,2249,2278,2235,2258,2244,2235,2250,2240,2233,2288,2212,2242,2220,2264,2235,2210,2196,2242,2231,2201,2247,2228,2233,2207,2233,2216,2239,2236
164.971,2509.4,2490,2509,2495,2517,2532,2534,2501,2484,2534,2480,2453,2537,2511,2501,2484,2561,2526,2501,2536,2538,2517,2482,2514,2499,2515,2533,2485,2512,2529,2473
165.271,2343.9,2368,2372,2335,2361,2306,2315,2350,2357,2327,2326,2370,2300,2325,2370,2340,2304,2321,2369,2356,2320,2365,2363,2368,2315,2341,2339,2335,2364,2361,2374
165.572,2309.3,2336,2284,2331,2263,2306,2312,2340,2303,2294,2299,2268,2330,2306,2324,2312,2294,2284,2309,2344,2291,2329,2287,2326,2337,2325,2293,2320,2345,2305,2282
165.872,2213.9,2217,2198,2223,2227,2219,2210,2211,2214,2222,2198,2205,2202,2210,2226,2223,2198,2198,2233,2219,2218,2235,2229,2205,2203,2209,2247,2196,2222,2206,2195
166.172,2492.0,2521,2499,2474,2497,2490,2492,2548,2467,2460,2432,2461,2435,2501,2511,2513,2462,2512,2518,2498,2509,2489,2552,2507,2499,2464,2451,2483,2507,2498,2509
166.473,2571.2,2600,2557,2590,2580,2640,2598,2592,2605,2583,2574,2597,2560,2582,2532,2553,2573,2541,2521,2574,2571,2567,2562,2562,2557,2544,2539,2582,2552,2574,2573
166.773,2498.1,2478,2524,2470,2497,2467,2445,2464,2514,2522,2483,2477,2511,2519,2529,2520,2510,2505,2501,2509,2463,2552,2511,2438,2495,2506,2544,2524,2519,2480,2466
167.074,2556.1,2567,2564,2570,2565,2594,2548,2597,2495,2566,2581,2571,2559,2562,2536,2558,2600,2555,2557,2527,2547,2513,2544,2557,2547,2510,2583,2587,2493,2569,2560
167.374,2446.9,2429,2433,2438,2450,2449,2436,2424,2437,2471,2417,2451,2454,2402,2441,2476,2440,2502,2459,2469,2436,2469,2417,2425,2477,2427,2445,2472,2468,2459,2434
167.675,2440.4,2451,2463,2410,2468,2439,2429,2473,2449,2456,2417,2477,2408,2370,2421,2454,2416,2389,2452,2453,2412,2472,2410,2464,2451,2461,2444,2448,2460,2429,2467
167.976,2167.0,2173,2168,2158,2192,2171,2186,2166,2178,2177,2177,2124,2163,2176,2139,2147,2184,2140,2159,2141,2184,2120,2155,2180,2192,2195,2150,2160,2189,2191,2174
168.276,2721.1,2705,2756,2667,2739,2692,2700,2729,2717,2716,2741,2682,2738,2757,2705,2721,2735,2753,2745,2756,2705,2708,2748,2753,2735,2683,2705,2733,2708,2693,2708
168.577,2429.2,2408,2422,2423,2402,2410,2440,2438,2415,2419,2445,2437,2456,2394,2453,2461,2434,2410,2417,2432,2454,2388,2431,2418,2447,2445,2433,2452,2448,2409,2434
168.878,2421.3,2390,2419,2428,2407,2398,2411,2401,2405,2441,2419,2405,2436,2451,2464,2405,2453,2429,2428,2434,2428,2437,2393,2425,2442,2425,2418,2398,2453,2387,2410
169.179,2340.1,2352,2351,2336,2354,2363,2344,2345,2297,2337,2342,2350,2358,2318,2328,2340,2360,2333,2338,2377,2335,2338,2303,2313,2344,2356,2317,2334,2315,2365,2360
169.480,2430.6,2402,2448,2408,2447,2444,2399,2450,2443,2484,2441,2402,2418,2397,2430,2404,2438,2439,2418,2414,2413,2445,2446,2418,2439,2430,2454,2456,2446,2413,2431
169.780,2630.9,2624,2623,2594,2616,2641,2632,2597,2594,2602,2634,2658,2592,2629,2654,2564,2644,2633,2656,2643,2689,2626,2683,2633,2650,2671,2623,2607,2635,2686,2594
170.081,2605.3,2630,2597,2618,2612,2610,2595,2619,2591,2623,2632,2625,2560,2597,2571,2608,2625,2591,2603,2608,2577,2604,2621,2598,2610,2626,2598,2572,2598,2620,2621
170.382,2395.4,2388,2386,2402,2368,2370,2377,2400,2376,2370,2433,2397,2398,2424,2415,2403,2373,2403,2376,2360,2424,2377,2399,2417,2413,2396,2437,2387,2377,2416,2399
170.684,2570.0,2587,2555,2557,2592,2616,2578,2579,2606,2527,2563,2533,2613,2598,2564,2575,2584,2548,2599,2543,2524,2546,2572,2590,2556,2570,2572,2569,2559,2554,2572
170.985,2585.3,2598,2571,2579,2592,2539,2615,2584,2537,2583,2599,2603,2622,2607,2578,2521,2612,2520,2590,2581,2620,2565,2580,2582,2577,2625,2595,2556,2627,2621,2581
171.286,2508.1,2515,2464,2512,2510,2506,2479,2513,2495,2538,2515,2512,2492,2509,2509,2477,2495,2505,2514,2514,2493,2507,2504,2519,2555,2504,2536,2514,2528,2482,2528
171.587,2477.9,2467,2497,2479,2460,2501,2493,2465,2460,2516,2476,2493,2473,2472,2503,2447,2429,2460,2481,2458,2474,2493,2477,2502,2448,2490,2456,2492,2524,2452,2500
171.888,2541.0,2514,2544,2545,2552,2587,2538,2514,2540,2524,2520,2523,2535,2537,2576,2545,2568,2513,2522,2537,2551,2549,2557,2519,2572,2556,2565,2557,2519,2515,2536
172.189,2686.4,2672,2671,2685,2666,2664,2689,2686,2658,2645,2696,2714,2735,2709,2715,2682,2696,2713,2699,2656,2707,2709,2634,2685,2697,2650,2682,2700,2692,2669,2717
172.491,2970.8,2922,2988,2949,2963,2974,2995,2954,2971,2954,2998,3000,2936,2947,2978,2973,3019,2975,2947,2956,2988,2986,2923,2974,3006,2937,2924,2986,3038,2971,2991
172.792,2742.2,2739,2718,2761,2765,2733,2719,2772,2693,2754,2747,2710,2766,2760,2731,2729,2782,2752,2728,2731,2763,2730,2784,2733,2748,2765,2721,2691,2739,2747,2754
173.094,2744.4,2762,2717,2728,2732,2747,2797,2721,2765,2716,2782,2722,2715,2726,2726,2766,2731,2744,2765,2762,2765,2745,2778,2741,2778,2725,2743,2733,2722,2727,2750
173.395,2677.4,2664,2653,2688,2671,2728,2723,2677,2678,2627,2678,2644,2707,2666,2604,2728,2653,2685,2668,2689,2636,2670,2658,2717,2664,2702,2683,2713,2664,2692,2691
173.697,2607.2,2622,2617,2602,2587,2572,2645,2587,2592,2611,2581,2600,2564,2612,2613,2629,2633,2594,2601,2626,2607,2617,2636,2629,2633,2623,2608,2620,2556,2609,2589
173.998,2772.9,2780,2741,2800,2772,2747,2725,2763,2799,2769,2780,2796,2770,2757,2732,2826,2758,2746,2766,2835,2780,2794,2788,2776,2831,2781,2703,2736,2814,2776,2746
174.300,2263.6,2287,2308,2263,2240,2257,2235,2280,2267,2255,2288,2268,2284,2269,2271,2258,2269,2233,2219,2228,2277,2274,2255,2248,2264,2297,2247,2264,2271,2232,2299
174.601,2787.1,2774,2802,2790,2765,2782,2799,2754,2796,2733,2824,2797,2821,2774,2810,2802,2795,2815,2773,2786,2765,2792,2819,2783,2801,2728,2773,2824,2785,2792,2760
174.903,2398.2,2361,2421,2379,2434,2396,2429,2375,2407,2370,2411,2408,2399,2410,2388,2399,2408,2376,2410,2397,2377,2415,2360,2390,2408,2381,2369,2418,2394,2450,2407
175.205,2712.6,2654,2714,2696,2733,2706,2694,2700,2687,2755,2734,2698,2725,2744,2706,2673,2708,2718,2690,2728,2697,2745,2709,2671,2716,2739,2719,2756,2732,2705,2726
175.507,2473.2,2469,2496,2507,2452,2491,2453,2485,2488,2426,2491,2487,2430,2452,2451,2493,2472,2474,2481,2492,2473,2477,2486,2460,2496,2469,2458,2490,2446,2443,2508
175.808,2338.1,2322,2347,2355,2346,2341,2312,2321,2333,2326,2331,2358,2304,2349,2347,2346,2342,2337,2350,2369,2321,2349,2309,2362,2301,2329,2336,2338,2346,2350,2365
176.110,2538.1,2559,2596,2521,2520,2522,2521,2535,2571,2539,2520,2532,2537,2556,2510,2511,2536,2542,2545,2519,2488,2552,2561,2575,2514,2543,2539,2561,2494,2554,2569
176.412,2472.1,2461,2503,2465,2431,2412,2503,2434,2489,2443,2472,2491,2476,2451,2504,2528,2452,2504,2465,2480,2490,2485,2493,2447,2461,2495,2415,2467,2475,2463,2509
176.714,2541.7,2562,2557,2542,2499,2558,2526,2498,2519,2544,2523,2540,2535,2565,2570,2559,2515,2535,2568,2556,2556,2536,2501,2557,2538,2584,2557,2539,2536,2531,2544
177.016,2861.2,2876,2855,2886,2853,2852,2874,2847,2835,2866,2828,2888,2869,2853,2862,2862,2849,2870,2838,2869,2847,2835,2816,2869,2877,2905,2870,2881,2882,2822,2900
177.318,2555.5,2573,2532,2576,2561,2521,2547,2600,2536,2565,2585,2539,2543,2523,2547,2543,2561,2547,2598,2517,2587,2547,2563,2569,2577,2555,2567,2526,2539,2558,2563
177.620,2368.2,2338,2379,2321,2394,2367,2392,2351,2379,2378,2390,2403,2375,2341,2380,2389,2355,2341,2348,2382,2384,2375,2393,2354,2374,2353,2362,2391,2334,2357,2367
177.922,2474.4,2489,2508,2440,2447,2480,2490,2448,2452,2448,2472,2505,2468,2469,2475,2484,2473,2444,2441,2480,2491,2497,2488,2482,2473,2522,2475,2484,2481,2476,2449
178.224,2757.9,2765,2782,2765,2750,2733,2764,2780,2789,2794,2720,2719,2764,2736,2808,2731,2723,2758,2748,2788,2774,2787,2764,2734,2783,2735,2766,2729,2740,2733,2776
178.527,2558.0,2580,2561,2602,2536,2551,2559,2567,2536,2552,2569,2541,2537,2547,2521,2543,2575,2587,2556,2548,2573,2588,2552,2580,2542,2593,2531,2543,2536,2579,2555
178.829,2293.3,2290,2273,2298,2280,2240,2306,2267,2295,2316,2278,2286,2260,2300,2291,2294,2287,2301,2333,2310,2313,2301,2302,2311,2297,2301,2306,2298,2286,2307,2272
179.131,2983.5,2977,2967,2991,2959,2953,2991,3023,2939,3009,2968,3016,2985,3021,3016,3001,2979,2992,3025,2931,2958,3009,2964,2943,3002,2985,2980,2973,2934,3016,2997
179.434,2705.9,2700,2683,2706,2721,2693,2709,2694,2670,2653,2727,2704,2720,2690,2710,2684,2736,2744,2752,2715,2715,2699,2694,2692,2715,2691,2717,2690,2725,2744,2683
179.736,2688.4,2694,2741,2681,2739,2676,2655,2651,2684,2702,2697,2629,2665,2639,2674,2625,2725,2696,2684,2712,2716,2694,2683,2701,2680,2676,2697,2689,2694,2680,2772
180.038,2849.8,2848,2853,2863,2867,2839,2840,2849,2873,2872,2869,2851,2810,2822,2846,2847,2864,2900,2847,2851,2800,2803,2882,2840,2887,2870,2865,2847,2850,2827,2813
180.341,2565.4,2553,2569,2556,2550,2525,2602,2610,2574,2607,2526,2571,2576,2608,2524,2552,2543,2589,2580,2528,2607,2613,2585,2550,2568,2513,2592,2543,2558,2527,2563
180.643,2537.9,2538,2516,2544,2587,2492,2515,2572,2519,2508,2537,2563,2541,2520,2563,2539,2530,2587,2537,2533,2524,2545,2537,2516,2489,2545,2540,2523,2587,2553,2538
180.946,2487.5,2499,2499,2521,2490,2464,2503,2491,2498,2452,2509,2467,2478,2477,2501,2441,2518,2462,2520,2478,2453,2478,2517,2469,2503,2502,2474,2485,2482,2482,2512
181.249,2226.6,2209,2215,2223,2281,2214,2208,2252,2231,2230,2200,2213,2286,2213,2255,2217,2273,2217,2235,2231,2213,2187,2219,2239,2218,2212,2208,2249,2209,2218,2223
181.551,2964.4,2956,2936,2960,2933,2973,2968,2958,2929,2983,2969,2963,2978,2971,2964,2949,2969,2975,2994,3011,2926,2974,2960,2952,2974,2937,2996,3000,2957,2994,2923
181.854,2374.5,2354,2380,2378,2373,2367,2342,2376,2355,2370,2399,2411,2385,2399,2350,2380,2374,2360,2419,2390,2337,2362,2387,2354,2360,2370,2397,2340,2382,2357,2428
182.157,2597.3,2615,2606,2605,2581,2594,2601,2593,2572,2580,2612,2590,2616,2634,2578,2587,2600,2595,2610,2593,2610,2637,2610,2584,2641,2563,2576,2585,2598,2589,2564
182.459,3066.7,3072,3032,3071,3017,3093,3056,3076,3078,3073,3069,3104,3092,3054,3069,3016,3088,3119,3053,3120,3087,3069,3103,3036,3026,3046,3102,3054,3048,3042,3035
182.762,2577.2,2568,2573,2590,2527,2577,2584,2575,2585,2571,2617,2586,2565,2548,2572,2563,2569,2588,2520,2612,2573,2576,2628,2579,2623,2591,2545,2609,2567,2561,2575
183.065,2403.9,2376,2376,2380,2330,2456,2416,2356,2447,2382,2402,2422,2424,2375,2450,2469,2431,2390,2358,2376,2378,2419,2427,2388,2429,2431,2419,2412,2374,2396,2429
183.368,2685.1,2679,2706,2698,2677,2709,2726,2709,2713,2639,2706,2701,2665,2676,2698,2688,2691,2676,2653,2710,2716,2702,2682,2670,2662,2672,2671,2660,2703,2677,2618
183.671,2578.9,2614,2591,2579,2566,2544,2607,2591,2585,2546,2595,2618,2577,2565,2605,2555,2605,2562,2553,2581,2579,2570,2593,2591,2544,2565,2551,2578,2609,2568,2580
183.974,2625.2,2641,2595,2622,2616,2629,2636,2617,2617,2634,2613,2654,2633,2625,2629,2642,2625,2611,2618,2601,2684,2638,2621,2622,2636,2579,2626,2636,2613,2616,2626
184.277,2442.5,2407,2428,2463,2425,2446,2436,2452,2430,2426,2435,2427,2448,2434,2443,2470,2429,2464,2425,2447,2404,2458,2467,2461,2479,2426,2421,2448,2480,2430,2467
184.580,3253.7,3281,3232,3269,3245,3250,3221,3254,3225,3241,3238,3254,3315,3194,3262,3236,3196,3257,3300,3289,3230,3265,3284,3233,3313,3279,3260,3200,3276,3244,3269
184.883,2529.4,2518,2523,2526,2529,2547,2514,2538,2507,2538,2498,2518,2554,2558,2559,2586,2526,2516,2501,2547,2526,2531,2517,2507,2509,2511,2520,2556,2555,2521,2527
185.187,2646.7,2690,2617,2625,2672,2683,2612,2658,2685,2652,2619,2674,2656,2618,2632,2627,2640,2640,2645,2695,2688,2612,2698,2634,2652,2606,2625,2671,2620,2624,2630
185.490,2558.1,2538,2576,2577,2552,2558,2568,2606,2466,2577,2538,2543,2545,2554,2564,2539,2564,2586,2536,2548,2575,2561,2572,2551,2516,2536,2542,2558,2598,2599,2599
185.793,2838.1,2833,2835,2894,2782,2852,2856,2850,2841,2845,2817,2841,2781,2859,2852,2824,2874,2874,2886,2860,2789,2827,2796,2842,2801,2822,2828,2849,2857,2851,2824
186.096,2427.5,2470,2438,2373,2429,2410,2437,2441,2443,2443,2382,2444,2394,2409,2426,2429,2442,2437,2432,2392,2476,2452,2394,2437,2402,2372,2474,2438,2405,2472,2431
186.400,2721.4,2730,2713,2693,2771,2748,2732,2702,2730,2710,2727,2738,2714,2747,2735,2751,2728,2692,2728,2694,2690,2667,2719,2724,2689,2730,2691,2698,2760,2743,2747
186.703,2613.6,2638,2604,2626,2617,2602,2612,2639,2623,2620,2600,2594,2641,2573,2634,2607,2623,2603,2584,2611,2600,2643,2659,2622,2586,2589,2600,2622,2613,2607,2615
187.007,2168.7,2169,2171,2197,2157,2140,2171,2204,2134,2169,2160,2169,2175,2209,2200,2174,2165,2142,2140,2172,2206,2168,2184,2177,2152,2146,2196,2170,2156,2170,2118
187.310,2735.9,2725,2718,2754,2764,2778,2755,2718,2764,2762,2748,2719,2766,2733,2758,2774,2704,2721,2765,2705,2735,2757,2716,2726,2724,2702,2708,2697,2739,2721,2722
187.614,2507.6,2510,2479,2525,2539,2495,2478,2497,2480,2512,2504,2510,2481,2524,2538,2461,2506,2538,2504,2506,2515,2489,2512,2508,2533,2524,2547,2514,2500,2482,2518
187.917,2470.5,2466,2508,2478,2473,2500,2492,2494,2500,2438,2470,2504,2437,2456,2479,2478,2460,2493,2474,2432,2462,2472,2444,2433,2446,2470,2484,2451,2467,2473,2480
188.221,3094.8,3133,3076,3106,3071,3081,3076,3067,3096,3115,3110,3140,3124,3058,3150,3082,3077,3123,3078,3096,3109,3097,3112,3056,3072,3047,3085,3110,3065,3101,3132
188.525,2561.8,2594,2593,2568,2567,2554,2625,2574,2537,2531,2520,2523,2564,2565,2559,2548,2552,2566,2559,2561,2563,2566,2536,2568,2541,2550,2534,2562,2605,2602,2568
188.828,2428.8,2442,2410,2424,2404,2453,2438,2457,2440,2452,2411,2449,2424,2465,2436,2470,2414,2424,2437,2381,2408,2429,2424,2433,2370,2462,2440,2446,2412,2418,2390
189.132,2755.1,2719,2782,2770,2725,2781,2725,2761,2802,2734,2759,2764,2727,2766,2760,2768,2713,2752,2787,2750,2741,2725,2761,2742,2747,2767,2753,2736,2768,2767,2802
189.436,2715.7,2699,2722,2716,2758,2691,2684,2708,2718,2726,2719,2708,2726,2696,2717,2709,2689,2741,2705,2722,2754,2732,2704,2728,2682,2671,2709,2710,2784,2723,2721
189.740,2630.7,2658,2613,2643,2649,2657,2669,2638,2622,2634,2627,2612,2622,2629,2601,2632,2611,2634,2641,2644,2591,2639,2686,2606,2645,2606,2624,2600,2652,2640,2596
190.044,2695.5,2643,2709,2740,2672,2643,2715,2685,2694,2682,2702,2755,2709,2723,2675,2691,2707,2681,2687,2714,2690,2657,2662,2674,2740,2729,2710,2697,2672,2728,2678
190.348,2907.8,2932,2950,2925,2938,2899,2892,2869,2917,2925,2910,2941,2890,2942,2925,2886,2931,2942,2953,2886,2878,2903,2904,2844,2895,2915,2837,2907,2862,2915,2920
190.651,2509.3,2495,2512,2520,2543,2500,2511,2532,2479,2538,2499,2501,2506,2513,2504,2506,2536,2541,2463,2522,2507,2509,2469,2528,2481,2494,2523,2529,2515,2504,2498
190.956,2945.0,2909,2978,2962,2956,2898,2972,2962,2973,2976,2962,2935,2909,2972,2982,2929,2960,2920,2934,2953,3014,2914,2927,2938,2932,2950,2936,2935,2897,2945,2920
191.260,2305.8,2362,2315,2280,2318,2305,2314,2303,2319,2377,2272,2306,2269,2341,2317,2310,2266,2334,2283,2300,2292,2280,2288,2311,2267,2346,2293,2303,2289,2308,2306
191.564,2997.8,2978,3023,3011,2997,2971,3026,2978,2979,2986,3038,2984,3002,2993,2973,3007,3008,3024,3040,3034,3023,2965,2957,2973,3000,2969,3023,3009,2998,3023,2943
191.868,2723.4,2709,2721,2710,2737,2733,2744,2771,2723,2712,2734,2716,2718,2719,2738,2692,2684,2732,2712,2742,2702,2741,2725,2725,2712,2714,2733,2742,2697,2705,2760
192.172,2828.6,2811,2810,2822,2837,2822,2862,2852,2828,2799,2796,2815,2848,2806,2859,2867,2817,2826,2853,2802,2817,2824,2832,2845,2804,2812,2847,2823,2824,2839,2859
192.476,2420.6,2453,2396,2437,2405,2410,2406,2430,2468,2390,2411,2399,2421,2474,2448,2443,2482,2405,2400,2415,2441,2421,2436,2435,2421,2356,2413,2413,2405,2430,2354
192.781,2495.2,2458,2497,2516,2510,2484,2513,2491,2478,2501,2454,2511,2557,2489,2472,2545,2484,2483,2476,2446,2499,2496,2492,2462,2532,2489,2504,2486,2520,2465,2546
193.085,2497.7,2495,2569,2495,2488,2461,2505,2514,2450,2460,2493,2453,2490,2505,2505,2511,2521,2499,2521,2462,2508,2499,2510,2503,2503,2513,2511,2510,2481,2473,2522
193.389,2532.0,2527,2545,2555,2515,2557,2500,2523,2526,2545,2509,2532,2536,2505,2565,2534,2516,2541,2543,2560,2545,2512,2506,2516,2552,2498,2561,2547,2520,2566,2504
193.694,2768.5,2774,2795,2814,2752,2768,2754,2775,2789,2771,2752,2794,2781,2787,2773,2771,2758,2795,2740,2759,2748,2735,2748,2765,2778,2778,2791,2752,2726,2774,2758
193.998,2290.7,2255,2311,2353,2253,2296,2284,2288,2302,2307,2295,2267,2281,2283,2284,2245,2297,2296,2250,2338,2280,2282,2286,2282,2270,2263,2348,2290,2319,2318,2298
194.303,2548.6,2526,2534,2566,2546,2518,2547,2574,2520,2568,2583,2529,2552,2564,2580,2526,2552,2527,2569,2541,2568,2565,2525,2555,2540,2535,2539,2564,2547,2529,2570
194.607,2672.8,2675,2708,2675,2660,2675,2647,2715,2689,2662,2702,2644,2661,2697,2634,2660,2655,2680,2649,2696,2680,2693,2683,2649,2688,2683,2656,2657,2665,2650,2696
194.912,2962.7,2970,2968,3009,3003,2994,2973,2950,2962,2925,2948,2965,2956,2961,2966,2999,2943,2956,2980,2956,2954,2964,2909,2966,2953,2910,2958,2960,2992,3004,2927
195.216,2569.2,2581,2568,2548,2563,2580,2537,2597,2533,2601,2542,2555,2553,2593,2605,2555,2614,2594,2595,2576,2559,2568,2525,2615,2551,2526,2580,2578,2539,2552,2593
195.521,2689.6,2676,2723,2707,2705,2710,2671,2699,2711,2688,2690,2731,2694,2686,2684,2675,2673,2706,2668,2714,2652,2712,2691,2710,2682,2691,2670,2661,2638,2695,2674
195.826,2538.1,2557,2533,2514,2498,2539,2542,2540,2600,2508,2502,2566,2538,2512,2545,2528,2534,2548,2547,2565,2546,2550,2526,2581,2539,2520,2539,2544,2468,2543,2571
196.131,2492.4,2493,2491,2466,2493,2476,2491,2511,2532,2503,2468,2497,2498,2497,2514,2473,2499,2470,2520,2476,2511,2518,2467,2506,2521,2478,2443,2497,2494,2469,2501
196.435,2867.0,2831,2858,2852,2886,2872,2855,2893,2874,2814,2878,2854,2867,2881,2840,2917,2881,2850,2846,2895,2887,2878,2898,2850,2877,2840,2892,2845,2878,2900,2820
196.740,2405.5,2363,2390,2428,2394,2417,2401,2416,2389,2416,2405,2411,2383,2425,2401,2411,2386,2429,2422,2410,2414,2399,2398,2389,2426,2393,2412,2393,2417,2421,2406
197.045,2883.5,2853,2870,2900,2902,2908,2889,2868,2861,2879,2888,2906,2861,2831,2881,2893,2904,2877,2900,2904,2879,2866,2851,2925,2873,2896,2911,2910,2900,2862,2856
197.350,2376.3,2350,2402,2406,2334,2405,2402,2333,2384,2405,2377,2360,2384,2367,2368,2376,2356,2368,2387,2361,2364,2410,2353,2371,2408,2362,2378,2358,2366,2404,2390
197.655,2612.2,2603,2622,2577,2616,2646,2647,2579,2597,2604,2609,2645,2600,2625,2606,2609,2599,2618,2594,2630,2600,2628,2613,2618,2619,2607,2643,2566,2628,2595,2622
197.960,2613.9,2603,2658,2620,2607,2623,2649,2630,2618,2641,2590,2661,2625,2594,2594,2602,2532,2601,2595,2604,2617,2613,2603,2618,2639,2614,2586,2617,2587,2649,2627
198.265,2785.4,2771,2776,2837,2760,2805,2771,2781,2813,2811,2795,2784,2824,2759,2791,2788,2731,2811,2810,2815,2779,2780,2776,2782,2761,2721,2753,2794,2774,2802,2806
198.570,2570.7,2567,2580,2587,2567,2609,2577,2594,2533,2501,2571,2533,2627,2591,2579,2598,2557,2578,2534,2595,2597,2567,2575,2590,2540,2562,2553,2575,2546,2581,2557
198.876,2425.4,2429,2426,2412,2430,2430,2416,2410,2362,2411,2440,2414,2445,2427,2392,2448,2368,2427,2454,2445,2448,2428,2423,2419,2445,2443,2436,2408,2426,2464,2435
199.181,2285.3,2273,2281,2304,2275,2294,2346,2280,2286,2300,2310,2273,2294,2289,2282,2298,2234,2261,2269,2294,2245,2269,2271,2281,2314,2284,2309,2253,2312,2276,2301
199.486,2589.8,2589,2585,2651,2601,2591,2604,2584,2602,2629,2583,2573,2600,2560,2616,2586,2593,2568,2612,2505,2583,2613,2593,2605,2562,2601,2581,2547,2586,2611,2580
199.791,3064.4,3062,3064,3025,3050,3057,3080,3061,3034,3098,3082,3088,3078,3076,3097,3061,3033,3075,3104,3114,3054,3046,3010,3036,3069,3016,3034,3089,3058,3111,3071
200.097,2543.0,2567,2537,2574,2541,2567,2574,2529,2537,2571,2516,2515,2510,2536,2513,2517,2560,2538,2564,2524,2542,2510,2520,2541,2559,2545,2556,2598,2525,2536,2567
200.402,2902.1,2891,2896,2875,2897,2897,2836,2939,2936,2910,2894,2931,2921,2905,2846,2920,2908,2905,2917,2913,2883,2909,2877,2896,2938,2936,2929,2899,2901,2853,2906
200.707,2867.3,2873,2911,2894,2869,2874,2877,2878,2875,2843,2831,2894,2897,2867,2903,2850,2857,2870,2896,2854,2830,2831,2884,2842,2833,2850,2861,2886,2860,2859,2869
201.013,2723.1,2688,2712,2733,2737,2712,2714,2699,2754,2697,2712,2740,2738,2713,2694,2728,2710,2727,2719,2714,2705,2758,2744,2739,2731,2673,2740,2788,2732,2723,2720
201.318,2722.6,2696,2712,2729,2739,2737,2698,2771,2738,2689,2751,2676,2663,2754,2753,2713,2718,2728,2683,2764,2733,2744,2719,2728,2720,2718,2720,2718,2736,2734,2696
201.624,2843.4,2830,2856,2854,2807,2860,2843,2829,2877,2850,2836,2822,2817,2835,2822,2829,2832,2822,2875,2824,2843,2873,2840,2839,2852,2844,2829,2862,2877,2850,2872
201.930,2568.1,2581,2552,2547,2587,2585,2569,2579,2546,2600,2570,2567,2578,2571,2584,2562,2559,2560,2578,2509,2565,2587,2563,2527,2559,2554,2607,2568,2582,2603,2544
202.235,2801.8,2776,2818,2824,2813,2856,2804,2778,2805,2797,2789,2834,2831,2796,2817,2840,2823,2826,2826,2770,2769,2769,2794,2783,2807,2796,2789,2765,2801,2769,2790
202.541,2702.7,2720,2674,2721,2712,2672,2712,2685,2709,2691,2727,2704,2713,2665,2680,2706,2747,2655,2715,2725,2670,2692,2741,2744,2685,2693,2715,2720,2731,2700,2657
202.847,2314.9,2301,2310,2284,2329,2282,2301,2325,2338,2299,2320,2310,2292,2332,2312,2334,2323,2333,2333,2291,2319,2313,2297,2324,2318,2312,2285,2338,2356,2328,2307
203.152,2612.6,2613,2642,2603,2621,2584,2646,2646,2568,2588,2563,2594,2640,2632,2594,2611,2577,2624,2620,2666,2581,2623,2585,2635,2594,2608,2637,2620,2637,2595,2630
203.458,2892.2,2862,2914,2890,2920,2909,2869,2896,2870,2930,2832,2899,2904,2861,2896,2875,2867,2870,2887,2900,2905,2877,2891,2918,2905,2896,2953,2885,2851,2909,2924
203.764,2791.6,2824,2781,2794,2824,2785,2772,2787,2765,2808,2782,2777,2845,2781,2838,2777,2773,2796,2811,2745,2804,2793,2810,2835,2778,2766,2754,2792,2801,2786,2765
204.070,2798.5,2824,2822,2785,2783,2803,2799,2794,2762,2833,2841,2811,2783,2768,2825,2789,2795,2809,2811,2788,2766,2789,2766,2812,2791,2818,2779,2790,2795,2814,2809
204.376,2522.5,2493,2518,2517,2534,2519,2526,2502,2549,2498,2504,2536,2576,2545,2504,2557,2494,2496,2527,2523,2494,2531,2510,2515,2520,2522,2518,2526,2550,2536,2536
204.682,2284.2,2297,2246,2302,2266,2329,2287,2282,2301,2295,2254,2285,2278,2294,2287,2306,2265,2286,2289,2320,2287,2292,2257,2304,2297,2255,2311,2262,2269,2257,2265
204.988,2957.6,2957,2937,3006,2932,2976,2990,2915,2986,2915,2986,2917,2957,2953,2928,2985,2922,2948,2965,2975,2956,2967,2938,2966,2918,3015,2961,2938,2949,2961,3009
205.294,2532.6,2508,2510,2526,2554,2538,2500,2511,2570,2549,2531,2588,2511,2534,2502,2527,2546,2515,2548,2490,2562,2557,2543,2494,2538,2503,2537,2523,2561,2561,2540
205.600,2751.6,2741,2743,2784,2769,2712,2753,2761,2788,2735,2742,2772,2706,2763,2749,2791,2795,2761,2737,2737,2769,2730,2747,2732,2748,2722,2778,2732,2785,2725,2741
205.906,2856.2,2859,2925,2848,2889,2811,2889,2872,2824,2838,2815,2873,2837,2861,2862,2845,2920,2845,2856,2830,2848,2869,2857,2866,2854,2827,2870,2860,2811,2840,2884
206.212,2457.9,2489,2466,2508,2428,2469,2440,2427,2475,2494,2430,2499,2453,2425,2460,2456,2446,2444,2460,2456,2462,2426,2458,2449,2455,2437,2488,2468,2467,2451,2450
206.519,2581.6,2566,2568,2605,2552,2633,2569,2584,2539,2583,2545,2632,2574,2555,2547,2598,2612,2585,2612,2578,2563,2613,2555,2600,2593,2567,2569,2613,2597,2590,2552
206.825,2343.8,2349,2311,2329,2371,2355,2338,2355,2347,2367,2339,2383,2348,2352,2342,2350,2370,2300,2378,2346,2332,2354,2321,2337,2332,2322,2325,2348,2335,2349,2328
207.131,2683.7,2691,2701,2681,2661,2718,2641,2636,2692,2712,2685,2661,2721,2684,2692,2687,2689,2692,2662,2699,2666,2680,2653,2719,2715,2683,2672,2701,2675,2681,2661
207.438,2881.7,2882,2894,2870,2894,2880,2857,2911,2876,2874,2861,2902,2861,2848,2924,2845,2889,2820,2907,2894,2874,2900,2850,2893,2877,2892,2907,2869,2889,2906,2904
207.744,2646.0,2634,2648,2642,2650,2642,2651,2606,2657,2656,2644,2644,2668,2675,2625,2658,2642,2603,2654,2624,2662,2640,2661,2654,2658,2645,2657,2624,2652,2645,2658
208.051,2277.5,2246,2283,2275,2274,2294,2253,2310,2290,2273,2268,2284,2261,2291,2274,2269,2276,2273,2262,2275,2299,2269,2296,2304,2266,2299,2275,2227,2287,2255,2316
208.357,2459.8,2442,2411,2499,2458,2445,2450,2461,2466,2421,2475,2424,2422,2474,2497,2462,2431,2459,2458,2484,2509,2472,2472,2472,2485,2456,2437,2450,2466,2458,2479
208.664,2749.2,2763,2740,2725,2742,2755,2740,2786,2763,2772,2766,2766,2752,2744,2726,2743,2764,2744,2728,2751,2714,2709,2771,2740,2760,2754,2761,2763,2765,2744,2726
208.970,2475.6,2480,2446,2497,2466,2522,2417,2472,2485,2458,2477,2463,2473,2463,2484,2477,2471,2451,2500,2478,2469,2454,2488,2474,2485,2486,2527,2465,2472,2508,2461
209.277,2639.0,2624,2641,2607,2659,2645,2615,2596,2643,2671,2641,2612,2654,2571,2668,2652,2622,2636,2606,2646,2673,2653,2608,2636,2668,2670,2649,2648,2649,2657,2649
209.584,2856.9,2850,2826,2846,2862,2838,2896,2819,2866,2850,2866,2900,2872,2900,2852,2850,2821,2863,2868,2803,2888,2839,2864,2853,2860,2846,2853,2820,2887,2874,2874
209.890,2797.1,2843,2797,2833,2797,2829,2773,2798,2767,2785,2802,2816,2800,2787,2784,2817,2846,2808,2762,2784,2824,2750,2773,2778,2784,2775,2851,2796,2829,2749,2777
210.197,2562.3,2590,2559,2549,2566,2542,2581,2545,2580,2576,2534,2551,2561,2561,2542,2580,2589,2573,2553,2531,2556,2589,2560,2533,2590,2578,2554,2581,2568,2556,2542
210.504,2445.0,2398,2425,2410,2438,2440,2468,2415,2457,2437,2398,2448,2460,2484,2427,2467,2451,2465,2491,2424,2435,2431,2453,2441,2449,2462,2439,2481,2457,2428,2471
210.811,2692.9,2674,2729,2704,2730,2701,2680,2678,2676,2719,2681,2704,2688,2669,2683,2684,2732,2711,2695,2664,2675,2711,2685,2647,2688,2692,2691,2706,2684,2706,2700
211.118,2855.7,2891,2840,2876,2859,2824,2863,2818,2844,2869,2872,2816,2829,2857,2816,2854,2883,2884,2857,2803,2878,2886,2845,2851,2850,2866,2884,2856,2855,2864,2880
211.425,2625.1,2606,2622,2622,2593,2644,2620,2661,2632,2654,2611,2615,2639,2620,2618,2651,2617,2591,2597,2649,2653,2602,2638,2634,2625,2607,2644,2580,2640,2632,2637
211.732,2429.3,2425,2431,2468,2452,2425,2428,2430,2399,2440,2445,2429,2415,2469,2430,2447,2421,2403,2438,2408,2392,2427,2399,2457,2491,2452,2425,2399,2410,2401,2424
212.039,2744.5,2753,2762,2692,2729,2760,2712,2728,2783,2725,2776,2728,2772,2702,2739,2700,2752,2722,2761,2735,2737,2744,2786,2738,2726,2756,2734,2777,2746,2743,2816
212.346,2684.6,2703,2655,2745,2649,2712,2703,2685,2696,2656,2680,2724,2676,2636,2662,2722,2709,2662,2668,2666,2658,2697,2681,2703,2690,2667,2693,2682,2699,2689,2670
212.653,2666.3,2646,2652,2672,2658,2677,2690,2651,2662,2700,2675,2663,2656,2657,2662,2677,2692,2671,2676,2701,2616,2643,2689,2666,2648,2698,2664,2655,2632,2642,2698
212.960,2603.0,2630,2588,2633,2596,2584,2607,2621,2556,2634,2624,2610,2587,2566,2619,2579,2636,2624,2608,2603,2605,2568,2601,2606,2627,2627,2598,2606,2594,2593,2561
213.267,2738.2,2734,2736,2737,2740,2753,2733,2748,2755,2766,2734,2742,2724,2737,2763,2754,2760,2702,2745,2715,2742,2728,2722,2784,2760,2707,2733,2687,2738,2736,2731
213.574,2671.8,2716,2671,2685,2644,2680,2662,2648,2686,2673,2648,2680,2672,2653,2669,2678,2689,2673,2644,2710,2655,2686,2646,2723,2638,2648,2686,2646,2694,2656,2695
213.882,2586.8,2618,2578,2553,2588,2548,2597,2595,2555,2606,2594,2568,2627,2595,2609,2646,2585,2574,2563,2603,2545,2550,2602,2569,2600,2577,2564,2579,2612,2606,2598
214.189,2459.7,2445,2457,2441,2460,2432,2432,2443,2445,2481,2493,2450,2479,2451,2437,2510,2489,2471,2482,2418,2480,2433,2507,2462,2458,2436,2453,2427,2457,2481,2481
214.496,2516.5,2520,2517,2536,2492,2526,2552,2543,2498,2520,2499,2511,2484,2502,2552,2543,2532,2486,2529,2506,2507,2509,2528,2490,2512,2508,2488,2501,2541,2515,2549
214.804,2344.7,2353,2333,2307,2326,2367,2297,2346,2336,2346,2334,2347,2344,2329,2355,2388,2344,2344,2318,2346,2392,2355,2328,2322,2377,2331,2392,2354,2368,2328,2335
215.111,2700.1,2659,2682,2692,2686,2657,2728,2719,2696,2722,2692,2690,2728,2714,2703,2666,2725,2717,2688,2704,2696,2692,2721,2697,2707,2699,2697,2740,2679,2706,2701
215.419,2600.7,2604,2601,2614,2545,2619,2644,2594,2597,2599,2613,2621,2568,2605,2573,2587,2580,2578,2616,2618,2609,2591,2628,2600,2590,2605,2635,2640,2586,2593,2567
215.726,2768.6,2743,2764,2726,2759,2794,2790,2732,2771,2774,2758,2779,2735,2741,2798,2783,2763,2807,2801,2763,2817,2768,2747,2782,2765,2771,2784,2749,2771,2733,2789
216.034,2445.0,2428,2446,2389,2427,2448,2473,2510,2447,2440,2467,2457,2447,2469,2400,2453,2440,2462,2454,2451,2448,2419,2416,2492,2439,2401,2487,2412,2432,2453,2444
216.342,2788.9,2862,2788,2753,2825,2779,2783,2829,2796,2776,2804,2808,2809,2796,2792,2798,2757,2775,2775,2786,2792,2755,2765,2742,2796,2752,2789,2787,2808,2764,2826
216.649,2950.8,2958,2921,2939,2920,2950,2950,2937,2922,2969,2949,2993,2950,2934,2939,2979,2981,2963,2949,2905,3007,2950,2945,2961,2953,2975,2982,2953,2936,2909,2945
216.957,2611.1,2581,2626,2575,2587,2641,2628,2641,2647,2612,2630,2603,2658,2589,2560,2603,2622,2588,2620,2615,2636,2652,2603,2624,2613,2609,2613,2554,2564,2606,2634
217.265,2542.8,2582,2576,2547,2587,2556,2501,2524,2495,2565,2573,2513,2512,2529,2511,2509,2569,2576,2508,2568,2604,2542,2537,2536,2536,2524,2552,2540,2530,2550,2532
217.572,2708.9,2705,2705,2703,2728,2682,2754,2746,2701,2693,2708,2737,2740,2728,2694,2696,2666,2688,2717,2711,2713,2707,2714,2690,2728,2683,2732,2714,2689,2707,2688
217.880,2914.6,2956,2919,2921,2846,2939,2913,2879,2896,2873,2913,2936,2901,2920,2904,2938,2939,2898,2910,2896,2948,2936,2930,2942,2924,2911,2899,2959,2921,2914,2857
218.188,2761.5,2778,2768,2728,2747,2788,2749,2802,2772,2748,2777,2781,2808,2763,2769,2754,2776,2773,2755,2703,2762,2748,2702,2751,2757,2762,2757,2739,2772,2760,2797
218.496,2607.0,2570,2614,2579,2597,2621,2605,2595,2590,2628,2624,2610,2614,2594,2641,2609,2620,2594,2638,2632,2615,2603,2648,2604,2636,2571,2618,2595,2545,2608,2592
218.804,2780.5,2795,2772,2803,2765,2756,2781,2778,2777,2795,2780,2758,2791,2777,2730,2825,2778,2805,2796,2771,2749,2780,2765,2791,2778,2799,2824,2808,2776,2768,2745
219.112,2697.8,2696,2691,2704,2700,2699,2706,2698,2710,2757,2684,2692,2720,2689,2680,2644,2711,2708,2685,2736,2683,2669,2689,2696,2760,2698,2670,2690,2719,2660,2691
219.420,2795.6,2848,2804,2811,2815,2798,2783,2785,2763,2759,2789,2758,2776,2776,2833,2821,2777,2810,2811,2793,2859,2821,2789,2780,2803,2776,2799,2771,2809,2768,2783
219.728,2513.1,2508,2509,2509,2501,2518,2529,2534,2518,2489,2534,2474,2546,2482,2526,2533,2504,2535,2479,2504,2523,2506,2508,2504,2515,2505,2527,2541,2527,2511,2493
220.036,2679.7,2696,2691,2728,2669,2660,2647,2652,2655,2685,2663,2715,2671,2713,2625,2714,2693,2655,2655,2696,2680,2657,2666,2703,2703,2680,2681,2674,2710,2655,2700
220.345,2772.8,2728,2773,2780,2721,2760,2765,2774,2789,2781,2784,2733,2752,2746,2769,2766,2762,2781,2771,2764,2785,2811,2766,2774,2789,2795,2776,2782,2787,2818,2803
220.653,2824.3,2818,2822,2818,2824,2834,2824,2802,2808,2824,2828,2837,2807,2862,2810,2831,2862,2857,2825,2822,2848,2836,2821,2766,2822,2822,2782,2849,2824,2833,2811
220.961,2563.1,2548,2550,2599,2508,2607,2541,2591,2593,2581,2566,2560,2547,2567,2544,2606,2520,2594,2555,2523,2564,2561,2527,2509,2544,2612,2551,2563,2571,2586,2604
221.269,3236.7,3256,3252,3192,3244,3244,3254,3255,3218,3262,3257,3257,3260,3257,3253,3249,3227,3214,3217,3232,3207,3248,3169,3231,3240,3251,3211,3256,3262,3218,3209
221.578,2711.0,2725,2733,2703,2744,2704,2676,2722,2742,2742,2690,2747,2730,2675,2722,2725,2697,2692,2705,2723,2707,2714,2673,2683,2746,2691,2697,2709,2717,2719,2676
221.886,2552.7,2505,2551,2572,2588,2587,2548,2520,2546,2539,2573,2566,2554,2548,2557,2556,2551,2523,2552,2564,2552,2501,2604,2564,2546,2533,2540,2533,2596,2555,2557
222.195,2845.7,2843,2886,2820,2854,2833,2791,2850,2875,2869,2850,2863,2819,2842,2826,2878,2896,2865,2856,2879,2790,2793,2828,2834,2847,2889,2811,2873,2824,2850,2838
222.503,3064.9,3052,3079,3059,3077,3071,3111,3045,3077,3078,3105,3008,3070,3090,3080,3062,3093,3100,3030,3077,3042,3058,3046,3051,3080,3064,3017,3086,3039,3048,3053
222.812,2539.9,2524,2558,2538,2535,2584,2539,2532,2513,2572,2572,2545,2489,2545,2524,2516,2554,2530,2540,2561,2573,2537,2521,2594,2527,2530,2539,2527,2512,2555,2511
223.120,2730.5,2707,2704,2742,2764,2761,2750,2758,2721,2746,2760,2772,2716,2742,2693,2767,2698,2740,2704,2700,2746,2765,2741,2707,2737,2675,2759,2715,2718,2717,2690
223.429,3382.8,3352,3378,3410,3419,3407,3370,3381,3383,3406,3419,3357,3376,3343,3366,3368,3372,3380,3382,3389,3425,3412,3417,3346,3343,3368,3409,3403,3330,3383,3389
223.738,2539.3,2560,2522,2530,2521,2531,2517,2547,2528,2520,2559,2576,2524,2554,2520,2587,2541,2541,2529,2523,2542,2580,2520,2514,2537,2527,2548,2583,2502,2558,2537
224.046,2568.0,2562,2572,2571,2615,2519,2531,2565,2579,2590,2563,2616,2599,2594,2581,2566,2577,2559,2540,2555,2596,2564,2549,2534,2584,2537,2557,2543,2567,2611,2545
224.355,2577.3,2598,2608,2564,2590,2559,2574,2564,2562,2598,2580,2555,2558,2582,2596,2589,2530,2575,2591,2578,2596,2587,2568,2600,2604,2596,2557,2569,2539,2578,2575
224.664,2738.5,2723,2763,2726,2763,2771,2756,2762,2756,2738,2723,2712,2729,2702,2730,2744,2746,2784,2731,2757,2728,2687,2758,2734,2713,2716,2712,2755,2733,2755,2749
224.973,2307.6,2280,2282,2329,2299,2309,2297,2345,2336,2318,2301,2312,2304,2344,2295,2317,2293,2339,2301,2315,2301,2334,2323,2298,2289,2284,2312,2268,2253,2314,2336
225.281,3008.7,2993,3019,2993,3010,3008,3032,3017,3032,3010,3003,3048,2995,3027,3005,2990,3001,3018,3016,3010,2990,3006,3038,3004,3014,3048,2984,3011,2981,3003,2955
225.590,2606.0,2620,2614,2600,2597,2590,2646,2615,2605,2611,2591,2594,2612,2608,2630,2594,2631,2583,2620,2605,2627,2589,2643,2562,2598,2613,2609,2606,2577,2590,2599
225.899,2866.2,2872,2873,2846,2910,2881,2840,2867,2844,2862,2869,2874,2898,2870,2838,2820,2902,2877,2871,2859,2848,2897,2859,2831,2851,2856,2865,2835,2882,2904,2884
226.208,3030.7,3043,3014,3043,3076,3040,3034,3036,3103,2965,3033,3045,3049,3044,3023,2994,3037,3032,2990,3000,3042,3021,3027,3005,3041,3076,3066,3014,2991,3023,3013
226.517,2764.9,2790,2760,2766,2795,2760,2771,2730,2730,2758,2770,2808,2737,2744,2722,2759,2756,2771,2790,2763,2777,2747,2742,2790,2796,2787,2732,2808,2730,2778,2779
226.826,2805.8,2774,2785,2828,2836,2837,2848,2807,2772,2808,2821,2828,2817,2793,2808,2846,2781,2782,2804,2815,2776,2808,2800,2819,2799,2793,2805,2771,2808,2814,2792
227.136,2555.6,2527,2570,2604,2563,2511,2538,2574,2570,2556,2570,2545,2562,2530,2585,2572,2561,2561,2556,2504,2562,2561,2549,2546,2569,2530,2560,2561,2548,2576,2548
227.445,2613.9,2620,2631,2636,2626,2565,2618,2596,2602,2569,2643,2626,2663,2655,2579,2615,2608,2613,2642,2600,2559,2649,2632,2593,2643,2582,2576,2609,2616,2607,2643
227.754,2912.6,2917,2933,2871,2904,2920,2913,2898,2917,2909,2960,2939,2869,2915,2886,2884,2902,2905,2912,2927,2900,2881,2932,2963,2906,2879,2907,2923,2944,2936,2927
228.063,2519.8,2466,2513,2537,2560,2532,2486,2532,2546,2519,2562,2504,2543,2512,2511,2493,2509,2544,2543,2520,2515,2499,2501,2509,2514,2510,2504,2510,2540,2532,2527
228.373,3254.1,3258,3280,3246,3276,3294,3236,3300,3239,3266,3266,3211,3211,3237,3274,3262,3206,3192,3238,3289,3244,3262,3225,3270,3327,3262,3205,3258,3276,3267,3245
228.682,2943.8,2947,2968,2936,2914,2926,2955,2971,2945,2899,2914,2966,2933,2934,2967,2955,2978,2922,2943,2960,2977,2929,2953,2931,2936,2937,2966,2915,2947,2946,2943
228.991,2373.9,2294,2363,2344,2350,2388,2381,2386,2353,2360,2394,2394,2356,2398,2357,2408,2386,2367,2339,2345,2403,2368,2401,2370,2390,2411,2402,2362,2371,2379,2398
229.301,2753.9,2742,2759,2749,2756,2733,2733,2757,2748,2713,2751,2795,2740,2705,2740,2749,2780,2776,2776,2758,2734,2799,2790,2756,2762,2754,2758,2721,2739,2780,2765
229.610,2701.9,2749,2705,2716,2699,2696,2722,2653,2727,2702,2721,2677,2678,2653,2719,2703,2687,2756,2753,2693,2700,2688,2729,2691,2688,2696,2723,2687,2686,2681,2679
229.920,2432.1,2502,2434,2432,2400,2448,2399,2424,2441,2431,2451,2408,2442,2437,2410,2434,2446,2450,2414,2431,2427,2430,2427,2409,2417,2434,2416,2460,2447,2436,2425
230.229,2661.4,2686,2624,2692,2662,2663,2658,2654,2650,2647,2651,2666,2601,2650,2656,2640,2678,2616,2696,2664,2683,2678,2680,2647,2653,2676,2668,2678,2644,2720,2661
230.539,2719.0,2715,2715,2708,2704,2712,2703,2708,2716,2739,2738,2708,2710,2743,2697,2737,2755,2677,2740,2753,2728,2738,2737,2723,2726,2727,2735,2687,2734,2722,2635
230.848,2877.3,2895,2878,2900,2891,2855,2837,2850,2863,2924,2854,2854,2894,2866,2872,2864,2848,2889,2865,2861,2874,2891,2880,2877,2874,2901,2866,2902,2914,2894,2885
231.158,2825.1,2813,2828,2847,2795,2822,2800,2851,2829,2857,2819,2852,2810,2800,2825,2814,2854,2819,2800,2850,2799,2830,2846,2814,2817,2877,2816,2822,2771,2835,2841
231.468,2809.4,2810,2798,2835,2775,2800,2827,2771,2784,2828,2806,2777,2807,2864,2826,2807,2827,2819,2813,2825,2820,2794,2818,2813,2788,2847,2823,2795,2819,2761,2806
231.778,2964.4,2990,3004,2945,2947,2970,2971,2984,2947,2990,2960,3020,2936,2929,2956,2959,2956,3018,2956,2952,2925,3005,2916,2943,2928,2953,2971,2978,2989,2979,2955
232.087,2804.5,2768,2768,2788,2826,2798,2784,2828,2824,2803,2832,2816,2775,2832,2838,2784,2803,2776,2801,2787,2767,2797,2856,2792,2782,2854,2776,2792,2818,2849,2820
232.397,2712.0,2705,2685,2722,2686,2710,2745,2720,2709,2685,2720,2701,2692,2667,2717,2751,2719,2741,2724,2719,2709,2723,2702,2690,2733,2694,2707,2746,2725,2691,2723
232.707,2294.9,2315,2319,2304,2322,2286,2303,2288,2266,2255,2315,2281,2253,2289,2298,2318,2318,2303,2303,2265,2254,2285,2305,2297,2296,2307,2276,2312,2288,2324,2301
233.017,2451.6,2475,2446,2479,2419,2459,2452,2490,2417,2508,2462,2452,2463,2407,2426,2495,2474,2460,2418,2440,2480,2411,2443,2458,2476,2455,2444,2391,2442,2412,2493
233.327,2637.7,2624,2652,2645,2637,2625,2641,2613,2638,2660,2664,2639,2631,2584,2642,2674,2641,2591,2610,2630,2638,2648,2652,2611,2641,2624,2638,2666,2626,2675,2672
233.637,2462.8,2501,2505,2470,2468,2462,2475,2459,2466,2416,2485,2494,2474,2479,2440,2492,2463,2428,2443,2489,2473,2507,2452,2451,2472,2422,2417,2448,2419,2446,2468
233.947,2785.8,2764,2776,2849,2803,2790,2767,2785,2806,2793,2798,2762,2747,2782,2796,2789,2780,2774,2796,2788,2757,2787,2803,2786,2788,2799,2736,2768,2818,2778,2808
234.257,2773.4,2808,2788,2785,2780,2745,2767,2747,2764,2802,2763,2776,2792,2729,2760,2792,2748,2764,2796,2794,2752,2772,2814,2761,2791,2787,2752,2737,2797,2778,2761
234.567,2466.8,2443,2465,2520,2452,2469,2456,2465,2449,2464,2482,2484,2446,2480,2448,2461,2473,2471,2474,2478,2480,2464,2435,2460,2475,2437,2479,2470,2483,2482,2459
234.878,2598.6,2580,2620,2573,2594,2603,2580,2568,2614,2606,2605,2638,2603,2607,2577,2574,2593,2577,2609,2603,2564,2621,2591,2624,2606,2597,2617,2603,2574,2638,2598
235.188,2623.7,2553,2642,2652,2596,2622,2608,2605,2648,2624,2632,2651,2633,2602,2609,2662,2614,2609,2610,2612,2607,2676,2664,2629,2612,2571,2608,2617,2655,2648,2639
235.498,2634.5,2625,2663,2628,2653,2638,2588,2664,2639,2632,2602,2643,2604,2633,2610,2638,2597,2653,2664,2659,2630,2649,2606,2667,2632,2611,2623,2633,2638,2653,2661
235.808,2721.6,2744,2723,2729,2690,2746,2752,2735,2713,2716,2746,2725,2748,2718,2751,2747,2746,2706,2737,2698,2682,2718,2765,2654,2717,2719,2705,2689,2686,2715,2728
236.119,2771.8,2762,2784,2784,2803,2789,2806,2771,2787,2792,2748,2749,2733,2760,2737,2778,2769,2785,2788,2728,2732,2783,2751,2790,2753,2786,2819,2734,2792,2787,2774
236.429,2722.4,2690,2786,2708,2741,2745,2712,2697,2728,2752,2731,2678,2717,2702,2748,2716,2720,2730,2726,2730,2734,2738,2763,2689,2726,2719,2682,2715,2729,2709,2712
236.740,2566.8,2593,2575,2553,2569,2552,2561,2575,2548,2631,2566,2565,2578,2554,2550,2561,2538,2572,2591,2543,2541,2580,2551,2568,2589,2566,2536,2568,2558,2590,2582
237.050,2748.6,2745,2703,2761,2719,2781,2763,2754,2761,2721,2760,2750,2744,2775,2754,2756,2723,2710,2746,2736,2789,2697,2763,2749,2798,2777,2747,2716,2755,2749,2757
237.361,2560.1,2564,2586,2583,2567,2553,2565,2544,2582,2582,2582,2533,2541,2564,2564,2524,2548,2538,2554,2589,2529,2607,2587,2525,2564,2568,2554,2539,2539,2580,2548
237.671,2656.2,2661,2657,2622,2643,2650,2671,2662,2641,2680,2699,2619,2649,2669,2655,2659,2665,2670,2603,2635,2624,2649,2668,2648,2704,2685,2671,2649,2657,2670,2652
237.982,2270.4,2214,2312,2251,2275,2254,2242,2310,2260,2296,2245,2266,2274,2266,2267,2266,2264,2275,2278,2251,2237,2264,2276,2261,2279,2304,2282,2312,2284,2280,2268
238.293,2871.5,2886,2844,2859,2860,2807,2898,2894,2890,2856,2879,2870,2927,2880,2846,2878,2891,2881,2861,2902,2857,2867,2872,2888,2860,2881,2887,2875,2840,2868,2842
238.603,2577.6,2571,2595,2573,2596,2592,2582,2576,2586,2582,2603,2602,2537,2606,2568,2591,2541,2542,2594,2548,2538,2573,2581,2602,2564,2604,2546,2601,2568,2561,2604
238.914,2688.5,2682,2712,2646,2706,2696,2749,2714,2697,2713,2656,2698,2699,2675,2675,2661,2654,2664,2672,2679,2698,2676,2721,2704,2722,2708,2664,2671,2675,2658,2710
239.225,2546.5,2567,2562,2526,2511,2596,2572,2524,2571,2526,2550,2546,2566,2514,2542,2528,2520,2501,2541,2557,2574,2571,2529,2582,2527,2615,2523,2559,2573,2512,2511
239.536,2523.6,2537,2577,2505,2473,2480,2517,2559,2531,2526,2527,2505,2562,2497,2517,2517,2514,2492,2530,2568,2543,2516,2517,2521,2525,2558,2515,2501,2496,2556,2526
239.846,2274.7,2251,2261,2229,2249,2285,2249,2278,2268,2314,2268,2248,2287,2282,2255,2273,2295,2272,2270,2281,2275,2325,2267,2274,2266,2259,2329,2279,2328,2245,2280
240.157,2432.9,2446,2405,2395,2424,2444,2444,2424,2475,2439,2395,2406,2412,2430,2431,2438,2452,2439,2456,2438,2422,2440,2455,2460,2444,2422,2404,2441,2443,2423,2440
240.468,2677.8,2671,2721,2668,2692,2686,2680,2667,2701,2671,2661,2690,2675,2655,2709,2691,2705,2696,2650,2710,2686,2668,2698,2662,2656,2626,2687,2691,2687,2602,2672
240.779,2602.2,2585,2598,2588,2592,2616,2588,2595,2616,2587,2610,2598,2622,2580,2604,2618,2594,2604,2598,2598,2612,2611,2636,2602,2604,2672,2601,2600,2555,2591,2592
241.090,2554.0,2586,2536,2562,2589,2569,2536,2572,2558,2546,2545,2546,2526,2574,2578,2560,2561,2552,2552,2569,2508,2553,2546,2534,2526,2540,2532,2561,2552,2582,2569
241.401,2533.3,2568,2553,2523,2524,2520,2507,2524,2555,2506,2537,2535,2541,2515,2506,2559,2600,2542,2556,2534,2484,2483,2537,2541,2554,2560,2528,2526,2533,2528,2521
241.713,2659.0,2693,2666,2664,2647,2656,2666,2693,2648,2685,2665,2613,2680,2661,2665,2616,2652,2627,2646,2641,2671,2693,2652,2687,2667,2643,2667,2630,2678,2639,2660
242.024,2293.7,2254,2307,2323,2312,2319,2340,2287,2284,2278,2277,2290,2300,2273,2275,2324,2318,2290,2289,2299,2290,2298,2328,2289,2267,2231,2290,2275,2294,2264,2345
242.335,2584.1,2589,2588,2608,2608,2522,2561,2588,2561,2569,2595,2569,2561,2606,2580,2568,2607,2604,2601,2621,2574,2599,2575,2562,2588,2572,2579,2561,2614,2578,2615
242.646,2598.1,2613,2613,2557,2568,2578,2633,2604,2630,2593,2621,2581,2630,2533,2621,2585,2604,2569,2580,2595,2633,2625,2604,2586,2622,2593,2550,2609,2624,2594,2596
242.957,2419.9,2408,2454,2439,2403,2406,2414,2401,2424,2421,2457,2397,2399,2422,2442,2394,2416,2440,2394,2390,2449,2399,2392,2412,2363,2472,2424,2429,2446,2414,2475
243.269,2828.6,2828,2836,2851,2842,2838,2821,2810,2852,2838,2839,2829,2796,2863,2818,2852,2800,2819,2805,2844,2854,2837,2842,2835,2815,2815,2822,2788,2816,2816,2838
243.580,2386.4,2409,2364,2377,2376,2376,2392,2376,2364,2436,2377,2388,2359,2374,2390,2383,2385,2389,2412,2407,2408,2367,2372,2399,2403,2415,2397,2394,2360,2381,2361
243.892,2403.7,2430,2383,2398,2439,2447,2406,2348,2379,2389,2405,2380,2447,2389,2376,2407,2413,2405,2408,2389,2411,2429,2426,2407,2414,2412,2404,2405,2405,2388,2372
244.203,2804.5,2768,2814,2758,2772,2803,2816,2778,2869,2828,2795,2795,2833,2778,2782,2808,2807,2802,2828,2802,2806,2856,2819,2809,2787,2797,2794,2805,2770,2834,2823
244.514,2358.2,2337,2356,2385,2341,2344,2372,2335,2374,2366,2352,2368,2335,2377,2325,2345,2384,2335,2342,2353,2365,2360,2324,2381,2388,2355,2398,2372,2351,2357,2368
244.826,2464.9,2495,2449,2427,2427,2464,2474,2493,2449,2468,2442,2476,2433,2451,2499,2504,2485,2480,2427,2474,2425,2492,2515,2440,2459,2497,2456,2462,2482,2448,2453
245.138,2317.5,2330,2336,2310,2323,2302,2346,2315,2331,2318,2300,2321,2280,2315,2311,2293,2287,2327,2336,2362,2308,2306,2322,2346,2311,2318,2314,2331,2283,2289,2354
245.449,2958.4,2986,2981,2958,2907,2966,2921,2976,2986,3003,2962,2990,2953,2933,2953,2944,2962,2975,3002,2956,2964,2915,2944,2979,2972,2923,2945,2949,2953,2978,2916
245.761,2594.4,2581,2603,2589,2596,2563,2620,2585,2584,2602,2596,2569,2597,2596,2627,2564,2646,2593,2615,2604,2600,2584,2576,2592,2636,2576,2610,2546,2593,2588,2600
246.073,2193.6,2197,2171,2217,2222,2208,2189,2173,2201,2198,2196,2189,2191,2200,2168,2222,2201,2169,2168,2174,2205,2177,2218,2187,2191,2209,2220,2199,2202,2180,2165
246.384,2411.7,2458,2424,2417,2403,2373,2416,2425,2427,2433,2432,2368,2417,2401,2428,2345,2378,2420,2422,2398,2405,2399,2409,2418,2435,2419,2411,2404,2429,2415,2422
246.696,2421.0,2440,2422,2437,2409,2417,2413,2392,2387,2412,2454,2461,2403,2394,2429,2411,2417,2409,2445,2422,2401,2435,2457,2429,2409,2434,2410,2429,2471,2363,2418
247.008,2245.5,2230,2305,2237,2241,2267,2232,2198,2228,2234,2228,2239,2262,2244,2259,2216,2241,2282,2205,2213,2272,2223,2257,2262,2274,2242,2235,2258,2256,2248,2276
247.320,2395.1,2441,2408,2402,2403,2376,2395,2441,2396,2355,2413,2430,2378,2397,2421,2393,2437,2391,2424,2392,2385,2397,2369,2392,2360,2383,2325,2399,2364,2360,2425
247.632,2518.3,2536,2551,2531,2513,2502,2485,2469,2548,2513,2504,2571,2537,2566,2505,2497,2527,2509,2490,2532,2522,2491,2515,2499,2507,2509,2526,2554,2500,2543,2497
247.944,2416.6,2402,2431,2411,2440,2414,2441,2404,2393,2430,2438,2406,2398,2424,2412,2382,2392,2421,2440,2402,2424,2424,2430,2401,2405,2414,2426,2449,2415,2417,2412
248.256,2591.2,2597,2598,2585,2580,2588,2591,2557,2628,2580,2616,2539,2529,2614,2596,2542,2590,2584,2594,2619,2554,2617,2609,2589,2577,2603,2622,2613,2588,2651,2585
248.568,2334.9,2307,2350,2328,2345,2312,2344,2383,2353,2316,2348,2300,2312,2326,2358,2312,2326,2345,2303,2325,2333,2384,2306,2320,2350,2335,2320,2369,2357,2312,2369
248.880,2482.8,2450,2501,2499,2473,2447,2512,2471,2469,2469,2493,2457,2481,2470,2498,2484,2501,2464,2482,2487,2462,2509,2523,2527,2449,2468,2519,2473,2481,2507,2457
249.192,2426.4,2431,2396,2434,2437,2420,2438,2435,2419,2417,2443,2414,2417,2460,2464,2409,2440,2407,2406,2460,2415,2424,2410,2448,2436,2405,2400,2406,2467,2410,2424
249.504,3387.8,3388,3361,3392,3361,3391,3393,3400,3370,3385,3325,3395,3387,3432,3441,3422,3340,3360,3433,3369,3438,3422,3353,3420,3364,3384,3390,3377,3387,3376,3377
249.816,2597.7,2595,2579,2605,2625,2575,2580,2547,2632,2542,2609,2586,2586,2580,2625,2580,2627,2582,2617,2570,2595,2612,2624,2592,2570,2620,2621,2598,2621,2592,2644
250.129,2503.2,2523,2502,2484,2496,2481,2521,2521,2508,2529,2511,2513,2524,2480,2531,2495,2496,2493,2473,2524,2541,2494,2470,2494,2480,2513,2503,2498,2453,2497,2549
250.441,2215.0,2212,2201,2220,2190,2206,2198,2159,2226,2212,2219,2163,2244,2238,2173,2209,2251,2226,2232,2190,2233,2210,2195,2221,2207,2240,2261,2217,2217,2250,2230
250.753,2199.2,2179,2193,2204,2196,2219,2192,2200,2220,2196,2218,2138,2175,2168,2216,2216,2201,2205,2192,2205,2165,2229,2212,2206,2200,2232,2175,2201,2233,2181,2210
251.066,2316.1,2306,2313,2320,2286,2320,2298,2285,2321,2286,2350,2309,2337,2322,2330,2338,2280,2339,2353,2343,2312,2307,2307,2264,2327,2340,2334,2310,2344,2317,2284
251.378,2274.7,2252,2251,2244,2277,2273,2256,2280,2289,2283,2293,2310,2262,2300,2276,2242,2281,2295,2296,2285,2286,2235,2272,2279,2292,2243,2263,2318,2283,2248,2276
251.690,2241.3,2240,2252,2215,2237,2249,2251,2235,2240,2241,2218,2245,2255,2249,2222,2253,2261,2272,2247,2250,2216,2252,2262,2207,2270,2235,2214,2189,2238,2259,2264
252.003,2504.2,2518,2508,2500,2497,2475,2509,2451,2488,2464,2498,2485,2493,2514,2507,2530,2526,2540,2504,2490,2482,2505,2528,2514,2517,2552,2482,2493,2531,2500,2524
252.315,2512.7,2531,2495,2525,2500,2520,2527,2513,2546,2493,2507,2493,2513,2498,2511,2537,2515,2515,2502,2517,2548,2504,2493,2510,2483,2520,2509,2532,2498,2524,2502
252.628,2704.2,2710,2688,2675,2685,2740,2715,2680,2690,2687,2681,2723,2702,2704,2713,2718,2689,2729,2713,2721,2680,2751,2674,2719,2726,2697,2661,2703,2722,2700,2730
252.941,2488.0,2467,2489,2467,2407,2511,2496,2465,2477,2513,2502,2485,2507,2499,2494,2512,2503,2500,2488,2474,2509,2453,2521,2479,2480,2494,2441,2514,2511,2512,2470
253.253,2436.6,2463,2448,2429,2446,2472,2402,2408,2431,2430,2452,2446,2469,2424,2452,2429,2408,2456,2434,2433,2441,2440,2450,2447,2436,2437,2419,2453,2396,2450,2397
253.566,2592.3,2585,2581,2649,2608,2573,2585,2568,2615,2583,2603,2621,2616,2571,2588,2607,2593,2587,2608,2607,2619,2548,2604,2580,2533,2543,2561,2635,2582,2627,2589
253.879,2713.8,2717,2747,2689,2700,2649,2662,2750,2714,2708,2714,2739,2767,2727,2735,2721,2716,2712,2684,2723,2704,2722,2720,2705,2724,2739,2703,2671,2736,2714,2702
254.192,2515.6,2489,2494,2543,2474,2475,2467,2500,2549,2512,2521,2526,2534,2530,2511,2499,2493,2542,2537,2566,2527,2523,2516,2542,2478,2494,2547,2482,2516,2518,2562
254.504,2572.6,2558,2565,2567,2581,2559,2548,2561,2592,2521,2591,2539,2611,2553,2572,2543,2584,2546,2563,2593,2590,2584,2575,2610,2585,2583,2589,2580,2587,2563,2586
254.817,2289.9,2301,2315,2285,2263,2241,2325,2262,2301,2283,2282,2276,2324,2302,2273,2307,2284,2289,2252,2302,2332,2331,2304,2313,2296,2272,2278,2284,2283,2293,2245
255.130,2688.6,2683,2662,2694,2672,2666,2759,2708,2730,2661,2690,2708,2686,2707,2697,2639,2654,2709,2689,2682,2714,2680,2704,2682,2687,2702,2652,2676,2694,2656,2716
255.443,2441.6,2442,2468,2466,2499,2427,2430,2443,2432,2418,2446,2413,2415,2460,2443,2489,2459,2422,2389,2408,2462,2468,2413,2408,2464,2448,2434,2456,2433,2433,2460
255.756,2733.1,2731,2716,2712,2725,2767,2722,2725,2744,2716,2724,2722,2753,2739,2728,2729,2733,2768,2742,2696,2763,2734,2775,2682,2766,2719,2726,2746,2735,2721,2734
256.069,2190.7,2186,2185,2191,2223,2191,2175,2180,2191,2187,2191,2187,2191,2216,2211,2214,2197,2175,2226,2165,2148,2208,2171,2212,2195,2202,2161,2180,2183,2175,2203
256.382,2686.3,2718,2689,2689,2673,2721,2675,2661,2669,2694,2712,2670,2712,2713,2692,2630,2674,2692,2705,2682,2640,2673,2683,2657,2704,2723,2696,2668,2708,2687,2678
256.695,2695.3,2664,2662,2644,2758,2683,2732,2693,2718,2703,2664,2713,2680,2706,2719,2713,2715,2689,2721,2691,2699,2675,2682,2691,2690,2724,2693,2684,2683,2697,2672
257.009,2192.0,2182,2226,2173,2221,2184,2174,2182,2168,2153,2144,2218,2210,2235,2157,2201,2170,2196,2211,2195,2176,2208,2202,2192,2202,2210,2169,2216,2182,2190,2213
257.322,2802.1,2779,2797,2836,2779,2806,2771,2814,2792,2818,2862,2814,2752,2781,2840,2816,2813,2776,2800,2787,2785,2801,2815,2815,2809,2799,2813,2813,2765,2821,2795
257.635,2336.5,2288,2335,2365,2326,2364,2369,2313,2310,2298,2338,2358,2361,2312,2283,2347,2383,2349,2312,2358,2365,2353,2319,2327,2355,2339,2333,2340,2335,2345,2316
257.948,2689.1,2697,2699,2702,2692,2657,2704,2635,2710,2666,2666,2698,2717,2679,2645,2689,2741,2716,2696,2668,2674,2678,2693,2694,2673,2687,2687,2684,2705,2691,2731
258.262,2614.4,2648,2614,2630,2624,2584,2603,2623,2580,2614,2613,2591,2586,2656,2598,2594,2649,2584,2634,2623,2623,2642,2584,2576,2655,2640,2598,2582,2598,2627,2659
258.575,2555.1,2541,2587,2526,2552,2569,2585,2531,2522,2507,2557,2549,2564,2549,2546,2560,2563,2562,2571,2565,2589,2532,2567,2557,2571,2556,2568,2543,2570,2558,2535
258.888,2798.6,2770,2781,2780,2781,2818,2808,2786,2808,2821,2757,2788,2791,2772,2785,2845,2771,2806,2827,2764,2781,2756,2781,2861,2820,2847,2812,2808,2826,2788,2819
259.202,2106.8,2095,2100,2083,2148,2075,2144,2118,2133,2092,2117,2097,2114,2107,2096,2097,2094,2137,2112,2124,2114,2066,2103,2093,2086,2140,2107,2093,2124,2121,2073
259.515,2294.7,2286,2298,2342,2316,2301,2254,2271,2269,2308,2324,2315,2273,2287,2285,2301,2283,2280,2268,2340,2337,2267,2321,2306,2248,2292,2281,2297,2305,2290,2296
259.829,2181.2,2175,2169,2200,2203,2187,2163,2204,2153,2204,2172,2145,2177,2216,2216,2186,2215,2189,2168,2136,2189,2151,2168,2173,2188,2159,2185,2191,2173,2173,2208
260.142,2207.6,2178,2216,2230,2201,2197,2216,2198,2240,2204,2229,2193,2211,2232,2196,2219,2222,2203,2220,2219,2207,2210,2190,2213,2183,2181,2182,2203,2194,2207,2235
260.456,2358.8,2369,2373,2342,2333,2359,2348,2401,2385,2317,2384,2336,2314,2383,2366,2373,2368,2341,2358,2352,2369,2376,2359,2371,2321,2338,2362,2354,2342,2386,2385
260.770,2592.5,2600,2632,2605,2574,2571,2632,2593,2591,2578,2579,2581,2598,2636,2618,2637,2584,2586,2563,2575,2595,2564,2588,2614,2548,2608,2596,2562,2565,2613,2588
261.083,2730.7,2740,2755,2735,2720,2737,2765,2698,2706,2749,2737,2741,2710,2715,2739,2721,2703,2744,2686,2758,2691,2707,2768,2723,2724,2733,2741,2748,2757,2728,2743
261.397,2261.4,2267,2245,2258,2240,2232,2290,2280,2256,2257,2291,2280,2246,2260,2245,2289,2227,2273,2238,2281,2258,2284,2252,2216,2253,2291,2292,2257,2266,2249,2270
261.711,2253.7,2249,2255,2256,2289,2227,2227,2201,2262,2273,2237,2237,2258,2254,2257,2222,2234,2297,2240,2260,2281,2279,2300,2245,2218,2269,2253,2274,2292,2229,2235
262.025,2156.3,2155,2173,2165,2156,2166,2170,2199,2171,2131,2142,2152,2163,2161,2149,2108,2144,2138,2162,2146,2141,2155,2126,2191,2169,2158,2185,2170,2176,2141,2125
262.339,2731.8,2794,2708,2700,2732,2743,2707,2686,2762,2745,2721,2712,2687,2739,2761,2703,2702,2739,2752,2736,2736,2752,2721,2745,2740,2777,2709,2747,2736,2728,2734
262.653,2152.0,2197,2130,2140,2185,2169,2104,2156,2141,2169,2133,2142,2206,2155,2139,2122,2165,2132,2131,2154,2153,2184,2171,2133,2162,2145,2140,2180,2159,2127,2137
262.967,2540.3,2537,2575,2555,2558,2500,2536,2531,2513,2548,2538,2518,2504,2578,2522,2565,2530,2570,2537,2571,2556,2542,2521,2519,2521,2496,2529,2560,2578,2568,2534
263.281,2563.2,2554,2599,2509,2573,2580,2552,2537,2543,2575,2550,2584,2570,2549,2565,2563,2608,2587,2582,2579,2548,2579,2536,2592,2556,2574,2544,2549,2545,2564,2549
263.595,2525.7,2513,2590,2582,2527,2498,2503,2482,2501,2532,2540,2504,2505,2513,2576,2562,2547,2505,2540,2496,2546,2462,2541,2559,2545,2488,2512,2524,2530,2515,2532
263.909,2238.4,2259,2225,2238,2216,2226,2275,2244,2189,2197,2191,2252,2232,2223,2259,2261,2241,2233,2224,2273,2260,2240,2229,2213,2243,2264,2259,2249,2228,2268,2241
264.223,2342.1,2363,2338,2342,2347,2333,2345,2367,2314,2351,2348,2371,2383,2348,2324,2354,2339,2352,2348,2332,2370,2331,2310,2323,2368,2313,2319,2381,2294,2326,2328
264.537,2229.5,2211,2238,2280,2266,2265,2236,2213,2225,2206,2225,2285,2208,2246,2193,2204,2213,2236,2228,2265,2221,2249,2219,2177,2200,2228,2213,2238,2218,2235,2245
264.851,2334.4,2307,2317,2310,2318,2379,2313,2333,2320,2319,2357,2339,2351,2324,2370,2362,2309,2334,2307,2338,2329,2331,2338,2330,2318,2308,2386,2369,2354,2329,2332
265.165,2380.9,2374,2395,2368,2337,2403,2371,2376,2359,2379,2374,2389,2377,2423,2391,2376,2405,2358,2354,2358,2410,2377,2413,2391,2364,2372,2404,2395,2343,2389,2401
265.480,2396.5,2424,2381,2371,2422,2411,2370,2400,2415,2414,2390,2390,2380,2380,2386,2382,2401,2397,2408,2390,2377,2418,2371,2401,2431,2403,2420,2395,2373,2384,2410
265.794,2261.7,2265,2276,2235,2278,2252,2296,2257,2281,2225,2282,2293,2266,2274,2253,2270,2236,2232,2246,2299,2246,2269,2252,2276,2268,2230,2261,2252,2276,2243,2261
266.108,2243.3,2227,2265,2221,2246,2248,2222,2233,2227,2235,2208,2257,2240,2218,2243,2235,2278,2300,2212,2228,2244,2236,2220,2261,2238,2278,2255,2253,2267,2297,2208
266.423,2353.9,2370,2372,2344,2303,2365,2350,2379,2339,2344,2353,2352,2395,2381,2377,2376,2376,2331,2340,2364,2346,2373,2359,2353,2307,2336,2365,2336,2318,2387,2325
266.737,2492.1,2473,2521,2508,2482,2484,2529,2480,2520,2469,2468,2514,2529,2508,2520,2492,2488,2469,2462,2511,2522,2483,2509,2473,2489,2473,2490,2483,2490,2465,2459
267.052,2344.3,2343,2329,2373,2370,2327,2319,2342,2342,2321,2382,2334,2381,2362,2328,2351,2354,2364,2330,2356,2341,2309,2320,2300,2330,2311,2381,2336,2333,2383,2378
267.366,2236.1,2234,2264,2248,2240,2275,2226,2215,2235,2274,2278,2196,2245,2246,2226,2189,2260,2229,2216,2269,2248,2208,2222,2245,2198,2240,2233,2245,2226,2253,2200
267.681,2477.4,2497,2491,2506,2491,2485,2479,2481,2502,2473,2496,2462,2481,2441,2488,2477,2510,2460,2443,2526,2452,2445,2461,2516,2434,2464,2485,2428,2472,2507,2468
267.995,2749.3,2778,2785,2768,2733,2717,2757,2744,2778,2766,2751,2776,2735,2751,2723,2765,2768,2722,2737,2745,2783,2768,2699,2747,2763,2749,2764,2707,2728,2764,2708
268.310,2261.3,2244,2255,2240,2297,2270,2328,2266,2240,2301,2269,2218,2238,2251,2268,2245,2297,2257,2248,2228,2246,2314,2302,2262,2246,2245,2273,2261,2225,2260,2246
268.625,2374.4,2376,2376,2373,2412,2351,2380,2360,2346,2379,2382,2370,2348,2329,2386,2411,2394,2364,2390,2382,2370,2400,2372,2328,2384,2348,2374,2385,2385,2408,2370
268.939,2860.0,2857,2839,2883,2832,2853,2898,2868,2830,2882,2840,2856,2865,2837,2838,2893,2874,2876,2858,2844,2850,2855,2888,2895,2910,2857,2843,2830,2863,2828,2858
269.254,2321.1,2343,2344,2324,2327,2318,2321,2329,2318,2354,2328,2308,2331,2297,2341,2296,2284,2315,2285,2300,2361,2343,2305,2344,2319,2311,2338,2323,2316,2299,2311
269.569,2752.7,2768,2780,2727,2760,2773,2745,2734,2728,2779,2769,2690,2728,2755,2704,2782,2757,2796,2762,2801,2762,2715,2784,2713,2712,2768,2748,2752,2745,2775,2768
269.884,1962.3,1933,1965,1955,1967,1969,1997,1954,1939,1976,1944,1930,1978,1978,1970,1941,1999,1942,1990,2020,1944,1947,1958,1997,1957,1935,1984,1955,1958,1944,1942
270.199,2368.0,2399,2403,2357,2366,2312,2373,2384,2392,2363,2354,2379,2357,2369,2360,2333,2381,2382,2376,2368,2376,2381,2349,2365,2337,2366,2393,2361,2347,2377,2380
270.514,2389.8,2365,2386,2401,2377,2378,2388,2425,2400,2394,2386,2369,2389,2421,2387,2402,2408,2358,2397,2421,2385,2405,2362,2390,2350,2409,2370,2403,2425,2363,2380
270.829,2211.0,2206,2229,2252,2203,2180,2227,2224,2196,2209,2198,2181,2187,2194,2190,2225,2198,2213,2206,2190,2211,2209,2226,2200,2259,2222,2223,2242,2218,2188,2223
271.144,2499.5,2489,2501,2475,2476,2522,2461,2527,2472,2546,2467,2475,2505,2484,2511,2561,2490,2485,2490,2513,2504,2520,2523,2507,2517,2490,2484,2495,2514,2486,2495
271.459,2122.9,2148,2106,2125,2123,2147,2109,2106,2166,2127,2132,2104,2129,2111,2116,2120,2081,2100,2107,2126,2132,2112,2138,2162,2125,2122,2108,2099,2136,2129,2141
271.774,2563.7,2565,2573,2522,2524,2544,2549,2526,2536,2597,2557,2554,2589,2585,2583,2523,2595,2617,2575,2572,2582,2626,2588,2503,2566,2566,2552,2546,2564,2575,2556
272.089,2148.5,2136,2194,2120,2168,2137,2114,2134,2173,2132,2155,2180,2150,2171,2136,2151,2131,2133,2168,2168,2134,2144,2158,2136,2161,2190,2138,2130,2123,2136,2154
272.404,2308.2,2329,2307,2290,2310,2331,2323,2320,2283,2277,2300,2288,2265,2284,2314,2290,2271,2335,2355,2322,2313,2326,2351,2323,2367,2283,2281,2311,2316,2295,2285
272.719,2655.1,2638,2622,2629,2638,2704,2608,2639,2666,2623,2657,2671,2664,2633,2671,2651,2678,2636,2659,2646,2648,2666,2666,2689,2661,2689,2680,2654,2648,2664,2655
273.035,2050.1,2041,2063,2011,2045,2062,2078,2033,2086,2041,2074,2056,2040,2084,2040,2039,2066,2041,2042,2084,2031,2019,2060,2064,2002,2046,2069,2043,2023,2066,2053
273.350,2566.5,2616,2531,2546,2561,2601,2558,2552,2583,2546,2580,2537,2587,2580,2536,2596,2563,2556,2564,2594,2582,2560,2579,2525,2546,2590,2544,2539,2556,2584,2602
273.665,2463.9,2485,2471,2510,2444,2415,2436,2493,2467,2521,2443,2445,2432,2485,2484,2506,2466,2470,2464,2477,2491,2488,2416,2450,2445,2472,2458,2426,2452,2443,2463
273.981,2348.1,2324,2362,2371,2365,2365,2328,2371,2331,2366,2355,2321,2337,2335,2310,2332,2346,2376,2379,2337,2366,2347,2347,2322,2376,2381,2304,2390,2363,2344,2291
274.296,2320.7,2337,2330,2284,2326,2331,2307,2306,2311,2314,2358,2282,2332,2296,2338,2305,2299,2329,2347,2319,2304,2295,2323,2356,2288,2342,2314,2347,2354,2303,2345
274.612,2340.5,2305,2328,2346,2369,2303,2287,2353,2369,2358,2334,2264,2341,2350,2333,2368,2324,2347,2315,2326,2317,2390,2300,2399,2389,2337,2389,2358,2347,2328,2340
274.927,2288.3,2300,2290,2307,2292,2302,2307,2306,2270,2276,2307,2299,2304,2285,2227,2235,2285,2273,2290,2300,2278,2323,2274,2285,2281,2313,2301,2278,2310,2296,2255
275.243,2299.0,2284,2266,2303,2314,2283,2312,2268,2286,2312,2282,2344,2293,2320,2307,2297,2309,2350,2263,2315,2303,2286,2318,2275,2295,2294,2295,2333,2263,2289,2310
275.558,2273.4,2234,2272,2290,2307,2265,2303,2294,2241,2236,2287,2261,2305,2268,2256,2248,2259,2250,2259,2262,2316,2279,2271,2304,2259,2319,2248,2286,2285,2244,2294
275.874,2195.3,2169,2218,2209,2163,2186,2209,2245,2187,2213,2200,2175,2221,2198,2205,2160,2185,2194,2214,2158,2201,2185,2164,2189,2211,2211,2216,2187,2193,2196,2198
276.189,2401.0,2382,2383,2394,2403,2427,2391,2374,2412,2394,2370,2393,2408,2409,2394,2387,2408,2402,2445,2404,2404,2412,2362,2382,2413,2373,2437,2444,2400,2410,2414
276.505,2407.0,2405,2399,2405,2417,2461,2379,2399,2421,2384,2432,2402,2422,2385,2399,2422,2373,2405,2405,2429,2451,2409,2398,2392,2382,2427,2388,2409,2396,2416,2398
276.821,2708.8,2686,2738,2699,2708,2703,2704,2701,2703,2723,2723,2710,2694,2691,2666,2702,2730,2669,2705,2702,2717,2716,2734,2744,2703,2723,2692,2711,2712,2695,2761
277.137,2232.1,2238,2242,2209,2248,2226,2212,2201,2266,2266,2229,2235,2220,2233,2226,2214,2198,2232,2233,2234,2229,2222,2237,2234,2245,2213,2245,2206,2268,2264,2239
277.453,2176.8,2160,2211,2211,2158,2176,2222,2165,2157,2142,2208,2167,2201,2197,2205,2198,2149,2120,2169,2165,2159,2130,2197,2171,2178,2138,2154,2181,2191,2241,2182
277.768,2389.4,2382,2371,2382,2411,2394,2409,2395,2360,2370,2401,2418,2376,2410,2407,2424,2395,2359,2389,2395,2348,2414,2409,2390,2372,2331,2380,2359,2415,2403,2413
278.084,2174.7,2236,2152,2195,2177,2214,2163,2147,2172,2195,2177,2149,2209,2157,2149,2164,2133,2217,2149,2206,2173,2155,2189,2157,2140,2202,2164,2186,2158,2187,2168
278.400,2347.7,2328,2318,2345,2360,2348,2358,2364,2314,2356,2362,2395,2392,2336,2383,2364,2323,2365,2302,2346,2328,2374,2336,2377,2338,2342,2367,2341,2344,2312,2313
278.716,2270.7,2250,2255,2215,2291,2260,2239,2266,2264,2272,2276,2289,2290,2251,2244,2286,2258,2265,2282,2264,2238,2278,2268,2293,2305,2271,2273,2291,2305,2300,2281
279.032,2090.6,2080,2066,2102,2096,2101,2072,2108,2104,2145,2077,2069,2067,2084,2064,2098,2058,2114,2111,2082,2106,2105,2101,2074,2075,2092,2092,2099,2085,2091,2101
279.348,2333.7,2304,2307,2346,2341,2363,2378,2285,2367,2342,2337,2349,2327,2336,2326,2339,2327,2317,2339,2309,2379,2294,2296,2332,2360,2368,2333,2315,2366,2306,2323
279.664,2197.4,2187,2212,2216,2147,2212,2172,2194,2184,2209,2146,2182,2233,2184,2198,2223,2212,2176,2218,2226,2174,2213,2197,2215,2243,2171,2166,2205,2206,2186,2216
279.981,2581.5,2568,2583,2600,2540,2588,2584,2555,2572,2583,2581,2609,2539,2582,2604,2534,2561,2623,2584,2578,2565,2559,2577,2622,2615,2561,2581,2606,2595,2597,2600
280.297,2192.5,2164,2208,2226,2199,2212,2189,2175,2210,2231,2207,2209,2202,2152,2218,2164,2233,2192,2209,2168,2198,2156,2182,2176,2211,2174,2194,2158,2176,2206,2175
280.613,2121.9,2123,2140,2138,2145,2139,2120,2163,2109,2125,2137,2109,2106,2093,2057,2063,2115,2112,2118,2149,2091,2105,2140,2161,2094,2145,2137,2115,2165,2136,2108
280.929,2238.6,2237,2251,2217,2229,2267,2208,2258,2249,2251,2239,2212,2249,2198,2214,2259,2258,2169,2267,2285,2200,2237,2210,2255,2202,2248,2288,2282,2203,2273,2243
281.246,2508.7,2493,2509,2488,2522,2502,2484,2552,2480,2516,2545,2525,2505,2531,2526,2513,2522,2507,2505,2509,2488,2522,2500,2477,2486,2531,2487,2517,2513,2485,2520
281.562,2246.9,2257,2227,2280,2238,2245,2270,2279,2261,2252,2230,2265,2239,2229,2266,2276,2254,2209,2258,2233,2205,2216,2240,2245,2244,2249,2254,2229,2258,2253,2246
281.878,2126.8,2132,2115,2111,2112,2128,2139,2104,2122,2135,2113,2156,2112,2129,2131,2114,2120,2135,2126,2136,2084,2109,2142,2130,2132,2141,2145,2148,2141,2090,2171
282.195,2290.1,2294,2298,2312,2253,2322,2291,2278,2271,2314,2261,2312,2303,2274,2226,2306,2292,2280,2288,2275,2317,2290,2272,2299,2293,2348,2287,2267,2297,2300,2284
282.511,2413.5,2425,2400,2396,2382,2413,2400,2386,2404,2398,2425,2401,2398,2402,2438,2408,2424,2438,2384,2417,2468,2405,2421,2439,2438,2395,2422,2377,2466,2423,2413
282.828,2252.4,2246,2255,2267,2259,2268,2233,2266,2274,2250,2259,2218,2277,2263,2265,2267,2261,2250,2258,2249,2248,2276,2207,2246,2285,2237,2203,2255,2245,2252,2234
283.144,2384.9,2355,2357,2403,2391,2418,2380,2391,2414,2386,2377,2341,2349,2387,2415,2422,2410,2408,2364,2406,2378,2398,2385,2367,2380,2379,2378,2424,2348,2349,2386
283.461,2295.6,2289,2294,2289,2312,2310,2290,2288,2275,2286,2293,2289,2310,2286,2299,2290,2246,2297,2285,2289,2301,2302,2315,2317,2298,2287,2348,2308,2305,2284,2286
283.778,2388.7,2385,2422,2405,2385,2397,2380,2377,2389,2401,2400,2390,2359,2392,2392,2422,2406,2356,2348,2377,2402,2409,2385,2379,2360,2415,2356,2429,2349,2401,2394
284.094,2235.5,2202,2243,2232,2261,2235,2218,2243,2239,2212,2253,2235,2235,2223,2213,2229,2243,2206,2233,2237,2264,2202,2278,2229,2216,2230,2255,2278,2226,2246,2250
284.411,2240.9,2250,2209,2221,2259,2235,2241,2241,2254,2231,2218,2234,2231,2261,2260,2204,2264,2230,2205,2245,2217,2265,2256,2281,2245,2214,2273,2261,2240,2245,2237
284.728,2228.0,2190,2248,2246,2214,2218,2232,2261,2206,2246,2225,2242,2204,2189,2258,2241,2195,2242,2205,2246,2212,2239,2223,2223,2242,2222,2212,2237,2244,2225,2252
285.045,2018.0,2029,2034,2044,2032,2057,1968,2036,2031,1980,2029,1986,2000,2006,2025,2060,2059,2009,2000,2040,2038,2003,1989,1995,2034,1998,2028,1992,2012,2021,2005
285.361,2104.1,2076,2093,2101,2093,2122,2085,2084,2096,2066,2131,2111,2118,2095,2162,2077,2103,2125,2060,2105,2090,2062,2137,2116,2079,2113,2148,2115,2147,2108,2104
285.678,2257.7,2266,2238,2265,2264,2297,2225,2276,2243,2264,2276,2235,2264,2280,2250,2246,2261,2237,2255,2287,2242,2217,2282,2230,2238,2232,2267,2280,2267,2285,2261
285.995,2306.3,2300,2304,2304,2294,2330,2280,2280,2323,2280,2262,2323,2325,2329,2321,2303,2331,2302,2325,2320,2310,2287,2281,2335,2296,2315,2306,2296,2303,2334,2289
286.312,2420.8,2426,2443,2391,2406,2424,2400,2400,2451,2409,2383,2418,2424,2397,2450,2394,2456,2414,2409,2443,2421,2430,2437,2440,2443,2390,2432,2402,2420,2457,2414
286.629,2400.1,2366,2370,2405,2389,2416,2382,2358,2378,2406,2393,2448,2405,2436,2450,2383,2398,2395,2421,2369,2377,2379,2376,2440,2395,2386,2417,2409,2424,2412,2421
286.946,2883.9,2890,2906,2895,2852,2898,2810,2904,2860,2908,2909,2872,2860,2887,2914,2885,2834,2892,2872,2890,2912,2863,2865,2912,2901,2869,2927,2887,2883,2905,2854
287.263,2341.1,2361,2360,2304,2342,2340,2289,2340,2331,2321,2375,2364,2341,2364,2330,2348,2330,2356,2381,2367,2327,2322,2313,2374,2350,2351,2337,2345,2300,2326,2345
287.580,2775.7,2751,2771,2718,2760,2836,2795,2760,2772,2770,2800,2829,2787,2766,2759,2748,2754,2779,2776,2755,2767,2774,2784,2818,2761,2778,2771,2806,2764,2763,2799
287.898,2333.8,2328,2354,2333,2337,2337,2309,2360,2331,2355,2337,2327,2339,2340,2350,2330,2350,2309,2336,2334,2341,2357,2335,2301,2344,2337,2350,2313,2309,2340,2292
288.215,2068.3,2053,2074,2079,2074,2054,2049,2090,2027,2069,2050,2064,2040,2046,2066,2080,2084,2106,2058,2056,2062,2076,2110,2088,2073,2073,2071,2059,2055,2066,2097
288.532,2364.9,2360,2354,2348,2361,2370,2355,2357,2361,2373,2377,2348,2352,2363,2357,2373,2381,2358,2371,2346,2401,2397,2345,2358,2352,2377,2374,2370,2348,2385,2376
288.849,2224.8,2240,2228,2232,2241,2223,2219,2266,2216,2310,2243,2242,2222,2234,2195,2210,2245,2238,2222,2213,2228,2164,2165,2232,2221,2239,2244,2216,2179,2216,2201
289.167,2188.1,2186,2191,2191,2166,2197,2144,2184,2195,2201,2194,2173,2168,2206,2200,2222,2189,2213,2215,2219,2161,2168,2206,2194,2182,2184,2196,2206,2169,2142,2181
289.484,2288.1,2244,2248,2293,2254,2270,2300,2300,2245,2316,2271,2284,2319,2283,2320,2303,2302,2297,2273,2312,2274,2305,2296,2313,2303,2284,2289,2276,2280,2289,2299
289.801,2317.9,2336,2289,2315,2311,2313,2322,2337,2341,2364,2277,2290,2360,2329,2301,2321,2347,2318,2273,2330,2343,2304,2290,2302,2317,2315,2301,2309,2312,2365,2305
290.119,2402.9,2408,2381,2381,2396,2411,2426,2387,2412,2408,2422,2393,2377,2425,2430,2403,2353,2395,2402,2394,2417,2422,2391,2426,2413,2406,2395,2404,2395,2412,2403
290.436,2254.4,2264,2235,2235,2244,2235,2257,2264,2273,2230,2243,2242,2252,2255,2251,2245,2264,2248,2248,2257,2319,2284,2293,2272,2228,2226,2255,2248,2236,2233,2296
290.754,2508.1,2505,2498,2478,2493,2483,2507,2514,2511,2513,2542,2493,2514,2515,2464,2537,2533,2477,2570,2545,2489,2493,2494,2522,2527,2529,2508,2504,2501,2478,2505
291.071,2465.5,2440,2441,2474,2461,2467,2479,2452,2476,2453,2464,2458,2479,2424,2505,2467,2484,2444,2465,2470,2480,2424,2485,2456,2467,2440,2491,2450,2464,2517,2489
291.389,2126.3,2174,2089,2137,2131,2085,2114,2148,2150,2083,2123,2152,2090,2118,2112,2105,2134,2137,2154,2132,2152,2128,2116,2153,2135,2127,2122,2101,2154,2111,2121
291.707,2265.1,2257,2257,2262,2262,2264,2250,2226,2274,2237,2312,2276,2265,2272,2253,2265,2281,2289,2298,2281,2267,2222,2237,2250,2338,2241,2283,2246,2266,2284,2238
292.024,2211.7,2268,2197,2213,2195,2189,2197,2216,2215,2227,2219,2190,2178,2230,2213,2233,2246,2212,2223,2197,2226,2216,2216,2196,2230,2191,2191,2208,2196,2210,2214
292.342,2282.3,2294,2315,2296,2261,2305,2256,2308,2267,2287,2318,2237,2254,2301,2250,2259,2289,2274,2270,2335,2242,2283,2258,2298,2280,2325,2290,2238,2266,2282,2331
292.660,2211.2,2198,2209,2220,2197,2155,2205,2233,2233,2237,2223,2178,2227,2193,2226,2218,2232,2187,2214,2226,2226,2210,2226,2200,2196,2218,2228,2158,2237,2219,2207
292.978,2263.6,2239,2254,2237,2235,2282,2286,2262,2284,2249,2207,2252,2254,2316,2245,2259,2328,2251,2262,2231,2298,2306,2254,2278,2248,2259,2266,2265,2253,2293,2256
293.296,2397.4,2366,2362,2381,2381,2411,2397,2396,2377,2392,2373,2362,2432,2373,2386,2454,2394,2407,2382,2425,2434,2399,2435,2374,2451,2398,2387,2391,2417,2388,2397
293.613,2072.4,2088,2092,2076,2114,2063,2083,2061,2054,2054,2090,2079,2049,2068,2045,2093,2108,2063,2095,2114,2054,2081,2062,2099,2078,2041,2055,2036,2058,2058,2061
293.931,2212.9,2217,2234,2222,2223,2210,2208,2223,2234,2213,2180,2194,2202,2224,2185,2190,2197,2199,2239,2220,2206,2215,2217,2230,2216,2216,2193,2220,2209,2228,2224
294.249,2526.5,2526,2559,2534,2502,2526,2478,2517,2571,2561,2576,2521,2528,2529,2513,2500,2522,2519,2519,2510,2514,2519,2531,2520,2562,2506,2488,2561,2554,2523,2507
294.567,2260.2,2256,2253,2262,2258,2279,2249,2301,2234,2227,2237,2290,2239,2289,2226,2260,2284,2242,2252,2253,2288,2276,2232,2280,2265,2298,2286,2247,2255,2233,2254
294.885,2420.7,2443,2431,2432,2441,2417,2441,2425,2409,2442,2402,2387,2395,2420,2390,2436,2432,2447,2395,2410,2439,2411,2472,2387,2448,2431,2409,2445,2431,2376,2378
295.203,2294.7,2270,2317,2289,2270,2295,2319,2306,2284,2306,2318,2339,2271,2293,2265,2310,2296,2283,2292,2300,2309,2287,2322,2285,2280,2292,2270,2298,2310,2263,2302
295.522,2458.0,2458,2496,2434,2465,2428,2456,2434,2443,2464,2444,2459,2428,2470,2443,2502,2429,2456,2501,2505,2469,2449,2456,2430,2436,2456,2469,2446,2514,2443,2457
295.840,2258.2,2248,2310,2238,2281,2296,2230,2229,2274,2255,2221,2279,2228,2267,2277,2229,2257,2248,2289,2270,2259,2283,2280,2262,2271,2259,2262,2226,2248,2240,2229
296.158,2597.0,2566,2570,2630,2607,2589,2593,2561,2603,2621,2603,2601,2626,2571,2566,2620,2595,2590,2614,2625,2598,2574,2626,2597,2626,2608,2576,2582,2616,2584,2573
296.476,2592.1,2639,2568,2606,2559,2606,2557,2583,2576,2616,2600,2605,2608,2611,2574,2553,2580,2591,2556,2607,2626,2560,2599,2596,2591,2568,2614,2628,2607,2586,2593
296.795,2418.7,2417,2431,2425,2419,2446,2409,2416,2420,2447,2413,2412,2448,2412,2434,2406,2418,2433,2371,2414,2409,2449,2432,2405,2411,2413,2454,2415,2405,2392,2386
297.113,2164.8,2163,2186,2129,2142,2168,2152,2172,2178,2145,2172,2181,2192,2195,2170,2174,2177,2150,2133,2163,2163,2130,2164,2143,2159,2153,2183,2206,2142,2168,2190
297.431,2207.2,2235,2203,2191,2233,2211,2204,2221,2221,2198,2223,2191,2230,2224,2191,2189,2191,2206,2242,2218,2217,2201,2201,2192,2193,2222,2180,2217,2161,2216,2193
297.750,2368.3,2374,2384,2386,2340,2390,2376,2371,2361,2340,2345,2377,2398,2355,2346,2362,2403,2379,2335,2354,2376,2355,2363,2357,2379,2372,2351,2385,2372,2330,2433
298.068,2195.4,2152,2199,2189,2193,2180,2189,2210,2207,2184,2200,2232,2248,2210,2215,2220,2213,2183,2184,2171,2164,2221,2209,2213,2179,2177,2161,2205,2196,2174,2184
298.387,2249.0,2293,2266,2225,2267,2195,2225,2248,2227,2287,2267,2264,2247,2260,2226,2252,2251,2252,2248,2221,2233,2286,2269,2274,2260,2237,2232,2235,2248,2250,2226
298.705,2845.5,2848,2829,2897,2881,2858,2851,2809,2829,2857,2854,2827,2865,2842,2846,2848,2838,2857,2868,2855,2847,2828,2866,2813,2854,2821,2813,2865,2845,2838,2816
299.024,2162.8,2149,2158,2158,2176,2173,2158,2176,2196,2156,2193,2202,2150,2167,2141,2132,2156,2133,2158,2190,2136,2169,2167,2150,2182,2162,2137,2150,2153,2193,2163
299.342,2286.9,2253,2284,2302,2209,2299,2305,2276,2264,2273,2316,2305,2328,2276,2361,2313,2310,2305,2304,2272,2269,2296,2265,2262,2250,2285,2290,2312,2267,2277,2278
299.661,2136.2,2128,2128,2154,2139,2143,2156,2133,2105,2114,2115,2166,2112,2164,2152,2139,2109,2125,2169,2134,2171,2142,2168,2119,2145,2150,2129,2114,2086,2156,2120
299.980,2200.7,2194,2200,2226,2190,2193,2191,2207,2197,2204,2242,2181,2169,2237,2182,2217,2183,2165,2182,2202,2184,2202,2199,2204,2209,2236,2212,2247,2201,2174,2191
300.298,2325.9,2313,2356,2352,2341,2324,2305,2309,2336,2330,2330,2329,2339,2318,2315,2323,2334,2321,2310,2338,2335,2374,2287,2337,2318,2315,2366,2309,2324,2338,2252
300.617,2232.0,2206,2259,2224,2254,2206,2268,2228,2257,2259,2217,2242,2244,2227,2210,2215,2252,2190,2243,2200,2228,2248,2218,2239,2244,2228,2218,2231,2205,2268,2232
300.936,2147.0,2131,2136,2150,2124,2141,2155,2152,2118,2190,2145,2145,2156,2131,2136,2142,2126,2147,2156,2162,2172,2162,2158,2139,2141,2161,2164,2166,2134,2122,2147
301.255,2443.8,2411,2440,2427,2444,2426,2453,2489,2429,2469,2421,2488,2444,2443,2427,2466,2395,2460,2421,2444,2486,2448,2417,2447,2441,2463,2460,2459,2404,2470,2421
301.574,2463.3,2466,2517,2459,2453,2464,2484,2461,2468,2469,2474,2454,2451,2470,2472,2486,2473,2432,2467,2461,2462,2447,2436,2425,2472,2443,2456,2442,2444,2491,2500
301.892,2201.4,2188,2236,2191,2202,2174,2203,2216,2169,2203,2209,2185,2174,2192,2213,2248,2198,2160,2222,2179,2224,2189,2189,2212,2197,2268,2200,2230,2189,2218,2165
302.211,2236.7,2227,2241,2229,2196,2234,2223,2245,2257,2234,2218,2241,2237,2232,2243,2234,2236,2273,2270,2229,2238,2256,2196,2238,2199,2258,2259,2233,2242,2266,2218
302.530,2565.4,2549,2548,2580,2568,2528,2570,2580,2553,2582,2563,2597,2524,2582,2573,2562,2554,2596,2577,2539,2571,2585,2606,2576,2574,2499,2523,2568,2570,2566,2600
302.849,2476.1,2436,2447,2488,2470,2473,2515,2509,2475,2490,2511,2508,2480,2477,2467,2461,2478,2466,2478,2470,2476,2498,2460,2476,2467,2469,2451,2508,2446,2473,2459
303.169,2390.8,2364,2415,2378,2379,2390,2367,2392,2379,2443,2399,2383,2407,2422,2451,2450,2396,2327,2360,2378,2366,2400,2402,2402,2350,2395,2405,2401,2377,2375,2370
303.488,2385.6,2408,2364,2420,2401,2374,2337,2397,2417,2401,2407,2376,2377,2373,2397,2440,2367,2395,2350,2399,2396,2385,2391,2365,2357,2393,2387,2342,2384,2398,2371
303.807,2172.9,2127,2179,2187,2154,2226,2198,2202,2178,2162,2126,2152,2194,2190,2182,2157,2137,2174,2186,2147,2152,2186,2189,2201,2168,2178,2183,2185,2188,2143,2156
304.126,2243.7,2252,2219,2264,2246,2261,2231,2244,2241,2229,2264,2226,2248,2246,2296,2228,2239,2209,2259,2232,2220,2253,2236,2257,2283,2273,2253,2238,2207,2222,2235
304.445,2462.7,2465,2512,2458,2399,2456,2442,2456,2462,2463,2457,2468,2426,2458,2506,2479,2516,2469,2465,2479,2460,2496,2472,2430,2447,2501,2441,2443,2445,2420,2489
304.765,2476.8,2414,2454,2496,2440,2504,2488,2430,2470,2493,2472,2458,2426,2504,2490,2483,2487,2468,2512,2446,2493,2491,2517,2497,2497,2473,2506,2443,2482,2488,2483
305.084,2415.4,2367,2361,2431,2421,2370,2425,2371,2402,2396,2432,2412,2433,2417,2388,2433,2426,2437,2448,2454,2478,2426,2424,2434,2443,2403,2423,2426,2389,2377,2414
305.403,2218.1,2264,2230,2209,2188,2184,2204,2211,2226,2199,2233,2244,2237,2218,2204,2235,2233,2210,2212,2225,2245,2226,2180,2220,2190,2188,2244,2204,2222,2214,2244
305.723,2289.2,2298,2316,2321,2309,2254,2276,2293,2315,2306,2272,2277,2283,2280,2297,2313,2311,2274,2316,2272,2296,2277,2276,2286,2278,2290,2284,2271,2270,2290,2275
306.042,2351.4,2360,2363,2367,2354,2330,2352,2321,2366,2344,2346,2369,2331,2381,2310,2322,2360,2336,2322,2360,2344,2369,2372,2358,2360,2340,2365,2351,2378,2331,2379
306.361,2370.7,2403,2348,2376,2387,2378,2337,2366,2345,2408,2313,2373,2393,2338,2366,2380,2370,2383,2341,2365,2340,2407,2374,2358,2375,2406,2377,2380,2390,2400,2345
306.681,2223.7,2195,2200,2183,2228,2219,2209,2226,2257,2212,2214,2194,2208,2233,2227,2237,2225,2261,2234,2250,2266,2231,2196,2232,2217,2241,2241,2201,2197,2234,2242
307.001,2286.8,2264,2262,2303,2241,2289,2310,2322,2275,2258,2285,2312,2297,2249,2303,2285,2326,2322,2276,2267,2272,2300,2275,2268,2303,2268,2296,2312,2289,2272,2304
307.320,2411.9,2392,2364,2429,2460,2404,2431,2420,2456,2416,2396,2437,2406,2411,2417,2428,2397,2376,2383,2421,2414,2458,2411,2430,2415,2360,2424,2419,2420,2374,2389
307.640,2379.5,2394,2399,2391,2360,2402,2382,2376,2397,2366,2368,2405,2309,2388,2409,2365,2377,2392,2373,2373,2353,2381,2356,2374,2396,2392,2390,2410,2387,2381,2339
307.959,2468.4,2463,2458,2493,2434,2444,2468,2463,2492,2457,2441,2508,2435,2471,2469,2489,2469,2466,2456,2526,2450,2476,2425,2457,2472,2440,2471,2506,2501,2484,2468
308.279,2265.0,2248,2276,2256,2259,2254,2257,2270,2261,2266,2270,2278,2238,2248,2264,2286,2270,2253,2303,2271,2273,2284,2284,2269,2248,2279,2278,2302,2239,2242,2223
308.599,2458.0,2453,2398,2492,2440,2465,2502,2460,2467,2462,2437,2459,2428,2415,2448,2469,2456,2506,2469,2418,2497,2473,2442,2447,2484,2474,2438,2460,2504,2485,2392
308.919,2277.7,2247,2276,2296,2308,2272,2300,2274,2304,2282,2196,2258,2236,2280,2248,2286,2272,2268,2270,2243,2303,2308,2299,2229,2319,2270,2284,2303,2296,2287,2316
309.238,2420.2,2462,2396,2402,2429,2438,2463,2408,2455,2422,2456,2404,2427,2392,2423,2399,2391,2404,2421,2414,2389,2413,2417,2391,2417,2419,2433,2398,2438,2451,2433
309.558,2364.6,2361,2357,2366,2332,2351,2366,2341,2358,2413,2361,2358,2348,2346,2369,2365,2350,2378,2404,2376,2369,2365,2330,2376,2360,2398,2401,2369,2344,2371,2356
309.878,2262.8,2257,2232,2307,2292,2256,2270,2248,2223,2248,2283,2232,2248,2223,2237,2289,2293,2243,2285,2247,2296,2296,2266,2272,2250,2273,2288,2282,2260,2235,2253
310.198,2810.3,2792,2782,2813,2841,2796,2801,2811,2796,2787,2837,2820,2850,2801,2827,2796,2794,2828,2809,2808,2794,2814,2824,2795,2818,2811,2808,2773,2842,2861,2779
310.518,2448.3,2443,2458,2514,2446,2415,2469,2455,2414,2446,2454,2434,2444,2403,2446,2436,2450,2467,2442,2420,2436,2435,2432,2476,2462,2413,2497,2472,2445,2465,2459
310.838,2528.7,2497,2504,2526,2555,2531,2518,2565,2493,2548,2536,2482,2493,2532,2543,2528,2530,2529,2534,2558,2502,2514,2514,2593,2545,2554,2539,2546,2545,2514,2492
311.158,2524.2,2491,2565,2494,2476,2518,2526,2531,2539,2508,2528,2538,2538,2491,2521,2545,2517,2549,2520,2475,2532,2470,2504,2520,2558,2545,2544,2561,2528,2557,2536
311.478,2249.8,2277,2265,2249,2249,2223,2249,2287,2258,2272,2274,2274,2246,2193,2219,2254,2204,2224,2234,2273,2232,2246,2230,2227,2248,2273,2277,2264,2283,2225,2266
311.799,2227.0,2237,2226,2228,2218,2210,2216,2186,2232,2213,2188,2220,2244,2218,2258,2225,2184,2233,2237,2241,2248,2252,2264,2256,2240,2200,2215,2221,2227,2240,2233
312.119,2354.2,2346,2354,2360,2358,2388,2323,2375,2377,2346,2360,2353,2369,2280,2356,2381,2365,2330,2340,2385,2339,2334,2353,2341,2368,2367,2392,2388,2342,2344,2313
312.439,2545.0,2547,2578,2551,2531,2530,2514,2539,2558,2539,2531,2546,2511,2547,2551,2553,2576,2555,2549,2545,2536,2534,2558,2518,2552,2558,2571,2548,2513,2591,2520
312.759,2371.4,2372,2382,2356,2401,2372,2362,2331,2373,2341,2368,2371,2355,2340,2387,2385,2386,2366,2366,2393,2382,2388,2379,2376,2367,2350,2373,2401,2360,2384,2374
313.079,2493.3,2490,2485,2479,2527,2469,2484,2482,2544,2445,2501,2495,2448,2512,2490,2524,2473,2492,2480,2478,2506,2485,2509,2520,2522,2489,2500,2465,2515,2525,2464
313.400,2207.8,2233,2189,2195,2200,2235,2217,2225,2241,2212,2153,2183,2213,2214,2227,2225,2193,2227,2209,2215,2201,2160,2232,2217,2200,2224,2233,2168,2234,2187,2173
313.720,2130.1,2110,2107,2130,2103,2143,2164,2105,2143,2127,2191,2143,2160,2114,2118,2149,2093,2137,2110,2090,2120,2117,2154,2159,2139,2154,2111,2131,2159,2130,2091
314.041,2184.5,2173,2187,2150,2204,2207,2171,2202,2178,2202,2211,2188,2193,2195,2209,2179,2171,2167,2168,2164,2178,2169,2181,2194,2200,2184,2184,2187,2185,2182,2173
314.361,2238.7,2232,2248,2228,2251,2279,2219,2226,2237,2226,2248,2243,2248,2218,2266,2228,2253,2226,2278,2231,2253,2237,2246,2230,2249,2210,2238,2225,2218,2218,2253
314.682,2209.3,2175,2204,2229,2240,2197,2245,2237,2234,2171,2257,2226,2184,2219,2213,2191,2216,2225,2206,2184,2166,2196,2209,2205,2206,2232,2214,2207,2214,2176,2201
315.002,2317.3,2328,2303,2328,2286,2342,2275,2338,2333,2291,2297,2304,2314,2322,2345,2335,2295,2267,2347,2319,2338,2322,2317,2324,2300,2348,2322,2351,2320,2305,2303
315.323,2218.7,2193,2248,2207,2238,2240,2192,2222,2223,2198,2249,2251,2250,2237,2216,2198,2185,2204,2216,2221,2259,2238,2162,2226,2211,2214,2243,2202,2209,2211,2198
315.643,2554.9,2565,2538,2574,2546,2600,2556,2529,2540,2547,2584,2508,2537,2575,2578,2607,2498,2555,2571,2598,2563,2561,2508,2537,2566,2549,2541,2551,2558,2555,2551
315.964,2413.5,2404,2438,2408,2408,2394,2392,2420,2392,2460,2410,2410,2411,2392,2440,2410,2411,2417,2456,2401,2399,2405,2428,2394,2418,2428,2399,2376,2422,2421,2440
316.285,1997.4,2016,2000,1979,2012,1985,1981,2032,1992,1981,2011,1995,2000,1966,2015,2004,2004,1999,1978,2006,2018,1994,1964,2024,1987,2003,1984,2002,1980,2037,1974
316.605,2271.3,2284,2248,2233,2248,2275,2315,2272,2266,2248,2232,2239,2309,2237,2249,2287,2268,2294,2285,2273,2243,2328,2278,2253,2255,2304,2293,2268,2308,2296,2252
316.926,2385.4,2390,2408,2386,2346,2395,2389,2401,2340,2384,2421,2414,2388,2374,2396,2371,2399,2368,2380,2402,2389,2396,2387,2414,2360,2395,2345,2409,2363,2392,2361
317.247,2587.3,2538,2599,2528,2607,2588,2562,2604,2591,2590,2610,2576,2553,2591,2561,2590,2604,2574,2610,2604,2643,2602,2594,2563,2575,2606,2596,2588,2604,2606,2562
317.568,2481.3,2483,2443,2457,2500,2467,2497,2463,2474,2490,2472,2508,2462,2448,2459,2459,2498,2481,2490,2467,2519,2494,2473,2503,2525,2484,2477,2473,2504,2512,2456
317.889,2523.6,2513,2532,2514,2518,2549,2518,2531,2555,2482,2538,2501,2511,2561,2516,2532,2560,2507,2510,2502,2494,2494,2534,2531,2589,2504,2535,2488,2504,2536,2548
318.210,2029.4,2051,2009,2001,2052,2021,2011,2029,2030,2055,2029,2053,2033,2029,2026,2029,2006,2029,2011,2048,2018,2003,2062,2060,2025,2058,2049,2012,2010,2029,2003
318.530,2424.0,2417,2441,2409,2447,2405,2488,2397,2421,2430,2424,2389,2419,2412,2429,2423,2433,2396,2441,2385,2410,2429,2435,2404,2464,2427,2408,2488,2399,2407,2444
318.851,2279.7,2318,2277,2300,2295,2294,2272,2309,2274,2296,2310,2281,2310,2273,2272,2264,2278,2245,2286,2256,2274,2257,2269,2264,2293,2236,2255,2255,2251,2340,2288
319.173,2383.0,2414,2368,2406,2370,2408,2381,2377,2377,2411,2350,2354,2393,2384,2372,2403,2349,2374,2378,2429,2372,2426,2377,2349,2403,2371,2386,2383,2379,2390,2356
319.494,2262.0,2280,2268,2249,2278,2264,2261,2230,2279,2270,2233,2298,2284,2250,2281,2278,2271,2266,2287,2223,2260,2273,2233,2273,2237,2244,2267,2267,2220,2261,2276
319.815,2242.2,2217,2262,2247,2216,2254,2180,2258,2241,2263,2267,2270,2269,2286,2262,2222,2213,2255,2233,2215,2281,2220,2222,2238,2237,2218,2255,2234,2222,2237,2272
320.136,2535.8,2529,2534,2509,2547,2525,2552,2535,2516,2552,2531,2539,2520,2520,2535,2546,2545,2551,2556,2543,2556,2536,2522,2524,2545,2511,2562,2537,2546,2527,2524
320.457,2377.2,2391,2399,2393,2357,2362,2366,2409,2372,2332,2372,2389,2402,2371,2379,2394,2386,2384,2385,2362,2373,2411,2380,2371,2356,2335,2410,2382,2372,2334,2386
320.778,2431.8,2384,2431,2440,2429,2430,2395,2412,2447,2442,2446,2418,2421,2416,2440,2427,2442,2445,2428,2447,2454,2453,2457,2465,2399,2421,2442,2394,2438,2438,2454
321.100,2589.8,2602,2587,2575,2591,2576,2572,2570,2611,2624,2634,2565,2580,2612,2602,2567,2576,2598,2630,2600,2532,2602,2613,2581,2570,2629,2563,2589,2558,2600,2585
321.421,2029.3,2033,2026,2064,2025,2027,2029,2065,1976,2010,2036,2018,2032,2036,1997,2069,2026,1998,2030,2042,2027,2020,2013,2018,2034,2051,2049,2064,2009,2043,2011
321.742,2255.7,2255,2289,2241,2250,2278,2220,2271,2232,2249,2270,2275,2259,2256,2240,2250,2235,2283,2273,2245,2273,2309,2206,2277,2288,2230,2266,2251,2224,2264,2213
322.064,2477.6,2434,2470,2484,2463,2503,2469,2476,2534,2485,2419,2463,2491,2463,2479,2491,2498,2462,2497,2479,2499,2469,2482,2489,2484,2486,2485,2484,2472,2466,2452
322.385,2298.7,2309,2315,2328,2300,2309,2319,2290,2316,2344,2276,2301,2260,2327,2264,2294,2275,2289,2270,2303,2310,2308,2309,2300,2299,2259,2330,2307,2250,2311,2289
322.706,2427.7,2381,2411,2430,2454,2424,2376,2430,2433,2449,2394,2398,2432,2438,2427,2459,2416,2437,2445,2472,2452,2450,2440,2446,2406,2436,2443,2404,2445,2385,2418
323.028,2306.3,2286,2308,2309,2290,2308,2310,2327,2283,2302,2291,2287,2304,2327,2328,2307,2336,2323,2293,2296,2300,2344,2275,2276,2312,2293,2324,2328,2288,2323,2311
323.350,2105.2,2121,2110,2123,2091,2097,2127,2115,2122,2102,2086,2082,2106,2109,2084,2121,2126,2095,2080,2130,2050,2111,2139,2112,2072,2091,2120,2085,2126,2115,2109
323.671,2106.3,2104,2121,2127,2100,2105,2106,2099,2123,2111,2115,2117,2066,2144,2146,2076,2094,2091,2052,2154,2082,2142,2083,2105,2124,2111,2060,2136,2063,2121,2110
323.993,2254.9,2274,2291,2248,2283,2255,2252,2251,2264,2249,2254,2280,2239,2254,2275,2202,2275,2250,2240,2218,2253,2280,2256,2240,2245,2275,2261,2229,2240,2280,2235
324.314,2045.9,2047,2060,2053,2037,2034,1999,2067,2013,2058,2075,2078,2041,2049,2048,2021,2053,2063,2047,2057,2066,2063,2058,2055,2036,1988,2030,2043,2053,2050,2036
324.636,2743.7,2744,2772,2716,2758,2722,2748,2735,2749,2758,2747,2778,2747,2725,2726,2729,2741,2772,2709,2756,2724,2734,2731,2795,2805,2717,2756,2704,2700,2773,2739
324.958,2312.9,2296,2300,2331,2303,2308,2289,2322,2303,2276,2309,2300,2301,2297,2295,2329,2317,2331,2341,2305,2297,2326,2310,2333,2325,2350,2331,2305,2314,2344,2300
325.280,2426.0,2411,2422,2408,2447,2455,2424,2429,2409,2406,2460,2424,2421,2482,2455,2400,2425,2457,2437,2425,2408,2393,2450,2412,2433,2429,2403,2417,2424,2394,2421
325.601,2137.9,2098,2123,2121,2139,2121,2159,2141,2169,2161,2137,2137,2163,2132,2117,2141,2181,2132,2111,2157,2157,2136,2104,2154,2145,2163,2139,2154,2141,2093,2110
325.923,2220.5,2230,2213,2258,2191,2193,2189,2217,2194,2216,2198,2245,2249,2176,2253,2203,2221,2236,2251,2220,2229,2242,2217,2229,2230,2238,2225,2202,2229,2203,2217
326.245,2160.2,2161,2182,2172,2171,2172,2147,2156,2171,2146,2165,2121,2147,2138,2192,2155,2145,2138,2177,2170,2141,2164,2144,2170,2185,2152,2175,2138,2169,2153,2188
326.567,2211.5,2196,2212,2212,2191,2214,2196,2156,2194,2208,2226,2205,2193,2232,2226,2226,2171,2224,2195,2234,2200,2220,2222,2244,2201,2214,2231,2245,2197,2219,2242
326.889,2402.6,2399,2448,2381,2402,2418,2376,2376,2433,2417,2416,2395,2408,2387,2370,2397,2410,2403,2412,2416,2424,2337,2384,2430,2446,2378,2387,2401,2408,2410,2410
327.211,2385.4,2401,2384,2402,2373,2426,2374,2363,2392,2370,2420,2381,2362,2417,2388,2390,2367,2352,2352,2398,2357,2365,2401,2381,2381,2389,2384,2430,2328,2421,2412
327.533,2364.9,2376,2392,2350,2338,2368,2383,2301,2343,2371,2360,2362,2386,2368,2386,2355,2368,2360,2374,2393,2383,2360,2360,2358,2375,2350,2349,2363,2372,2357,2386
327.855,2340.5,2328,2309,2323,2305,2339,2346,2327,2321,2376,2339,2377,2327,2365,2363,2337,2330,2323,2348,2354,2354,2367,2335,2366,2296,2328,2351,2349,2326,2379,2328
328.177,2094.0,2070,2105,2064,2092,2102,2111,2030,2116,2075,2106,2114,2088,2134,2095,2080,2059,2086,2095,2087,2150,2082,2103,2089,2122,2096,2075,2122,2108,2076,2088
328.499,2324.1,2368,2327,2346,2328,2344,2307,2344,2310,2287,2320,2327,2322,2338,2328,2337,2373,2380,2327,2300,2320,2326,2329,2302,2298,2285,2305,2335,2310,2301,2300
328.822,3181.2,3197,3180,3157,3166,3192,3144,3176,3193,3160,3192,3172,3190,3181,3162,3158,3162,3238,3195,3191,3198,3208,3179,3221,3135,3163,3151,3207,3231,3148,3189
329.144,2325.6,2308,2337,2307,2369,2307,2314,2294,2328,2353,2327,2330,2324,2286,2314,2309,2320,2341,2325,2337,2322,2364,2332,2326,2340,2328,2344,2326,2350,2308,2297
329.466,2298.2,2260,2321,2293,2280,2312,2318,2329,2282,2316,2298,2271,2328,2268,2296,2273,2279,2269,2283,2291,2281,2267,2325,2296,2367,2284,2304,2303,2324,2291,2336
329.788,2227.4,2200,2238,2221,2227,2188,2266,2229,2201,2221,2251,2215,2196,2225,2206,2216,2214,2237,2243,2244,2224,2222,2248,2267,2228,2253,2203,2238,2259,2212,2230
330.111,2537.6,2525,2505,2542,2547,2526,2511,2515,2530,2494,2543,2547,2568,2543,2563,2522,2531,2586,2551,2539,2530,2548,2577,2548,2543,2546,2521,2537,2554,2521,2514
330.433,2550.9,2553,2532,2543,2536,2523,2555,2574,2548,2501,2591,2516,2556,2596,2531,2569,2542,2529,2543,2524,2570,2569,2566,2566,2532,2579,2536,2557,2528,2596,2566
330.756,2159.0,2147,2158,2144,2166,2168,2167,2172,2197,2166,2137,2194,2171,2198,2149,2112,2139,2173,2189,2148,2159,2154,2136,2173,2148,2159,2120,2160,2156,2124,2187
331.078,2073.2,2063,2087,2062,2058,2095,2053,2079,2056,2085,2112,2047,2029,2065,2077,2020,2057,2085,2098,2065,2079,2065,2091,2086,2099,2059,2075,2091,2083,2093,2083
331.401,2425.0,2398,2456,2444,2433,2416,2404,2392,2421,2419,2414,2450,2438,2432,2423,2429,2432,2408,2414,2422,2400,2401,2440,2431,2398,2443,2430,2415,2427,2440,2479
331.723,2249.7,2255,2213,2267,2225,2264,2218,2284,2216,2273,2223,2238,2230,2249,2250,2226,2262,2245,2248,2228,2229,2297,2293,2208,2241,2230,2268,2296,2269,2267,2278
332.046,2095.3,2076,2076,2087,2053,2073,2075,2080,2133,2105,2096,2099,2118,2102,2106,2089,2092,2112,2077,2105,2083,2101,2099,2142,2061,2124,2109,2102,2098,2086,2099
332.368,2511.1,2473,2544,2488,2509,2459,2516,2490,2517,2506,2504,2510,2512,2540,2555,2518,2528,2524,2498,2483,2515,2504,2511,2489,2542,2476,2517,2520,2510,2562,2513
332.691,2229.9,2221,2232,2265,2223,2196,2234,2205,2225,2268,2253,2253,2237,2202,2218,2248,2217,2217,2263,2246,2239,2209,2228,2222,2232,2209,2228,2215,2236,2245,2212
333.014,2556.9,2573,2540,2553,2555,2556,2598,2560,2546,2529,2576,2547,2570,2550,2546,2541,2537,2596,2571,2558,2543,2552,2532,2550,2558,2530,2540,2548,2590,2557,2605
333.336,2401.4,2392,2387,2417,2386,2414,2411,2460,2398,2421,2382,2400,2452,2378,2393,2392,2411,2368,2420,2430,2356,2404,2372,2391,2392,2417,2380,2424,2431,2355,2408
333.659,2606.9,2628,2630,2566,2642,2626,2607,2573,2605,2597,2576,2600,2602,2558,2644,2568,2618,2620,2605,2591,2594,2592,2687,2616,2620,2615,2596,2626,2609,2586,2610
333.982,2456.7,2467,2457,2464,2457,2463,2460,2472,2438,2440,2478,2484,2468,2462,2421,2502,2428,2445,2434,2459,2429,2469,2489,2451,2485,2483,2444,2443,2443,2422,2445
334.305,2596.2,2598,2649,2569,2628,2605,2609,2591,2611,2572,2608,2624,2614,2576,2620,2641,2595,2583,2562,2580,2592,2586,2564,2585,2565,2641,2569,2616,2559,2581,2594
334.628,2080.6,2077,2080,2058,2078,2072,2054,2052,2066,2044,2088,2077,2053,2068,2108,2113,2072,2089,2080,2097,2116,2082,2094,2079,2083,2056,2112,2108,2106,2071,2085
334.951,2334.7,2349,2344,2363,2339,2310,2321,2328,2394,2353,2340,2316,2326,2322,2327,2340,2331,2388,2337,2309,2325,2333,2322,2363,2323,2304,2328,2299,2373,2346,2289
335.274,2112.8,2083,2109,2123,2102,2099,2147,2123,2101,2116,2114,2091,2111,2049,2128,2081,2124,2107,2125,2137,2110,2116,2136,2102,2128,2106,2161,2087,2104,2152,2113
335.597,2389.4,2360,2409,2401,2362,2408,2380,2399,2390,2378,2412,2377,2418,2395,2401,2345,2428,2407,2414,2373,2435,2376,2369,2390,2374,2378,2380,2342,2387,2390,2403
335.920,2433.8,2431,2430,2444,2455,2437,2412,2432,2456,2450,2389,2424,2441,2426,2432,2417,2448,2431,2414,2454,2416,2431,2422,2437,2442,2442,2451,2399,2467,2409,2475
336.243,2461.2,2482,2463,2439,2464,2520,2465,2432,2433,2424,2499,2460,2460,2466,2478,2473,2426,2455,2476,2490,2450,2489,2449,2451,2443,2458,2506,2402,2452,2513,2419
336.566,2293.0,2281,2252,2268,2291,2303,2319,2297,2284,2287,2297,2301,2298,2303,2307,2302,2307,2327,2288,2308,2251,2280,2323,2303,2289,2271,2304,2288,2308,2257,2296
336.889,2228.2,2223,2202,2237,2231,2234,2227,2262,2235,2247,2226,2210,2220,2216,2235,2208,2225,2225,2195,2243,2239,2218,2223,2242,2232,2193,2273,2224,2235,2217,2248
337.212,2095.6,2056,2095,2085,2128,2094,2067,2104,2112,2094,2098,2093,2086,2067,2130,2080,2077,2097,2104,2111,2119,2085,2092,2089,2108,2093,2092,2072,2088,2073,2180
337.535,2119.5,2163,2123,2072,2134,2136,2092,2128,2080,2131,2142,2104,2105,2087,2157,2120,2126,2109,2149,2106,2122,2139,2106,2110,2121,2126,2125,2093,2138,2154,2087
337.859,2220.8,2197,2227,2235,2210,2207,2252,2241,2285,2218,2207,2225,2222,2207,2213,2226,2237,2210,2187,2233,2206,2221,2210,2224,2266,2208,2220,2187,2218,2180,2244
338.182,2213.2,2175,2208,2201,2199,2230,2189,2215,2251,2219,2202,2216,2220,2209,2249,2185,2195,2231,2196,2217,2219,2217,2216,2234,2205,2200,2240,2228,2209,2185,2236
338.505,2778.6,2800,2778,2762,2761,2783,2782,2779,2793,2744,2764,2766,2780,2796,2768,2817,2754,2777,2774,2768,2720,2790,2827,2812,2777,2743,2786,2808,2792,2794,2762
338.829,2399.2,2419,2412,2380,2400,2420,2402,2424,2359,2390,2381,2387,2368,2383,2408,2383,2379,2476,2398,2387,2389,2395,2419,2425,2383,2363,2376,2409,2427,2449,2386
339.152,2298.0,2313,2300,2302,2349,2265,2315,2324,2279,2323,2278,2292,2304,2280,2280,2284,2296,2292,2280,2308,2286,2309,2298,2308,2297,2323,2294,2291,2278,2288,2303
339.476,2249.3,2296,2250,2255,2263,2248,2258,2219,2248,2264,2247,2252,2233,2238,2270,2243,2228,2257,2233,2233,2260,2228,2222,2238,2219,2265,2246,2267,2276,2250,2274
339.799,2479.6,2475,2478,2477,2501,2460,2470,2488,2469,2486,2496,2546,2484,2483,2447,2460,2479,2518,2483,2488,2499,2448,2516,2427,2478,2419,2498,2484,2465,2492,2475
340.123,2190.4,2139,2197,2172,2189,2159,2184,2178,2186,2187,2168,2175,2171,2248,2216,2193,2208,2215,2218,2179,2187,2226,2188,2202,2176,2186,2189,2175,2219,2209,2173
340.446,2406.7,2415,2428,2402,2393,2392,2399,2427,2425,2435,2429,2390,2430,2410,2372,2425,2419,2428,2371,2331,2411,2398,2401,2425,2384,2406,2388,2392,2458,2418,2398
340.770,2156.0,2143,2170,2157,2169,2136,2149,2186,2135,2153,2155,2157,2173,2162,2176,2136,2148,2187,2144,2136,2150,2153,2158,2200,2147,2099,2122,2165,2152,2177,2186
341.093,2357.7,2331,2345,2354,2340,2337,2354,2335,2345,2348,2325,2339,2360,2405,2337,2376,2389,2371,2336,2378,2385,2388,2393,2392,2325,2357,2356,2353,2355,2333,2389
341.417,2260.2,2235,2277,2265,2259,2308,2264,2248,2258,2277,2235,2224,2296,2288,2284,2278,2261,2265,2261,2265,2248,2275,2231,2241,2230,2253,2280,2222,2254,2289,2236
341.741,2380.9,2377,2413,2420,2377,2391,2370,2371,2364,2394,2382,2354,2373,2362,2363,2362,2381,2400,2393,2426,2399,2358,2404,2409,2321,2390,2373,2356,2361,2369,2415
342.065,2251.8,2227,2219,2240,2258,2292,2275,2245,2198,2266,2281,2234,2232,2274,2238,2274,2260,2258,2239,2245,2261,2238,2238,2253,2260,2269,2257,2262,2246,2268,2248
342.388,2253.3,2253,2260,2280,2280,2273,2227,2284,2202,2232,2217,2239,2264,2253,2204,2257,2232,2269,2228,2252,2280,2275,2241,2243,2217,2266,2306,2266,2275,2271,2253
342.712,2511.2,2554,2500,2517,2499,2504,2528,2552,2517,2462,2534,2520,2502,2506,2539,2520,2520,2472,2492,2540,2486,2537,2526,2496,2478,2518,2485,2490,2503,2471,2568
343.036,2147.8,2133,2145,2131,2122,2151,2186,2184,2151,2154,2168,2147,2147,2134,2142,2131,2178,2122,2134,2149,2174,2122,2134,2150,2152,2172,2159,2114,2171,2130,2146
343.360,2656.5,2639,2600,2666,2642,2633,2678,2644,2611,2684,2664,2725,2677,2635,2624,2661,2657,2668,2662,2697,2646,2683,2614,2662,2655,2682,2693,2632,2644,2693,2625
343.684,2267.6,2252,2292,2257,2267,2296,2239,2298,2286,2285,2230,2275,2223,2307,2253,2259,2279,2271,2260,2279,2268,2262,2281,2284,2233,2246,2287,2267,2253,2245,2295
344.008,2187.1,2184,2166,2189,2203,2173,2158,2177,2201,2163,2184,2202,2197,2162,2166,2186,2227,2210,2190,2176,2177,2150,2209,2185,2174,2180,2218,2204,2218,2197,2187
344.332,2363.4,2365,2356,2320,2349,2371,2401,2335,2324,2371,2350,2399,2400,2366,2345,2344,2385,2346,2385,2334,2400,2363,2369,2376,2382,2354,2330,2358,2362,2379,2383
344.656,2075.3,2037,2093,2095,2089,2125,2072,2101,2062,2077,2038,2075,2043,2096,2100,2081,2057,2069,2096,2071,2099,2097,2050,2058,2046,2088,2096,2040,2078,2068,2063
344.980,2269.4,2253,2291,2253,2291,2246,2230,2272,2232,2294,2290,2251,2296,2264,2255,2266,2274,2252,2266,2302,2307,2271,2249,2284,2253,2267,2291,2279,2250,2291,2261
345.304,2658.7,2666,2671,2664,2645,2616,2651,2681,2702,2632,2657,2638,2687,2634,2691,2600,2695,2675,2602,2662,2673,2711,2690,2676,2605,2648,2625,2726,2646,2651,2640
345.628,2482.4,2475,2478,2478,2468,2481,2481,2491,2489,2504,2488,2440,2470,2479,2457,2514,2497,2482,2511,2444,2467,2504,2453,2459,2486,2459,2494,2483,2498,2518,2525
345.953,2419.8,2412,2434,2408,2482,2408,2418,2404,2416,2427,2381,2414,2407,2410,2414,2438,2398,2394,2469,2398,2438,2428,2435,2451,2385,2420,2413,2421,2399,2440,2431
346.277,2516.9,2546,2531,2548,2517,2527,2524,2486,2494,2502,2524,2527,2548,2479,2505,2545,2517,2514,2546,2524,2526,2523,2505,2494,2552,2502,2494,2493,2486,2504,2524
346.601,2433.2,2451,2441,2433,2372,2446,2427,2422,2424,2409,2449,2462,2472,2441,2450,2420,2478,2450,2443,2456,2421,2387,2383,2431,2460,2399,2438,2433,2449,2419,2429
346.925,2389.4,2400,2344,2371,2377,2399,2384,2390,2357,2415,2370,2339,2403,2413,2399,2397,2379,2400,2399,2374,2392,2418,2422,2374,2378,2404,2435,2412,2370,2417,2349
347.250,1951.9,1923,1931,1962,1960,1930,1942,1925,1972,1958,1948,1919,1933,1978,1948,1954,1947,1959,1961,1979,1913,1935,1974,1992,1921,1948,1992,1991,1944,1951,1967
347.574,2298.3,2311,2275,2279,2277,2298,2319,2289,2279,2290,2307,2242,2274,2336,2309,2320,2301,2301,2302,2345,2288,2293,2267,2303,2294,2306,2312,2292,2320,2308,2313
347.899,2293.0,2317,2298,2282,2266,2287,2263,2308,2319,2331,2251,2274,2319,2274,2262,2302,2299,2307,2329,2296,2283,2293,2293,2270,2314,2305,2281,2265,2306,2328,2268
348.223,2354.1,2358,2320,2346,2346,2386,2389,2355,2374,2311,2347,2331,2357,2370,2308,2360,2347,2364,2377,2334,2394,2357,2327,2353,2398,2372,2329,2344,2354,2344,2371
348.548,2500.7,2587,2484,2512,2471,2488,2507,2500,2473,2479,2498,2475,2500,2496,2536,2487,2507,2498,2524,2509,2493,2489,2513,2481,2490,2532,2500,2532,2481,2515,2465
348.872,2269.1,2282,2243,2248,2265,2228,2266,2289,2317,2221,2287,2269,2242,2304,2263,2315,2240,2279,2233,2251,2317,2250,2224,2287,2294,2284,2277,2285,2277,2268,2268
349.197,2316.1,2339,2330,2348,2296,2318,2301,2306,2319,2323,2318,2276,2347,2328,2322,2315,2303,2338,2295,2285,2309,2296,2299,2329,2320,2339,2321,2297,2325,2321,2319
349.521,2977.2,2991,3003,2953,2986,2950,2967,2940,2991,2979,2956,2975,3008,2950,3010,2976,2983,2978,2970,2987,2962,3001,2993,3010,2979,2962,2958,2991,3006,2964,2936
349.846,2280.2,2273,2257,2280,2290,2292,2269,2282,2265,2324,2276,2316,2308,2273,2296,2264,2269,2280,2303,2276,2287,2259,2244,2278,2283,2273,2310,2304,2266,2270,2238
350.171,2492.0,2457,2537,2464,2482,2527,2472,2504,2500,2492,2506,2481,2524,2534,2497,2498,2486,2510,2494,2479,2463,2449,2467,2470,2513,2492,2530,2463,2547,2458,2464
350.495,2230.1,2224,2243,2248,2213,2242,2240,2255,2239,2239,2223,2222,2232,2251,2209,2220,2250,2232,2225,2217,2221,2204,2202,2217,2225,2201,2241,2260,2263,2221,2224
350.820,2400.9,2405,2456,2375,2375,2469,2362,2363,2397,2443,2392,2395,2406,2417,2404,2422,2381,2370,2381,2349,2360,2387,2380,2385,2440,2395,2416,2454,2391,2441,2417
351.145,2191.8,2207,2179,2184,2195,2196,2175,2200,2218,2174,2207,2176,2224,2153,2203,2202,2181,2212,2207,2206,2207,2166,2173,2186,2216,2197,2192,2197,2160,2196,2165
351.470,2202.7,2190,2207,2200,2177,2209,2215,2185,2206,2197,2202,2180,2209,2216,2211,2232,2241,2201,2207,2228,2188,2245,2176,2187,2218,2202,2214,2179,2234,2185,2139
351.795,2436.5,2424,2392,2421,2425,2430,2386,2460,2432,2447,2441,2419,2430,2430,2431,2413,2416,2464,2453,2481,2452,2449,2441,2434,2475,2439,2430,2449,2454,2447,2430
352.120,2268.9,2261,2267,2255,2230,2291,2273,2246,2298,2269,2281,2290,2284,2294,2309,2302,2235,2205,2281,2241,2302,2280,2202,2264,2250,2273,2274,2320,2292,2249,2249
352.445,2568.1,2536,2537,2529,2589,2530,2542,2569,2566,2542,2573,2563,2601,2595,2570,2597,2569,2555,2554,2620,2585,2576,2552,2560,2589,2557,2560,2561,2581,2584,2601
352.770,2353.8,2353,2329,2363,2364,2360,2399,2333,2366,2341,2355,2411,2327,2365,2335,2368,2341,2329,2368,2348,2359,2348,2346,2302,2362,2363,2352,2360,2354,2360,2354
353.095,2280.9,2212,2269,2307,2302,2275,2262,2228,2289,2317,2243,2300,2269,2245,2293,2294,2271,2314,2281,2267,2281,2286,2281,2296,2254,2280,2352,2267,2275,2311,2306
353.420,2441.1,2447,2472,2436,2451,2432,2458,2446,2439,2412,2414,2440,2434,2468,2436,2443,2396,2425,2405,2433,2426,2433,2410,2454,2451,2485,2455,2454,2479,2449,2451
353.745,2591.1,2563,2606,2609,2562,2590,2577,2653,2553,2593,2618,2574,2597,2574,2566,2604,2545,2651,2580,2544,2614,2612,2603,2542,2638,2636,2594,2597,2582,2559,2598
354.070,2303.8,2284,2298,2306,2319,2342,2282,2299,2244,2283,2311,2297,2264,2305,2306,2309,2335,2328,2289,2272,2327,2338,2314,2350,2291,2325,2273,2310,2307,2311,2294
354.395,2190.0,2189,2176,2176,2221,2182,2168,2172,2180,2189,2187,2184,2168,2220,2180,2152,2178,2165,2159,2184,2209,2233,2216,2183,2214,2193,2184,2210,2199,2214,2215
354.720,2184.6,2207,2205,2191,2173,2212,2176,2182,2201,2201,2168,2160,2226,2227,2160,2199,2166,2178,2200,2184,2166,2169,2177,2180,2182,2216,2171,2190,2141,2158,2172
355.046,2120.0,2153,2115,2128,2138,2100,2114,2103,2115,2116,2092,2094,2101,2116,2168,2107,2111,2108,2125,2161,2139,2085,2089,2131,2153,2125,2156,2114,2125,2118,2100
355.371,2370.3,2332,2402,2393,2381,2360,2361,2349,2417,2357,2391,2367,2377,2372,2366,2399,2365,2374,2361,2382,2359,2364,2366,2372,2367,2333,2356,2362,2383,2369,2372
355.696,2074.6,2076,2091,2055,2081,2084,2079,2059,2040,2072,2063,2084,2048,2092,2082,2098,2065,2038,2048,2104,2056,2077,2089,2104,2118,2050,2052,2049,2087,2122,2074
356.022,2147.7,2144,2161,2146,2163,2121,2138,2134,2131,2171,2137,2183,2098,2162,2125,2132,2153,2134,2128,2145,2107,2144,2142,2165,2168,2177,2190,2179,2129,2169,2154
356.347,2479.7,2464,2483,2476,2488,2456,2464,2513,2514,2456,2496,2450,2504,2504,2488,2459,2493,2435,2491,2463,2482,2460,2532,2531,2474,2465,2475,2426,2494,2473,2481
356.673,2303.7,2332,2326,2303,2274,2331,2280,2296,2308,2317,2288,2296,2316,2305,2315,2301,2333,2318,2320,2275,2278,2315,2324,2346,2274,2265,2274,2335,2282,2300,2284
356.998,2230.4,2252,2167,2232,2267,2230,2239,2204,2224,2233,2227,2248,2251,2223,2223,2233,2247,2210,2226,2228,2209,2253,2254,2279,2227,2223,2227,2228,2225,2209,2215
357.324,2473.3,2451,2469,2467,2506,2465,2494,2462,2449,2442,2506,2527,2513,2434,2487,2489,2466,2437,2441,2494,2469,2469,2489,2521,2484,2432,2462,2446,2488,2457,2484
357.649,2528.5,2522,2518,2535,2515,2544,2501,2560,2552,2520,2544,2520,2508,2554,2536,2498,2504,2555,2552,2505,2499,2549,2559,2533,2532,2545,2507,2522,2544,2534,2489
357.975,2458.9,2477,2437,2469,2450,2469,2436,2477,2481,2451,2445,2469,2447,2463,2501,2469,2447,2431,2435,2462,2453,2480,2461,2468,2453,2467,2452,2427,2472,2459,2458
358.300,2115.8,2134,2130,2141,2147,2089,2139,2090,2132,2128,2128,2106,2155,2140,2100,2119,2102,2120,2129,2141,2114,2088,2055,2074,2111,2088,2096,2127,2111,2111,2129
358.626,2714.6,2728,2717,2690,2686,2714,2716,2681,2736,2707,2733,2764,2657,2733,2685,2726,2691,2669,2710,2718,2703,2682,2714,2780,2750,2762,2717,2745,2713,2718,2692
358.952,2345.7,2338,2333,2357,2348,2382,2364,2330,2321,2362,2369,2365,2357,2390,2362,2335,2340,2355,2339,2324,2281,2311,2331,2371,2356,2355,2364,2340,2335,2328,2328
359.277,2318.5,2326,2341,2322,2284,2300,2310,2300,2340,2304,2369,2332,2347,2347,2326,2321,2353,2281,2289,2330,2340,2302,2301,2322,2309,2315,2311,2270,2307,2319,2336
359.603,2179.8,2170,2186,2185,2212,2168,2178,2172,2202,2195,2188,2219,2175,2192,2123,2148,2197,2162,2203,2154,2194,2233,2154,2202,2193,2149,2145,2198,2150,2164,2184
359.929,2309.3,2332,2314,2271,2281,2305,2294,2275,2362,2320,2285,2292,2302,2312,2309,2331,2293,2328,2305,2319,2342,2330,2337,2284,2308,2279,2322,2274,2337,2342,2295
360.255,2393.8,2372,2376,2385,2398,2417,2369,2403,2385,2410,2436,2418,2360,2384,2407,2403,2363,2393,2377,2411,2393,2395,2400,2442,2442,2378,2396,2404,2380,2353,2363
360.581,2802.3,2845,2817,2814,2760,2826,2786,2865,2776,2794,2785,2781,2784,2798,2803,2843,2833,2825,2786,2748,2832,2798,2807,2816,2753,2843,2793,2799,2798,2787,2773
360.907,2336.7,2330,2372,2362,2323,2333,2310,2298,2323,2340,2350,2326,2300,2354,2357,2352,2337,2283,2362,2328,2356,2353,2367,2350,2354,2381,2289,2352,2333,2292,2333
361.233,2230.5,2209,2193,2209,2253,2258,2256,2226,2231,2254,2241,2205,2200,2208,2206,2218,2273,2251,2217,2248,2231,2255,2238,2258,2231,2217,2232,2226,2235,2219,2217
361.559,2029.8,2042,2028,2058,2030,2003,2002,2030,2046,2029,2031,2058,2050,2007,2022,2053,2024,2022,2013,2041,2023,1993,2033,2051,2011,2036,2047,2041,2041,2004,2026
361.885,2291.6,2294,2275,2273,2318,2302,2272,2281,2328,2298,2314,2337,2272,2286,2285,2269,2289,2284,2294,2340,2315,2312,2261,2266,2274,2253,2257,2296,2274,2328,2302
362.211,2341.7,2352,2319,2328,2348,2389,2344,2301,2361,2333,2322,2361,2338,2383,2376,2351,2360,2275,2332,2354,2325,2368,2326,2366,2351,2331,2325,2323,2314,2344,2350
362.537,2148.6,2161,2121,2140,2148,2173,2151,2157,2154,2133,2161,2145,2118,2165,2158,2141,2155,2120,2176,2161,2155,2124,2140,2162,2125,2141,2134,2139,2166,2169,2164
362.863,2242.8,2242,2230,2220,2280,2246,2221,2283,2267,2216,2292,2213,2252,2253,2236,2260,2272,2206,2237,2230,2219,2259,2235,2243,2218,2245,2233,2231,2250,2256,2238
363.189,2707.0,2705,2734,2731,2667,2704,2690,2723,2691,2754,2688,2759,2718,2689,2699,2714,2698,2710,2729,2697,2696,2734,2668,2697,2727,2707,2696,2702,2698,2695,2691
363.516,2419.2,2462,2410,2413,2423,2441,2396,2418,2423,2373,2377,2394,2446,2414,2404,2449,2410,2413,2433,2421,2452,2380,2374,2468,2448,2406,2429,2448,2395,2415,2442
363.842,2549.1,2583,2572,2553,2549,2528,2579,2572,2506,2509,2512,2578,2545,2529,2566,2488,2504,2569,2589,2580,2531,2547,2558,2513,2549,2595,2540,2557,2573,2549,2549
364.168,2527.7,2544,2566,2538,2489,2562,2489,2571,2538,2532,2564,2497,2494,2534,2498,2472,2512,2562,2505,2558,2518,2489,2549,2532,2527,2547,2523,2553,2549,2511,2507
364.494,2435.8,2409,2439,2454,2434,2447,2466,2449,2414,2433,2436,2444,2408,2421,2410,2405,2415,2449,2450,2421,2414,2440,2409,2437,2440,2457,2453,2429,2482,2478,2430
364.821,2152.8,2162,2187,2171,2165,2175,2126,2121,2145,2144,2154,2169,2146,2148,2175,2124,2164,2143,2147,2146,2171,2152,2150,2152,2175,2121,2162,2164,2136,2144,2146
365.147,2380.7,2413,2392,2380,2407,2384,2352,2381,2378,2356,2351,2405,2367,2380,2390,2394,2357,2376,2394,2382,2380,2361,2344,2421,2387,2342,2363,2381,2384,2427,2392
365.474,2072.9,2094,2071,2086,2058,2058,2070,2061,2088,2085,2064,2040,2029,2074,2073,2069,2093,2096,2067,2033,2071,2102,2099,2042,2092,2086,2074,2067,2102,2075,2069
365.800,2532.9,2515,2541,2566,2548,2520,2608,2548,2515,2494,2513,2516,2515,2528,2532,2541,2497,2520,2562,2527,2549,2534,2540,2522,2529,2530,2529,2513,2556,2511,2568
366.127,2417.6,2344,2434,2395,2398,2421,2421,2435,2432,2421,2384,2467,2397,2420,2418,2397,2449,2369,2437,2409,2411,2426,2450,2418,2425,2434,2427,2404,2447,2435,2402
366.453,2481.7,2470,2463,2455,2415,2492,2508,2483,2473,2457,2456,2476,2484,2502,2485,2483,2484,2466,2457,2509,2468,2490,2495,2502,2478,2526,2488,2483,2484,2529,2489
366.780,2392.9,2390,2414,2373,2376,2408,2373,2396,2418,2396,2368,2400,2382,2416,2424,2363,2401,2411,2393,2378,2402,2395,2369,2390,2365,2419,2382,2387,2432,2367,2400
367.106,2493.1,2486,2459,2499,2481,2475,2506,2500,2497,2509,2472,2488,2466,2493,2485,2469,2480,2516,2467,2480,2526,2517,2550,2497,2513,2466,2494,2493,2502,2489,2517
367.433,2389.6,2386,2351,2404,2386,2362,2393,2377,2398,2400,2372,2393,2399,2369,2405,2397,2401,2383,2401,2420,2361,2414,2379,2419,2363,2401,2414,2331,2376,2396,2436
367.760,2031.9,2062,2035,1994,2029,2002,2015,2064,2054,2031,1990,2048,2030,2056,2042,2047,2090,2025,2009,2018,2029,2047,2042,2043,2029,1997,2050,2024,2011,2045,1998
368.086,2428.8,2419,2434,2416,2426,2390,2440,2401,2491,2443,2442,2427,2460,2424,2436,2429,2449,2413,2427,2443,2434,2419,2441,2416,2397,2397,2456,2427,2425,2397,2444
368.413,2198.8,2195,2168,2214,2204,2211,2196,2224,2180,2225,2179,2190,2173,2186,2212,2203,2171,2199,2191,2233,2197,2175,2165,2220,2238,2191,2216,2229,2183,2196,2200
368.740,2529.7,2522,2482,2541,2575,2529,2510,2496,2524,2508,2517,2522,2542,2582,2545,2568,2494,2524,2498,2486,2555,2541,2530,2545,2564,2563,2491,2501,2533,2551,2553
369.067,2150.8,2166,2151,2128,2159,2123,2127,2158,2164,2174,2156,2142,2160,2161,2116,2141,2171,2151,2176,2159,2178,2156,2139,2182,2145,2150,2160,2097,2145,2124,2165
369.394,2705.1,2701,2675,2712,2702,2687,2701,2686,2682,2714,2751,2712,2688,2696,2686,2755,2701,2703,2725,2691,2637,2748,2732,2719,2679,2685,2761,2685,2734,2687,2718
369.721,2521.0,2496,2522,2532,2572,2529,2543,2550,2538,2490,2540,2501,2537,2537,2490,2486,2500,2480,2546,2518,2515,2534,2521,2533,2519,2540,2507,2516,2505,2526,2508
370.048,6152.1,6154,6250,6187,6030,6143,6135,6099,6108,6163,6074,6157,6130,6161,6076,6078,6159,6194,6158,6178,6146,6194,6173,6136,6171,6198,6254,6203,6132,6187,6134
370.375,2202.8,2184,2189,2207,2202,2178,2188,2182,2228,2227,2187,2225,2198,2203,2201,2185,2184,2198,2228,2206,2232,2211,2207,2220,2213,2187,2211,2209,2203,2187,2204
370.702,2169.1,2181,2169,2138,2163,2185,2192,2171,2158,2165,2156,2173,2180,2155,2165,2167,2192,2179,2185,2185,2155,2204,2143,2197,2169,2147,2150,2175,2144,2146,2184
371.029,2030.9,2025,2034,2023,2009,2039,2002,2044,2051,2000,2052,2035,2031,2050,1985,2057,1998,2089,2027,2040,2081,2034,2038,2041,2048,2048,1992,1995,2055,1994,2010
371.356,2303.6,2314,2284,2266,2319,2315,2283,2313,2374,2296,2261,2287,2299,2292,2280,2290,2283,2321,2322,2292,2296,2334,2347,2320,2320,2292,2282,2275,2329,2292,2330
371.683,2289.3,2304,2270,2312,2302,2248,2298,2280,2305,2263,2294,2320,2285,2288,2292,2326,2277,2288,2270,2265,2276,2297,2313,2324,2328,2274,2299,2288,2264,2237,2293
372.010,2620.7,2642,2593,2604,2617,2628,2594,2639,2637,2614,2661,2618,2578,2660,2608,2607,2610,2604,2635,2660,2616,2586,2602,2648,2607,2613,2627,2620,2613,2619,2660
372.337,2025.0,2013,2073,2061,1981,2028,2006,2009,2025,2000,2024,2052,2067,1998,2018,2030,2022,2003,2043,2051,2018,1998,2014,2053,2015,2025,2013,2031,2050,1998,2031
372.665,2632.4,2648,2588,2637,2653,2581,2623,2668,2644,2649,2622,2666,2628,2606,2641,2617,2655,2642,2575,2600,2640,2629,2632,2666,2634,2637,2617,2668,2629,2634,2644
372.992,2360.5,2342,2381,2345,2413,2315,2400,2345,2362,2366,2337,2353,2339,2337,2329,2366,2373,2358,2365,2365,2366,2398,2336,2354,2327,2403,2389,2344,2359,2351,2397
373.319,2122.6,2160,2136,2104,2110,2133,2129,2124,2136,2153,2070,2094,2144,2143,2096,2108,2104,2125,2128,2140,2115,2131,2184,2121,2105,2112,2132,2126,2105,2086,2123
373.647,2114.8,2102,2149,2113,2134,2084,2152,2125,2162,2115,2113,2122,2124,2136,2101,2098,2090,2121,2101,2124,2096,2123,2079,2093,2129,2086,2102,2130,2078,2147,2115
373.974,2243.6,2255,2248,2226,2292,2243,2227,2222,2243,2252,2224,2239,2238,2265,2245,2226,2235,2208,2230,2233,2235,2267,2262,2243,2230,2234,2225,2276,2264,2276,2246
374.301,2299.8,2335,2289,2315,2272,2287,2272,2314,2294,2292,2329,2328,2304,2326,2238,2298,2280,2311,2257,2324,2325,2317,2259,2277,2326,2303,2299,2310,2329,2313,2271
374.629,2343.0,2340,2360,2363,2361,2325,2350,2369,2309,2361,2333,2336,2294,2299,2344,2368,2346,2369,2329,2303,2375,2351,2351,2350,2349,2338,2333,2333,2339,2354,2357
374.956,2485.6,2472,2479,2474,2529,2531,2462,2501,2490,2441,2451,2482,2474,2445,2501,2486,2514,2493,2501,2514,2491,2495,2433,2496,2483,2444,2515,2524,2486,2471,2491
375.284,2243.7,2260,2281,2236,2227,2232,2239,2234,2274,2249,2286,2248,2211,2232,2241,2258,2232,2230,2261,2237,2228,2263,2256,2227,2266,2268,2266,2218,2233,2207,2212
375.612,2377.7,2374,2376,2389,2385,2353,2362,2393,2360,2358,2384,2392,2366,2366,2419,2405,2350,2389,2402,2376,2386,2362,2367,2361,2417,2380,2386,2380,2368,2339,2386
375.939,2668.5,2678,2713,2663,2676,2661,2624,2671,2652,2680,2673,2722,2676,2649,2630,2697,2648,2630,2680,2665,2661,2644,2698,2691,2664,2673,2717,2679,2635,2653,2653
376.267,2015.8,2011,2014,2042,1994,1974,2018,2045,2026,2023,1989,2025,2049,2026,2002,2050,2017,2005,2028,2010,2024,1997,2010,1997,2025,2006,1993,2037,2001,2044,1993
376.594,1863.3,1859,1853,1880,1819,1874,1925,1865,1848,1844,1854,1869,1863,1847,1853,1902,1882,1883,1858,1842,1870,1848,1865,1825,1842,1875,1870,1884,1850,1901,1848
376.922,2461.8,2458,2464,2471,2498,2466,2457,2449,2456,2449,2458,2470,2449,2509,2466,2464,2483,2484,2424,2434,2454,2477,2411,2496,2450,2471,2493,2425,2458,2474,2436
377.250,2314.0,2280,2297,2314,2297,2306,2328,2335,2296,2307,2321,2313,2283,2285,2309,2336,2331,2285,2326,2328,2328,2281,2314,2287,2324,2328,2332,2363,2318,2332,2335
377.578,2373.2,2328,2376,2362,2376,2365,2364,2374,2392,2410,2338,2349,2414,2354,2365,2382,2321,2387,2402,2365,2336,2370,2380,2406,2403,2387,2387,2426,2356,2361,2360
377.906,2296.4,2287,2264,2273,2278,2323,2291,2285,2313,2309,2293,2345,2294,2338,2288,2330,2285,2319,2252,2266,2316,2310,2312,2258,2312,2339,2255,2283,2314,2284,2275
378.233,2468.5,2473,2464,2478,2454,2508,2468,2473,2456,2495,2494,2459,2452,2497,2473,2493,2475,2410,2499,2474,2456,2465,2433,2454,2464,2494,2503,2441,2452,2447,2451
378.561,2245.2,2238,2257,2248,2223,2247,2241,2260,2259,2227,2270,2268,2225,2279,2258,2215,2260,2240,2242,2263,2257,2265,2255,2213,2220,2244,2235,2210,2233,2245,2258
378.889,2139.3,2114,2126,2194,2139,2118,2131,2149,2149,2142,2153,2133,2151,2141,2107,2132,2163,2124,2139,2100,2154,2214,2143,2146,2151,2127,2144,2093,2132,2121,2149
379.217,2255.1,2228,2231,2252,2286,2250,2274,2289,2253,2257,2272,2279,2265,2229,2265,2266,2280,2276,2272,2247,2208,2264,2249,2238,2267,2237,2265,2259,2217,2224,2253
379.545,2527.2,2510,2548,2517,2526,2516,2525,2552,2541,2523,2532,2515,2528,2529,2486,2512,2565,2483,2532,2544,2513,2552,2536,2506,2534,2508,2552,2563,2533,2511,2525
379.873,2389.2,2364,2378,2427,2386,2410,2347,2371,2367,2410,2393,2417,2347,2345,2397,2431,2430,2358,2416,2333,2393,2384,2399,2425,2377,2392,2411,2397,2409,2360,2403
380.201,2019.9,2016,2040,2035,2000,2041,1991,2014,2009,2005,2046,2048,2047,2022,2036,2023,1995,1996,2038,2024,2015,2001,2040,2031,1984,2011,2014,2024,2028,2008,2016
380.529,2330.5,2330,2312,2325,2358,2330,2340,2325,2324,2333,2317,2296,2353,2332,2374,2317,2363,2308,2333,2328,2319,2292,2290,2352,2338,2322,2334,2324,2324,2362,2360
380.858,2342.7,2360,2357,2325,2334,2332,2351,2304,2337,2330,2350,2336,2366,2336,2372,2347,2349,2382,2340,2359,2333,2367,2355,2328,2306,2328,2397,2341,2309,2342,2307
381.186,2224.3,2238,2206,2222,2175,2241,2235,2248,2240,2246,2237,2226,2266,2236,2226,2209,2218,2232,2206,2209,2214,2204,2215,2220,2227,2229,2243,2222,2200,2230,2209
381.514,2201.0,2164,2191,2202,2198,2192,2169,2194,2188,2201,2179,2201,2190,2221,2196,2189,2197,2185,2223,2181,2212,2216,2206,2213,2221,2246,2205,2190,2230,2227,2204
381.842,2198.5,2202,2190,2213,2225,2181,2192,2187,2190,2206,2193,2239,2163,2213,2212,2230,2192,2195,2205,2201,2187,2192,2216,2179,2200,2178,2230,2203,2206,2153,2181
382.171,2239.8,2275,2232,2235,2232,2243,2230,2214,2245,2207,2242,2273,2225,2237,2237,2215,2223,2252,2287,2250,2206,2268,2219,2267,2240,2216,2251,2242,2235,2233,2264
382.499,2256.5,2238,2248,2264,2248,2242,2262,2292,2236,2240,2242,2265,2279,2287,2258,2279,2283,2233,2258,2267,2257,2248,2226,2258,2239,2254,2278,2247,2243,2233,2290
382.827,2372.0,2377,2372,2395,2329,2370,2361,2380,2388,2354,2366,2354,2394,2354,2352,2376,2370,2400,2370,2357,2383,2395,2399,2319,2347,2408,2384,2408,2340,2390,2368
383.156,2194.6,2156,2199,2181,2204,2185,2200,2185,2192,2172,2217,2209,2221,2214,2186,2240,2190,2194,2182,2218,2130,2177,2204,2217,2164,2171,2247,2171,2216,2208,2187
383.484,2087.5,2090,2098,2123,2084,2062,2085,2083,2086,2088,2082,2070,2047,2088,2055,2102,2127,2105,2077,2083,2084,2099,2097,2107,2051,2079,2084,2095,2081,2134,2078
383.813,2474.0,2486,2485,2518,2497,2443,2505,2481,2495,2490,2477,2440,2453,2448,2462,2497,2477,2449,2480,2445,2465,2495,2453,2452,2440,2492,2458,2488,2489,2472,2488
384.141,3577.4,3602,3579,3538,3596,3529,3590,3630,3590,3585,3600,3552,3550,3541,3539,3556,3585,3603,3564,3594,3593,3584,3546,3543,3598,3577,3643,3544,3592,3561,3618
384.470,2454.5,2441,2456,2488,2489,2434,2461,2456,2463,2462,2455,2476,2480,2433,2414,2422,2485,2458,2476,2432,2468,2448,2431,2430,2468,2456,2477,2453,2487,2413,2424
384.798,2053.4,2072,2051,2043,2072,2042,2056,2038,2060,2079,2034,2059,2041,2033,1992,2037,2100,2047,2038,2034,2081,2083,2032,2052,2082,2045,2080,2079,2048,2037,2054
385.127,2259.8,2270,2217,2261,2248,2275,2258,2305,2236,2251,2310,2252,2246,2260,2275,2240,2248,2272,2294,2264,2255,2246,2277,2265,2254,2260,2257,2274,2213,2249,2261
385.456,2522.5,2495,2514,2527,2548,2499,2534,2559,2531,2542,2538,2561,2503,2514,2544,2571,2556,2508,2524,2507,2510,2533,2492,2506,2519,2497,2523,2469,2500,2530,2520
385.784,2459.7,2466,2456,2447,2448,2484,2476,2443,2495,2429,2447,2448,2473,2430,2469,2460,2464,2445,2460,2440,2431,2431,2496,2451,2485,2438,2462,2506,2435,2468,2508
386.113,2516.5,2462,2508,2513,2501,2545,2520,2521,2549,2536,2494,2516,2523,2530,2495,2489,2539,2528,2540,2500,2520,2495,2550,2521,2493,2540,2534,2517,2493,2524,2499
386.442,2344.6,2360,2357,2319,2337,2319,2334,2365,2386,2344,2300,2325,2347,2305,2362,2321,2315,2363,2370,2340,2349,2335,2356,2347,2403,2355,2354,2316,2352,2337,2364
386.771,2156.5,2126,2138,2179,2159,2156,2139,2138,2164,2179,2147,2177,2139,2149,2185,2152,2122,2155,2165,2172,2146,2144,2121,2161,2153,2205,2158,2143,2164,2143,2216
387.099,2129.6,2128,2110,2088,2146,2184,2143,2145,2098,2128,2171,2139,2122,2132,2123,2117,2144,2110,2136,2134,2137,2137,2141,2153,2136,2132,2130,2126,2092,2097,2108
387.428,2233.2,2232,2234,2266,2212,2192,2188,2264,2249,2250,2255,2186,2232,2230,2268,2223,2250,2211,2219,2240,2184,2256,2222,2276,2229,2235,2242,2254,2248,2248,2201
387.757,2263.9,2259,2232,2308,2264,2264,2253,2242,2252,2286,2237,2260,2287,2248,2267,2252,2265,2255,2279,2239,2274,2285,2297,2243,2286,2288,2282,2251,2226,2255,2281
388.086,2713.9,2713,2683,2738,2696,2694,2690,2728,2695,2733,2744,2756,2689,2687,2725,2729,2706,2710,2707,2731,2720,2688,2716,2641,2710,2715,2718,2735,2753,2744,2724
388.415,2382.7,2366,2361,2356,2399,2366,2361,2398,2361,2393,2358,2390,2395,2327,2358,2364,2400,2420,2392,2417,2390,2417,2354,2386,2387,2378,2382,2425,2407,2364,2408
388.744,2461.9,2456,2444,2442,2468,2469,2449,2473,2459,2462,2440,2417,2445,2441,2501,2451,2471,2506,2466,2466,2459,2501,2460,2449,2485,2465,2444,2423,2483,2498,2464
389.073,2362.7,2347,2376,2347,2327,2347,2373,2354,2355,2365,2371,2393,2369,2361,2360,2365,2360,2350,2349,2376,2347,2355,2384,2359,2356,2402,2376,2329,2350,2417,2362
389.402,2192.0,2212,2167,2154,2199,2210,2183,2216,2230,2196,2206,2152,2178,2157,2188,2192,2188,2219,2175,2170,2207,2196,2166,2216,2205,2218,2239,2181,2187,2186,2168
389.731,2345.2,2339,2373,2351,2314,2363,2380,2345,2361,2393,2341,2344,2344,2320,2320,2354,2372,2351,2371,2324,2349,2382,2328,2344,2345,2318,2316,2300,2344,2325,2344
390.061,2541.7,2552,2509,2549,2557,2593,2591,2515,2568,2531,2531,2540,2501,2512,2556,2558,2537,2542,2545,2510,2513,2558,2534,2520,2545,2532,2572,2545,2544,2520,2571
390.390,2301.8,2296,2305,2285,2296,2311,2306,2284,2272,2299,2316,2296,2278,2294,2323,2276,2302,2323,2288,2318,2281,2278,2296,2291,2304,2312,2351,2355,2291,2323,2303
390.719,2285.1,2280,2246,2251,2290,2300,2296,2258,2284,2299,2266,2259,2289,2298,2308,2316,2298,2299,2282,2312,2238,2278,2313,2317,2269,2304,2257,2296,2284,2269,2297
391.048,2355.8,2378,2348,2394,2365,2321,2341,2373,2376,2343,2352,2365,2365,2351,2386,2377,2345,2333,2340,2379,2400,2349,2357,2355,2328,2395,2324,2325,2334,2331,2344
391.377,2171.1,2163,2161,2176,2180,2195,2213,2140,2169,2194,2151,2177,2153,2113,2170,2152,2158,2208,2204,2173,2188,2160,2172,2160,2184,2214,2152,2168,2146,2146,2193
391.707,2264.7,2298,2291,2251,2312,2246,2266,2257,2291,2241,2227,2281,2272,2282,2268,2293,2274,2245,2256,2248,2318,2269,2258,2270,2249,2244,2237,2295,2241,2214,2248
392.036,2155.8,2189,2156,2173,2181,2208,2159,2120,2171,2156,2158,2174,2120,2129,2133,2161,2155,2132,2156,2164,2158,2156,2136,2163,2133,2189,2144,2184,2113,2162,2142
392.366,2305.8,2309,2327,2312,2297,2295,2306,2327,2294,2327,2294,2356,2277,2270,2326,2268,2304,2347,2274,2305,2301,2324,2292,2323,2325,2327,2286,2291,2306,2296,2287
392.695,2164.4,2153,2150,2164,2154,2175,2171,2153,2168,2136,2148,2169,2128,2181,2190,2159,2157,2170,2174,2171,2189,2174,2154,2146,2150,2176,2166,2191,2194,2150,2172
393.025,2471.6,2448,2456,2479,2470,2471,2464,2453,2455,2508,2467,2467,2459,2502,2446,2497,2466,2459,2506,2473,2492,2457,2448,2489,2474,2490,2465,2433,2485,2490,2480
393.354,2397.4,2414,2412,2388,2442,2429,2412,2381,2396,2371,2413,2378,2383,2409,2411,2401,2386,2402,2410,2384,2392,2382,2380,2408,2388,2425,2397,2365,2366,2408,2390
393.684,2113.0,2108,2136,2117,2123,2122,2117,2120,2124,2127,2078,2136,2085,2097,2134,2168,2137,2100,2100,2108,2072,2121,2099,2078,2124,2097,2101,2116,2104,2108,2132
394.013,2492.4,2500,2481,2501,2514,2498,2492,2498,2488,2526,2504,2436,2525,2467,2476,2491,2498,2511,2510,2474,2520,2462,2510,2476,2479,2488,2491,2501,2519,2463,2472
394.343,2202.7,2192,2182,2217,2188,2232,2171,2209,2179,2205,2181,2207,2192,2171,2197,2224,2202,2238,2250,2214,2208,2198,2222,2229,2209,2210,2200,2212,2167,2193,2182
394.672,2107.9,2140,2095,2091,2086,2090,2129,2102,2065,2110,2106,2124,2112,2108,2114,2113,2120,2155,2088,2119,2144,2079,2089,2125,2153,2084,2102,2109,2068,2088,2129
395.002,1994.7,2008,2015,1968,1977,1976,1930,1988,2000,2023,1995,1958,2010,2019,2012,1968,2001,2002,2004,2030,1985,2003,1974,2000,1989,2001,1969,2011,2016,1987,2021
395.332,2282.2,2278,2297,2278,2275,2255,2277,2285,2253,2257,2263,2312,2278,2266,2287,2293,2270,2279,2295,2307,2284,2301,2312,2271,2299,2269,2282,2291,2248,2300,2304
395.662,1973.1,2000,1949,1936,1977,1960,1947,1955,1977,1967,1955,1993,1945,2008,1953,1995,1981,1967,1965,1957,2008,2009,1964,1994,1962,1986,1968,1991,1961,1965,1998
395.991,2331.3,2338,2346,2319,2340,2357,2341,2305,2320,2297,2326,2342,2335,2329,2372,2318,2398,2358,2324,2331,2334,2304,2344,2329,2306,2364,2344,2316,2305,2288,2310
396.321,2330.0,2315,2274,2364,2377,2366,2309,2329,2325,2356,2353,2353,2304,2331,2271,2356,2302,2323,2320,2354,2308,2320,2320,2352,2295,2304,2311,2359,2356,2330,2362
396.651,2425.1,2447,2439,2350,2392,2455,2454,2433,2448,2389,2403,2472,2430,2435,2427,2425,2441,2429,2419,2404,2436,2425,2452,2442,2411,2462,2392,2404,2446,2398,2394
396.981,2122.6,2064,2120,2114,2130,2117,2120,2118,2088,2120,2104,2132,2123,2133,2122,2144,2136,2142,2162,2118,2170,2113,2124,2102,2097,2148,2139,2136,2126,2105,2110
397.311,2521.7,2550,2526,2496,2462,2520,2509,2518,2527,2524,2524,2515,2542,2507,2546,2543,2508,2493,2563,2547,2536,2479,2539,2498,2536,2498,2539,2512,2543,2524,2527
397.641,2358.3,2354,2351,2355,2351,2346,2370,2361,2338,2355,2377,2376,2356,2358,2345,2373,2353,2361,2342,2316,2339,2338,2369,2386,2377,2373,2347,2363,2386,2370,2362
397.971,2158.0,2151,2134,2147,2152,2202,2134,2172,2127,2113,2161,2164,2154,2157,2144,2126,2169,2183,2202,2177,2152,2183,2170,2145,2146,2174,2157,2155,2157,2149,2183
398.301,2149.3,2168,2152,2161,2145,2132,2121,2173,2118,2164,2188,2126,2139,2152,2165,2143,2157,2149,2136,2157,2159,2139,2133,2139,2168,2141,2160,2134,2145,2147,2168
398.631,2119.0,2125,2094,2148,2130,2153,2120,2122,2079,2095,2095,2113,2106,2101,2128,2134,2149,2141,2110,2116,2106,2128,2132,2141,2092,2112,2120,2124,2138,2114,2105
398.961,2197.4,2204,2210,2163,2207,2230,2175,2197,2178,2200,2185,2160,2204,2191,2217,2200,2197,2223,2206,2162,2201,2168,2229,2211,2216,2155,2217,2226,2202,2224,2165
399.291,2254.8,2259,2205,2243,2267,2256,2196,2233,2248,2272,2244,2240,2258,2266,2234,2196,2239,2270,2241,2283,2260,2303,2265,2277,2263,2259,2280,2271,2299,2234,2282
399.621,2074.8,2097,2075,2106,2102,2038,2085,2062,2097,2075,2036,2056,2045,2072,2069,2088,2084,2073,2086,2060,2057,2089,2053,2099,2083,2092,2099,2059,2065,2076,2065
399.952,2352.8,2344,2351,2314,2373,2302,2366,2355,2345,2380,2370,2369,2352,2337,2360,2347,2353,2386,2372,2338,2389,2367,2354,2307,2364,2328,2335,2366,2332,2391,2336
400.282,2058.4,2085,2053,2034,2076,2060,2055,2054,2073,2117,2046,2049,2056,2042,2075,2059,2015,2053,2051,2064,2060,2051,2066,2043,2036,2077,2095,2050,2048,2042,2066
400.612,2322.3,2322,2318,2316,2340,2313,2337,2349,2332,2293,2309,2313,2342,2340,2298,2294,2329,2301,2308,2326,2325,2316,2360,2307,2294,2337,2320,2306,2344,2316,2365
400.943,2241.3,2266,2236,2238,2226,2259,2239,2263,2223,2239,2225,2261,2253,2232,2251,2205,2213,2226,2218,2219,2216,2275,2259,2278,2252,2234,2219,2219,2234,2261,2301
401.273,2183.6,2139,2193,2213,2173,2193,2157,2177,2215,2185,2168,2204,2195,2185,2181,2187,2184,2175,2196,2208,2199,2158,2201,2189,2193,2168,2183,2167,2161,2184,2176
401.603,2388.5,2397,2372,2387,2429,2399,2393,2388,2374,2398,2361,2413,2411,2413,2392,2328,2419,2428,2378,2416,2389,2353,2356,2379,2337,2382,2399,2420,2405,2379,2361
401.934,2121.5,2115,2156,2130,2124,2094,2126,2135,2106,2116,2115,2139,2107,2135,2113,2082,2117,2134,2097,2112,2099,2131,2139,2137,2112,2150,2132,2095,2167,2114,2116
402.264,2198.8,2194,2205,2202,2196,2222,2238,2242,2132,2226,2187,2210,2168,2182,2170,2200,2200,2196,2200,2173,2194,2216,2208,2198,2198,2200,2176,2218,2246,2190,2178
402.595,2062.4,2090,2072,2086,2036,2062,2086,2084,2064,2040,2053,2030,2107,2077,2066,2067,2081,2028,2059,2068,2082,1993,2078,2057,2096,2033,2045,2069,2067,2025,2070
402.925,2135.9,2147,2129,2110,2142,2106,2145,2127,2125,2120,2132,2149,2154,2104,2125,2164,2155,2100,2129,2148,2125,2161,2171,2125,2160,2153,2124,2153,2118,2118,2157
403.256,2189.6,2189,2159,2219,2160,2179,2206,2189,2194,2187,2226,2169,2211,2204,2171,2154,2198,2222,2192,2180,2200,2189,2198,2190,2186,2206,2169,2167,2159,2212,2203
403.586,2852.1,2861,2834,2820,2841,2874,2866,2849,2883,2859,2848,2861,2842,2892,2836,2825,2829,2870,2831,2898,2838,2863,2787,2872,2859,2861,2896,2830,2854,2848,2836
403.917,2319.7,2361,2262,2324,2294,2284,2360,2279,2355,2301,2286,2331,2320,2354,2324,2325,2339,2350,2303,2315,2333,2343,2330,2298,2314,2319,2317,2276,2318,2349,2328
404.248,2186.3,2174,2191,2171,2141,2189,2161,2175,2175,2193,2173,2191,2179,2197,2183,2142,2167,2185,2225,2224,2174,2198,2206,2206,2188,2174,2210,2169,2189,2212,2228
404.578,2342.9,2344,2314,2353,2327,2366,2318,2331,2336,2323,2349,2398,2351,2339,2345,2396,2339,2327,2355,2372,2317,2332,2333,2311,2357,2321,2361,2332,2342,2314,2384
404.909,2429.9,2440,2452,2434,2443,2420,2410,2428,2449,2409,2432,2433,2427,2443,2421,2449,2454,2410,2413,2430,2428,2405,2432,2438,2434,2432,2417,2398,2437,2440,2440
405.240,2532.6,2506,2525,2541,2545,2557,2552,2522,2498,2520,2500,2510,2552,2541,2582,2513,2526,2521,2508,2534,2559,2562,2495,2526,2554,2541,2513,2549,2545,2504,2577
405.571,2178.5,2190,2181,2191,2184,2183,2163,2205,2159,2182,2194,2193,2197,2154,2196,2168,2186,2207,2132,2158,2200,2176,2170,2179,2171,2178,2152,2179,2159,2174,2194
405.902,2320.6,2304,2338,2357,2326,2305,2338,2304,2282,2314,2300,2325,2323,2337,2291,2330,2341,2302,2337,2324,2303,2344,2341,2348,2327,2344,2278,2311,2325,2322,2297
406.232,1962.0,1993,1934,1962,1971,1931,1995,1950,2003,1942,1941,1945,1967,1966,1926,1981,1982,1952,1956,1962,1957,1987,1980,1948,1998,1917,1951,1935,1992,1972,1963
406.563,2130.9,2187,2130,2134,2089,2136,2160,2104,2150,2126,2121,2123,2104,2108,2122,2122,2165,2114,2147,2088,2172,2152,2120,2106,2154,2104,2149,2125,2130,2163,2121
406.894,2225.7,2211,2232,2222,2232,2240,2248,2214,2226,2219,2195,2216,2220,2235,2196,2213,2200,2254,2258,2223,2243,2214,2260,2232,2206,2200,2225,2231,2222,2220,2265
407.225,2530.6,2546,2532,2537,2531,2574,2532,2534,2546,2546,2531,2528,2532,2518,2575,2500,2545,2541,2536,2524,2488,2545,2493,2524,2531,2483,2506,2540,2577,2496,2527
407.556,2288.9,2312,2264,2285,2274,2292,2305,2280,2328,2292,2309,2271,2298,2312,2270,2276,2265,2292,2258,2280,2308,2330,2299,2329,2286,2271,2266,2297,2275,2258,2286
407.887,2004.0,1985,2014,2028,2033,2003,1994,2009,2026,2005,1966,2007,1960,1989,2036,2028,2011,1966,1997,1976,2016,2021,1996,2048,2009,1950,2021,2014,2013,2014,1986
408.218,2318.4,2314,2348,2332,2305,2352,2341,2305,2353,2304,2318,2281,2290,2312,2298,2344,2321,2332,2337,2310,2331,2318,2322,2280,2306,2350,2295,2324,2308,2317,2304
408.550,2374.6,2386,2373,2373,2397,2371,2403,2355,2400,2377,2380,2382,2393,2386,2328,2339,2387,2364,2410,2383,2380,2384,2332,2376,2383,2340,2347,2384,2412,2386,2328
408.881,2309.7,2314,2306,2286,2275,2356,2331,2280,2317,2297,2292,2372,2312,2338,2324,2284,2324,2347,2300,2314,2301,2266,2297,2323,2297,2372,2261,2320,2287,2324,2273
409.212,2285.9,2241,2283,2276,2325,2312,2259,2290,2302,2315,2300,2270,2304,2274,2291,2286,2261,2294,2312,2287,2260,2324,2276,2259,2299,2291,2264,2298,2241,2264,2319
409.543,2349.3,2368,2342,2308,2332,2350,2322,2341,2398,2328,2331,2354,2370,2340,2358,2314,2394,2376,2350,2344,2345,2348,2361,2345,2344,2316,2373,2363,2346,2350,2368
409.874,2289.8,2253,2301,2274,2295,2258,2306,2274,2280,2331,2271,2257,2314,2266,2268,2292,2312,2298,2321,2316,2252,2285,2281,2309,2310,2291,2294,2272,2324,2308,2280
410.206,2079.7,2083,2094,2077,2091,2119,2060,2083,2111,2113,2040,2059,2085,2081,2096,2097,2050,2104,2091,2054,2057,2057,2130,2046,2062,2056,2055,2091,2084,2075,2091
410.537,2156.1,2165,2154,2136,2142,2193,2144,2148,2136,2180,2143,2180,2142,2184,2131,2180,2164,2167,2109,2163,2106,2172,2148,2166,2130,2145,2146,2166,2210,2184,2150
410.868,2260.7,2267,2268,2256,2285,2242,2215,2262,2254,2251,2291,2254,2239,2253,2235,2280,2275,2240,2258,2304,2264,2279,2274,2262,2246,2254,2232,2296,2262,2255,2268
411.200,2344.3,2371,2337,2341,2383,2324,2333,2349,2328,2333,2351,2351,2347,2337,2351,2353,2316,2382,2362,2364,2340,2336,2325,2342,2358,2313,2346,2349,2368,2338,2302
411.531,2448.3,2467,2447,2440,2451,2481,2465,2469,2457,2427,2459,2462,2432,2445,2429,2512,2453,2469,2427,2437,2440,2433,2434,2469,2417,2458,2420,2435,2462,2447,2404
411.863,2118.5,2154,2125,2127,2120,2126,2114,2066,2128,2115,2160,2096,2114,2124,2118,2122,2101,2105,2113,2072,2114,2133,2117,2170,2143,2094,2115,2140,2072,2096,2160
412.194,2328.5,2322,2277,2322,2324,2314,2333,2356,2355,2358,2332,2362,2342,2350,2329,2319,2327,2341,2329,2330,2332,2274,2288,2331,2306,2330,2337,2333,2362,2334,2305
412.526,2336.8,2294,2314,2348,2368,2326,2289,2348,2334,2306,2323,2352,2350,2350,2342,2329,2356,2371,2318,2332,2330,2315,2356,2345,2370,2337,2360,2319,2339,2341,2342
412.857,2287.2,2306,2269,2289,2301,2255,2280,2298,2286,2275,2248,2273,2317,2268,2298,2322,2273,2265,2290,2311,2301,2329,2272,2301,2279,2263,2304,2298,2285,2310,2250
413.189,2266.4,2294,2290,2285,2317,2275,2254,2265,2273,2245,2268,2272,2287,2269,2253,2197,2278,2286,2246,2236,2271,2283,2276,2252,2265,2245,2262,2264,2271,2258,2256
413.521,2452.1,2449,2441,2457,2454,2467,2451,2448,2415,2428,2474,2480,2469,2443,2427,2484,2443,2465,2497,2458,2468,2425,2459,2428,2441,2488,2447,2428,2440,2468,2421
413.852,2175.7,2196,2184,2194,2151,2184,2172,2149,2196,2171,2162,2181,2173,2160,2146,2165,2160,2165,2171,2185,2209,2173,2171,2173,2200,2189,2191,2168,2232,2176,2123
414.184,2411.4,2400,2436,2429,2406,2414,2368,2401,2393,2433,2411,2406,2403,2398,2428,2410,2427,2421,2376,2426,2438,2395,2409,2432,2442,2392,2416,2393,2429,2392,2417
414.516,2362.0,2338,2396,2362,2339,2344,2391,2365,2377,2364,2345,2364,2377,2393,2377,2335,2355,2344,2371,2408,2381,2344,2317,2370,2357,2350,2329,2355,2375,2395,2343
414.847,2311.5,2330,2297,2313,2340,2318,2324,2302,2308,2294,2314,2310,2314,2325,2307,2289,2307,2280,2300,2329,2305,2279,2313,2336,2252,2377,2301,2318,2332,2326,2304
415.179,2309.3,2317,2317,2247,2319,2314,2316,2313,2298,2343,2345,2318,2346,2268,2312,2330,2286,2309,2295,2329,2330,2298,2314,2292,2278,2329,2303,2290,2293,2308,2323
415.511,2536.1,2544,2523,2540,2502,2517,2516,2568,2546,2556,2554,2552,2555,2554,2547,2548,2543,2518,2521,2500,2508,2534,2576,2526,2520,2536,2530,2524,2508,2513,2605
415.843,2305.4,2302,2300,2286,2292,2266,2302,2344,2313,2281,2298,2331,2259,2314,2329,2328,2331,2297,2318,2280,2323,2347,2293,2315,2296,2320,2317,2262,2318,2335,2266
416.175,2618.3,2584,2627,2630,2625,2596,2648,2625,2612,2665,2612,2585,2641,2648,2606,2620,2653,2573,2614,2633,2621,2626,2631,2611,2618,2598,2570,2634,2621,2637,2584
416.507,2075.0,2102,2106,2079,2047,2062,2074,2072,2056,2071,2053,2062,2074,2079,2045,2046,2056,2091,2037,2110,2083,2082,2088,2085,2090,2053,2114,2059,2106,2114,2054
416.839,2213.7,2198,2236,2207,2212,2208,2226,2238,2193,2213,2207,2216,2258,2205,2200,2218,2173,2240,2173,2208,2239,2259,2228,2198,2167,2208,2232,2222,2200,2197,2232
417.171,2374.2,2398,2416,2330,2349,2354,2394,2401,2357,2371,2374,2381,2381,2397,2367,2397,2376,2458,2354,2388,2340,2371,2344,2385,2347,2357,2383,2351,2349,2395,2362
417.503,2281.7,2262,2311,2298,2287,2300,2312,2296,2291,2278,2267,2269,2312,2270,2287,2270,2322,2297,2286,2270,2294,2244,2238,2278,2248,2287,2300,2292,2255,2247,2284
417.835,2124.3,2112,2128,2131,2090,2140,2121,2117,2108,2148,2115,2126,2130,2134,2098,2132,2146,2142,2108,2118,2100,2098,2132,2159,2111,2118,2133,2132,2125,2128,2149
418.167,2584.2,2611,2599,2577,2567,2557,2577,2623,2578,2572,2543,2557,2604,2603,2587,2575,2634,2619,2570,2591,2571,2613,2582,2574,2541,2577,2584,2595,2550,2566,2630
418.499,2124.2,2127,2138,2114,2110,2131,2130,2130,2094,2157,2087,2141,2111,2128,2112,2115,2134,2135,2184,2124,2123,2111,2155,2111,2101,2071,2134,2101,2139,2132,2145
418.832,2474.0,2464,2483,2513,2467,2451,2476,2503,2425,2480,2453,2512,2505,2446,2491,2460,2465,2500,2456,2492,2459,2482,2507,2436,2472,2499,2488,2496,2460,2441,2437
419.164,2556.9,2550,2616,2512,2561,2562,2530,2570,2566,2559,2554,2594,2527,2620,2550,2580,2553,2556,2516,2537,2566,2562,2553,2556,2543,2533,2531,2565,2578,2556,2552
419.496,2068.7,2079,2059,2056,2079,2120,2050,2096,2074,2082,2054,2070,2073,2056,2060,2052,2089,2049,2061,2064,2040,2091,2048,2063,2091,2072,2092,2061,2040,2058,2082
419.828,2068.1,2078,2041,2057,2040,2120,2058,2102,2028,2095,2053,2116,2081,2077,2053,2072,2040,2072,2089,2063,2062,2101,2095,2042,2049,2041,2086,2040,2077,2081,2034
420.161,2100.3,2120,2078,2104,2094,2132,2127,2110,2090,2088,2053,2067,2086,2074,2129,2116,2144,2109,2120,2056,2093,2106,2098,2117,2092,2069,2103,2093,2106,2120,2116
420.493,2376.5,2389,2377,2379,2377,2394,2379,2366,2330,2386,2369,2392,2396,2389,2355,2369,2371,2375,2349,2405,2394,2394,2373,2321,2350,2334,2428,2389,2375,2417,2373
420.825,2062.7,2063,2085,2052,2056,2043,2076,2045,2097,2079,2051,2077,2042,2042,2078,2050,2042,2059,2054,2075,2106,2086,2105,2048,2020,2061,2074,2036,2047,2066,2067
421.158,2444.0,2424,2427,2458,2428,2445,2446,2426,2408,2438,2436,2467,2444,2446,2473,2424,2479,2441,2467,2443,2424,2419,2452,2447,2458,2452,2442,2523,2389,2439,2456
421.490,2247.5,2264,2268,2256,2275,2286,2218,2291,2266,2256,2236,2221,2208,2228,2257,2230,2250,2239,2264,2298,2261,2232,2207,2254,2246,2198,2273,2218,2243,2258,2225
421.823,2200.5,2210,2186,2209,2229,2203,2186,2173,2225,2227,2189,2191,2202,2231,2226,2191,2204,2205,2198,2220,2177,2200,2198,2194,2153,2226,2199,2185,2202,2182,2195
422.155,2102.2,2109,2089,2085,2064,2100,2082,2116,2073,2108,2093,2090,2095,2099,2098,2117,2099,2101,2126,2097,2134,2096,2089,2146,2089,2141,2124,2112,2082,2093,2118
422.488,2253.3,2270,2254,2219,2290,2214,2232,2255,2248,2249,2254,2241,2257,2230,2285,2248,2281,2261,2253,2258,2276,2239,2258,2274,2261,2223,2248,2223,2291,2248,2260
422.820,2052.7,2039,2049,2064,2050,2029,2060,2071,2099,2060,2048,2072,2009,2035,2023,2043,2011,2043,2084,2045,2044,2066,2072,2069,2052,2030,2074,2081,2060,2047,2051
423.153,2215.7,2191,2183,2258,2207,2210,2216,2201,2195,2168,2163,2210,2199,2239,2201,2219,2252,2250,2216,2219,2251,2209,2248,2228,2191,2243,2241,2217,2219,2239,2188
423.486,2057.5,2063,2031,2078,2036,2073,2068,2064,2051,2074,2056,2032,1998,2063,2086,2077,2081,2069,2084,2088,2104,1992,2034,2076,2066,2061,2058,2044,2022,2018,2079
423.818,1929.6,1912,1922,1948,1931,1958,1907,1922,1923,1910,1911,1928,1939,1946,1934,1920,1923,1923,1930,1901,1943,1900,1945,1937,1917,1928,1962,1938,1963,1937,1929
424.151,2351.3,2394,2306,2320,2328,2353,2382,2358,2330,2354,2392,2333,2360,2329,2348,2351,2394,2365,2366,2335,2359,2296,2345,2370,2351,2351,2354,2326,2381,2345,2363
424.484,2075.5,2044,2051,2067,2075,2069,2082,2126,2094,2049,2077,2072,2057,2080,2089,2059,2065,2084,2049,2082,2063,2057,2113,2068,2079,2106,2077,2081,2082,2072,2095
424.817,2507.1,2508,2472,2504,2463,2535,2522,2517,2479,2532,2493,2490,2467,2512,2476,2527,2516,2508,2492,2518,2530,2548,2510,2493,2507,2517,2539,2547,2463,2512,2517
425.150,2029.2,2068,2081,2013,1976,2028,2005,2032,2027,2038,2030,2053,2009,2035,2020,2053,2051,1999,2028,2046,2012,2035,2029,2002,2027,2013,2028,2039,2039,2047,2012
425.483,2163.3,2181,2166,2143,2149,2180,2172,2191,2161,2126,2158,2167,2129,2192,2160,2178,2159,2198,2152,2142,2128,2198,2116,2167,2182,2187,2155,2181,2147,2166,2168
425.815,2511.1,2520,2500,2505,2495,2505,2498,2508,2552,2521,2526,2481,2480,2514,2502,2465,2504,2553,2489,2496,2509,2506,2484,2550,2507,2485,2556,2513,2552,2528,2530
426.148,2170.1,2192,2194,2159,2140,2159,2163,2167,2146,2178,2160,2157,2150,2189,2165,2187,2184,2187,2208,2119,2162,2188,2115,2169,2188,2165,2156,2205,2188,2170,2192
426.481,2061.9,2058,2056,2042,2076,2046,2049,2040,2095,2056,2060,2036,2040,2051,2058,2086,2073,2095,2067,2060,2080,2046,2031,2041,2113,2062,2072,2066,2071,2038,2093
426.814,2168.8,2149,2183,2187,2173,2114,2160,2200,2190,2159,2153,2145,2165,2184,2195,2148,2184,2163,2169,2170,2149,2144,2145,2183,2191,2190,2151,2196,2161,2184,2180
427.147,2274.1,2252,2266,2280,2257,2291,2234,2303,2249,2273,2313,2249,2301,2279,2257,2285,2249,2284,2292,2298,2245,2275,2237,2281,2271,2271,2302,2288,2261,2316,2264
427.480,2010.9,2020,2026,1993,1989,2032,1993,2014,2013,2009,2013,2033,2015,2045,2024,1963,2033,2033,2031,1989,2016,2006,2005,2009,2002,2026,1984,2020,2012,2010,1969
427.814,2309.2,2300,2314,2281,2319,2303,2295,2325,2333,2313,2281,2280,2313,2325,2296,2325,2312,2304,2295,2282,2325,2306,2292,2351,2294,2299,2368,2309,2338,2286,2311
428.147,2221.7,2243,2175,2233,2210,2217,2208,2197,2229,2215,2212,2282,2205,2226,2203,2227,2250,2214,2243,2204,2237,2232,2214,2212,2228,2203,2212,2249,2204,2223,2245
428.480,2349.9,2337,2353,2350,2371,2297,2320,2361,2342,2349,2338,2389,2332,2353,2376,2355,2346,2364,2328,2338,2344,2354,2366,2362,2335,2359,2340,2360,2358,2378,2341
428.813,2449.0,2476,2424,2457,2479,2399,2449,2447,2433,2486,2433,2447,2417,2474,2446,2445,2433,2462,2490,2406,2463,2442,2466,2442,2447,2491,2421,2424,2476,2445,2450
429.146,2861.3,2868,2855,2872,2822,2835,2873,2878,2837,2878,2894,2855,2830,2842,2905,2876,2788,2876,2882,2849,2912,2896,2895,2867,2848,2862,2910,2842,2795,2848,2848
429.480,2128.5,2102,2154,2127,2123,2108,2152,2163,2136,2145,2107,2127,2140,2135,2143,2129,2112,2120,2151,2104,2137,2156,2104,2154,2088,2108,2131,2136,2124,2128,2111
429.813,2106.8,2113,2133,2100,2114,2095,2130,2092,2086,2093,2114,2106,2075,2133,2120,2138,2054,2108,2105,2108,2118,2093,2110,2117,2143,2114,2106,2131,2085,2074,2096
430.146,2422.5,2396,2424,2459,2442,2429,2434,2441,2387,2423,2432,2424,2424,2427,2421,2385,2401,2466,2414,2440,2393,2402,2416,2456,2437,2392,2433,2420,2427,2422,2408
430.480,2391.4,2396,2424,2365,2371,2394,2395,2417,2397,2401,2448,2372,2361,2416,2398,2412,2350,2416,2416,2400,2382,2366,2383,2363,2383,2352,2427,2396,2363,2406,2371
430.813,2324.4,2308,2320,2338,2326,2337,2358,2321,2340,2304,2304,2316,2339,2320,2364,2321,2288,2335,2333,2318,2331,2340,2295,2297,2332,2310,2328,2364,2292,2306,2347
431.146,2528.5,2494,2541,2545,2550,2526,2545,2535,2494,2534,2536,2530,2548,2517,2515,2530,2516,2511,2496,2484,2551,2521,2507,2533,2564,2529,2538,2559,2569,2524,2513
431.480,2191.3,2200,2218,2221,2157,2224,2176,2186,2200,2204,2168,2201,2201,2198,2168,2194,2173,2230,2196,2169,2204,2173,2185,2197,2138,2207,2188,2216,2184,2194,2168
431.813,2127.9,2095,2108,2132,2138,2122,2156,2133,2128,2116,2142,2159,2132,2108,2124,2127,2096,2149,2143,2150,2123,2170,2140,2133,2116,2143,2140,2116,2102,2124,2072
432.147,2374.8,2351,2373,2349,2405,2366,2373,2335,2360,2390,2377,2378,2372,2388,2355,2350,2412,2362,2375,2368,2357,2411,2383,2409,2358,2362,2399,2360,2370,2424,2373
432.481,2042.0,2042,2029,2037,2044,2061,2045,2033,2073,2039,2060,1999,2076,2096,2031,2021,2044,2022,2042,2041,1986,2027,2042,2060,2056,2046,2062,2036,2062,2049,1998
432.814,2399.7,2434,2384,2421,2370,2392,2441,2413,2407,2350,2408,2380,2406,2428,2414,2381,2357,2375,2433,2437,2387,2398,2360,2428,2401,2356,2408,2393,2441,2389,2399
433.148,2202.4,2235,2198,2185,2228,2228,2198,2196,2200,2193,2204,2206,2210,2254,2207,2168,2152,2215,2208,2198,2190,2182,2203,2198,2179,2202,2210,2211,2195,2222,2196
433.482,2284.4,2262,2296,2271,2259,2266,2275,2300,2282,2299,2295,2296,2330,2305,2265,2272,2253,2265,2320,2317,2232,2293,2263,2277,2306,2256,2303,2269,2283,2315,2307
433.815,2059.2,2064,2029,2081,2013,2032,2096,2084,2065,2069,2088,2078,2051,2067,2107,2038,2053,2027,2015,2052,2032,2063,2052,2104,2081,2051,2049,2046,2052,2076,2061
434.149,1977.9,1995,1989,1978,1994,1978,1954,1958,1962,1972,1986,1954,1967,1977,2020,1974,1966,1969,1979,1967,1984,1989,1995,1957,1989,2006,1944,2010,1968,1976,1981
434.483,2186.9,2148,2165,2147,2200,2170,2230,2170,2226,2187,2176,2230,2171,2185,2218,2181,2179,2168,2179,2219,2148,2170,2211,2138,2226,2224,2208,2211,2184,2151,2187
434.817,2131.8,2130,2159,2103,2100,2134,2078,2158,2172,2120,2097,2136,2131,2143,2138,2157,2164,2115,2148,2097,2135,2188,2131,2113,2130,2099,2118,2140,2151,2140,2130
435.150,2361.9,2337,2397,2382,2394,2364,2369,2336,2356,2347,2338,2377,2409,2379,2355,2350,2335,2330,2358,2350,2292,2374,2344,2383,2331,2371,2362,2390,2380,2379,2387
435.484,2122.5,2143,2097,2152,2135,2097,2145,2126,2129,2139,2134,2133,2104,2111,2115,2123,2094,2085,2101,2152,2104,2118,2122,2119,2147,2161,2152,2113,2116,2093,2116
435.818,2003.0,1994,2024,2014,1983,2025,2042,2013,2011,1995,2001,1992,1973,1963,2008,2025,2042,2010,1974,2024,1988,1994,2031,2021,1975,1987,1972,1993,2022,1992,2002
436.152,2336.4,2306,2310,2339,2344,2346,2289,2358,2327,2337,2340,2354,2340,2304,2342,2349,2324,2346,2346,2355,2326,2304,2354,2344,2373,2282,2360,2342,2347,2350,2355
436.486,2164.5,2184,2155,2172,2119,2191,2155,2182,2135,2171,2162,2141,2149,2139,2134,2128,2221,2168,2181,2185,2147,2099,2141,2159,2172,2203,2181,2200,2180,2187,2193
436.820,2268.4,2285,2258,2246,2328,2273,2274,2273,2280,2222,2223,2262,2258,2264,2251,2258,2266,2262,2286,2286,2244,2258,2287,2279,2260,2311,2280,2252,2267,2293,2266
437.154,2455.2,2449,2463,2456,2458,2434,2488,2462,2436,2436,2459,2467,2454,2510,2479,2416,2473,2451,2432,2436,2447,2459,2437,2465,2482,2470,2442,2441,2430,2434,2489
437.488,2328.0,2287,2337,2344,2355,2315,2344,2343,2345,2274,2333,2323,2357,2338,2340,2335,2387,2335,2273,2322,2297,2297,2313,2329,2306,2339,2381,2312,2330,2334,2314
437.822,2352.2,2349,2344,2354,2333,2364,2341,2380,2405,2376,2361,2346,2359,2307,2342,2349,2342,2319,2365,2350,2352,2363,2363,2334,2366,2344,2328,2398,2376,2312,2345
438.157,2539.8,2570,2555,2522,2521,2543,2500,2543,2539,2496,2506,2543,2526,2582,2565,2510,2531,2565,2577,2559,2560,2532,2515,2563,2577,2519,2552,2543,2525,2499,2557
438.491,2475.0,2481,2478,2451,2503,2459,2476,2446,2478,2436,2487,2476,2474,2495,2497,2527,2520,2434,2449,2489,2441,2497,2456,2492,2496,2493,2483,2437,2491,2440,2469
438.825,2171.9,2223,2171,2173,2189,2145,2178,2155,2134,2171,2152,2197,2156,2187,2143,2173,2188,2190,2164,2141,2178,2163,2156,2193,2160,2171,2218,2158,2181,2170,2178
439.159,2062.9,2040,2083,2072,2088,2054,2052,2062,2056,2052,2021,2065,2098,2052,2048,2047,2053,2074,2060,2066,2056,2107,2101,2024,2063,2054,2085,2061,2053,2073,2066
439.493,2329.9,2351,2331,2334,2351,2326,2299,2346,2322,2299,2332,2294,2377,2360,2326,2301,2328,2349,2322,2315,2348,2323,2335,2339,2352,2304,2348,2328,2294,2323,2340
439.828,2039.2,2038,2056,2024,2023,2088,2024,2046,2035,2012,2030,2021,2009,2014,2047,2011,2009,2031,2062,2056,2050,2071,2041,2035,2042,2065,2065,2047,2022,2012,2089
440.162,2256.0,2268,2244,2235,2243,2301,2268,2272,2272,2237,2286,2245,2207,2295,2281,2250,2283,2269,2298,2237,2228,2232,2267,2264,2248,2236,2205,2282,2245,2241,2241
440.497,2537.6,2503,2529,2539,2504,2553,2480,2555,2576,2552,2579,2566,2563,2519,2533,2549,2524,2532,2525,2533,2509,2511,2552,2596,2562,2514,2506,2542,2531,2498,2593
440.831,2150.0,2141,2118,2152,2093,2162,2149,2167,2163,2136,2125,2218,2152,2143,2137,2180,2160,2158,2165,2133,2152,2151,2155,2137,2142,2161,2128,2110,2154,2203,2155
441.165,2091.6,2077,2081,2079,2043,2069,2089,2124,2088,2058,2095,2094,2049,2112,2078,2130,2094,2058,2118,2077,2115,2115,2092,2102,2095,2110,2090,2126,2082,2092,2115
441.500,2032.3,2000,2030,2041,2022,2016,2061,2044,2064,2005,2032,2043,2044,2029,2073,2004,2056,2057,2024,1996,2024,2043,2039,2047,2012,2011,2026,2009,2063,2033,2021
441.834,2327.6,2340,2317,2304,2329,2329,2316,2333,2351,2349,2328,2334,2320,2343,2350,2309,2326,2360,2328,2337,2352,2326,2325,2367,2294,2312,2348,2305,2296,2314,2287
442.169,2322.3,2299,2283,2316,2342,2363,2313,2309,2309,2326,2280,2330,2324,2319,2302,2310,2318,2346,2326,2363,2329,2334,2310,2349,2312,2344,2261,2341,2330,2330,2350
442.503,2328.7,2306,2330,2357,2323,2320,2330,2298,2303,2314,2349,2344,2336,2363,2297,2283,2309,2384,2297,2325,2306,2329,2309,2315,2353,2349,2320,2363,2330,2377,2343
442.838,2350.7,2380,2358,2373,2357,2376,2331,2381,2353,2337,2346,2356,2372,2340,2334,2366,2338,2344,2325,2376,2339,2365,2334,2324,2345,2309,2359,2316,2348,2351,2389
443.173,1997.2,2012,2028,2013,1998,1992,2020,2022,2001,1980,2004,1984,1967,2011,1978,1988,2016,1993,1996,1969,1989,2001,2035,1982,1947,2038,1987,2028,1993,1964,1980
443.507,2185.0,2168,2207,2205,2168,2150,2181,2206,2174,2204,2226,2163,2163,2184,2160,2206,2215,2177,2180,2213,2165,2165,2199,2122,2190,2181,2195,2187,2181,2211,2204
443.842,2379.0,2430,2347,2353,2374,2405,2418,2402,2395,2375,2392,2393,2344,2381,2353,2354,2359,2355,2381,2418,2379,2370,2379,2389,2348,2399,2349,2383,2357,2384,2405
444.177,2123.6,2126,2126,2127,2125,2106,2149,2082,2134,2112,2116,2121,2137,2150,2104,2151,2117,2159,2130,2104,2121,2134,2132,2092,2152,2123,2093,2112,2128,2115,2131
444.512,2045.1,2054,2049,2043,2042,2002,2053,2042,2089,2036,2015,2029,2025,2035,2047,2040,2046,2057,2035,2066,2082,2033,2019,2032,2064,2037,2032,2066,2041,2075,2068
444.846,1941.5,1925,1935,1939,1958,1936,1949,1950,1951,1939,1928,1945,1928,1948,1936,1955,1950,1955,1914,1937,1945,1946,1915,1925,1961,1955,1966,1914,1955,1929,1955
445.181,2200.0,2202,2164,2218,2175,2210,2187,2208,2196,2214,2193,2198,2217,2189,2164,2168,2227,2218,2164,2237,2216,2210,2202,2208,2216,2182,2236,2201,2158,2221,2202
445.516,2203.8,2196,2150,2208,2260,2190,2176,2180,2202,2190,2208,2189,2230,2210,2200,2222,2282,2182,2196,2171,2212,2229,2209,2169,2216,2218,2209,2225,2200,2192,2194
445.851,2102.7,2123,2096,2110,2070,2102,2123,2088,2081,2101,2082,2101,2114,2120,2125,2127,2090,2111,2104,2096,2104,2130,2095,2110,2101,2098,2120,2085,2096,2071,2106
446.186,2154.3,2159,2136,2134,2136,2186,2130,2156,2138,2176,2130,2106,2200,2169,2165,2145,2134,2157,2183,2151,2136,2127,2196,2179,2164,2130,2148,2137,2178,2155,2188
446.521,2093.5,2115,2103,2104,2089,2105,2054,2105,2045,2084,2138,2086,2076,2118,2109,2101,2107,2079,2072,2110,2093,2086,2093,2106,2091,2102,2149,2059,2073,2085,2067
446.856,2552.7,2561,2546,2566,2524,2559,2539,2519,2563,2577,2570,2532,2577,2529,2519,2564,2594,2505,2548,2545,2554,2569,2572,2538,2570,2556,2588,2555,2605,2504,2534
447.191,2274.6,2273,2276,2302,2303,2289,2265,2271,2289,2252,2283,2278,2279,2239,2291,2243,2249,2290,2303,2297,2229,2267,2303,2273,2302,2288,2230,2220,2280,2297,2277
447.526,2277.2,2279,2262,2249,2256,2318,2281,2270,2265,2249,2243,2255,2289,2268,2266,2253,2298,2305,2280,2270,2342,2270,2275,2281,2269,2312,2275,2268,2303,2306,2258
447.861,2129.3,2126,2131,2126,2106,2160,2141,2115,2208,2129,2130,2143,2110,2136,2104,2151,2124,2121,2126,2137,2146,2117,2109,2132,2151,2133,2132,2068,2114,2153,2101
448.196,2300.2,2322,2324,2287,2312,2273,2328,2312,2326,2290,2298,2312,2301,2327,2294,2327,2307,2271,2298,2280,2319,2342,2262,2285,2323,2265,2298,2276,2310,2221,2316
448.531,2503.6,2533,2501,2538,2502,2505,2488,2491,2493,2515,2488,2496,2534,2501,2473,2458,2511,2500,2502,2508,2525,2486,2525,2520,2464,2548,2490,2508,2483,2517,2506
448.867,2416.1,2424,2383,2389,2430,2467,2453,2418,2410,2406,2387,2417,2419,2409,2411,2430,2430,2405,2415,2435,2459,2375,2420,2422,2394,2403,2388,2387,2411,2463,2424
449.202,2002.4,1997,1996,2008,2010,1968,1993,2019,1974,2015,1979,2043,2027,2008,1992,2001,2019,1994,1974,2015,1999,2004,1990,2014,1997,1998,1958,2047,2009,2028,1997
449.537,2683.9,2648,2699,2683,2699,2686,2714,2708,2655,2660,2673,2690,2667,2630,2705,2696,2675,2715,2652,2683,2658,2654,2742,2715,2713,2696,2671,2661,2667,2699,2703
449.872,2493.0,2523,2520,2485,2468,2496,2446,2477,2518,2476,2493,2491,2471,2468,2462,2501,2473,2512,2517,2480,2490,2535,2485,2517,2488,2512,2504,2504,2471,2477,2531
450.208,2455.9,2488,2478,2492,2477,2384,2437,2465,2442,2442,2483,2443,2477,2429,2422,2443,2451,2451,2456,2414,2474,2452,2456,2450,2475,2441,2497,2488,2492,2453,2426
450.543,2520.8,2516,2589,2520,2501,2500,2533,2524,2510,2545,2527,2539,2529,2525,2492,2548,2517,2484,2527,2518,2531,2485,2518,2505,2493,2546,2563,2496,2482,2532,2529
450.879,2254.4,2248,2242,2232,2270,2257,2259,2291,2244,2243,2287,2211,2253,2249,2240,2225,2236,2277,2266,2289,2273,2305,2258,2244,2250,2249,2247,2237,2270,2237,2243
451.214,2165.4,2169,2173,2191,2161,2160,2153,2122,2192,2174,2168,2206,2161,2162,2153,2147,2151,2155,2209,2173,2139,2196,2165,2152,2120,2156,2199,2156,2158,2174,2166
451.549,2171.0,2182,2176,2200,2145,2158,2140,2158,2138,2172,2184,2158,2209,2202,2156,2159,2178,2174,2208,2193,2153,2197,2155,2161,2130,2199,2182,2167,2137,2188,2172
451.885,2276.1,2277,2280,2289,2306,2288,2281,2275,2255,2270,2270,2290,2268,2257,2312,2286,2283,2253,2282,2294,2265,2280,2280,2226,2274,2296,2242,2261,2318,2266,2258
452.220,2229.3,2273,2240,2228,2213,2235,2240,2229,2209,2227,2223,2215,2206,2208,2208,2240,2245,2227,2237,2235,2227,2252,2239,2246,2189,2233,2241,2234,2205,2233,2241
452.556,2351.0,2336,2336,2358,2370,2368,2370,2376,2345,2372,2350,2323,2385,2366,2367,2344,2357,2358,2356,2351,2297,2335,2368,2321,2301,2366,2360,2362,2373,2322,2336
452.892,2467.0,2488,2466,2495,2476,2439,2446,2441,2464,2504,2457,2459,2464,2482,2443,2480,2471,2462,2453,2450,2499,2451,2456,2430,2462,2467,2499,2474,2506,2440,2487
453.227,2465.6,2442,2486,2468,2466,2453,2468,2480,2464,2474,2472,2478,2469,2484,2457,2493,2446,2458,2489,2488,2480,2447,2457,2445,2456,2438,2459,2462,2476,2449,2464
453.563,2444.4,2441,2421,2427,2393,2450,2456,2446,2447,2463,2511,2415,2448,2462,2438,2407,2469,2451,2453,2395,2459,2492,2460,2428,2488,2439,2464,2443,2443,2420,2404
453.899,2427.6,2346,2418,2431,2411,2413,2479,2435,2379,2380,2388,2453,2405,2450,2421,2392,2436,2462,2413,2452,2445,2463,2467,2463,2453,2451,2414,2406,2484,2418,2401
454.234,2342.6,2301,2348,2348,2352,2390,2353,2349,2341,2358,2350,2370,2301,2346,2379,2345,2315,2338,2353,2364,2339,2339,2357,2329,2342,2321,2336,2348,2324,2329,2312
454.570,2156.7,2178,2188,2159,2151,2182,2143,2148,2171,2174,2128,2171,2162,2153,2187,2127,2189,2138,2126,2107,2156,2127,2133,2151,2147,2152,2144,2195,2160,2189,2165
454.906,2478.3,2415,2478,2442,2488,2465,2444,2498,2508,2494,2467,2474,2474,2458,2488,2478,2497,2480,2499,2445,2478,2505,2487,2490,2477,2526,2482,2419,2469,2520,2505
455.242,2128.1,2133,2161,2124,2147,2105,2109,2093,2154,2124,2114,2104,2159,2110,2155,2093,2105,2136,2168,2108,2134,2143,2127,2120,2147,2093,2160,2136,2101,2150,2131
455.577,2086.9,2059,2120,2116,2093,2060,2096,2075,2059,2107,2083,2109,2089,2082,2121,2061,2085,2091,2094,2110,2116,2053,2047,2080,2078,2086,2072,2100,2064,2118,2082
455.913,2030.9,2048,2075,2036,2029,2064,2030,2061,2031,2032,2013,2023,2027,2040,2042,2032,1999,2020,2021,2063,2056,2000,2026,2008,2019,2051,2019,2045,1993,1999,2024
456.249,2356.5,2318,2344,2351,2380,2392,2329,2347,2363,2368,2346,2383,2358,2325,2360,2358,2327,2399,2342,2359,2327,2333,2403,2340,2386,2362,2356,2387,2342,2360,2351
456.585,1942.1,1952,1943,1944,1929,1935,1922,1921,1934,1959,1919,1944,1922,1945,1920,1944,1954,2003,1949,1968,1908,1937,1955,1960,1957,1960,1955,1931,1946,1928,1919
456.921,2223.4,2230,2236,2240,2226,2205,2193,2251,2228,2232,2241,2212,2220,2216,2196,2228,2249,2223,2248,2230,2223,2258,2213,2219,2211,2237,2207,2238,2171,2208,2213
457.257,2410.1,2404,2414,2407,2422,2407,2396,2444,2373,2384,2453,2399,2418,2420,2417,2427,2411,2409,2396,2405,2377,2390,2439,2415,2407,2425,2380,2452,2388,2407,2418
457.593,2170.5,2179,2157,2161,2189,2153,2167,2193,2189,2163,2183,2173,2155,2160,2189,2202,2175,2164,2172,2197,2156,2169,2174,2195,2154,2182,2123,2183,2160,2148,2149
457.929,2216.4,2194,2257,2224,2252,2221,2238,2231,2216,2214,2199,2218,2185,2175,2196,2234,2228,2190,2238,2197,2219,2261,2222,2190,2192,2205,2221,2237,2240,2202,2197
458.265,2386.1,2353,2414,2389,2452,2340,2428,2369,2383,2413,2381,2377,2367,2386,2344,2392,2373,2396,2346,2382,2380,2390,2363,2366,2409,2401,2411,2379,2404,2409,2387
458.602,2171.9,2158,2205,2181,2174,2175,2184,2198,2163,2173,2146,2171,2134,2175,2181,2228,2172,2143,2158,2141,2168,2188,2188,2158,2164,2148,2166,2186,2197,2190,2143
458.938,3027.1,2961,3024,3005,3064,3036,3027,3092,3027,3016,3006,3029,3010,2996,3054,3012,3074,3071,3020,3040,3028,3050,2995,2981,3062,3052,3038,3005,2997,3018,3024
459.274,2183.5,2143,2150,2173,2182,2214,2189,2224,2147,2212,2218,2205,2192,2160,2206,2148,2184,2204,2173,2170,2198,2178,2196,2195,2168,2174,2162,2186,2170,2211,2173
459.610,2217.6,2242,2213,2248,2218,2235,2165,2252,2212,2210,2222,2231,2210,2246,2218,2218,2188,2170,2197,2193,2196,2216,2230,2242,2238,2238,2220,2244,2194,2237,2184
459.946,2636.7,2669,2624,2634,2637,2656,2600,2603,2648,2641,2613,2628,2667,2646,2637,2644,2627,2650,2642,2605,2649,2618,2662,2616,2621,2638,2617,2648,2667,2648,2647
460.283,2218.1,2174,2217,2244,2220,2248,2189,2206,2203,2224,2213,2204,2168,2187,2206,2224,2244,2235,2224,2197,2245,2214,2253,2215,2209,2279,2205,2248,2200,2236,2213
460.619,2286.0,2318,2289,2267,2306,2283,2286,2287,2284,2248,2282,2264,2291,2286,2326,2289,2286,2303,2248,2268,2305,2332,2286,2266,2272,2341,2270,2305,2262,2277,2254
460.955,2475.9,2481,2464,2508,2471,2474,2482,2472,2471,2465,2481,2497,2485,2472,2434,2481,2506,2479,2465,2478,2472,2480,2470,2486,2464,2486,2432,2468,2447,2499,2506
461.292,2217.9,2224,2235,2198,2182,2212,2196,2234,2222,2244,2238,2230,2245,2227,2192,2232,2209,2190,2213,2192,2204,2200,2229,2200,2223,2230,2216,2268,2205,2220,2228
461.628,2387.1,2380,2355,2428,2400,2376,2373,2421,2383,2396,2405,2398,2384,2395,2389,2371,2402,2377,2345,2366,2388,2389,2415,2398,2369,2383,2382,2386,2373,2365,2421
461.965,2127.4,2128,2147,2136,2145,2117,2113,2155,2138,2149,2073,2137,2152,2138,2106,2097,2133,2112,2159,2122,2114,2124,2113,2140,2167,2129,2094,2121,2115,2105,2144
462.301,2522.9,2555,2539,2485,2480,2543,2472,2516,2539,2527,2506,2552,2534,2528,2520,2533,2548,2488,2507,2556,2538,2484,2533,2511,2502,2556,2516,2528,2559,2529,2503
462.638,1994.0,1993,2016,1976,1982,1997,1989,2003,2011,1993,1989,2009,1991,1978,1958,2009,2015,1969,1987,1992,1974,1967,2005,1992,1984,1981,1996,2031,2016,1983,2034
462.974,2013.2,1974,2034,2002,1988,2039,2043,2004,2024,2017,1993,2014,2012,2004,2015,2035,2028,2040,2003,2022,2005,2020,2007,2054,1997,2026,1997,2010,1976,2026,1986
463.311,2705.2,2737,2673,2708,2749,2671,2722,2746,2697,2705,2667,2678,2685,2670,2714,2728,2755,2726,2706,2716,2697,2704,2712,2697,2723,2692,2702,2685,2694,2701,2697
463.648,2348.5,2333,2343,2378,2341,2346,2351,2360,2344,2334,2360,2360,2314,2319,2362,2379,2356,2307,2347,2347,2354,2362,2372,2354,2346,2388,2350,2328,2340,2344,2337
463.984,2206.0,2216,2230,2210,2210,2193,2217,2217,2200,2213,2196,2198,2214,2195,2197,2211,2206,2234,2216,2190,2189,2214,2232,2203,2237,2175,2213,2221,2158,2191,2185
464.321,2187.1,2232,2214,2190,2189,2183,2166,2192,2242,2150,2160,2200,2167,2189,2166,2186,2151,2180,2162,2177,2175,2219,2188,2180,2187,2197,2208,2178,2183,2206,2196
464.658,2293.9,2297,2285,2275,2276,2287,2315,2290,2307,2331,2253,2297,2306,2271,2296,2310,2265,2314,2301,2299,2305,2267,2315,2286,2311,2280,2308,2280,2313,2290,2286
464.994,2154.4,2140,2187,2148,2136,2152,2172,2146,2144,2163,2135,2174,2151,2123,2176,2194,2142,2149,2164,2177,2135,2151,2173,2178,2114,2178,2163,2149,2139,2136,2142
465.331,2089.1,2081,2073,2072,2113,2067,2090,2110,2098,2105,2037,2081,2082,2067,2082,2123,2042,2082,2130,2082,2076,2067,2085,2122,2096,2086,2074,2086,2127,2119,2118
465.668,2296.8,2306,2322,2321,2274,2284,2302,2283,2293,2262,2311,2310,2338,2255,2276,2281,2294,2290,2284,2287,2303,2304,2288,2324,2287,2327,2321,2322,2277,2300,2277
466.005,2593.4,2645,2593,2591,2624,2600,2634,2579,2583,2603,2567,2558,2584,2570,2622,2596,2556,2589,2576,2589,2597,2611,2605,2596,2587,2624,2605,2564,2583,2608,2562
466.342,2231.7,2200,2239,2209,2280,2214,2237,2259,2226,2207,2249,2194,2253,2236,2237,2235,2238,2254,2246,2209,2247,2224,2236,2223,2227,2205,2220,2234,2242,2241,2229
466.679,2090.1,2067,2059,2070,2060,2090,2089,2115,2101,2081,2083,2095,2126,2082,2073,2085,2114,2109,2090,2069,2111,2097,2094,2075,2115,2073,2118,2091,2108,2072,2092
467.016,2312.1,2330,2298,2304,2305,2322,2350,2318,2325,2297,2322,2322,2316,2285,2320,2329,2321,2290,2302,2304,2302,2318,2346,2318,2281,2289,2305,2322,2338,2312,2273
467.352,2413.3,2408,2467,2458,2432,2376,2362,2389,2371,2397,2436,2446,2434,2384,2404,2476,2424,2419,2397,2412,2429,2409,2417,2391,2390,2397,2450,2398,2419,2405,2401
467.689,2260.3,2287,2258,2259,2276,2265,2256,2269,2291,2237,2264,2239,2250,2272,2280,2282,2243,2253,2240,2260,2220,2230,2274,2303,2284,2229,2282,2232,2247,2275,2251
468.027,2452.7,2449,2431,2467,2483,2504,2435,2471,2442,2461,2429,2428,2459,2449,2436,2460,2478,2482,2451,2398,2483,2433,2485,2448,2408,2441,2470,2432,2489,2433,2446
468.364,2365.1,2366,2328,2366,2356,2380,2367,2374,2341,2369,2383,2323,2354,2332,2356,2395,2393,2358,2396,2379,2335,2356,2343,2399,2405,2363,2350,2382,2357,2380,2367
468.701,2270.4,2248,2239,2255,2240,2278,2295,2267,2287,2248,2287,2261,2301,2265,2276,2246,2271,2266,2286,2246,2242,2292,2298,2295,2227,2313,2284,2273,2264,2303,2259
469.038,2204.7,2232,2216,2197,2219,2211,2211,2192,2200,2191,2214,2236,2183,2213,2216,2178,2214,2162,2196,2207,2221,2203,2205,2227,2202,2172,2190,2224,2233,2208,2168
469.375,2321.6,2333,2346,2319,2314,2376,2310,2353,2354,2313,2319,2318,2296,2343,2299,2355,2322,2317,2290,2289,2303,2348,2324,2307,2310,2313,2266,2363,2333,2318,2296
469.712,2503.2,2512,2512,2459,2495,2531,2481,2504,2523,2521,2496,2520,2474,2501,2463,2491,2512,2504,2514,2527,2496,2501,2496,2477,2521,2493,2496,2504,2499,2552,2520
470.049,2361.6,2347,2313,2373,2392,2320,2412,2337,2335,2402,2398,2333,2330,2376,2359,2346,2365,2353,2356,2393,2380,2346,2404,2394,2374,2370,2383,2366,2338,2314,2338
470.387,2438.0,2430,2422,2449,2417,2452,2442,2463,2402,2422,2432,2467,2462,2409,2489,2404,2441,2408,2454,2407,2425,2456,2457,2452,2456,2434,2432,2436,2463,2408,2450
470.724,2428.1,2398,2466,2422,2441,2389,2440,2453,2434,2437,2446,2429,2398,2456,2460,2458,2403,2422,2424,2425,2393,2409,2433,2408,2424,2415,2415,2424,2441,2434,2446
471.061,2124.0,2132,2086,2148,2140,2104,2117,2164,2134,2119,2112,2121,2145,2115,2085,2111,2174,2136,2120,2120,2104,2095,2118,2067,2142,2091,2120,2148,2131,2176,2146
471.399,2150.2,2166,2149,2184,2224,2122,2136,2122,2136,2193,2133,2166,2171,2160,2140,2185,2117,2120,2156,2115,2163,2143,2130,2139,2152,2144,2093,2159,2166,2174,2149
471.736,2525.6,2543,2462,2531,2539,2548,2526,2564,2508,2532,2537,2510,2548,2529,2552,2515,2547,2486,2577,2519,2504,2505,2528,2552,2520,2467,2517,2532,2533,2531,2505
472.073,2121.0,2130,2127,2104,2126,2162,2100,2110,2143,2108,2094,2086,2165,2115,2144,2137,2123,2140,2118,2120,2097,2125,2096,2106,2122,2131,2113,2132,2086,2126,2145
472.411,2250.9,2237,2266,2222,2262,2230,2254,2229,2266,2215,2277,2233,2272,2238,2222,2280,2276,2268,2301,2248,2245,2253,2262,2265,2219,2238,2254,2256,2233,2274,2232
472.748,2268.5,2226,2274,2293,2255,2245,2261,2294,2248,2279,2252,2288,2290,2256,2284,2248,2264,2302,2276,2241,2256,2259,2280,2260,2266,2285,2281,2230,2261,2324,2276
473.086,2356.6,2326,2387,2347,2399,2338,2400,2327,2362,2370,2340,2334,2371,2410,2376,2371,2324,2362,2353,2383,2332,2329,2351,2353,2360,2356,2343,2356,2347,2368,2324
473.423,2146.9,2121,2107,2097,2159,2135,2131,2154,2141,2111,2152,2139,2159,2154,2167,2142,2124,2177,2138,2130,2142,2178,2159,2158,2125,2128,2136,2144,2215,2165,2219
473.761,2193.1,2183,2200,2216,2198,2174,2168,2192,2200,2185,2178,2161,2220,2189,2177,2160,2204,2222,2222,2201,2149,2242,2210,2178,2168,2192,2202,2225,2206,2184,2187
474.099,2111.3,2110,2133,2137,2125,2115,2073,2066,2134,2147,2114,2117,2107,2132,2080,2099,2109,2093,2089,2097,2071,2104,2126,2107,2131,2152,2107,2097,2099,2114,2153
474.436,2674.6,2691,2639,2674,2667,2689,2698,2687,2667,2678,2669,2662,2707,2659,2582,2650,2692,2636,2664,2679,2701,2684,2683,2724,2665,2676,2707,2704,2688,2635,2682
474.774,2111.0,2122,2125,2092,2099,2104,2120,2066,2106,2165,2116,2093,2096,2095,2086,2140,2115,2091,2117,2143,2091,2144,2121,2072,2111,2128,2139,2128,2085,2121,2100
475.112,2119.7,2149,2135,2091,2120,2088,2093,2137,2127,2122,2110,2088,2091,2133,2131,2117,2130,2145,2116,2122,2118,2150,2141,2095,2136,2125,2101,2127,2098,2154,2102
475.449,2217.2,2174,2195,2218,2228,2255,2206,2208,2200,2235,2240,2238,2237,2189,2232,2197,2207,2223,2243,2200,2202,2239,2229,2245,2238,2157,2198,2216,2181,2251,2235
475.787,2367.1,2373,2364,2344,2386,2377,2352,2368,2358,2373,2379,2408,2344,2372,2327,2367,2373,2381,2362,2388,2360,2376,2350,2364,2389,2360,2377,2349,2376,2350,2367
476.125,2377.8,2362,2371,2382,2374,2345,2353,2382,2364,2376,2362,2356,2387,2388,2424,2376,2381,2349,2390,2365,2378,2388,2398,2385,2363,2392,2432,2418,2358,2360,2375
476.463,2207.3,2225,2174,2202,2205,2222,2217,2178,2215,2221,2220,2202,2207,2186,2201,2214,2190,2212,2201,2186,2200,2261,2163,2247,2220,2172,2248,2210,2215,2209,2196
476.800,2180.5,2182,2201,2229,2201,2178,2200,2170,2193,2179,2175,2162,2173,2158,2184,2173,2200,2157,2181,2169,2150,2181,2180,2165,2218,2184,2192,2157,2174,2194,2156
477.138,2500.5,2484,2518,2507,2444,2505,2501,2549,2504,2515,2490,2515,2509,2483,2501,2524,2506,2506,2465,2499,2491,2524,2492,2501,2490,2498,2453,2480,2546,2498,2518
477.476,2587.3,2600,2557,2602,2590,2583,2646,2584,2613,2570,2628,2590,2587,2617,2588,2565,2577,2554,2606,2548,2600,2580,2596,2600,2572,2566,2555,2605,2566,2586,2587
477.814,2476.5,2462,2463,2454,2503,2490,2482,2476,2520,2456,2486,2465,2455,2484,2450,2493,2466,2440,2472,2515,2482,2441,2479,2501,2464,2488,2455,2491,2492,2489,2482
478.152,2095.7,2116,2104,2105,2101,2086,2109,2095,2107,2085,2073,2088,2093,2050,2069,2086,2082,2099,2111,2101,2099,2099,2067,2103,2117,2064,2117,2113,2092,2139,2100
478.490,2342.6,2365,2343,2373,2347,2353,2354,2330,2314,2309,2342,2375,2332,2298,2344,2306,2333,2392,2368,2353,2341,2342,2340,2350,2380,2343,2340,2335,2307,2333,2337
478.828,2268.0,2242,2271,2280,2284,2302,2260,2285,2293,2264,2295,2253,2239,2292,2258,2262,2251,2248,2255,2284,2275,2262,2272,2262,2296,2293,2269,2277,2240,2253,2224
479.166,2112.6,2059,2126,2115,2125,2116,2098,2104,2104,2128,2142,2115,2083,2094,2130,2051,2088,2136,2116,2085,2119,2123,2121,2071,2165,2139,2128,2142,2116,2136,2102
479.504,2355.1,2360,2348,2360,2363,2357,2329,2367,2357,2343,2330,2327,2344,2356,2345,2332,2310,2371,2375,2368,2356,2398,2408,2373,2346,2394,2379,2330,2350,2352,2324
479.843,2320.8,2290,2289,2294,2263,2358,2350,2348,2359,2353,2292,2345,2349,2317,2323,2310,2276,2328,2353,2294,2311,2349,2334,2312,2312,2298,2340,2320,2364,2286,2307
480.181,2505.2,2520,2524,2479,2512,2493,2535,2480,2523,2507,2537,2496,2469,2473,2505,2457,2488,2542,2538,2494,2521,2501,2505,2546,2494,2516,2500,2508,2510,2502,2482
480.519,2468.2,2478,2469,2468,2445,2468,2430,2461,2522,2481,2504,2462,2441,2463,2436,2453,2517,2477,2446,2465,2470,2474,2483,2432,2467,2423,2495,2433,2497,2465,2520
480.857,2370.8,2370,2365,2339,2370,2348,2395,2364,2363,2426,2369,2347,2366,2367,2393,2345,2387,2358,2372,2375,2369,2353,2362,2366,2366,2387,2395,2402,2381,2371,2352
481.195,2320.0,2334,2314,2319,2342,2271,2327,2296,2362,2296,2349,2326,2287,2310,2291,2333,2317,2332,2329,2303,2320,2340,2300,2309,2335,2330,2360,2304,2304,2305,2356
481.534,2255.0,2221,2270,2277,2205,2288,2252,2231,2270,2226,2249,2251,2258,2269,2239,2227,2265,2267,2267,2207,2257,2268,2279,2274,2239,2258,2262,2292,2278,2226,2279
481.872,2153.7,2158,2180,2149,2132,2153,2132,2196,2175,2168,2149,2184,2132,2125,2147,2170,2160,2159,2137,2114,2168,2163,2175,2150,2173,2153,2163,2152,2125,2134,2136
482.210,2356.8,2354,2364,2366,2354,2333,2352,2369,2392,2372,2392,2326,2334,2321,2354,2293,2344,2372,2339,2366,2348,2381,2317,2391,2388,2361,2365,2371,2372,2375,2338
482.549,2053.4,2066,2047,2054,2046,2038,2044,2071,2064,2057,2058,2071,2024,2038,2048,2057,2032,2033,2077,2042,2079,2058,2064,2079,2053,2018,2069,2032,2072,2054,2056
482.887,2439.0,2403,2474,2410,2370,2431,2462,2408,2454,2471,2415,2448,2445,2467,2451,2416,2445,2409,2467,2413,2447,2430,2496,2436,2435,2474,2438,2426,2443,2441,2444
483.226,2385.6,2366,2411,2373,2404,2337,2381,2371,2400,2373,2412,2388,2352,2391,2365,2387,2409,2343,2434,2369,2380,2413,2444,2387,2396,2391,2353,2362,2392,2381,2403
483.564,2233.0,2235,2280,2226,2206,2268,2235,2205,2225,2220,2183,2214,2225,2255,2239,2238,2259,2201,2232,2266,2230,2273,2267,2218,2199,2243,2180,2266,2252,2216,2233
483.903,2095.3,2117,2137,2092,2080,2121,2086,2097,2074,2075,2085,2110,2122,2104,2097,2047,2130,2113,2096,2081,2079,2090,2107,2099,2113,2077,2053,2116,2096,2077,2088
484.241,2192.2,2200,2232,2173,2232,2193,2200,2165,2194,2194,2206,2221,2211,2203,2183,2190,2216,2187,2194,2159,2176,2182,2157,2217,2168,2181,2168,2171,2207,2198,2187
484.580,2238.2,2235,2231,2290,2208,2245,2270,2253,2235,2205,2237,2248,2223,2262,2239,2242,2216,2240,2252,2239,2258,2218,2233,2236,2231,2252,2220,2232,2245,2252,2199
484.918,2190.2,2216,2212,2184,2185,2190,2208,2181,2179,2176,2199,2194,2186,2186,2175,2177,2189,2163,2190,2168,2213,2203,2202,2187,2213,2185,2165,2202,2200,2215,2164
485.257,2158.5,2147,2174,2166,2179,2156,2144,2119,2152,2155,2188,2165,2178,2174,2181,2132,2164,2149,2131,2165,2177,2185,2145,2172,2140,2142,2139,2158,2154,2190,2135
485.596,2777.3,2791,2803,2793,2780,2739,2748,2754,2776,2760,2794,2748,2754,2782,2754,2792,2781,2789,2789,2767,2729,2830,2808,2828,2750,2782,2771,2788,2770,2768,2802
485.934,2459.6,2467,2459,2472,2491,2451,2460,2449,2448,2434,2437,2478,2476,2433,2438,2472,2476,2466,2450,2448,2470,2453,2507,2464,2456,2456,2440,2480,2475,2446,2436
486.273,2201.9,2210,2189,2196,2198,2208,2194,2236,2207,2184,2217,2228,2225,2187,2233,2181,2185,2229,2194,2200,2197,2202,2213,2233,2173,2218,2223,2200,2189,2136,2171
486.612,2179.4,2182,2196,2184,2175,2175,2203,2186,2154,2133,2196,2186,2147,2207,2141,2130,2158,2215,2165,2225,2149,2189,2200,2173,2190,2177,2177,2225,2179,2185,2179
486.950,2205.7,2187,2202,2238,2218,2218,2189,2193,2204,2197,2247,2209,2197,2179,2205,2180,2225,2221,2207,2205,2267,2217,2178,2197,2190,2199,2176,2206,2203,2219,2198
487.289,2396.9,2421,2392,2383,2376,2441,2406,2351,2366,2383,2393,2409,2382,2363,2426,2403,2386,2413,2405,2370,2408,2384,2416,2364,2427,2406,2401,2389,2416,2410,2416
487.628,1892.5,1926,1901,1881,1885,1880,1907,1887,1906,1906,1907,1897,1853,1888,1887,1893,1892,1895,1898,1889,1880,1883,1891,1874,1874,1880,1884,1909,1908,1906,1907
487.967,2245.2,2236,2243,2267,2267,2249,2229,2210,2212,2267,2264,2259,2222,2241,2235,2250,2264,2230,2254,2255,2230,2249,2254,2240,2254,2204,2235,2269,2249,2257,2260
488.306,2260.6,2249,2258,2284,2249,2243,2272,2280,2252,2246,2264,2268,2284,2270,2259,2273,2242,2246,2225,2288,2261,2253,2271,2257,2243,2285,2237,2280,2240,2244,2294
488.645,2266.3,2266,2263,2265,2294,2265,2227,2259,2221,2218,2297,2270,2272,2246,2249,2301,2240,2265,2276,2292,2281,2286,2262,2251,2285,2272,2265,2308,2252,2279,2262
488.984,2327.1,2351,2328,2322,2321,2360,2315,2278,2324,2281,2312,2334,2339,2349,2355,2312,2351,2301,2356,2331,2322,2357,2316,2312,2317,2362,2327,2331,2325,2328,2297
489.323,2054.3,2068,2024,2087,2047,2053,2002,2041,2087,2051,2021,2073,2082,2051,2079,2085,2042,2051,2042,2077,2077,2033,2048,2124,2036,2054,2030,2033,2018,2061,2051
489.662,2482.4,2468,2486,2485,2479,2475,2472,2477,2483,2474,2499,2488,2466,2485,2458,2502,2501,2498,2469,2482,2448,2479,2472,2502,2495,2501,2510,2504,2473,2453,2489
490.001,2332.0,2349,2336,2299,2360,2327,2316,2349,2380,2347,2326,2357,2291,2353,2342,2328,2353,2315,2282,2312,2320,2319,2323,2324,2350,2326,2350,2354,2330,2318,2325
490.340,2269.0,2293,2255,2269,2292,2276,2271,2265,2220,2264,2271,2291,2273,2288,2264,2232,2287,2224,2284,2262,2270,2298,2289,2261,2229,2280,2278,2253,2297,2279,2254
490.679,2396.1,2392,2401,2414,2416,2421,2378,2389,2389,2393,2385,2426,2380,2377,2386,2399,2396,2353,2358,2405,2430,2400,2382,2368,2432,2392,2396,2394,2424,2386,2422
491.018,2320.5,2322,2337,2323,2333,2328,2325,2334,2347,2344,2309,2302,2330,2299,2359,2306,2307,2317,2312,2299,2335,2315,2293,2311,2332,2301,2321,2328,2329,2306,2311
491.357,2521.9,2560,2518,2510,2534,2531,2541,2503,2486,2521,2520,2524,2533,2532,2509,2476,2573,2537,2498,2517,2541,2505,2512,2503,2542,2522,2512,2528,2476,2563,2530
491.697,2245.9,2249,2284,2227,2259,2264,2257,2254,2267,2215,2217,2254,2244,2270,2240,2217,2252,2272,2245,2258,2235,2206,2232,2232,2260,2235,2220,2250,2242,2252,2269
492.036,2211.7,2197,2171,2246,2208,2205,2159,2191,2212,2180,2206,2211,2198,2243,2219,2211,2239,2225,2207,2235,2235,2195,2260,2192,2237,2207,2164,2249,2216,2221,2211
492.375,2499.7,2476,2511,2506,2502,2493,2490,2490,2488,2485,2530,2465,2489,2440,2537,2498,2507,2496,2471,2525,2526,2536,2548,2532,2474,2453,2522,2482,2514,2511,2494
492.714,2393.3,2389,2376,2393,2389,2397,2385,2397,2335,2402,2440,2401,2384,2406,2409,2382,2376,2428,2421,2413,2376,2362,2412,2363,2388,2415,2380,2394,2362,2402,2423
493.054,2342.3,2348,2302,2361,2366,2334,2301,2349,2304,2345,2297,2373,2360,2334,2372,2289,2324,2326,2322,2356,2341,2331,2347,2349,2376,2374,2364,2366,2404,2345,2310
493.393,1959.2,1950,1972,1952,1951,1963,1985,1971,1965,1971,1927,1970,1924,1940,1930,1910,1971,1969,1944,1985,1932,1969,1974,1980,1937,1977,1947,1940,1988,1971,2010
493.732,2399.0,2424,2426,2412,2443,2367,2404,2374,2410,2405,2383,2361,2351,2433,2421,2430,2362,2378,2411,2394,2370,2390,2423,2412,2433,2406,2407,2427,2355,2371,2388
494.072,2281.1,2312,2259,2315,2288,2280,2265,2282,2274,2266,2293,2272,2279,2289,2248,2307,2297,2273,2248,2282,2268,2287,2262,2282,2292,2280,2259,2281,2293,2302,2297
494.411,2246.8,2259,2215,2233,2276,2253,2282,2272,2274,2286,2255,2268,2224,2238,2251,2276,2236,2214,2225,2262,2237,2252,2242,2234,2236,2239,2228,2244,2225,2273,2195
494.751,2279.4,2282,2248,2338,2264,2260,2232,2257,2317,2303,2237,2273,2267,2290,2305,2304,2313,2271,2271,2278,2299,2263,2275,2282,2294,2285,2293,2287,2238,2309,2246
495.090,2187.6,2200,2200,2168,2160,2178,2162,2187,2157,2213,2202,2205,2196,2169,2205,2204,2195,2216,2166,2170,2176,2161,2181,2219,2183,2195,2197,2181,2193,2185,2203
495.430,1991.5,1980,1990,2050,1954,1929,2024,1980,1963,2011,1966,2011,2005,2007,1992,2028,2031,1993,2010,1995,1985,2008,1971,1980,1980,1970,1981,1984,1968,1992,2006
495.769,2033.9,2052,2034,2069,2066,2018,2059,2046,1992,2050,1994,2019,2008,2040,2056,2034,2033,2040,1998,2014,2038,2034,2047,2056,2018,2021,2036,2046,2014,2061,2025
496.109,2358.3,2344,2354,2350,2397,2334,2351,2355,2340,2354,2335,2385,2385,2406,2335,2372,2353,2359,2368,2323,2357,2344,2385,2372,2343,2339,2393,2358,2362,2357,2338
496.449,2040.0,2021,2029,2044,2025,2043,2058,2030,2035,2043,2046,2068,2019,2061,2034,2070,2033,2014,2045,2072,2064,2041,2021,2046,1999,2004,2045,2052,2057,2048,2033
496.788,2248.6,2239,2238,2232,2238,2261,2239,2268,2195,2238,2240,2268,2250,2224,2235,2245,2264,2246,2260,2289,2235,2252,2281,2253,2218,2226,2275,2250,2258,2262,2279
497.128,2293.1,2330,2310,2288,2307,2287,2300,2309,2275,2302,2275,2307,2267,2293,2263,2310,2231,2296,2312,2262,2310,2285,2285,2261,2303,2290,2353,2280,2306,2310,2286
497.468,2470.2,2455,2492,2448,2477,2502,2502,2454,2452,2464,2474,2496,2479,2509,2460,2426,2447,2449,2477,2502,2469,2441,2460,2475,2431,2494,2509,2422,2518,2463,2459
497.808,2099.2,2105,2095,2097,2096,2098,2122,2137,2066,2103,2118,2117,2092,2124,2134,2095,2089,2110,2081,2102,2125,2036,2080,2104,2077,2091,2095,2079,2102,2104,2103
498.147,2218.0,2253,2218,2202,2178,2252,2220,2216,2182,2245,2227,2247,2241,2218,2191,2197,2231,2231,2216,2195,2217,2223,2190,2211,2254,2181,2227,2225,2222,2204,2226
498.487,1955.8,1955,1971,1964,1974,1942,1985,1989,1932,1944,1947,1964,1968,1956,1923,1929,1954,1977,1950,1973,1982,1949,1929,1932,1964,1946,1960,1955,1964,1929,1966
498.827,2441.8,2443,2406,2446,2433,2472,2441,2440,2414,2450,2432,2420,2452,2456,2438,2417,2434,2461,2444,2468,2468,2433,2431,2413,2478,2438,2457,2442,2453,2458,2415
499.167,1941.7,1941,1944,1939,1944,1960,1983,1911,1910,1929,1953,1969,1948,1961,1930,1958,1912,1938,1951,1919,1981,1904,1958,1961,1896,1956,1942,1953,1935,1939,1926
499.507,2184.2,2137,2164,2187,2157,2150,2183,2181,2191,2153,2184,2225,2160,2165,2158,2184,2160,2180,2194,2224,2217,2191,2226,2181,2223,2174,2200,2222,2196,2177,2182
499.847,2241.6,2249,2263,2297,2258,2238,2245,2284,2273,2217,2213,2258,2227,2204,2220,2232,2228,2242,2196,2232,2240,2244,2255,2242,2243,2232,2244,2221,2244,2260,2247
500.187,2195.8,2191,2168,2236,2198,2172,2211,2212,2195,2176,2182,2186,2254,2207,2200,2176,2164,2195,2190,2238,2190,2179,2220,2174,2185,2190,2181,2153,2230,2216,2204
500.527,2540.2,2559,2588,2521,2527,2547,2558,2545,2541,2582,2542,2540,2544,2537,2562,2513,2609,2546,2502,2519,2504,2522,2539,2538,2539,2550,2531,2529,2568,2504,2499
500.867,2423.4,2451,2405,2413,2429,2405,2443,2393,2422,2426,2415,2446,2427,2434,2466,2408,2446,2420,2398,2408,2392,2434,2458,2464,2436,2411,2415,2387,2421,2427,2403
501.207,2058.2,2093,2088,2057,2068,2064,2066,2062,2069,2042,2049,2061,2063,2041,2060,2090,2069,2073,2087,2035,2014,2040,2060,2044,2062,2062,2034,2078,2025,2024,2066
501.547,2084.0,2088,2081,2103,2038,2088,2064,2090,2090,2096,2072,2049,2071,2072,2069,2123,2058,2078,2075,2083,2100,2119,2054,2085,2120,2112,2098,2072,2069,2085,2118
501.887,2161.4,2165,2158,2214,2198,2131,2125,2168,2170,2159,2127,2118,2163,2195,2140,2151,2124,2164,2144,2183,2202,2188,2168,2133,2195,2155,2176,2171,2126,2144,2188
502.227,2059.3,2060,2085,2065,2033,2069,2045,2049,2058,2025,2035,2064,2082,2037,2032,2085,2054,2045,2050,2083,2062,2076,2049,2069,2053,2055,2066,2066,2044,2091,2091
502.567,2542.9,2534,2565,2520,2557,2544,2523,2566,2544,2519,2525,2514,2549,2509,2537,2568,2541,2577,2523,2563,2534,2546,2510,2577,2513,2526,2549,2543,2582,2552,2576
502.907,2143.0,2139,2121,2201,2168,2144,2113,2124,2136,2113,2158,2156,2132,2104,2157,2127,2142,2163,2153,2169,2142,2131,2149,2134,2132,2124,2146,2163,2130,2126,2193
503.248,2261.6,2256,2302,2286,2226,2263,2257,2304,2323,2263,2261,2221,2270,2225,2221,2241,2252,2238,2276,2259,2219,2241,2261,2270,2290,2245,2296,2276,2302,2249,2254
503.588,1938.0,1956,1917,1935,1936,1960,1920,1923,1938,1901,1926,1930,1916,1955,1922,1952,1946,1935,1948,1942,1967,1916,1951,1928,1940,1972,1961,1933,1923,1943,1948
503.928,2349.8,2331,2389,2390,2359,2357,2372,2353,2384,2328,2374,2377,2361,2324,2330,2371,2354,2364,2347,2348,2313,2346,2341,2341,2321,2362,2338,2305,2329,2351,2335
504.269,2247.8,2233,2268,2273,2257,2224,2244,2272,2222,2265,2232,2260,2201,2258,2280,2264,2226,2267,2239,2224,2236,2253,2214,2270,2285,2239,2287,2225,2227,2246,2242
504.609,2133.8,2138,2134,2141,2130,2132,2112,2114,2124,2168,2156,2130,2074,2101,2125,2112,2134,2108,2180,2128,2146,2152,2134,2113,2139,2146,2182,2132,2137,2166,2127
504.949,2296.0,2315,2310,2262,2329,2283,2301,2299,2297,2310,2308,2252,2324,2318,2283,2270,2287,2301,2273,2287,2335,2276,2274,2278,2325,2248,2339,2294,2316,2284,2303
505.290,2139.5,2160,2130,2161,2139,2137,2169,2154,2155,2139,2146,2115,2165,2127,2157,2144,2126,2153,2133,2134,2124,2107,2131,2124,2102,2137,2159,2176,2135,2133,2113
505.630,2408.9,2396,2411,2385,2417,2409,2421,2418,2387,2436,2425,2406,2385,2454,2392,2409,2401,2417,2450,2402,2394,2426,2387,2406,2402,2410,2415,2364,2387,2450,2406
505.971,2296.7,2310,2290,2270,2303,2322,2318,2299,2291,2300,2351,2315,2264,2296,2287,2282,2304,2288,2314,2289,2316,2268,2270,2284,2340,2312,2308,2275,2268,2289,2278
506.311,2345.9,2370,2389,2347,2356,2360,2340,2369,2344,2353,2302,2362,2371,2360,2321,2340,2346,2314,2360,2348,2345,2327,2329,2353,2342,2377,2312,2326,2340,2320,2355
506.652,2496.0,2477,2473,2445,2487,2517,2506,2513,2499,2478,2527,2480,2472,2499,2443,2502,2507,2472,2459,2515,2485,2480,2478,2504,2517,2547,2560,2488,2518,2507,2524
506.992,2511.7,2536,2473,2518,2501,2491,2538,2538,2496,2496,2537,2536,2490,2445,2538,2540,2482,2533,2495,2500,2533,2493,2497,2549,2516,2535,2494,2512,2507,2533,2498
507.333,2124.0,2136,2112,2127,2101,2154,2121,2124,2169,2106,2090,2113,2087,2143,2145,2118,2092,2093,2111,2077,2146,2139,2149,2148,2107,2133,2120,2157,2111,2158,2134
507.673,2087.6,2098,2113,2090,2114,2077,2083,2084,2102,2073,2067,2092,2116,2084,2090,2093,2097,2062,2089,2110,2041,2116,2084,2107,2072,2106,2054,2072,2094,2063,2086
508.014,2475.0,2485,2518,2488,2493,2456,2485,2456,2438,2488,2493,2502,2477,2476,2481,2472,2472,2444,2507,2490,2443,2495,2469,2451,2441,2485,2481,2463,2461,2479,2462
508.355,2256.7,2285,2273,2254,2273,2222,2278,2235,2264,2277,2254,2252,2223,2250,2234,2272,2258,2273,2251,2246,2273,2281,2252,2217,2255,2260,2278,2283,2268,2195,2265
508.695,2311.6,2327,2325,2311,2294,2328,2317,2312,2320,2319,2318,2331,2287,2303,2315,2317,2278,2278,2347,2328,2324,2285,2290,2322,2322,2358,2279,2286,2318,2306,2303
509.036,2105.8,2092,2109,2101,2087,2109,2110,2079,2114,2116,2095,2075,2089,2107,2100,2130,2107,2105,2128,2128,2121,2129,2086,2096,2106,2132,2136,2111,2097,2099,2079
509.377,2297.5,2321,2276,2290,2297,2282,2276,2287,2306,2275,2322,2333,2259,2287,2264,2278,2253,2315,2317,2270,2269,2368,2322,2300,2285,2298,2324,2299,2301,2319,2333
509.718,2075.1,2093,2059,2104,2045,2102,2101,2076,2074,2071,2093,2054,2051,2067,2075,2051,2077,2112,2097,2093,2082,2037,2083,2072,2088,2079,2062,2079,2062,2087,2028
510.059,2168.8,2149,2170,2173,2156,2169,2174,2126,2188,2190,2174,2147,2181,2138,2190,2175,2165,2148,2186,2204,2179,2161,2185,2192,2190,2153,2129,2179,2159,2186,2148
510.399,2070.4,2058,2104,2072,2066,2038,2067,2040,2089,2062,2059,2034,2094,2085,2085,2029,2062,2077,2073,2070,2075,2104,2048,2086,2096,2085,2107,2088,2058,2047,2054
510.740,2167.2,2207,2183,2189,2186,2185,2126,2219,2173,2146,2173,2155,2216,2159,2153,2160,2152,2154,2146,2166,2166,2191,2173,2128,2177,2146,2151,2136,2176,2162,2161
511.081,2220.2,2228,2235,2214,2240,2202,2203,2214,2219,2203,2216,2222,2228,2213,2234,2237,2195,2197,2198,2230,2215,2214,2235,2195,2205,2261,2200,2219,2241,2260,2233
511.422,2128.1,2133,2105,2129,2142,2132,2111,2145,2137,2123,2131,2158,2127,2126,2165,2071,2138,2166,2124,2141,2145,2102,2120,2117,2097,2128,2117,2090,2122,2149,2153
511.763,2090.4,2099,2088,2064,2127,2110,2111,2063,2081,2081,2072,2099,2079,2105,2099,2122,2078,2129,2118,2115,2058,2084,2075,2118,2080,2080,2100,2076,2061,2082,2057
512.104,2292.5,2293,2303,2290,2282,2274,2280,2230,2272,2259,2363,2294,2303,2281,2295,2341,2306,2301,2285,2292,2275,2302,2289,2305,2296,2306,2302,2312,2251,2272,2322
512.445,2191.9,2153,2189,2189,2181,2200,2226,2195,2204,2228,2224,2229,2186,2174,2170,2150,2192,2150,2187,2163,2196,2198,2183,2206,2220,2239,2202,2174,2162,2178,2208
512.786,2199.0,2224,2245,2213,2216,2222,2192,2168,2191,2204,2165,2226,2209,2184,2211,2174,2188,2193,2175,2199,2163,2213,2203,2204,2223,2191,2221,2171,2174,2214,2194
513.127,2337.7,2323,2390,2325,2341,2340,2333,2325,2367,2353,2322,2382,2340,2323,2288,2322,2334,2290,2300,2364,2286,2327,2345,2311,2344,2328,2377,2394,2368,2360,2330
513.468,2515.9,2558,2503,2544,2494,2500,2569,2570,2505,2569,2442,2498,2478,2497,2541,2528,2504,2465,2533,2501,2482,2507,2504,2508,2523,2490,2526,2521,2563,2535,2518
513.810,2400.5,2383,2381,2381,2397,2413,2421,2441,2404,2429,2414,2403,2431,2378,2389,2419,2430,2368,2405,2398,2379,2421,2403,2385,2413,2394,2390,2428,2366,2362,2390
514.151,2400.0,2355,2421,2392,2363,2421,2385,2405,2411,2412,2415,2388,2391,2387,2406,2381,2419,2389,2403,2370,2389,2418,2398,2425,2415,2416,2454,2394,2406,2404,2366
514.492,2702.0,2685,2702,2721,2673,2693,2728,2730,2691,2692,2699,2673,2696,2696,2692,2717,2671,2696,2710,2690,2732,2715,2705,2734,2717,2713,2714,2732,2673,2676,2693
514.833,2301.0,2300,2336,2308,2309,2284,2285,2335,2304,2305,2273,2323,2325,2290,2312,2309,2275,2299,2308,2281,2268,2296,2320,2280,2318,2375,2322,2293,2291,2233,2272
515.174,2130.6,2143,2115,2123,2156,2104,2172,2136,2097,2145,2133,2164,2185,2157,2136,2144,2106,2115,2085,2122,2103,2100,2119,2144,2140,2110,2113,2116,2136,2106,2193
515.516,2148.0,2161,2166,2162,2139,2191,2110,2106,2132,2195,2153,2159,2145,2150,2130,2149,2175,2150,2153,2178,2165,2120,2111,2167,2126,2173,2125,2169,2114,2134,2132
515.857,2174.7,2175,2170,2171,2169,2157,2188,2202,2184,2173,2170,2174,2165,2171,2221,2148,2164,2184,2187,2213,2181,2143,2154,2200,2159,2188,2158,2171,2183,2152,2166
516.198,2176.3,2203,2163,2166,2180,2156,2146,2179,2222,2164,2186,2184,2168,2178,2200,2189,2154,2162,2187,2186,2139,2147,2197,2184,2215,2185,2163,2167,2173,2184,2162
516.540,2063.4,2068,2074,2058,2063,2045,2068,2080,2091,2086,2025,2066,2045,2053,2075,2079,2068,2088,2052,2061,2051,2086,2046,2060,2041,2027,2092,2058,2084,2066,2045
516.881,1936.5,1938,1911,1938,1953,1933,1936,1923,1922,1943,1941,1935,1910,1934,1975,1949,1905,1946,1947,1921,1913,1944,1929,1967,1953,1914,1939,1924,1964,1909,1980
517.223,2332.2,2381,2325,2318,2333,2356,2349,2301,2312,2344,2320,2312,2351,2326,2326,2322,2334,2301,2370,2334,2320,2316,2360,2320,2360,2319,2317,2363,2308,2327,2341
517.564,2192.8,2217,2202,2228,2170,2213,2158,2154,2189,2245,2184,2204,2172,2144,2204,2227,2205,2172,2201,2191,2145,2172,2182,2181,2204,2228,2203,2213,2189,2176,2210
517.906,2251.3,2288,2206,2239,2244,2268,2218,2255,2231,2244,2214,2277,2239,2245,2241,2239,2290,2230,2254,2223,2235,2278,2232,2303,2270,2280,2268,2293,2243,2253,2239
518.247,2237.3,2246,2252,2217,2256,2232,2235,2234,2235,2240,2245,2271,2235,2207,2237,2268,2244,2226,2209,2255,2233,2226,2228,2225,2204,2226,2201,2251,2253,2245,2284
518.589,2253.3,2266,2229,2227,2288,2248,2264,2241,2276,2226,2252,2258,2237,2252,2234,2251,2243,2272,2259,2260,2248,2248,2256,2233,2256,2268,2291,2242,2246,2228,2300
518.930,2034.6,2038,2016,2024,2054,2077,2038,2031,2018,2013,2020,2032,2019,2056,2028,2053,2049,2030,1992,2060,2011,2074,2060,2069,2032,2031,2038,2016,2006,2034,2020
519.272,2220.5,2239,2247,2244,2240,2232,2171,2244,2227,2245,2211,2248,2218,2230,2197,2198,2208,2224,2185,2245,2257,2190,2191,2202,2190,2224,2203,2197,2271,2196,2242
519.613,2231.6,2203,2213,2211,2210,2232,2255,2233,2216,2279,2250,2253,2254,2237,2249,2223,2229,2185,2243,2220,2241,2168,2202,2265,2206,2229,2230,2258,2252,2243,2259
519.955,2177.0,2185,2205,2157,2194,2177,2187,2193,2193,2238,2179,2154,2158,2146,2190,2184,2173,2174,2169,2193,2178,2171,2167,2167,2190,2151,2129,2168,2186,2172,2182
520.297,2162.6,2126,2148,2167,2180,2187,2138,2175,2163,2192,2153,2147,2182,2177,2146,2164,2161,2171,2146,2175,2202,2120,2133,2182,2159,2197,2158,2147,2134,2192,2156
520.639,2335.1,2326,2352,2314,2370,2348,2306,2289,2314,2359,2395,2325,2334,2336,2352,2334,2338,2350,2311,2299,2326,2352,2350,2317,2358,2333,2322,2332,2296,2338,2378
520.980,2114.7,2084,2130,2157,2105,2101,2063,2134,2121,2109,2113,2132,2085,2136,2148,2138,2116,2129,2116,2132,2135,2094,2090,2113,2123,2074,2115,2121,2127,2064,2136
521.322,2232.0,2227,2228,2244,2265,2266,2236,2232,2226,2264,2226,2219,2230,2216,2258,2227,2217,2235,2211,2226,2225,2217,2232,2211,2264,2243,2202,2258,2181,2234,2241
521.664,2213.8,2210,2216,2208,2191,2233,2177,2243,2235,2195,2194,2243,2213,2166,2213,2222,2204,2221,2178,2253,2208,2229,2208,2214,2238,2214,2211,2200,2189,2239,2250
522.006,2119.1,2089,2138,2100,2148,2093,2138,2159,2130,2108,2125,2093,2084,2108,2155,2135,2132,2117,2135,2128,2092,2100,2114,2122,2130,2117,2130,2106,2115,2117,2114
522.348,2239.3,2214,2253,2214,2180,2244,2265,2232,2249,2243,2285,2274,2200,2233,2228,2301,2238,2253,2208,2260,2235,2224,2218,2244,2207,2227,2244,2241,2214,2280,2272
522.690,2254.9,2280,2286,2234,2225,2287,2232,2257,2283,2297,2272,2221,2258,2237,2252,2217,2293,2218,2255,2221,2292,2275,2250,2266,2272,2263,2242,2225,2255,2240,2243
523.031,2144.8,2133,2117,2142,2115,2147,2120,2160,2138,2123,2157,2147,2163,2142,2141,2155,2162,2127,2169,2135,2145,2148,2147,2179,2159,2141,2126,2160,2149,2140,2157
523.373,2311.3,2319,2296,2344,2317,2296,2270,2283,2317,2310,2307,2306,2328,2305,2288,2303,2297,2341,2290,2320,2338,2301,2337,2318,2287,2330,2333,2298,2304,2326,2329
523.715,2518.9,2511,2465,2492,2594,2529,2519,2530,2544,2503,2527,2470,2573,2526,2476,2481,2559,2506,2536,2547,2528,2510,2501,2502,2524,2524,2520,2525,2488,2527,2530
524.057,2284.0,2303,2280,2296,2261,2302,2266,2298,2278,2278,2311,2258,2326,2264,2285,2297,2300,2282,2275,2296,2271,2296,2273,2261,2303,2264,2276,2244,2299,2301,2275
524.399,2443.2,2465,2396,2464,2466,2434,2442,2429,2482,2456,2498,2415,2445,2409,2460,2440,2405,2419,2450,2423,2447,2462,2424,2472,2433,2425,2449,2420,2469,2437,2461
524.742,2415.6,2416,2391,2411,2423,2416,2427,2453,2392,2472,2417,2408,2399,2401,2423,2424,2437,2379,2456,2442,2405,2426,2420,2442,2418,2425,2366,2350,2374,2399,2456
525.084,2315.5,2313,2306,2312,2337,2338,2342,2386,2322,2293,2302,2308,2331,2296,2319,2296,2330,2314,2303,2309,2346,2287,2303,2330,2332,2353,2305,2249,2301,2275,2328
525.426,2389.9,2408,2360,2383,2378,2363,2385,2401,2416,2376,2406,2383,2399,2383,2404,2359,2357,2409,2376,2371,2408,2399,2378,2353,2411,2440,2404,2386,2409,2376,2417
525.768,1873.6,1890,1835,1894,1877,1858,1897,1878,1847,1854,1824,1880,1872,1855,1909,1918,1878,1848,1866,1858,1878,1861,1864,1898,1880,1870,1853,1897,1906,1865,1899
526.110,2506.7,2505,2514,2505,2536,2510,2467,2511,2517,2496,2492,2543,2458,2500,2539,2516,2501,2492,2525,2489,2469,2559,2504,2477,2493,2522,2525,2516,2506,2529,2484
526.452,2363.9,2377,2342,2344,2328,2384,2353,2366,2329,2358,2373,2378,2373,2316,2367,2396,2400,2343,2381,2355,2383,2344,2315,2355,2382,2388,2374,2411,2354,2357,2392
526.795,2520.3,2531,2518,2534,2566,2507,2508,2498,2536,2521,2484,2536,2522,2480,2494,2532,2498,2518,2519,2509,2536,2561,2502,2524,2538,2505,2521,2525,2549,2509,2528
527.137,2128.2,2110,2092,2107,2118,2144,2137,2113,2125,2124,2146,2132,2154,2122,2122,2134,2120,2122,2152,2136,2133,2114,2131,2119,2158,2122,2137,2122,2097,2120,2184
527.479,2254.8,2278,2252,2269,2198,2217,2283,2244,2249,2266,2209,2265,2272,2240,2261,2301,2243,2271,2258,2217,2234,2273,2252,2264,2253,2272,2308,2230,2256,2261,2247
527.822,2341.9,2331,2335,2329,2361,2336,2373,2338,2354,2320,2329,2395,2363,2324,2293,2323,2345,2364,2329,2336,2351,2309,2318,2350,2320,2387,2356,2342,2352,2350,2345
528.164,2267.3,2280,2271,2273,2261,2244,2244,2265,2275,2265,2284,2269,2276,2277,2262,2257,2260,2255,2224,2254,2288,2282,2275,2281,2271,2297,2270,2284,2278,2230,2268
528.506,2313.9,2286,2331,2307,2317,2290,2342,2303,2272,2311,2294,2305,2346,2326,2302,2341,2347,2318,2333,2363,2288,2304,2314,2291,2296,2330,2290,2308,2313,2289,2360
528.849,2345.0,2368,2335,2333,2358,2360,2350,2338,2352,2312,2366,2355,2331,2365,2375,2347,2368,2318,2328,2372,2342,2313,2329,2342,2313,2385,2312,2336,2366,2341,2339
529.191,2098.8,2112,2091,2091,2112,2135,2085,2121,2106,2082,2099,2100,2101,2152,2056,2077,2099,2104,2075,2103,2108,2127,2099,2091,2087,2124,2073,2114,2092,2061,2088
529.534,2221.4,2189,2234,2190,2245,2221,2191,2251,2260,2219,2236,2210,2216,2197,2220,2232,2222,2232,2211,2256,2234,2270,2215,2218,2227,2168,2226,2219,2203,2209,2221
529.876,2518.6,2546,2537,2532,2497,2518,2494,2508,2518,2467,2526,2516,2515,2505,2465,2531,2495,2500,2512,2547,2522,2499,2543,2555,2557,2552,2479,2561,2520,2503,2538
530.219,2474.4,2477,2471,2476,2433,2473,2511,2473,2484,2500,2469,2489,2463,2473,2445,2502,2485,2449,2473,2443,2482,2447,2508,2482,2450,2469,2489,2488,2512,2442,2473
530.561,2358.3,2380,2346,2360,2368,2354,2324,2364,2366,2363,2341,2395,2376,2367,2379,2332,2354,2369,2324,2376,2381,2333,2386,2329,2320,2348,2371,2344,2337,2377,2386
530.904,2070.1,2070,2070,2075,2085,2053,2069,2108,2057,2049,2095,2077,2058,2100,2077,2062,2083,2093,2078,2043,2083,2084,2080,2037,2075,2060,2041,2025,2065,2065,2085
531.246,2196.1,2210,2182,2168,2180,2170,2209,2197,2195,2191,2205,2195,2185,2183,2204,2191,2211,2176,2188,2206,2230,2209,2216,2187,2193,2203,2207,2176,2201,2212,2204
531.589,2356.7,2352,2381,2367,2360,2308,2325,2313,2328,2361,2364,2381,2373,2406,2324,2338,2382,2352,2379,2350,2394,2383,2401,2320,2364,2390,2319,2364,2332,2373,2316
531.932,2521.3,2518,2512,2518,2518,2504,2480,2537,2470,2501,2526,2546,2498,2555,2551,2545,2532,2554,2507,2517,2525,2508,2520,2513,2503,2566,2538,2525,2543,2509,2500
532.274,2070.8,2085,2107,2092,2082,2044,2048,2081,2073,2070,2067,2055,2032,2113,2055,2050,2035,2068,2084,2072,2062,2078,2047,2082,2076,2035,2090,2080,2120,2065,2076
532.617,2567.9,2591,2552,2577,2565,2568,2556,2561,2560,2557,2550,2594,2539,2595,2584,2546,2565,2590,2575,2534,2528,2573,2579,2567,2584,2581,2583,2550,2587,2563,2584
532.960,2263.5,2264,2245,2255,2224,2256,2240,2260,2294,2221,2270,2299,2274,2281,2240,2248,2262,2282,2254,2276,2269,2306,2292,2290,2255,2273,2252,2254,2246,2269,2255
533.303,2378.6,2377,2430,2425,2329,2406,2396,2407,2428,2406,2377,2394,2372,2396,2386,2367,2364,2349,2374,2361,2329,2399,2390,2396,2360,2335,2356,2345,2415,2340,2350
533.645,2037.7,2037,2031,2051,2075,1994,2024,2056,2042,2036,2038,2062,2026,2050,2041,2007,2055,2040,2068,2049,2044,2032,2063,2001,2077,2031,2008,2063,2015,2029,1985
533.988,2275.4,2287,2283,2272,2269,2273,2242,2281,2275,2295,2285,2259,2239,2288,2289,2290,2295,2318,2286,2285,2246,2261,2236,2279,2288,2239,2293,2311,2260,2282,2256
534.331,2202.2,2195,2218,2210,2196,2198,2184,2200,2177,2213,2247,2161,2216,2193,2209,2193,2199,2216,2236,2200,2207,2222,2186,2242,2203,2213,2210,2233,2165,2164,2160
534.674,2320.4,2320,2322,2278,2304,2316,2348,2286,2346,2305,2358,2338,2316,2309,2329,2312,2297,2354,2359,2329,2333,2342,2310,2311,2322,2340,2309,2291,2297,2302,2328
535.017,2381.1,2389,2344,2441,2403,2365,2418,2347,2402,2370,2376,2362,2385,2423,2408,2376,2348,2392,2368,2388,2360,2369,2389,2377,2346,2426,2382,2360,2372,2373,2375
535.360,2191.4,2189,2230,2226,2188,2192,2213,2219,2200,2188,2180,2178,2189,2198,2175,2207,2189,2154,2219,2162,2191,2232,2193,2188,2159,2210,2197,2171,2175,2169,2161
535.703,2424.0,2408,2440,2431,2426,2410,2402,2398,2431,2435,2433,2411,2451,2397,2441,2444,2428,2438,2408,2402,2435,2460,2459,2423,2441,2397,2416,2408,2395,2421,2431
536.046,2383.3,2373,2406,2341,2346,2435,2427,2395,2338,2381,2381,2399,2405,2393,2376,2395,2395,2394,2382,2348,2391,2365,2392,2372,2414,2364,2337,2387,2374,2370,2424
536.389,2098.6,2114,2106,2097,2096,2099,2105,2059,2083,2121,2095,2111,2117,2100,2070,2085,2096,2080,2106,2075,2096,2118,2095,2091,2117,2110,2082,2109,2082,2126,2117
536.732,2328.3,2337,2360,2364,2352,2306,2323,2281,2328,2342,2339,2353,2324,2337,2347,2317,2320,2313,2341,2300,2328,2307,2292,2292,2333,2312,2344,2347,2355,2336,2320
537.075,2272.4,2240,2283,2252,2273,2268,2254,2259,2296,2273,2268,2223,2258,2292,2286,2244,2299,2302,2258,2273,2254,2296,2302,2276,2282,2303,2234,2280,2278,2266,2299
537.418,2192.7,2206,2209,2178,2213,2225,2216,2199,2194,2203,2174,2206,2225,2220,2183,2194,2177,2189,2200,2171,2210,2230,2185,2178,2199,2154,2159,2160,2153,2138,2232
537.761,2281.4,2249,2299,2217,2286,2281,2297,2295,2347,2271,2269,2294,2291,2254,2262,2276,2270,2289,2321,2270,2326,2274,2249,2257,2300,2299,2253,2269,2265,2296,2315
538.105,2479.9,2426,2510,2470,2490,2488,2433,2464,2484,2470,2529,2437,2446,2474,2470,2508,2491,2488,2530,2437,2478,2486,2475,2532,2479,2480,2485,2457,2494,2509,2476
538.448,2331.5,2351,2301,2355,2310,2310,2349,2303,2328,2316,2322,2348,2344,2351,2367,2312,2345,2324,2350,2302,2340,2360,2323,2338,2319,2356,2300,2331,2283,2342,2366
538.791,2036.8,2079,2020,2063,2027,2085,2065,2042,2043,2040,2040,2017,2046,2034,2015,2001,2046,2039,2005,2024,2008,2018,2075,2044,2001,2029,2054,2049,2035,2050,2011
539.134,2200.4,2181,2197,2222,2163,2175,2224,2165,2176,2230,2232,2171,2161,2200,2178,2205,2223,2229,2231,2220,2253,2168,2149,2220,2202,2209,2209,2224,2142,2232,2220
539.478,2381.5,2339,2370,2428,2360,2377,2396,2391,2424,2331,2382,2363,2348,2388,2412,2396,2364,2359,2357,2382,2441,2306,2396,2360,2424,2385,2370,2392,2396,2430,2378
539.821,2259.7,2272,2281,2288,2304,2289,2232,2238,2275,2290,2240,2259,2262,2264,2266,2267,2243,2263,2257,2222,2258,2230,2264,2258,2283,2253,2240,2288,2226,2244,2236
540.164,2167.4,2159,2195,2182,2175,2154,2166,2148,2157,2162,2150,2182,2203,2159,2160,2159,2152,2178,2136,2163,2152,2162,2168,2128,2189,2178,2181,2218,2155,2177,2174
540.508,2509.5,2347,2338,2379,2363,2290,2368,2379,2367,2364,2329,2376,2321,2317,2350,2390,2454,2660,2649,2669,2721,2732,2710,2681,2660,2664,2683,2676,2682,2688,2677
540.851,2424.2,2424,2422,2419,2399,2412,2426,2434,2432,2452,2395,2390,2457,2400,2410,2416,2456,2436,2401,2443,2458,2378,2448,2422,2423,2427,2426,2429,2435,2417,2438
541.194,2329.7,2343,2308,2290,2317,2328,2310,2338,2324,2325,2360,2298,2367,2292,2361,2365,2322,2301,2401,2346,2321,2312,2349,2332,2335,2326,2325,2337,2328,2314,2316
541.538,2277.7,2243,2232,2226,2250,2297,2296,2314,2265,2339,2261,2272,2269,2283,2296,2247,2314,2291,2272,2297,2280,2293,2280,2264,2278,2271,2288,2280,2280,2268,2286
541.881,2177.7,2203,2200,2160,2190,2180,2164,2190,2226,2169,2188,2193,2185,2175,2168,2174,2194,2194,2184,2181,2155,2160,2154,2153,2206,2188,2147,2173,2165,2126,2185
542.225,2211.7,2216,2197,2217,2186,2217,2176,2176,2198,2223,2234,2213,2194,2187,2187,2217,2203,2237,2179,2210,2226,2224,2204,2203,2252,2225,2232,2231,2214,2258,2216
542.568,2153.1,2114,2170,2147,2139,2184,2139,2160,2169,2165,2155,2134,2154,2142,2165,2162,2114,2173,2189,2121,2134,2109,2164,2147,2176,2166,2181,2142,2178,2141,2160
542.912,1924.3,1930,1945,1926,1921,1932,1956,1924,1929,1934,1928,1941,1912,1915,1924,1906,1905,1921,1938,1931,1910,1912,1942,1924,1949,1936,1917,1920,1902,1933,1867
543.256,1916.7,1929,1875,1928,1948,1924,1907,1883,1903,1962,1955,1891,1920,1887,1928,1944,1901,1933,1916,1898,1918,1910,1956,1926,1902,1922,1897,1908,1928,1899,1904
543.599,2385.5,2383,2402,2351,2429,2432,2397,2339,2380,2403,2396,2442,2412,2339,2431,2372,2368,2380,2405,2354,2353,2390,2378,2396,2382,2391,2426,2346,2370,2366,2351
543.943,2299.3,2337,2251,2289,2305,2273,2306,2279,2328,2271,2298,2307,2351,2292,2295,2273,2313,2304,2294,2323,2312,2276,2319,2328,2290,2315,2266,2293,2292,2304,2296
544.286,2176.8,2187,2163,2205,2198,2147,2171,2158,2189,2177,2173,2179,2186,2174,2184,2177,2162,2137,2186,2201,2138,2177,2159,2218,2198,2184,2160,2185,2214,2145,2171
544.630,2336.2,2310,2318,2300,2346,2333,2342,2294,2339,2318,2319,2376,2326,2287,2371,2365,2329,2304,2332,2353,2355,2340,2333,2361,2337,2327,2365,2396,2343,2335,2331
544.974,2556.9,2580,2566,2537,2619,2583,2583,2550,2525,2544,2565,2530,2538,2537,2556,2607,2566,2591,2533,2513,2522,2583,2585,2533,2553,2563,2573,2558,2542,2521,2552
545.318,2376.2,2371,2360,2402,2362,2412,2360,2396,2421,2389,2365,2359,2419,2369,2386,2386,2363,2389,2340,2408,2351,2375,2372,2378,2356,2370,2363,2365,2365,2332,2401
545.661,2511.6,2485,2515,2503,2519,2520,2571,2504,2508,2516,2497,2532,2511,2496,2528,2502,2512,2527,2493,2542,2486,2535,2531,2500,2505,2492,2489,2496,2500,2508,2526
546.005,2205.5,2207,2201,2215,2230,2217,2185,2223,2208,2162,2217,2209,2212,2185,2191,2192,2202,2220,2211,2197,2248,2209,2190,2214,2147,2200,2236,2213,2226,2196,2202
546.349,2219.0,2220,2217,2208,2221,2233,2218,2178,2203,2152,2212,2226,2198,2241,2243,2233,2206,2208,2221,2243,2241,2249,2205,2204,2175,2195,2220,2253,2238,2256,2253
546.693,2087.5,2073,2067,2059,2113,2086,2106,2059,2102,2074,2101,2063,2062,2114,2045,2076,2081,2120,2094,2101,2079,2091,2104,2096,2092,2109,2084,2112,2095,2082,2084
547.037,2297.7,2328,2273,2251,2329,2294,2311,2314,2298,2314,2311,2293,2300,2276,2301,2276,2324,2292,2306,2297,2306,2280,2290,2287,2310,2307,2291,2264,2292,2296,2321
547.381,2210.4,2236,2245,2187,2236,2191,2243,2202,2202,2195,2201,2203,2226,2218,2200,2232,2225,2193,2207,2197,2208,2212,2225,2193,2192,2222,2195,2210,2204,2209,2203
547.725,2112.5,2072,2111,2122,2122,2094,2086,2117,2138,2104,2110,2132,2107,2115,2148,2098,2095,2114,2121,2168,2077,2107,2137,2104,2102,2172,2109,2089,2082,2095,2127
548.069,2303.3,2257,2308,2306,2298,2275,2332,2280,2316,2314,2301,2286,2301,2330,2301,2334,2306,2316,2293,2299,2321,2262,2301,2305,2301,2334,2342,2264,2315,2292,2310
548.413,2281.1,2314,2319,2292,2260,2285,2259,2296,2261,2290,2253,2282,2290,2283,2250,2219,2302,2309,2280,2292,2289,2318,2277,2310,2278,2271,2264,2292,2290,2264,2243
548.757,1926.2,1964,1915,1906,1917,1929,1968,1889,1892,1915,1932,1931,1904,1908,1898,1920,1924,1953,1915,1918,1900,1960,1920,1932,1933,1971,1931,1952,1891,1967,1931
549.101,1962.1,1964,1974,1968,1903,1949,1963,1958,1966,1980,1942,1973,1901,1967,1917,1993,1965,1959,1960,1983,1962,1992,1968,1969,1981,2000,1971,1976,1964,1949,1946
549.445,2157.1,2144,2153,2158,2151,2134,2150,2173,2136,2166,2185,2191,2151,2145,2153,2109,2176,2159,2169,2153,2138,2164,2176,2185,2150,2161,2123,2184,2153,2151,2172
549.789,2364.6,2357,2329,2341,2379,2347,2344,2373,2380,2373,2351,2394,2377,2393,2313,2374,2358,2351,2371,2353,2366,2350,2401,2362,2365,2352,2392,2390,2336,2368,2397
550.133,2046.4,2085,2070,2056,2052,2035,2058,2038,2032,2065,2065,2070,2079,2044,2031,2062,2063,2037,2064,2031,2044,2027,2061,1989,2024,2016,2023,2050,2034,2054,2034
550.477,2110.2,2095,2132,2143,2097,2124,2088,2128,2124,2102,2102,2138,2095,2144,2139,2128,2122,2068,2111,2095,2091,2081,2108,2126,2128,2125,2080,2100,2102,2101,2088
550.822,2336.3,2364,2308,2304,2320,2383,2333,2372,2339,2351,2314,2284,2340,2313,2309,2354,2331,2328,2368,2346,2353,2292,2333,2378,2344,2348,2346,2338,2312,2364,2319
551.166,2190.7,2161,2194,2221,2179,2197,2252,2174,2209,2163,2207,2207,2203,2157,2224,2169,2182,2198,2196,2217,2201,2150,2243,2155,2151,2180,2168,2205,2200,2171,2186
551.510,2305.6,2332,2297,2328,2278,2308,2326,2256,2300,2301,2316,2278,2295,2284,2340,2313,2289,2280,2329,2320,2294,2305,2320,2281,2283,2321,2293,2317,2324,2307,2353
551.854,2008.5,2004,1993,1989,2009,1990,2025,2030,2004,2008,1997,1992,2040,2012,2004,2036,2016,2042,1976,1992,1987,1983,2040,1998,2003,2016,2053,2012,1990,1992,2022
552.199,2325.7,2293,2341,2328,2347,2330,2281,2334,2304,2298,2345,2345,2341,2354,2331,2316,2331,2279,2293,2310,2342,2347,2324,2356,2368,2360,2314,2331,2318,2324,2287
552.543,2107.5,2134,2059,2105,2081,2088,2078,2113,2103,2101,2105,2128,2175,2104,2138,2132,2093,2137,2093,2096,2131,2095,2124,2125,2091,2124,2102,2063,2130,2096,2082
552.887,2236.7,2245,2257,2254,2225,2232,2221,2214,2210,2249,2243,2257,2227,2237,2241,2249,2241,2197,2212,2248,2249,2245,2224,2236,2250,2262,2247,2248,2248,2209,2224
553.232,2240.2,2239,2283,2242,2251,2219,2232,2227,2288,2268,2224,2222,2252,2246,2243,2207,2265,2245,2234,2266,2260,2276,2253,2238,2201,2204,2220,2194,2229,2223,2255
553.576,2345.4,2355,2337,2380,2366,2333,2354,2331,2337,2338,2325,2298,2382,2353,2353,2341,2336,2329,2360,2362,2363,2305,2302,2327,2382,2334,2358,2331,2367,2395,2329
553.921,2288.6,2352,2271,2286,2277,2249,2279,2289,2275,2280,2283,2307,2325,2318,2297,2301,2295,2320,2307,2266,2283,2292,2314,2256,2301,2272,2288,2266,2281,2257,2270
554.265,2094.6,2080,2133,2088,2098,2058,2112,2063,2104,2056,2122,2124,2127,2083,2097,2089,2099,2101,2079,2107,2074,2064,2076,2095,2091,2116,2095,2101,2085,2104,2116
554.609,2149.5,2124,2141,2150,2165,2153,2120,2124,2169,2139,2154,2171,2156,2154,2145,2142,2143,2134,2162,2154,2168,2161,2143,2169,2119,2180,2161,2121,2156,2139,2169
554.954,2213.3,2191,2173,2235,2189,2219,2209,2175,2249,2218,2223,2214,2190,2193,2203,2204,2220,2239,2213,2235,2195,2252,2232,2223,2193,2182,2229,2205,2227,2256,2212
555.299,1928.3,1957,1939,1922,1873,1951,1919,1963,1911,1901,1907,1961,1961,1917,1944,1946,1930,1922,1907,1924,1924,1919,1903,1936,1927,1909,1960,1933,1940,1932,1912
555.643,2221.0,2207,2218,2240,2205,2265,2194,2196,2223,2242,2205,2195,2255,2204,2270,2245,2252,2212,2249,2236,2219,2218,2220,2207,2203,2217,2212,2219,2215,2171,2216
555.988,2025.8,2038,2039,2013,2027,2046,2038,2013,2038,2017,2009,2050,2001,2042,2000,2048,2020,2038,2006,2027,2063,2011,2030,2025,2064,2008,2025,1990,2013,2014,2020
556.332,2286.4,2294,2262,2280,2299,2277,2301,2290,2318,2299,2257,2306,2300,2271,2273,2239,2296,2286,2294,2296,2296,2261,2271,2281,2294,2289,2312,2297,2271,2285,2297
556.677,2490.2,2505,2475,2456,2486,2495,2510,2478,2475,2485,2489,2488,2486,2474,2492,2503,2482,2507,2500,2507,2496,2473,2446,2495,2500,2472,2482,2497,2532,2503,2517
557.022,2216.7,2188,2194,2168,2248,2205,2217,2186,2247,2237,2208,2185,2253,2197,2200,2251,2218,2203,2229,2243,2200,2248,2207,2214,2234,2189,2229,2190,2196,2218,2299
557.366,2352.9,2346,2362,2349,2325,2342,2356,2347,2354,2331,2390,2342,2351,2321,2355,2370,2344,2315,2355,2370,2347,2351,2347,2360,2415,2361,2382,2379,2365,2336,2319
557.711,2286.7,2268,2293,2285,2259,2283,2259,2296,2286,2271,2292,2298,2274,2303,2328,2266,2275,2306,2322,2304,2332,2273,2248,2318,2299,2294,2278,2256,2282,2269,2284
558.056,2222.0,2239,2210,2206,2221,2206,2228,2231,2237,2193,2208,2246,2220,2206,2251,2195,2217,2208,2227,2216,2251,2230,2193,2237,2243,2201,2228,2216,2219,2234,2244
558.401,2173.9,2194,2168,2191,2152,2202,2169,2182,2202,2186,2157,2196,2188,2132,2161,2164,2168,2158,2162,2150,2209,2158,2164,2164,2193,2185,2193,2195,2152,2142,2180
558.745,2087.3,2079,2104,2115,2082,2081,2075,2063,2061,2056,2082,2088,2100,2086,2089,2056,2079,2037,2073,2124,2133,2111,2076,2099,2103,2070,2125,2107,2086,2089,2089
559.090,2199.3,2177,2200,2196,2197,2216,2227,2196,2191,2184,2168,2226,2189,2205,2231,2169,2230,2211,2164,2164,2202,2264,2193,2214,2172,2227,2200,2193,2187,2155,2232
559.435,2132.3,2096,2139,2117,2159,2156,2143,2128,2124,2141,2122,2151,2117,2103,2198,2150,2138,2093,2127,2148,2151,2113,2145,2118,2099,2138,2153,2114,2142,2120,2125
559.780,2421.3,2409,2409,2427,2426,2440,2456,2386,2441,2421,2428,2401,2408,2440,2389,2411,2385,2433,2443,2437,2426,2440,2410,2390,2407,2417,2424,2448,2427,2414,2445
560.125,2188.7,2186,2175,2172,2233,2154,2196,2185,2186,2186,2174,2175,2123,2185,2185,2147,2216,2209,2172,2240,2189,2192,2166,2190,2190,2202,2185,2226,2242,2193,2188
560.470,2308.5,2289,2317,2310,2330,2313,2279,2314,2294,2333,2309,2297,2298,2293,2303,2348,2297,2335,2276,2334,2311,2291,2289,2309,2346,2334,2300,2340,2299,2292,2275
560.815,2272.3,2287,2271,2255,2280,2279,2242,2227,2267,2279,2306,2307,2261,2304,2259,2218,2269,2314,2279,2269,2281,2272,2261,2240,2283,2294,2298,2250,2263,2265,2288
561.160,2492.6,2475,2494,2510,2487,2513,2494,2518,2508,2524,2501,2515,2545,2495,2484,2483,2449,2483,2464,2527,2472,2461,2469,2481,2476,2530,2480,2476,2497,2488,2478
561.505,2445.0,2469,2454,2445,2455,2434,2425,2420,2434,2481,2431,2477,2472,2465,2435,2448,2434,2453,2440,2433,2425,2438,2459,2501,2421,2428,2425,2456,2440,2432,2421
561.850,2429.5,2426,2373,2406,2445,2441,2427,2421,2431,2465,2426,2415,2407,2419,2436,2436,2475,2395,2421,2440,2452,2410,2482,2473,2418,2445,2411,2389,2445,2444,2410
562.195,2279.5,2286,2289,2234,2256,2292,2263,2280,2313,2262,2312,2256,2297,2259,2298,2226,2310,2240,2276,2270,2297,2354,2254,2251,2281,2258,2290,2282,2282,2303,2313
562.540,2294.6,2303,2300,2253,2287,2264,2336,2296,2307,2305,2264,2324,2253,2232,2297,2260,2276,2342,2332,2285,2269,2295,2328,2290,2310,2306,2312,2316,2300,2303,2294
562.885,2249.9,2243,2238,2288,2259,2194,2214,2218,2297,2246,2242,2233,2239,2253,2253,2251,2245,2251,2220,2262,2184,2277,2258,2281,2277,2274,2271,2237,2272,2234,2286
563.231,2034.5,2053,2027,1990,2020,2043,2037,2040,2024,2026,2041,2038,2009,2038,2037,2034,2052,2046,2040,2037,2047,2064,2018,2062,2023,2016,1998,2002,2067,2037,2068
563.576,2627.6,2588,2630,2627,2600,2637,2621,2605,2635,2605,2721,2693,2590,2615,2632,2622,2640,2634,2573,2644,2616,2642,2616,2620,2629,2605,2613,2619,2669,2670,2616
563.921,1964.7,1967,1978,1955,1978,1947,1964,1942,1992,1912,1956,1968,1995,1974,1960,1928,2027,1931,1948,1925,1951,1964,1943,1992,1995,2006,1943,1974,1964,1990,1973
564.266,2448.2,2478,2440,2435,2469,2438,2438,2445,2500,2414,2414,2462,2490,2428,2481,2441,2469,2444,2447,2431,2442,2497,2464,2424,2468,2456,2415,2442,2425,2421,2427
564.611,2490.5,2497,2497,2481,2531,2463,2514,2437,2512,2489,2470,2514,2501,2463,2539,2511,2509,2486,2501,2500,2484,2478,2469,2490,2488,2500,2428,2455,2495,2520,2494
564.957,2271.4,2246,2310,2306,2288,2278,2286,2253,2253,2274,2272,2268,2261,2298,2244,2277,2283,2284,2267,2249,2260,2260,2275,2268,2259,2293,2266,2271,2217,2290,2287
565.302,2090.7,2061,2109,2111,2091,2107,2106,2083,2117,2105,2075,2118,2095,2082,2085,2056,2096,2095,2100,2066,2097,2087,2089,2099,2107,2079,2075,2075,2101,2072,2082
565.647,1961.3,1987,1977,1962,1962,1958,1953,1923,1955,1913,1967,1962,1962,1997,1937,1960,1989,1944,1957,1966,1944,1979,1966,1962,1986,1992,1905,1947,1965,1993,1970
565.993,2246.6,2251,2230,2205,2240,2243,2232,2244,2252,2244,2244,2270,2230,2235,2244,2253,2259,2225,2243,2257,2237,2252,2232,2266,2273,2244,2236,2285,2268,2239,2264
566.338,2008.5,2011,2025,1988,1996,2024,2004,2003,2037,1994,2002,2050,1998,2011,2015,2031,2015,1994,2015,1986,1990,2018,2031,2014,2024,2000,1993,1996,1993,1988,2010
566.684,2479.0,2488,2517,2450,2463,2506,2470,2526,2497,2449,2498,2442,2498,2459,2470,2447,2503,2472,2476,2486,2473,2484,2478,2472,2484,2504,2451,2438,2489,2515,2466
567.029,2375.7,2363,2357,2378,2413,2389,2401,2386,2356,2376,2382,2394,2369,2369,2361,2383,2361,2359,2389,2383,2362,2356,2386,2364,2358,2400,2344,2402,2373,2367,2390
567.375,2215.0,2195,2209,2218,2187,2196,2233,2212,2195,2218,2218,2220,2286,2191,2224,2189,2236,2213,2212,2230,2234,2176,2222,2237,2225,2225,2222,2200,2217,2225,2184
567.720,2145.3,2144,2131,2145,2170,2136,2135,2136,2168,2133,2130,2160,2145,2190,2161,2133,2155,2156,2143,2122,2151,2117,2142,2165,2113,2126,2116,2154,2167,2173,2142
568.066,2069.8,2072,2061,2102,2072,2102,2045,2074,2083,2079,2083,2075,2044,2080,2060,2099,2085,2072,2048,2046,2075,2034,2091,2056,2072,2048,2052,2060,2059,2068,2098
568.411,2223.4,2203,2201,2229,2248,2258,2208,2219,2241,2192,2225,2248,2261,2214,2253,2168,2217,2237,2224,2254,2197,2223,2239,2221,2240,2242,2197,2224,2218,2183,2219
568.757,2378.8,2379,2325,2413,2372,2411,2393,2399,2377,2370,2366,2345,2378,2407,2385,2374,2358,2382,2404,2408,2388,2364,2382,2417,2387,2355,2356,2389,2352,2358,2370
569.102,2160.5,2145,2118,2153,2166,2160,2147,2180,2168,2158,2157,2184,2194,2130,2180,2169,2161,2205,2177,2129,2209,2153,2176,2144,2171,2117,2140,2147,2129,2166,2181
569.448,2005.3,2010,2017,1992,1997,2030,1967,2063,2019,2015,1992,2001,2001,1970,1994,2005,1999,1981,1975,2013,1986,2018,2017,2014,2037,1998,2007,2016,2005,2013,2008
569.794,2301.4,2335,2251,2309,2310,2267,2320,2279,2318,2313,2233,2370,2307,2277,2329,2291,2291,2312,2296,2287,2302,2332,2308,2309,2312,2306,2307,2293,2302,2302,2275
570.139,2371.9,2342,2366,2374,2415,2351,2349,2366,2380,2378,2372,2397,2351,2354,2341,2415,2368,2369,2387,2379,2354,2382,2392,2373,2381,2365,2386,2361,2389,2344,2377
570.485,2086.1,2086,2076,2135,2101,2104,2088,2059,2111,2079,2056,2085,2127,2101,2070,2081,2072,2056,2072,2053,2068,2077,2088,2143,2075,2096,2100,2057,2085,2099,2084
570.831,2454.6,2433,2445,2482,2491,2431,2465,2482,2450,2457,2440,2455,2466,2469,2416,2480,2463,2453,2473,2398,2445,2459,2467,2467,2488,2450,2424,2472,2455,2462,2400
571.177,2432.2,2449,2424,2459,2416,2396,2410,2432,2414,2415,2501,2440,2485,2447,2408,2421,2405,2453,2396,2456,2440,2451,2419,2453,2418,2451,2435,2381,2424,2450,2418
571.522,2522.6,2493,2522,2512,2518,2554,2525,2521,2528,2507,2498,2532,2505,2511,2559,2526,2549,2525,2526,2510,2531,2580,2516,2517,2502,2521,2508,2511,2559,2475,2537
571.868,2082.6,2126,2073,2081,2058,2095,2080,2097,2099,2097,2109,2099,2062,2067,2050,2067,2074,2070,2078,2106,2105,2082,2074,2036,2076,2106,2072,2085,2092,2053,2109
572.214,2160.1,2155,2163,2134,2173,2112,2200,2143,2167,2168,2154,2142,2206,2155,2160,2158,2125,2176,2181,2139,2189,2158,2134,2185,2138,2170,2174,2143,2194,2169,2139
572.560,2249.0,2249,2198,2274,2252,2262,2248,2264,2303,2243,2249,2191,2242,2248,2273,2243,2249,2262,2216,2255,2238,2259,2253,2246,2217,2286,2262,2256,2244,2250,2237
572.906,2208.1,2181,2220,2220,2206,2206,2233,2193,2185,2189,2197,2225,2214,2223,2187,2171,2197,2242,2224,2245,2184,2234,2228,2217,2195,2203,2193,2184,2200,2237,2210
573.252,2283.5,2296,2246,2273,2290,2250,2263,2277,2281,2308,2317,2256,2319,2233,2293,2248,2353,2290,2274,2338,2288,2301,2312,2281,2285,2276,2282,2268,2245,2292,2269
573.598,2272.2,2229,2266,2324,2266,2248,2211,2287,2237,2295,2284,2266,2289,2264,2301,2268,2265,2289,2273,2293,2264,2259,2283,2299,2263,2306,2245,2288,2295,2239,2270
573.944,2338.9,2357,2340,2356,2362,2404,2347,2358,2350,2313,2353,2329,2334,2351,2291,2330,2354,2327,2326,2311,2310,2313,2302,2348,2377,2330,2338,2341,2329,2323,2363
574.290,2178.3,2156,2200,2185,2203,2195,2170,2171,2166,2241,2172,2200,2206,2172,2175,2172,2156,2179,2151,2171,2186,2176,2164,2181,2182,2225,2174,2161,2133,2152,2175
574.636,2380.8,2387,2388,2365,2384,2365,2373,2352,2427,2361,2332,2412,2387,2360,2392,2407,2397,2370,2385,2392,2393,2393,2335,2362,2385,2376,2436,2344,2394,2393,2377
574.982,2087.4,2112,2104,2072,2101,2044,2065,2123,2079,2097,2086,2050,2106,2085,2069,2090,2085,2097,2065,2111,2102,2114,2064,2108,2071,2071,2099,2083,2088,2083,2099
575.328,2416.4,2440,2389,2397,2432,2408,2436,2438,2422,2430,2436,2436,2422,2460,2396,2423,2416,2398,2422,2450,2461,2432,2412,2373,2426,2385,2346,2430,2401,2405,2371
575.674,2154.9,2162,2193,2147,2136,2136,2157,2165,2125,2155,2156,2136,2120,2161,2173,2152,2186,2148,2138,2189,2184,2170,2148,2165,2137,2090,2161,2169,2157,2156,2174
576.020,2290.1,2306,2307,2287,2287,2289,2277,2289,2273,2280,2252,2313,2273,2277,2329,2315,2283,2290,2250,2287,2324,2287,2271,2317,2277,2274,2307,2302,2296,2281,2302
576.366,2296.0,2307,2292,2302,2320,2310,2318,2289,2258,2332,2261,2299,2273,2307,2298,2299,2263,2299,2254,2336,2306,2280,2322,2280,2252,2292,2289,2314,2293,2295,2340
576.712,2597.6,2577,2628,2638,2650,2624,2627,2597,2574,2559,2620,2614,2608,2644,2554,2586,2596,2584,2604,2598,2586,2603,2585,2589,2597,2568,2618,2545,2581,2595,2579
577.058,2520.9,2543,2539,2541,2493,2495,2492,2529,2520,2516,2506,2535,2527,2497,2559,2528,2508,2514,2508,2536,2517,2559,2563,2530,2496,2498,2510,2477,2545,2514,2532
577.405,2005.8,1944,1985,2002,1979,2020,2027,2024,2007,2028,1995,2013,1992,1982,2038,1992,2028,2001,2007,2034,1979,2038,2007,2056,2033,1963,1986,2009,2003,1993,2010
577.751,2143.8,2152,2130,2157,2161,2130,2184,2122,2108,2162,2120,2143,2152,2172,2102,2118,2145,2139,2134,2177,2145,2149,2124,2157,2145,2160,2121,2138,2171,2145,2152
578.097,2385.8,2420,2349,2392,2360,2411,2374,2386,2387,2408,2412,2393,2389,2371,2374,2397,2378,2393,2418,2376,2457,2357,2411,2354,2377,2345,2378,2396,2364,2359,2388
578.444,2403.0,2415,2426,2446,2405,2420,2390,2408,2373,2381,2393,2437,2377,2418,2382,2384,2428,2416,2352,2405,2399,2389,2424,2394,2373,2420,2437,2379,2425,2421,2373
578.790,2138.1,2118,2150,2170,2120,2140,2181,2153,2095,2130,2135,2110,2106,2149,2148,2160,2114,2132,2095,2135,2115,2154,2135,2143,2142,2162,2197,2166,2194,2068,2127
579.136,2278.1,2260,2302,2232,2259,2266,2284,2288,2294,2236,2328,2321,2240,2338,2243,2312,2297,2301,2249,2241,2281,2276,2280,2288,2264,2275,2248,2253,2299,2294,2293
579.483,2407.5,2398,2378,2434,2382,2425,2405,2415,2409,2405,2418,2384,2431,2372,2390,2408,2442,2406,2414,2452,2415,2435,2412,2384,2387,2372,2383,2437,2403,2415,2413
579.829,2118.3,2151,2097,2166,2118,2118,2113,2083,2161,2098,2141,2157,2111,2104,2093,2114,2107,2120,2091,2089,2107,2089,2109,2137,2130,2148,2146,2076,2092,2121,2162
580.176,2229.2,2219,2209,2243,2228,2225,2242,2196,2229,2192,2248,2226,2233,2220,2256,2217,2220,2260,2246,2263,2188,2212,2228,2196,2226,2264,2244,2229,2232,2258,2227
580.522,2298.6,2307,2304,2305,2319,2289,2308,2274,2291,2321,2283,2285,2275,2269,2336,2334,2301,2296,2298,2306,2292,2283,2287,2335,2284,2306,2282,2236,2319,2352,2280
580.868,2252.8,2222,2266,2245,2256,2248,2239,2253,2276,2280,2248,2271,2256,2234,2266,2237,2251,2290,2266,2276,2222,2213,2241,2263,2252,2229,2259,2264,2248,2267,2245
581.215,2382.4,2413,2342,2388,2402,2379,2350,2367,2373,2345,2370,2359,2392,2368,2436,2408,2396,2385,2393,2398,2399,2339,2379,2363,2361,2435,2408,2344,2388,2398,2393
581.562,2210.2,2195,2237,2216,2192,2248,2186,2224,2207,2201,2177,2193,2227,2183,2197,2180,2223,2225,2191,2211,2224,2186,2204,2244,2174,2241,2229,2207,2211,2248,2224
581.908,2105.4,2125,2092,2107,2093,2097,2110,2132,2115,2083,2122,2080,2062,2112,2086,2102,2106,2096,2077,2111,2110,2089,2136,2102,2069,2095,2147,2113,2121,2140,2131
582.255,2232.2,2248,2239,2219,2259,2245,2282,2193,2257,2208,2250,2187,2241,2185,2257,2250,2248,2218,2247,2266,2238,2219,2207,2267,2187,2246,2232,2194,2221,2228,2228
582.601,2059.5,2073,2024,2086,2060,2041,2063,2038,2072,2088,2062,2015,2040,2093,2038,2083,2061,2104,2068,2012,2063,2056,2064,2065,2090,2017,2065,2058,2092,2044,2051
582.948,2180.1,2195,2158,2179,2158,2206,2173,2144,2183,2194,2200,2147,2144,2120,2188,2165,2180,2185,2155,2214,2180,2173,2195,2199,2184,2170,2174,2183,2217,2225,2216
583.295,2103.1,2105,2139,2093,2065,2078,2099,2098,2088,2140,2100,2059,2082,2100,2113,2077,2108,2119,2131,2117,2102,2064,2085,2119,2132,2081,2147,2154,2084,2105,2108
583.641,2135.2,2120,2126,2141,2157,2132,2121,2152,2148,2111,2150,2109,2086,2136,2126,2137,2141,2169,2091,2153,2154,2129,2124,2123,2170,2132,2167,2134,2138,2137,2143
583.988,2518.0,2517,2494,2569,2528,2542,2565,2497,2501,2485,2517,2534,2503,2547,2498,2530,2500,2510,2517,2521,2472,2486,2501,2556,2536,2542,2497,2476,2541,2533,2524
584.335,2173.3,2150,2213,2185,2173,2126,2205,2184,2127,2161,2158,2164,2172,2192,2186,2157,2164,2156,2180,2211,2198,2144,2175,2196,2198,2152,2180,2205,2164,2168,2156
584.681,2327.7,2355,2336,2328,2330,2329,2329,2321,2365,2366,2292,2324,2289,2321,2350,2346,2339,2305,2331,2325,2270,2328,2324,2347,2316,2298,2296,2361,2328,2353,2329
585.028,2118.2,2097,2104,2109,2148,2188,2126,2145,2080,2139,2134,2063,2081,2111,2135,2155,2125,2111,2138,2091,2136,2112,2110,2074,2113,2104,2142,2132,2114,2100,2128
585.375,2092.5,2089,2110,2144,2111,2117,2095,2091,2075,2094,2120,2050,2077,2094,2077,2081,2070,2123,2073,2069,2098,2072,2110,2085,2091,2102,2095,2093,2127,2072,2070
585.722,2273.4,2248,2269,2259,2248,2269,2266,2291,2270,2307,2248,2249,2253,2278,2261,2245,2296,2310,2264,2261,2310,2256,2291,2252,2304,2289,2293,2281,2290,2274,2270
586.069,2366.2,2358,2347,2413,2371,2356,2371,2354,2375,2361,2356,2305,2367,2351,2362,2380,2380,2385,2386,2339,2336,2360,2337,2395,2373,2370,2388,2355,2356,2416,2384
586.416,2177.0,2147,2166,2148,2168,2186,2147,2189,2170,2163,2186,2193,2209,2169,2184,2197,2197,2186,2161,2175,2201,2160,2152,2159,2209,2210,2158,2198,2185,2178,2160
586.763,2276.3,2264,2253,2262,2320,2305,2229,2269,2237,2257,2278,2286,2301,2249,2289,2266,2294,2275,2300,2273,2258,2288,2264,2283,2270,2273,2305,2250,2311,2279,2301
587.110,2453.6,2433,2480,2425,2431,2479,2441,2470,2418,2443,2464,2450,2403,2484,2421,2492,2467,2450,2471,2472,2483,2438,2440,2446,2482,2462,2444,2451,2456,2441,2472
587.457,2290.2,2340,2302,2300,2294,2267,2275,2278,2280,2290,2293,2309,2292,2289,2266,2289,2250,2285,2287,2296,2292,2274,2259,2328,2366,2294,2319,2282,2266,2256,2287
587.804,2096.9,2072,2088,2113,2115,2092,2111,2095,2052,2120,2101,2088,2108,2069,2068,2122,2104,2088,2122,2087,2121,2102,2075,2090,2109,2076,2122,2120,2087,2110,2079
588.151,1975.8,1973,1987,1999,1993,1964,1960,1951,1974,1981,1966,1942,1943,1971,1980,1994,2012,2004,1992,2010,1947,1940,1964,1935,1979,1964,1950,1974,2020,2009,1996
588.498,2489.5,2484,2488,2484,2518,2520,2532,2526,2446,2432,2464,2493,2524,2493,2492,2517,2431,2493,2505,2441,2470,2541,2507,2465,2494,2505,2457,2485,2511,2493,2475
588.845,2327.3,2373,2341,2296,2349,2319,2298,2357,2339,2309,2297,2354,2353,2296,2297,2287,2270,2309,2389,2324,2307,2342,2354,2356,2318,2312,2326,2314,2322,2324,2387
589.192,2297.4,2270,2310,2324,2332,2296,2278,2267,2254,2343,2349,2331,2288,2293,2293,2280,2285,2337,2272,2248,2299,2303,2324,2278,2280,2316,2335,2279,2274,2280,2303
589.539,1987.3,2002,2009,2006,1983,1974,1956,1967,1977,1997,2001,2011,1994,1994,1992,1984,1967,1982,1978,1978,1980,1957,1993,1994,1996,1972,2026,2026,1962,1981,1981
589.886,2261.8,2325,2254,2280,2277,2290,2269,2266,2272,2252,2239,2239,2235,2278,2261,2286,2225,2267,2259,2257,2272,2248,2252,2228,2292,2259,2268,2281,2232,2258,2232
590.233,2113.4,2132,2070,2114,2109,2109,2093,2123,2132,2109,2120,2112,2102,2181,2139,2126,2089,2159,2102,2094,2124,2112,2068,2093,2146,2102,2141,2066,2125,2124,2085
590.580,2119.4,2108,2141,2122,2097,2138,2128,2104,2100,2112,2127,2132,2124,2111,2149,2107,2107,2119,2106,2141,2116,2132,2104,2130,2156,2130,2100,2101,2100,2129,2110
590.928,2024.4,2030,2018,2036,2040,2015,2030,2012,2018,1985,2034,2050,2012,2034,2038,2051,1969,2019,2013,2013,1999,1994,2056,2040,2097,2029,2040,1992,2037,2008,2024
591.275,2166.8,2182,2178,2197,2180,2189,2178,2141,2168,2171,2180,2169,2163,2136,2157,2169,2201,2153,2176,2168,2128,2163,2126,2187,2159,2199,2175,2154,2172,2141,2143
591.622,2098.0,2113,2108,2097,2085,2082,2086,2096,2097,2114,2130,2101,2080,2103,2106,2142,2074,2124,2114,2106,2031,2078,2102,2080,2096,2095,2089,2098,2091,2119,2102
591.969,2314.2,2321,2298,2321,2342,2314,2317,2342,2273,2358,2289,2331,2330,2308,2297,2274,2341,2370,2287,2307,2264,2306,2303,2344,2323,2381,2277,2328,2303,2296,2280
592.317,2029.5,2074,2004,1983,2049,2029,2045,2033,2060,2019,2036,2026,2034,2019,2056,2042,2053,1993,2061,2023,2014,2024,2026,2017,2006,2061,2049,1986,2023,2016,2024
592.664,2276.4,2255,2279,2283,2297,2280,2261,2255,2277,2289,2255,2283,2236,2304,2284,2268,2275,2253,2312,2283,2282,2280,2272,2236,2274,2309,2268,2296,2276,2286,2285
593.011,2796.7,2787,2793,2802,2754,2796,2809,2810,2812,2827,2835,2802,2777,2795,2810,2808,2758,2782,2808,2809,2789,2791,2816,2790,2765,2788,2766,2779,2819,2792,2831
593.359,2275.1,2269,2287,2264,2306,2280,2296,2285,2262,2274,2228,2268,2280,2221,2309,2267,2252,2258,2271,2294,2288,2292,2285,2290,2278,2267,2264,2259,2297,2277,2286
593.706,2206.5,2235,2206,2181,2220,2228,2184,2212,2218,2168,2184,2246,2214,2211,2191,2196,2193,2185,2217,2228,2211,2184,2225,2188,2185,2230,2194,2217,2211,2219,2213
594.054,2279.4,2291,2275,2283,2284,2267,2254,2281,2263,2270,2314,2257,2288,2321,2291,2252,2269,2245,2269,2333,2280,2240,2262,2256,2232,2307,2295,2286,2280,2321,2315
594.401,2190.5,2180,2197,2143,2184,2218,2200,2154,2174,2202,2199,2211,2172,2187,2246,2186,2212,2177,2191,2196,2202,2193,2233,2185,2205,2168,2204,2165,2185,2185,2161
594.749,2258.0,2257,2277,2238,2288,2269,2224,2233,2240,2248,2261,2321,2280,2221,2255,2262,2267,2280,2237,2281,2226,2239,2273,2203,2277,2266,2261,2268,2284,2242,2261
595.096,2294.5,2299,2300,2290,2299,2301,2300,2274,2306,2271,2283,2293,2316,2266,2268,2272,2287,2286,2284,2333,2272,2336,2319,2310,2318,2299,2329,2286,2285,2285,2268
595.444,2388.2,2424,2372,2387,2399,2367,2399,2410,2383,2383,2388,2395,2374,2393,2397,2427,2395,2337,2394,2369,2437,2399,2383,2371,2367,2377,2391,2373,2379,2384,2392
595.791,2242.3,2243,2253,2229,2235,2229,2243,2259,2261,2243,2217,2207,2254,2234,2253,2248,2260,2204,2237,2197,2268,2261,2274,2234,2286,2263,2234,2241,2211,2218,2272
596.139,2559.0,2544,2554,2568,2561,2562,2564,2569,2546,2572,2571,2536,2593,2526,2527,2527,2563,2562,2539,2567,2541,2554,2587,2604,2570,2569,2563,2550,2547,2571,2562
596.486,2200.7,2219,2177,2216,2235,2222,2187,2208,2209,2185,2210,2185,2202,2194,2194,2202,2216,2165,2231,2170,2206,2182,2204,2211,2220,2216,2222,2176,2173,2180,2204
596.834,2122.8,2139,2153,2113,2083,2130,2112,2143,2138,2114,2124,2138,2093,2095,2147,2175,2136,2106,2148,2101,2079,2127,2137,2162,2130,2112,2077,2130,2084,2127,2131
597.182,1981.1,1978,1955,1998,1963,1964,2006,1988,1970,2011,1961,1995,2004,2021,1990,1966,1960,1982,2003,1955,2001,1989,1933,1964,1965,1996,1992,1992,1997,1954,1979
597.529,2344.2,2338,2337,2346,2364,2326,2344,2344,2323,2296,2344,2399,2371,2355,2311,2341,2347,2321,2335,2333,2344,2371,2376,2380,2330,2351,2319,2338,2385,2313,2344
597.877,2195.1,2184,2200,2187,2183,2193,2144,2208,2221,2175,2199,2173,2180,2188,2221,2220,2197,2214,2164,2188,2196,2216,2218,2223,2212,2178,2184,2185,2180,2190,2233
598.225,2187.0,2135,2199,2181,2174,2168,2168,2186,2212,2175,2154,2192,2181,2168,2208,2172,2203,2162,2173,2151,2226,2193,2239,2232,2224,2168,2168,2210,2192,2207,2190
598.573,2025.2,2020,2024,2017,2036,2056,1988,2031,1970,2022,1986,1987,2067,2073,2010,1983,2014,2046,2040,2030,1998,2014,2057,2029,2026,2002,2038,2052,2062,2031,2046
598.920,2479.3,2504,2522,2527,2481,2465,2488,2498,2507,2483,2478,2479,2485,2478,2489,2485,2465,2447,2415,2507,2468,2485,2441,2456,2485,2508,2480,2475,2477,2458,2442
599.268,2206.0,2208,2225,2171,2193,2239,2186,2211,2238,2172,2222,2219,2220,2209,2207,2181,2200,2201,2200,2212,2186,2174,2246,2221,2213,2225,2174,2252,2201,2166,2207
599.616,2029.2,2049,2054,2035,2040,2034,2017,2010,2022,2002,2039,2039,2027,2051,2050,2030,2013,2017,2042,1969,2069,2045,2004,2015,2043,2034,1996,2011,2028,2053,2038
599.964,2204.3,2196,2176,2207,2223,2210,2216,2232,2227,2198,2195,2193,2203,2195,2182,2182,2207,2200,2185,2227,2212,2191,2235,2226,2223,2194,2226,2182,2153,2208,2225
600.312,1995.9,1976,2025,1980,1991,1992,1995,1958,2003,2008,2009,2005,1977,1992,1996,2003,2033,1961,1996,2000,2026,1972,2009,1977,2008,1993,2041,1991,1992,1980,1988
600.660,2090.8,2129,2091,2078,2088,2105,2076,2088,2056,2100,2088,2096,2077,2110,2098,2129,2067,2098,2104,2112,2053,2087,2082,2097,2080,2077,2077,2074,2110,2114,2082
601.008,2159.4,2127,2163,2144,2125,2134,2124,2151,2177,2185,2165,2159,2173,2168,2178,2168,2159,2154,2156,2164,2154,2191,2168,2170,2105,2186,2136,2167,2197,2160,2173
601.356,2296.9,2274,2305,2301,2354,2308,2274,2294,2316,2287,2288,2289,2328,2305,2323,2280,2310,2292,2270,2257,2301,2336,2296,2300,2258,2320,2248,2323,2281,2267,2322
601.704,1858.3,1898,1888,1874,1840,1876,1840,1833,1862,1863,1856,1845,1851,1884,1859,1852,1857,1831,1887,1811,1828,1885,1837,1851,1855,1861,1852,1858,1848,1898,1869
602.052,2156.7,2167,2162,2151,2199,2184,2119,2168,2172,2177,2139,2162,2137,2137,2184,2136,2157,2128,2074,2151,2143,2164,2173,2190,2171,2190,2152,2118,2169,2155,2171
602.400,2183.3,2171,2205,2198,2198,2166,2187,2185,2197,2168,2161,2184,2150,2185,2180,2187,2172,2166,2215,2155,2176,2204,2158,2193,2173,2168,2190,2239,2168,2222,2179
602.748,2533.4,2531,2521,2527,2503,2571,2535,2494,2505,2522,2582,2531,2570,2493,2535,2522,2532,2521,2523,2517,2581,2510,2565,2545,2531,2574,2541,2508,2578,2503,2532
603.096,2088.6,2070,2075,2096,2090,2086,2063,2115,2064,2129,2081,2123,2093,2131,2069,2113,2062,2107,2089,2086,2036,2084,2134,2088,2104,2082,2095,2075,2089,2043,2087
603.444,2073.9,2066,2106,2116,2093,2072,2059,2044,2092,2083,2093,2077,2081,2049,2081,2084,2083,2064,2085,2093,2069,2080,2070,2074,2022,2051,2042,2069,2091,2078,2049
603.792,2331.8,2351,2328,2316,2333,2325,2355,2348,2333,2324,2340,2358,2308,2361,2334,2310,2303,2355,2344,2329,2336,2297,2299,2355,2325,2334,2355,2302,2368,2324,2304
604.140,2173.9,2184,2145,2188,2162,2194,2147,2181,2202,2143,2201,2186,2187,2188,2175,2153,2195,2152,2171,2194,2184,2149,2186,2147,2204,2172,2183,2119,2136,2201,2189
604.488,2273.3,2309,2244,2296,2265,2268,2240,2266,2258,2254,2308,2305,2287,2269,2281,2302,2253,2255,2284,2284,2289,2292,2281,2238,2257,2279,2273,2218,2270,2282,2293
604.836,2201.8,2201,2185,2203,2217,2187,2216,2202,2233,2212,2208,2193,2188,2210,2218,2204,2190,2226,2197,2204,2181,2242,2193,2160,2219,2209,2195,2158,2200,2215,2189
605.185,2179.0,2191,2175,2197,2181,2175,2203,2142,2147,2169,2224,2187,2182,2193,2174,2128,2164,2206,2190,2169,2152,2187,2166,2187,2176,2198,2187,2205,2176,2140,2200
605.533,2370.2,2329,2368,2386,2420,2357,2415,2394,2392,2360,2404,2370,2392,2380,2377,2377,2364,2310,2340,2354,2348,2323,2342,2367,2349,2362,2384,2374,2385,2415,2368
605.881,2154.7,2163,2136,2173,2147,2180,2162,2130,2165,2140,2149,2163,2129,2161,2172,2172,2129,2132,2176,2155,2202,2167,2151,2167,2154,2124,2142,2130,2143,2184,2142
606.230,2430.7,2456,2450,2451,2402,2404,2449,2448,2464,2400,2389,2411,2413,2412,2448,2429,2414,2457,2464,2443,2433,2424,2461,2431,2459,2448,2376,2372,2465,2404,2443
606.578,2384.4,2395,2419,2400,2426,2370,2367,2401,2386,2394,2401,2390,2352,2378,2377,2368,2399,2389,2351,2357,2355,2405,2370,2389,2379,2420,2389,2362,2394,2362,2386
606.926,2297.1,2298,2267,2300,2306,2295,2296,2328,2252,2329,2319,2291,2329,2287,2266,2309,2322,2238,2266,2296,2310,2319,2292,2321,2300,2311,2277,2316,2285,2286,2303
607.275,2398.9,2438,2385,2438,2368,2388,2390,2433,2362,2429,2407,2384,2390,2392,2370,2398,2426,2416,2387,2395,2429,2404,2422,2398,2348,2388,2421,2365,2379,2398,2420
607.623,2301.8,2253,2288,2281,2324,2263,2310,2310,2355,2288,2332,2338,2311,2296,2297,2283,2339,2303,2331,2302,2299,2269,2280,2324,2312,2288,2288,2270,2322,2285,2313
607.971,1990.9,1990,1965,1974,2012,1971,1988,1993,2024,2016,1994,1967,1976,2011,1969,2000,2000,2011,2010,2018,1977,1967,1987,2020,1979,1982,1977,1976,1983,2014,1977
608.320,2621.6,2592,2600,2601,2597,2627,2642,2612,2626,2680,2617,2595,2611,2642,2619,2632,2633,2591,2632,2631,2646,2603,2616,2582,2616,2645,2653,2621,2644,2627,2614
608.668,2272.5,2305,2241,2320,2262,2283,2291,2243,2268,2278,2276,2246,2284,2271,2274,2231,2282,2294,2258,2256,2297,2263,2269,2267,2281,2306,2285,2235,2285,2235,2289
609.017,2420.3,2371,2446,2436,2436,2385,2420,2427,2431,2415,2456,2440,2418,2435,2379,2412,2431,2406,2420,2438,2390,2411,2462,2435,2441,2448,2456,2404,2378,2371,2410
609.365,2397.5,2413,2376,2398,2407,2389,2398,2396,2360,2412,2389,2393,2363,2395,2395,2394,2424,2387,2417,2389,2379,2411,2414,2411,2408,2426,2382,2410,2382,2376,2431
609.714,2029.7,2027,2044,2025,2056,2019,2045,2020,2057,2043,2015,2094,2043,2043,1991,2008,2020,2042,2010,1981,2012,2048,2054,2001,2045,2045,2008,2046,2057,1997,1994
610.062,2256.8,2274,2255,2250,2227,2265,2235,2252,2299,2290,2258,2265,2269,2250,2265,2233,2282,2214,2283,2275,2244,2260,2231,2255,2276,2273,2250,2223,2300,2223,2227
610.411,1989.0,1991,2009,1981,1978,1962,1978,1969,1986,1957,2007,2013,1985,2030,1972,1984,2010,2000,2013,2006,1971,2000,1989,1999,1972,2003,2002,1979,1994,1958,1972
610.760,2164.3,2135,2178,2187,2144,2112,2158,2177,2173,2170,2137,2188,2158,2200,2154,2169,2155,2177,2156,2160,2155,2180,2202,2178,2180,2189,2137,2157,2186,2137,2141
611.108,2096.0,2130,2128,2053,2107,2063,2132,2092,2085,2072,2092,2084,2090,2089,2085,2116,2075,2098,2113,2136,2112,2079,2095,2084,2064,2117,2101,2090,2113,2079,2105
611.457,2200.3,2199,2219,2202,2184,2192,2200,2185,2197,2242,2201,2164,2191,2215,2190,2234,2209,2245,2192,2188,2228,2236,2205,2203,2172,2201,2195,2181,2156,2182,2200
611.805,2463.8,2446,2461,2473,2466,2456,2446,2486,2484,2482,2453,2493,2484,2452,2464,2454,2449,2489,2412,2456,2430,2491,2502,2424,2505,2447,2457,2471,2445,2456,2479
612.154,2297.1,2348,2326,2325,2280,2282,2305,2298,2298,2290,2306,2312,2320,2294,2285,2305,2282,2291,2257,2298,2292,2292,2314,2292,2305,2290,2305,2297,2276,2270,2277
612.503,2529.7,2517,2551,2531,2532,2547,2556,2565,2492,2588,2532,2545,2519,2498,2549,2535,2494,2521,2495,2530,2515,2529,2508,2542,2550,2545,2545,2515,2547,2499,2500
612.852,2361.1,2375,2424,2342,2360,2344,2380,2398,2330,2354,2406,2335,2405,2355,2315,2354,2381,2348,2329,2367,2318,2347,2345,2363,2378,2409,2328,2343,2412,2364,2325
613.200,2387.6,2412,2410,2408,2393,2357,2429,2374,2411,2360,2374,2398,2366,2351,2386,2428,2351,2380,2417,2393,2399,2376,2443,2360,2426,2344,2349,2398,2360,2395,2380
613.549,2408.8,2363,2407,2389,2443,2347,2444,2413,2418,2387,2402,2419,2381,2406,2407,2438,2413,2421,2417,2414,2361,2417,2442,2407,2412,2461,2428,2414,2402,2395,2396
613.898,2356.5,2328,2346,2376,2320,2370,2361,2370,2364,2399,2371,2372,2374,2343,2352,2348,2337,2316,2380,2365,2375,2356,2348,2290,2360,2362,2416,2335,2376,2361,2324
614.247,2432.2,2418,2438,2435,2406,2395,2460,2438,2446,2448,2444,2448,2419,2434,2412,2462,2465,2426,2490,2431,2467,2398,2424,2388,2426,2415,2449,2455,2429,2378,2422
614.596,2307.3,2345,2317,2288,2284,2294,2302,2345,2329,2298,2319,2270,2304,2313,2286,2324,2322,2290,2305,2341,2254,2321,2321,2335,2362,2316,2312,2287,2268,2268,2300
614.945,2338.6,2342,2374,2332,2335,2357,2335,2336,2341,2357,2344,2352,2317,2306,2324,2320,2335,2353,2334,2347,2344,2298,2360,2324,2350,2344,2350,2345,2319,2346,2336
615.294,2236.5,2239,2244,2232,2197,2243,2207,2269,2243,2225,2272,2201,2218,2255,2213,2259,2262,2241,2216,2260,2228,2251,2225,2242,2212,2231,2230,2218,2236,2284,2241
615.642,2310.4,2297,2327,2298,2336,2259,2320,2292,2338,2314,2306,2333,2265,2298,2288,2327,2307,2376,2285,2314,2340,2335,2320,2336,2313,2291,2311,2361,2252,2289,2284
615.991,2733.7,2748,2739,2752,2708,2746,2739,2717,2688,2713,2736,2742,2700,2760,2757,2738,2741,2721,2722,2700,2743,2743,2731,2708,2742,2723,2784,2773,2745,2734,2717
616.340,2218.1,2225,2254,2251,2209,2198,2205,2214,2179,2236,2197,2232,2231,2276,2206,2201,2230,2249,2219,2225,2214,2197,2175,2241,2244,2247,2221,2184,2174,2229,2181
616.689,2129.0,2098,2128,2187,2153,2119,2142,2086,2144,2118,2142,2119,2108,2122,2130,2161,2160,2112,2132,2114,2143,2108,2110,2123,2124,2147,2103,2149,2136,2144,2107
617.038,2451.6,2450,2483,2455,2450,2420,2469,2541,2442,2425,2451,2447,2468,2468,2472,2417,2450,2429,2439,2432,2464,2434,2456,2433,2515,2452,2441,2479,2416,2399,2450
617.387,2249.5,2237,2258,2274,2240,2235,2254,2270,2260,2217,2238,2260,2240,2222,2197,2280,2240,2281,2281,2241,2276,2242,2257,2246,2244,2232,2267,2276,2239,2238,2244
617.737,2414.3,2417,2367,2425,2467,2425,2403,2417,2419,2391,2412,2385,2386,2434,2418,2446,2385,2450,2424,2395,2404,2415,2435,2440,2392,2411,2422,2401,2420,2418,2404
618.086,2225.9,2215,2222,2231,2228,2212,2244,2241,2184,2254,2177,2246,2225,2223,2241,2237,2224,2211,2239,2194,2202,2255,2201,2192,2212,2268,2258,2284,2184,2233,2241
618.435,2399.5,2365,2401,2371,2388,2388,2395,2380,2428,2338,2400,2397,2397,2394,2390,2412,2386,2359,2424,2356,2433,2409,2444,2404,2389,2447,2398,2433,2427,2427,2404
618.784,2422.1,2437,2437,2472,2425,2432,2482,2463,2440,2408,2415,2380,2414,2409,2401,2393,2414,2437,2427,2399,2442,2466,2403,2412,2425,2419,2400,2372,2438,2416,2384
619.133,2136.3,2120,2127,2159,2112,2126,2109,2118,2165,2108,2146,2117,2178,2132,2104,2124,2140,2132,2130,2094,2148,2179,2140,2163,2118,2167,2163,2124,2142,2145,2158
619.482,2271.7,2296,2264,2260,2287,2298,2266,2302,2289,2299,2260,2252,2301,2259,2264,2274,2288,2256,2266,2245,2267,2296,2270,2279,2279,2257,2268,2270,2259,2232,2248
619.832,2120.1,2120,2140,2096,2120,2064,2119,2125,2121,2166,2147,2126,2089,2101,2143,2149,2156,2150,2134,2148,2104,2103,2112,2058,2121,2135,2107,2115,2101,2111,2123
620.181,2114.5,2116,2117,2104,2114,2118,2139,2157,2145,2078,2082,2078,2150,2107,2097,2139,2139,2094,2154,2154,2117,2108,2120,2089,2106,2126,2070,2108,2110,2104,2096
620.530,2469.7,2452,2477,2503,2454,2421,2467,2467,2469,2489,2500,2472,2479,2478,2432,2484,2513,2451,2448,2473,2506,2446,2475,2475,2518,2422,2483,2461,2461,2453,2461
620.879,2412.9,2436,2421,2412,2429,2411,2396,2426,2400,2415,2412,2411,2428,2385,2449,2385,2388,2464,2391,2430,2393,2430,2379,2443,2402,2406,2422,2393,2404,2452,2373
621.229,2162.6,2143,2168,2100,2122,2199,2154,2184,2161,2159,2148,2185,2184,2163,2177,2160,2148,2168,2146,2175,2153,2202,2169,2159,2191,2145,2167,2139,2182,2154,2174
621.578,2759.5,2744,2744,2747,2783,2778,2733,2760,2739,2790,2709,2786,2788,2773,2784,2812,2780,2778,2731,2770,2724,2740,2723,2740,2743,2729,2769,2781,2749,2778,2779
621.927,2447.1,2492,2463,2415,2436,2398,2458,2474,2466,2425,2455,2401,2430,2446,2436,2467,2431,2462,2457,2408,2470,2435,2408,2456,2474,2489,2425,2441,2476,2478,2440
622.277,2125.2,2127,2105,2102,2119,2122,2130,2141,2166,2122,2144,2109,2125,2094,2121,2106,2128,2178,2166,2086,2114,2073,2136,2147,2125,2123,2113,2152,2113,2154,2114
622.626,2204.7,2192,2180,2180,2219,2214,2211,2210,2228,2211,2196,2209,2186,2189,2217,2177,2189,2234,2197,2187,2189,2200,2213,2216,2224,2216,2195,2232,2228,2215,2188
622.975,2184.3,2175,2209,2143,2196,2154,2161,2191,2205,2175,2205,2159,2206,2200,2147,2185,2211,2192,2190,2159,2207,2187,2169,2181,2227,2195,2150,2202,2193,2176,2178
623.325,2236.4,2233,2221,2216,2210,2255,2247,2200,2277,2219,2256,2258,2229,2238,2191,2237,2238,2261,2231,2248,2274,2201,2262,2223,2244,2232,2239,2243,2250,2212,2247
623.674,2280.4,2285,2283,2282,2257,2289,2289,2286,2296,2284,2293,2239,2248,2287,2275,2306,2296,2286,2244,2300,2300,2303,2235,2275,2316,2257,2259,2289,2290,2298,2264
624.024,2631.6,2638,2606,2584,2630,2624,2669,2619,2650,2630,2686,2601,2633,2666,2625,2617,2624,2595,2616,2618,2673,2617,2618,2616,2643,2604,2673,2654,2626,2654,2640
624.373,2375.6,2389,2423,2415,2365,2364,2377,2361,2355,2331,2378,2392,2380,2392,2333,2314,2386,2378,2393,2389,2373,2373,2378,2399,2386,2393,2384,2348,2372,2404,2344
624.723,2393.2,2400,2392,2392,2372,2412,2424,2359,2410,2366,2389,2397,2389,2362,2417,2366,2373,2375,2388,2408,2410,2403,2403,2391,2410,2380,2428,2420,2394,2384,2381
625.072,2328.0,2348,2318,2314,2284,2304,2327,2334,2325,2322,2352,2338,2357,2283,2351,2349,2343,2347,2304,2316,2320,2334,2323,2334,2323,2331,2328,2340,2324,2348,2320
625.422,2089.1,2091,2086,2082,2102,2105,2115,2084,2083,2049,2052,2086,2075,2070,2145,2079,2064,2141,2110,2060,2073,2082,2086,2128,2093,2098,2075,2089,2128,2062,2081
625.772,2278.4,2276,2296,2277,2287,2310,2240,2310,2300,2258,2257,2244,2253,2337,2286,2301,2299,2286,2277,2293,2237,2275,2301,2272,2293,2250,2261,2305,2235,2259,2277
626.121,2202.4,2215,2197,2216,2218,2208,2218,2218,2184,2226,2170,2202,2227,2173,2237,2194,2205,2210,2195,2178,2187,2191,2181,2206,2209,2218,2218,2177,2192,2203,2198
626.471,2359.4,2400,2346,2372,2361,2334,2362,2323,2362,2343,2361,2328,2344,2385,2351,2346,2317,2387,2401,2353,2360,2380,2390,2363,2360,2367,2362,2351,2342,2377,2353
626.821,2358.3,2347,2337,2345,2386,2356,2360,2369,2340,2365,2359,2365,2383,2341,2386,2378,2335,2373,2386,2373,2360,2375,2322,2383,2369,2337,2347,2345,2367,2326,2334
627.170,2229.3,2207,2192,2265,2244,2237,2216,2236,2216,2226,2225,2248,2244,2254,2217,2230,2217,2193,2231,2236,2252,2220,2188,2208,2241,2259,2228,2269,2241,2238,2200
627.520,2119.3,2133,2088,2091,2108,2111,2127,2072,2121,2126,2116,2152,2130,2141,2131,2139,2128,2107,2116,2132,2147,2111,2100,2131,2111,2106,2113,2133,2125,2093,2139
627.870,2455.7,2475,2461,2458,2440,2496,2432,2454,2486,2428,2475,2436,2468,2504,2441,2474,2423,2399,2463,2420,2491,2494,2476,2468,2424,2436,2456,2428,2445,2460,2459
628.220,2232.1,2189,2213,2278,2242,2209,2212,2202,2229,2242,2222,2260,2218,2248,2262,2207,2222,2260,2200,2263,2208,2232,2243,2210,2241,2283,2243,2216,2227,2229,2252
628.569,2283.2,2267,2310,2257,2250,2284,2301,2245,2303,2253,2293,2287,2241,2319,2281,2262,2317,2284,2328,2277,2312,2259,2294,2338,2283,2268,2299,2271,2276,2275,2262
628.919,2392.8,2376,2382,2367,2376,2393,2383,2453,2386,2414,2374,2408,2417,2392,2422,2365,2383,2409,2416,2364,2407,2419,2355,2379,2388,2389,2397,2370,2416,2385,2398
629.269,2348.4,2314,2333,2345,2378,2346,2356,2342,2352,2385,2312,2340,2322,2377,2370,2364,2364,2361,2373,2331,2356,2328,2359,2345,2333,2346,2344,2366,2340,2344,2325
629.619,2346.5,2329,2345,2380,2348,2377,2350,2294,2329,2393,2360,2379,2350,2338,2330,2354,2329,2336,2328,2347,2360,2316,2343,2344,2370,2358,2365,2317,2351,2347,2328
629.969,2453.9,2467,2453,2409,2448,2426,2461,2458,2476,2420,2499,2447,2493,2454,2443,2426,2437,2425,2480,2457,2470,2424,2462,2452,2498,2454,2450,2469,2474,2427,2458
630.319,2343.4,2344,2379,2349,2374,2365,2367,2335,2338,2348,2350,2321,2339,2339,2328,2348,2348,2372,2334,2336,2339,2302,2298,2333,2324,2346,2340,2328,2344,2331,2404
630.669,2248.1,2264,2255,2249,2233,2264,2254,2213,2249,2231,2258,2266,2246,2277,2226,2235,2277,2243,2266,2252,2266,2229,2225,2234,2271,2232,2236,2287,2248,2211,2245
631.019,2153.0,2155,2146,2120,2142,2151,2165,2177,2167,2177,2191,2131,2129,2168,2153,2175,2151,2107,2186,2153,2158,2141,2136,2179,2182,2143,2146,2163,2149,2142,2106
631.368,2367.0,2388,2424,2390,2393,2311,2373,2334,2355,2335,2404,2357,2377,2365,2387,2399,2345,2367,2358,2355,2342,2372,2364,2335,2360,2368,2417,2354,2391,2348,2341
631.718,2507.6,2531,2514,2514,2495,2508,2481,2521,2563,2511,2473,2491,2504,2496,2501,2525,2483,2492,2517,2515,2478,2504,2512,2496,2504,2517,2528,2504,2498,2516,2536
632.068,2311.4,2317,2304,2244,2363,2286,2323,2320,2344,2298,2282,2297,2297,2328,2307,2316,2292,2313,2346,2348,2334,2289,2324,2294,2299,2296,2278,2321,2339,2295,2349
632.419,2429.1,2431,2419,2401,2414,2444,2388,2439,2436,2483,2431,2448,2409,2445,2459,2440,2375,2392,2430,2464,2430,2451,2429,2370,2433,2441,2434,2453,2384,2443,2456
632.769,2116.8,2133,2174,2109,2130,2089,2113,2093,2127,2132,2154,2093,2128,2120,2117,2103,2090,2091,2110,2114,2137,2094,2115,2110,2109,2139,2103,2134,2117,2106,2121
633.119,2281.8,2286,2287,2270,2233,2292,2237,2281,2309,2260,2264,2296,2280,2267,2280,2313,2324,2260,2280,2276,2306,2255,2278,2278,2299,2305,2302,2298,2287,2280,2272
633.469,2535.5,2541,2549,2507,2538,2511,2525,2543,2550,2551,2535,2573,2544,2583,2558,2563,2531,2519,2502,2530,2498,2529,2498,2547,2517,2569,2544,2517,2528,2521,2543
633.819,2294.7,2267,2284,2284,2296,2305,2273,2300,2273,2300,2314,2292,2287,2289,2281,2291,2278,2297,2293,2326,2288,2317,2305,2268,2290,2283,2301,2286,2337,2316,2320
634.169,2275.0,2324,2251,2277,2250,2277,2252,2318,2260,2243,2257,2264,2289,2310,2282,2281,2285,2316,2286,2313,2257,2230,2289,2252,2272,2307,2270,2281,2254,2270,2232
634.519,2536.2,2540,2525,2538,2521,2539,2538,2528,2542,2569,2555,2557,2506,2527,2557,2533,2572,2598,2528,2542,2559,2503,2495,2521,2539,2498,2529,2531,2520,2568,2508
634.869,2194.0,2216,2195,2149,2184,2220,2202,2250,2198,2212,2162,2211,2183,2203,2202,2173,2193,2179,2210,2200,2220,2183,2223,2176,2164,2158,2203,2158,2189,2213,2192
635.220,2552.5,2541,2539,2520,2557,2573,2533,2536,2555,2567,2546,2535,2575,2562,2570,2550,2563,2539,2568,2576,2549,2539,2560,2560,2572,2554,2578,2573,2518,2525,2541
635.570,2399.7,2402,2384,2370,2392,2355,2420,2394,2409,2381,2403,2377,2381,2433,2384,2405,2417,2391,2440,2401,2386,2434,2412,2364,2378,2465,2366,2421,2400,2461,2365
635.920,2135.4,2121,2121,2138,2120,2159,2121,2111,2111,2112,2146,2138,2134,2136,2134,2129,2123,2136,2147,2156,2150,2112,2152,2148,2160,2156,2126,2144,2169,2101,2152
636.270,2937.4,2922,2905,2971,2922,2938,2945,2943,2885,2955,2932,2883,2928,2945,2921,2976,2970,2938,2950,2949,2955,2958,2896,2963,2940,2942,2932,2969,2909,2944,2937
636.621,2548.1,2543,2524,2527,2521,2541,2578,2523,2565,2579,2544,2557,2530,2577,2530,2572,2584,2582,2530,2518,2539,2539,2591,2494,2518,2543,2570,2561,2553,2549,2562
636.971,2618.1,2626,2625,2599,2598,2572,2605,2597,2596,2641,2640,2680,2608,2640,2582,2617,2605,2641,2604,2616,2588,2642,2643,2600,2588,2650,2601,2648,2622,2645,2625
637.321,2403.7,2418,2440,2371,2415,2376,2389,2412,2358,2419,2432,2441,2409,2379,2407,2369,2401,2435,2416,2409,2424,2399,2380,2401,2375,2430,2417,2386,2391,2401,2412
637.672,2222.2,2206,2231,2248,2197,2209,2218,2204,2225,2217,2212,2228,2210,2226,2256,2191,2224,2256,2241,2219,2242,2198,2221,2249,2210,2232,2252,2230,2216,2186,2212
638.022,2178.7,2161,2186,2174,2209,2203,2182,2172,2150,2178,2143,2207,2212,2191,2179,2182,2181,2170,2157,2149,2181,2204,2174,2194,2158,2180,2163,2190,2144,2205,2182
638.373,2115.2,2083,2101,2104,2120,2115,2139,2137,2146,2131,2068,2099,2116,2132,2093,2129,2089,2136,2141,2118,2125,2105,2124,2107,2088,2127,2128,2109,2153,2099,2094
638.723,2410.4,2388,2464,2403,2398,2382,2404,2394,2403,2422,2412,2374,2387,2405,2416,2430,2392,2403,2396,2414,2417,2416,2443,2394,2441,2413,2417,2412,2446,2415,2411
639.073,2515.5,2504,2490,2526,2532,2542,2519,2531,2512,2520,2507,2491,2505,2511,2472,2507,2528,2523,2488,2537,2527,2534,2524,2481,2502,2536,2514,2539,2537,2504,2522
639.424,2697.4,2736,2660,2687,2681,2739,2699,2677,2717,2720,2714,2696,2667,2695,2669,2706,2715,2682,2720,2680,2665,2683,2714,2681,2717,2704,2697,2694,2743,2663,2702
639.774,2227.5,2250,2200,2233,2209,2235,2249,2196,2216,2205,2249,2232,2244,2221,2236,2182,2206,2215,2274,2253,2239,2264,2221,2196,2238,2218,2269,2230,2239,2204,2203
640.125,2430.7,2403,2456,2425,2438,2444,2431,2413,2428,2458,2423,2392,2454,2427,2447,2392,2404,2449,2469,2426,2462,2425,2431,2382,2421,2446,2420,2454,2441,2429,2430
640.476,2663.2,2675,2654,2650,2693,2655,2615,2662,2632,2704,2703,2661,2673,2681,2687,2644,2653,2672,2664,2656,2687,2670,2639,2657,2658,2650,2648,2649,2709,2693,2603
640.826,2365.7,2381,2325,2347,2372,2367,2388,2358,2388,2352,2369,2372,2353,2370,2352,2320,2376,2369,2363,2330,2350,2409,2374,2356,2350,2371,2408,2370,2368,2365,2399
641.177,2082.5,2091,2083,2056,2093,2099,2097,2094,2055,2061,2097,2097,2078,2060,2070,2061,2066,2110,2064,2082,2090,2080,2084,2079,2086,2088,2069,2049,2110,2111,2115
641.527,2471.4,2476,2456,2476,2419,2444,2452,2499,2483,2479,2442,2461,2458,2461,2542,2451,2446,2473,2456,2507,2450,2491,2478,2445,2481,2506,2485,2491,2459,2472,2504
641.878,2375.4,2380,2384,2379,2376,2363,2399,2404,2348,2391,2353,2393,2400,2361,2378,2328,2353,2393,2348,2428,2367,2371,2355,2417,2384,2387,2333,2356,2356,2397,2379
642.229,2442.8,2461,2453,2412,2395,2418,2457,2470,2452,2412,2444,2406,2425,2448,2477,2437,2458,2444,2424,2434,2423,2459,2482,2467,2449,2428,2440,2405,2497,2462,2444
642.579,2393.3,2368,2364,2371,2379,2385,2387,2410,2374,2390,2372,2384,2400,2384,2401,2435,2420,2412,2436,2411,2368,2393,2374,2394,2388,2391,2378,2405,2387,2441,2396
642.930,3215.0,3224,3188,3222,3268,3218,3235,3196,3248,3257,3238,3200,3241,3174,3197,3229,3228,3186,3215,3212,3180,3196,3254,3215,3173,3197,3221,3206,3199,3209,3225
643.281,2613.7,2589,2621,2612,2608,2638,2611,2574,2604,2592,2665,2623,2600,2600,2636,2632,2591,2625,2626,2685,2589,2605,2645,2629,2628,2625,2555,2562,2614,2592,2635
643.631,2740.8,2768,2730,2710,2796,2760,2762,2780,2747,2743,2738,2758,2710,2730,2747,2741,2721,2746,2759,2700,2737,2690,2773,2777,2730,2723,2740,2726,2754,2681,2748
643.982,3089.6,3112,3105,3105,3106,3044,3084,3085,3103,3088,3074,3112,3096,3122,3082,3071,3071,3128,3064,3112,3106,3071,3082,3065,3081,3066,3115,3086,3098,3092,3061
644.333,3005.1,3021,3006,3026,2994,3023,3007,2981,3029,2987,3030,3022,2985,2998,3009,3020,2996,3023,2981,3000,3006,3011,2981,2969,2991,2991,3009,3007,3034,2996,3019
644.684,2892.3,2938,2909,2898,2895,2912,2881,2874,2908,2869,2870,2907,2870,2880,2857,2879,2932,2936,2893,2904,2864,2902,2852,2900,2897,2899,2905,2893,2877,2883,2886
645.035,3251.2,3242,3275,3276,3282,3266,3270,3247,3279,3253,3211,3289,3226,3225,3203,3247,3213,3265,3325,3244,3276,3263,3239,3225,3269,3255,3243,3185,3267,3264,3211
645.385,2880.8,2894,2933,2868,2873,2897,2888,2879,2895,2863,2913,2866,2897,2885,2872,2869,2844,2860,2864,2892,2870,2853,2870,2917,2869,2883,2899,2869,2891,2868,2883
645.736,3604.8,3597,3586,3642,3577,3607,3640,3610,3582,3615,3635,3646,3563,3575,3629,3652,3637,3599,3646,3582,3578,3557,3635,3641,3614,3589,3550,3560,3606,3589,3604
646.087,2869.8,2871,2888,2876,2868,2838,2870,2889,2861,2872,2882,2848,2876,2843,2858,2865,2888,2912,2879,2869,2870,2887,2892,2905,2808,2833,2874,2863,2856,2856,2897
646.438,3387.2,3366,3412,3403,3426,3413,3387,3427,3388,3374,3430,3386,3355,3395,3369,3359,3374,3380,3347,3419,3390,3440,3364,3420,3345,3409,3398,3359,3357,3331,3393
646.789,3465.7,3479,3507,3513,3482,3493,3503,3517,3487,3478,3418,3472,3493,3452,3478,3416,3453,3439,3462,3430,3469,3464,3477,3464,3442,3475,3454,3424,3447,3402,3482
647.140,3412.1,3454,3380,3400,3428,3447,3408,3406,3444,3397,3454,3398,3360,3380,3435,3417,3419,3418,3393,3417,3397,3402,3427,3424,3363,3390,3398,3435,3409,3449,3414
647.491,3304.9,3344,3305,3281,3313,3324,3344,3316,3305,3272,3302,3317,3296,3346,3299,3294,3318,3306,3235,3375,3289,3359,3246,3329,3303,3302,3302,3256,3285,3278,3306
647.842,3552.8,3606,3576,3583,3552,3566,3566,3531,3573,3540,3535,3632,3593,3533,3533,3514,3516,3488,3544,3537,3543,3518,3556,3566,3602,3563,3509,3560,3558,3520,3571
648.193,2973.7,3003,2965,2973,2993,2932,3003,2975,3008,2986,3021,2941,2956,2988,2993,2971,2968,2976,2940,2977,2965,2916,2980,2938,3018,2994,2992,2954,2956,2941,2989
648.544,3028.4,3008,3048,3065,3027,3082,3035,3032,3080,3021,3045,3051,3026,2998,2988,3009,3048,3055,3045,3059,3041,3007,3044,3021,3034,2984,2956,3027,3050,2974,2992
648.895,3195.1,3201,3203,3237,3169,3201,3254,3196,3186,3180,3172,3206,3165,3189,3197,3205,3235,3227,3217,3188,3226,3185,3176,3219,3146,3165,3191,3212,3195,3160,3151
649.246,3109.1,3106,3147,3101,3094,3133,3161,3123,3121,3101,3104,3126,3103,3128,3080,3090,3099,3138,3095,3123,3036,3078,3114,3101,3123,3080,3116,3091,3113,3116,3132
649.597,3167.1,3186,3174,3152,3193,3144,3212,3207,3140,3165,3184,3200,3149,3202,3181,3126,3103,3104,3193,3177,3179,3170,3157,3193,3148,3182,3177,3167,3144,3162,3141
649.949,3199.1,3236,3216,3172,3233,3240,3195,3205,3177,3186,3172,3225,3141,3168,3139,3208,3203,3198,3194,3172,3153,3195,3222,3229,3256,3212,3183,3232,3207,3188,3215
650.300,2886.7,2949,2907,2895,2898,2879,2980,2936,2904,2867,2879,2872,2880,2928,2894,2899,2867,2860,2854,2858,2872,2852,2877,2864,2904,2863,2835,2906,2873,2910,2838
650.651,3142.1,3148,3118,3136,3192,3157,3142,3157,3137,3118,3132,3198,3140,3200,3121,3157,3140,3178,3092,3132,3129,3120,3139,3122,3109,3086,3176,3163,3137,3165,3122
651.002,3126.5,3181,3148,3165,3121,3122,3117,3176,3097,3110,3103,3136,3126,3116,3142,3152,3118,3144,3092,3098,3142,3123,3106,3104,3117,3147,3090,3118,3132,3132,3119
651.353,3136.1,3133,3230,3203,3177,3131,3147,3167,3134,3108,3135,3135,3149,3098,3174,3143,3087,3091,3161,3122,3119,3128,3141,3114,3094,3112,3175,3128,3145,3076,3126
651.705,3547.8,3587,3553,3563,3586,3529,3564,3509,3600,3528,3536,3588,3519,3512,3576,3547,3549,3559,3544,3545,3550,3547,3530,3532,3491,3514,3577,3577,3560,3555,3508
652.056,3278.2,3274,3309,3318,3267,3284,3312,3300,3259,3291,3293,3275,3313,3246,3236,3284,3283,3316,3253,3273,3278,3225,3267,3285,3320,3238,3250,3290,3281,3231,3296
652.407,3935.2,3966,3963,3940,3945,3982,3965,3928,3907,3967,3944,3913,3961,3951,3889,3964,3924,3942,3983,3894,3916,3957,3976,3918,3935,3906,3892,3921,3898,3877,3932
652.758,3577.7,3574,3583,3587,3640,3528,3609,3570,3537,3634,3590,3624,3585,3595,3537,3574,3565,3588,3476,3542,3508,3592,3635,3602,3599,3541,3578,3600,3580,3571,3587
653.110,3405.5,3454,3429,3398,3446,3446,3432,3425,3417,3408,3414,3367,3454,3400,3374,3384,3463,3400,3358,3361,3372,3390,3414,3394,3367,3375,3425,3410,3407,3378,3402
653.461,3382.9,3416,3415,3347,3387,3389,3430,3394,3395,3401,3408,3402,3401,3384,3420,3389,3349,3379,3391,3324,3371,3396,3372,3370,3343,3395,3337,3392,3343,3355,3393
653.812,2966.4,2995,2955,2958,2973,2966,2978,2963,3004,2969,2993,2991,2984,2966,3009,2958,2929,2954,2981,2934,2965,2956,3004,2953,2941,2978,2944,2918,2955,2962,2956
654.164,3265.9,3306,3320,3304,3248,3276,3261,3356,3320,3283,3272,3259,3186,3260,3249,3311,3245,3270,3220,3274,3224,3250,3276,3230,3223,3282,3245,3283,3263,3239,3243
654.515,3039.5,3091,3060,3068,3087,3050,3076,3083,3001,3041,3019,3018,3001,3010,3027,3029,3000,3092,3008,3070,3014,3055,3073,3077,3019,3038,3044,2988,3036,3025,2986
654.867,3057.7,3113,3076,3064,3123,3100,3078,3112,3050,3051,3069,3062,2992,3074,3041,3059,3087,3042,3021,3091,3078,3092,3035,3041,3017,3038,3034,2983,3085,2992,3032
655.218,3107.8,3154,3115,3103,3146,3101,3160,3085,3134,3092,3105,3112,3073,3131,3077,3142,3095,3134,3075,3070,3098,3103,3073,3082,3135,3112,3142,3126,3111,3077,3070
655.570,2905.7,2936,2921,2907,2916,2899,2891,2892,2914,2939,2900,2900,2886,2859,2898,2935,2924,2921,2903,2859,2903,2921,2907,2932,2877,2964,2849,2936,2881,2923,2879
655.921,2944.3,3007,2987,2923,2924,2958,2958,2900,2951,2989,2948,2932,2969,2947,2977,2936,2966,2938,2880,2959,2958,2942,2956,2927,2895,2902,2938,2957,2905,2947,2953
656.273,3175.0,3246,3219,3208,3171,3197,3173,3159,3162,3182,3181,3204,3153,3173,3177,3216,3111,3168,3152,3167,3218,3174,3144,3217,3157,3125,3124,3199,3146,3180,3146
656.624,3241.0,3256,3311,3301,3289,3250,3280,3231,3220,3261,3243,3272,3257,3238,3196,3265,3239,3201,3222,3247,3230,3221,3196,3234,3264,3170,3254,3214,3223,3196,3248
656.976,3290.9,3302,3316,3349,3274,3285,3307,3327,3279,3276,3288,3310,3299,3294,3307,3303,3274,3246,3279,3237,3279,3301,3287,3322,3256,3278,3219,3296,3312,3341,3284
657.327,3365.4,3409,3381,3369,3392,3355,3363,3414,3321,3395,3405,3371,3351,3311,3402,3360,3339,3345,3298,3369,3373,3397,3378,3377,3320,3387,3343,3413,3326,3382,3316
657.679,3043.6,3095,3087,3054,3034,3079,3069,3044,3001,3089,2998,3036,3072,3032,3063,3082,3033,3029,3045,3024,3031,3019,3034,2997,2994,3020,3106,3032,3056,3037,3016
658.030,3027.3,3070,3061,3063,3097,3012,3037,3015,3027,3009,3000,3044,3005,3092,3051,3029,3037,3014,3057,3000,3027,3012,2969,3000,3020,3016,2979,2974,3044,3053,3006
658.382,3481.8,3482,3529,3478,3535,3490,3505,3480,3438,3470,3505,3487,3518,3489,3423,3491,3432,3456,3505,3470,3509,3537,3446,3421,3481,3434,3548,3486,3458,3460,3491
658.734,3422.7,3515,3475,3417,3480,3449,3400,3453,3416,3442,3404,3402,3412,3400,3411,3406,3392,3469,3408,3437,3466,3416,3397,3421,3433,3403,3413,3378,3408,3352,3405
659.085,3005.1,3095,2984,2965,3025,3036,3060,3019,3031,3006,3028,3012,3015,3009,3017,2978,3021,2984,3005,2990,2975,2969,2969,3038,3019,2962,2968,2984,2968,3054,2967
659.437,3275.2,3241,3284,3266,3290,3279,3283,3301,3290,3266,3324,3289,3250,3302,3281,3246,3285,3308,3251,3279,3300,3230,3274,3260,3256,3273,3238,3311,3268,3277,3253
659.789,3157.9,3185,3219,3238,3137,3218,3121,3149,3181,3153,3134,3138,3169,3152,3158,3136,3191,3208,3181,3145,3176,3088,3159,3142,3106,3135,3242,3126,3071,3112,3167
660.141,3070.1,3071,3053,3078,3114,3121,3094,3101,3071,3047,3099,3068,3095,3076,3041,3066,3046,3007,3052,3103,3066,3119,3069,3062,3068,3019,3064,3072,3039,3069,3054
660.492,3052.1,3087,3017,3070,3094,3082,3075,3071,3026,3043,3031,3069,3051,3046,3056,3053,3074,3053,3056,3043,3060,3030,3040,3034,3017,3064,3008,3042,3049,3050,3073
660.844,2903.6,2900,2989,2911,2860,2920,2976,2905,2887,2897,2946,2880,2901,2912,2897,2912,2883,2947,2870,2913,2892,2883,2942,2864,2854,2870,2868,2888,2930,2937,2874
661.196,3034.4,3075,3060,3026,3059,3038,3062,3053,3014,3016,3071,3064,3024,2966,3041,2994,3062,3059,3086,2996,3055,2978,3033,3042,2994,2986,3040,3029,3048,3040,3021
661.548,2907.3,2936,2912,2962,2883,2943,2893,2903,2942,2897,2921,2900,2916,2918,2883,2890,2921,2861,2908,2929,2939,2878,2926,2927,2878,2945,2879,2872,2875,2874,2908
661.900,3250.3,3287,3318,3240,3317,3257,3254,3279,3294,3219,3296,3219,3226,3260,3279,3268,3313,3250,3208,3241,3215,3230,3248,3226,3245,3206,3202,3225,3225,3201,3260
662.252,3279.7,3324,3296,3334,3282,3289,3262,3333,3317,3237,3291,3265,3302,3279,3227,3315,3277,3240,3262,3272,3337,3272,3267,3237,3259,3247,3253,3294,3229,3285,3308
662.603,3012.5,3065,2985,3026,2991,3032,3032,2992,3012,3066,3000,2976,3022,3001,3013,3001,3039,2981,3004,3000,2982,3005,3029,3016,2984,3014,3018,3039,3032,3016,3002
662.955,3289.2,3300,3300,3367,3314,3334,3343,3349,3247,3310,3256,3293,3320,3311,3299,3295,3300,3250,3240,3273,3211,3295,3296,3305,3271,3324,3261,3237,3315,3220,3241
663.307,3457.2,3475,3492,3487,3451,3496,3504,3514,3441,3431,3436,3455,3460,3450,3459,3421,3432,3464,3440,3443,3429,3445,3439,3494,3379,3500,3468,3454,3457,3443,3456
663.659,2934.0,2934,2922,2918,2960,2951,2904,2954,2881,2938,2968,2960,2888,2888,2920,2952,2953,2909,2904,2936,2938,2952,2994,2956,2900,2949,2952,2925,2942,2901,2970
664.011,3347.2,3374,3357,3362,3333,3436,3407,3370,3330,3370,3331,3352,3374,3369,3363,3307,3339,3348,3316,3314,3364,3338,3317,3379,3343,3330,3320,3345,3308,3341,3280
664.363,2858.9,2865,2914,2878,2866,2884,2881,2872,2853,2867,2848,2852,2840,2879,2870,2813,2874,2835,2892,2864,2850,2857,2833,2824,2826,2821,2840,2897,2850,2877,2845
664.715,2804.1,2791,2846,2798,2792,2828,2853,2821,2785,2811,2812,2751,2792,2810,2786,2830,2844,2750,2778,2771,2811,2812,2790,2802,2804,2836,2777,2795,2831,2840,2776
665.067,3290.4,3330,3280,3323,3286,3316,3295,3325,3305,3340,3291,3224,3321,3320,3311,3346,3289,3327,3238,3248,3218,3302,3266,3305,3314,3275,3253,3252,3246,3265,3300
665.419,3738.5,3734,3781,3724,3742,3777,3745,3800,3733,3757,3728,3748,3741,3737,3697,3760,3736,3801,3695,3722,3713,3728,3721,3692,3724,3679,3742,3746,3710,3806,3737
665.771,2928.7,2924,2936,2908,2957,2973,2953,2936,2941,2941,2926,2895,2922,2960,2917,2937,2936,2924,2905,2930,2957,2942,2926,2891,2899,2938,2948,2897,2888,2945,2909
666.123,3074.4,3082,3071,3097,3071,3067,3134,3069,3052,3041,3081,3066,3108,3082,3083,3067,3057,3084,3061,3073,3082,3055,3048,3086,3002,3061,3131,3086,3088,3055,3093
666.476,3254.4,3276,3285,3312,3295,3241,3259,3274,3277,3271,3260,3232,3265,3279,3226,3272,3241,3266,3227,3280,3252,3275,3208,3228,3232,3208,3245,3233,3247,3222,3244
666.828,3105.9,3142,3119,3128,3119,3116,3146,3101,3128,3092,3112,3096,3093,3087,3181,3093,3117,3082,3112,3048,3123,3123,3083,3082,3108,3078,3088,3080,3100,3106,3095
667.180,3235.3,3232,3255,3277,3187,3274,3252,3220,3198,3276,3222,3259,3198,3215,3243,3250,3189,3226,3219,3222,3236,3259,3238,3232,3270,3211,3247,3242,3294,3216,3199
667.532,3084.2,3096,3068,3137,3103,3146,3138,3096,3066,3140,3091,3078,3119,3053,3065,3056,3085,3110,3096,3098,3015,3096,3077,3080,3046,3039,3073,3091,3056,3038,3074
667.884,2982.1,3030,2982,3031,3075,2975,2976,3014,3007,2991,2952,2953,2943,3020,2966,3000,2980,2938,2976,3000,2981,2981,2943,2993,2956,2991,2982,2965,2944,2937,2981
668.236,3357.6,3372,3350,3388,3342,3353,3356,3379,3330,3356,3372,3364,3419,3385,3348,3363,3318,3322,3356,3348,3343,3322,3328,3381,3356,3342,3365,3328,3359,3372,3411
668.589,3307.0,3328,3343,3298,3338,3300,3344,3338,3354,3279,3279,3264,3362,3280,3296,3248,3308,3257,3325,3335,3305,3290,3305,3311,3265,3295,3320,3314,3318,3311,3300
668.941,2738.6,2807,2757,2730,2737,2734,2750,2754,2705,2751,2750,2721,2725,2696,2767,2734,2740,2747,2719,2777,2761,2734,2765,2738,2678,2741,2721,2733,2704,2720,2761
669.293,3055.6,3092,3085,3101,3134,3032,3061,3017,3062,3037,3043,3010,3020,3048,3057,3032,3043,3058,3041,3096,3016,3062,3033,3082,3052,3033,3070,3084,3040,3029,3098
669.646,3116.7,3128,3084,3116,3146,3184,3113,3112,3137,3168,3100,3115,3107,3096,3126,3095,3136,3141,3130,3072,3079,3161,3063,3112,3080,3116,3119,3080,3106,3131,3148
669.998,3137.7,3158,3170,3173,3160,3158,3086,3129,3161,3145,3148,3143,3150,3111,3106,3169,3132,3162,3138,3118,3156,3149,3120,3129,3158,3125,3113,3117,3133,3092,3123
670.350,3090.9,3082,3109,3077,3085,3167,3127,3105,3075,3116,3115,3095,3075,3106,3116,3105,3084,3087,3030,3059,3078,3111,3087,3071,3074,3092,3129,3068,3065,3112,3026
670.703,3103.9,3133,3115,3129,3177,3078,3106,3126,3090,3120,3086,3127,3116,3102,3109,3135,3084,3131,3105,3081,3083,3105,3085,3078,3086,3096,3052,3092,3126,3083,3080
671.055,2851.2,2878,2894,2862,2878,2905,2825,2877,2862,2816,2840,2820,2851,2808,2834,2908,2828,2845,2877,2824,2842,2892,2884,2848,2864,2846,2833,2831,2846,2786,2832
671.407,2761.7,2795,2806,2813,2790,2786,2803,2801,2766,2771,2775,2761,2728,2776,2771,2756,2721,2767,2733,2748,2739,2701,2754,2749,2777,2751,2780,2740,2783,2700,2711
671.760,2915.0,2968,2902,2946,2894,2949,2944,2936,2943,2967,2936,2889,2938,2890,2927,2914,2856,2890,2926,2897,2921,2931,2935,2934,2909,2867,2891,2912,2858,2869,2911
672.112,3203.8,3236,3203,3262,3224,3277,3178,3255,3174,3216,3172,3243,3207,3208,3225,3158,3175,3202,3227,3168,3193,3125,3211,3189,3235,3141,3222,3205,3226,3190,3166
672.465,3058.7,3054,3058,3053,3077,3103,3077,3043,3067,3044,3090,3100,3107,3049,3051,3068,2991,3065,3026,3026,3017,3061,3085,3077,3055,3007,3072,3100,3049,3055,3034
672.817,2947.6,2950,2956,2969,2984,2943,2915,2977,3028,2955,2972,2926,2925,2932,2921,2937,2902,2931,2938,2946,2943,2971,2984,2957,2919,2941,2959,2980,2912,2951,2905
673.170,2566.2,2582,2555,2559,2587,2610,2585,2581,2581,2572,2556,2601,2562,2623,2573,2559,2505,2525,2557,2558,2549,2588,2551,2517,2591,2546,2585,2567,2517,2560,2584
673.522,2808.9,2861,2840,2849,2793,2843,2787,2776,2810,2798,2798,2823,2820,2787,2846,2809,2788,2789,2838,2836,2774,2808,2825,2779,2801,2824,2794,2792,2772,2822,2786
673.875,2859.0,2866,2849,2879,2869,2871,2884,2884,2857,2821,2880,2928,2841,2811,2827,2898,2861,2821,2857,2865,2805,2910,2839,2854,2811,2860,2845,2834,2902,2855,2886
674.227,3046.6,3076,3045,3105,3018,3108,3034,3029,3048,3064,3050,3079,3038,3057,3002,3088,3044,3070,3068,3026,3004,3018,3006,3023,3032,3032,3067,3046,3023,3046,3052
674.580,2886.9,2936,2839,2903,2891,2866,2940,2861,2956,2876,2877,2889,2857,2873,2904,2855,2889,2899,2893,2920,2856,2893,2887,2889,2878,2918,2880,2879,2861,2885,2857
674.932,2999.1,3035,3034,3032,3039,3057,2999,2972,2959,2944,2933,2976,3016,2986,3009,3008,2993,3028,2995,2978,2964,3033,3033,3011,3016,2947,3016,2949,2994,2994,3023
675.285,2987.3,2996,2980,3025,3021,2946,2980,2993,3044,3013,2982,2993,2971,2983,2973,3030,2942,2958,3000,2981,2983,2998,2986,2998,2937,2962,2989,2974,2979,3000,3003
675.638,2801.8,2815,2818,2826,2835,2831,2802,2813,2820,2773,2858,2828,2847,2824,2800,2814,2834,2760,2809,2800,2773,2748,2818,2782,2798,2756,2792,2785,2794,2737,2763
675.990,2873.0,2888,2847,2872,2881,2907,2906,2900,2898,2889,2877,2854,2866,2887,2895,2872,2846,2873,2843,2888,2887,2874,2873,2879,2837,2836,2859,2886,2843,2891,2835
676.343,3061.8,3076,3139,3084,3085,3064,3072,3050,3046,3009,3071,3090,3076,3083,3059,3042,3078,3074,3076,3035,3021,3074,3040,3073,3010,3046,3088,3039,3032,3084,3039
676.696,2790.4,2789,2792,2820,2817,2786,2764,2782,2805,2755,2795,2818,2774,2787,2808,2750,2782,2795,2792,2770,2786,2811,2804,2798,2824,2790,2771,2805,2780,2799,2763
677.048,3041.8,3052,3104,3039,3000,3031,3073,3012,3063,3084,3086,3037,3016,3032,3079,3078,3064,2995,3053,3025,3038,3016,3058,3041,3019,3064,3029,2975,3038,3049,3005
677.401,3028.3,3030,3016,3052,3051,3051,3039,3054,3030,3018,3056,3029,3074,2964,3049,3046,3050,2992,2991,3061,2975,3044,3022,3068,3002,3006,3017,3016,2958,3052,3036
677.754,2795.9,2818,2751,2771,2779,2750,2787,2815,2807,2773,2785,2782,2781,2848,2831,2849,2781,2812,2811,2827,2758,2816,2750,2804,2779,2847,2800,2799,2799,2772,2795
678.107,2785.1,2828,2787,2787,2818,2780,2792,2798,2820,2778,2782,2737,2758,2769,2824,2763,2769,2803,2778,2808,2768,2791,2784,2781,2730,2789,2793,2747,2817,2792,2781
678.459,3041.9,3078,3018,3042,3049,3048,3078,3071,3045,3045,3073,3093,3074,3006,3065,3085,3024,3046,3020,3033,3006,3025,3024,3037,3064,3015,3053,3032,2989,2995,3024
678.812,3006.0,3003,3053,2994,3036,3033,3010,2978,2988,3004,2992,3068,3006,3029,3013,2988,2990,2984,3044,2966,3024,2984,3012,3011,2996,2995,2978,2987,3008,3011,2994
679.165,2484.3,2528,2516,2463,2488,2497,2469,2493,2500,2473,2494,2502,2476,2489,2453,2498,2481,2485,2460,2493,2480,2486,2438,2472,2465,2506,2476,2442,2504,2483,2519
679.518,2752.0,2800,2761,2741,2779,2766,2694,2778,2779,2801,2790,2765,2746,2787,2727,2743,2770,2689,2731,2678,2778,2748,2742,2770,2723,2767,2695,2732,2788,2762,2730
679.871,2986.5,2984,2994,3004,2958,3001,2979,2979,3014,2989,3000,2988,2960,2963,2997,3030,2920,2986,2992,3055,2973,2990,2983,2975,3001,2962,2956,3032,2964,2975,2992
680.224,3088.4,3111,3123,3037,3071,3054,3027,3173,3100,3084,3147,3072,3107,3064,3094,3096,3102,3102,3072,3079,3107,3075,3132,3089,3086,3112,3089,3065,3052,3051,3079
680.577,2868.0,2901,2913,2918,2864,2835,2859,2918,2867,2894,2882,2871,2852,2863,2863,2823,2891,2826,2847,2865,2867,2826,2881,2841,2845,2904,2861,2865,2878,2894,2826
680.930,2535.8,2517,2539,2589,2558,2551,2554,2525,2531,2523,2563,2570,2525,2569,2525,2543,2534,2506,2532,2565,2547,2570,2548,2490,2522,2509,2469,2495,2519,2539,2546
681.283,2788.3,2794,2787,2793,2842,2790,2754,2786,2796,2815,2821,2802,2804,2790,2781,2812,2777,2737,2809,2780,2784,2782,2777,2752,2801,2755,2818,2806,2769,2762,2773
681.636,2625.8,2634,2612,2664,2661,2602,2590,2611,2612,2643,2602,2648,2680,2641,2622,2602,2625,2618,2621,2662,2626,2645,2659,2611,2606,2627,2587,2652,2600,2594,2618
681.989,2888.0,2890,2908,2935,2913,2909,2811,2892,2876,2915,2893,2887,2860,2926,2904,2858,2853,2944,2875,2873,2874,2874,2900,2910,2914,2870,2901,2913,2876,2841,2846
682.342,3061.6,3066,3083,3078,3105,3090,3002,3049,3062,3064,3037,3057,3084,3042,3062,3067,3042,3026,3096,3065,3023,3108,3040,3034,3067,3140,3033,3039,3064,3057,3065
682.695,3031.7,3038,3038,3054,3040,2995,3012,3045,3035,3070,3049,3058,3059,3017,3044,3048,3057,3052,3020,3036,2952,2992,3107,3048,3017,3012,3052,2976,3014,3029,2986
683.048,2652.3,2683,2674,2664,2668,2645,2661,2684,2643,2618,2689,2640,2668,2668,2627,2645,2611,2688,2651,2674,2628,2604,2637,2638,2632,2638,2640,2679,2649,2638,2686
683.401,2572.6,2584,2573,2558,2601,2570,2534,2590,2541,2572,2591,2546,2574,2596,2603,2558,2552,2579,2648,2577,2567,2537,2595,2582,2582,2537,2568,2534,2600,2557,2571
683.754,3012.2,3043,3002,3066,2964,3017,3021,3049,3006,3009,2998,3017,3007,3017,2986,2964,2971,3010,3044,3011,2996,3037,3014,2997,2992,3016,3016,3023,3026,3025,3023
684.107,2796.9,2813,2809,2886,2819,2789,2814,2781,2821,2773,2813,2775,2790,2791,2794,2757,2773,2851,2824,2785,2828,2838,2777,2784,2752,2798,2791,2777,2763,2766,2774
684.460,2837.2,2844,2853,2834,2889,2843,2867,2852,2873,2809,2841,2824,2802,2846,2839,2792,2847,2876,2818,2814,2857,2833,2831,2866,2832,2854,2781,2749,2892,2849,2810
684.813,2751.7,2757,2751,2710,2728,2732,2790,2794,2735,2747,2711,2783,2815,2760,2728,2780,2785,2698,2760,2785,2757,2726,2760,2732,2758,2753,2728,2767,2708,2780,2733
685.166,2684.5,2702,2706,2696,2686,2719,2689,2680,2697,2689,2692,2656,2716,2666,2676,2714,2675,2668,2726,2667,2701,2709,2671,2693,2681,2677,2721,2640,2635,2668,2619
685.520,2825.5,2817,2865,2865,2838,2837,2842,2831,2841,2793,2809,2872,2820,2870,2811,2851,2818,2837,2811,2838,2845,2824,2810,2769,2793,2854,2783,2804,2815,2803,2800
685.873,2766.8,2802,2747,2749,2808,2768,2793,2786,2728,2767,2747,2761,2776,2717,2761,2764,2798,2797,2772,2738,2828,2763,2780,2742,2798,2760,2733,2721,2726,2782,2791
686.226,3009.5,3033,3004,3027,3027,2969,2986,2985,3014,3018,3057,3011,3009,3002,3070,3016,3004,2953,3034,3043,2980,2977,3037,3029,3014,2988,3038,2977,2964,2997,3022
686.579,2790.2,2854,2804,2837,2750,2766,2794,2785,2800,2807,2777,2764,2804,2787,2824,2799,2780,2766,2784,2810,2783,2777,2780,2770,2751,2784,2808,2776,2852,2772,2762
686.932,2909.3,2956,2934,2910,2931,2909,2880,2953,2872,2926,2936,2894,2942,2903,2880,2937,2880,2870,2859,2879,2938,2941,2974,2904,2904,2920,2907,2836,2904,2909,2890
687.286,2642.1,2651,2640,2655,2692,2615,2624,2645,2674,2646,2618,2651,2623,2644,2630,2630,2650,2654,2705,2682,2605,2637,2666,2631,2649,2644,2627,2619,2612,2646,2598
687.639,2852.5,2870,2880,2877,2835,2798,2841,2908,2842,2890,2847,2877,2863,2844,2885,2872,2869,2863,2867,2798,2852,2871,2801,2866,2856,2818,2859,2814,2837,2824,2852
687.992,2559.5,2594,2578,2577,2625,2512,2538,2575,2541,2534,2542,2560,2537,2571,2570,2584,2553,2544,2538,2573,2576,2521,2580,2531,2546,2573,2543,2579,2560,2561,2568
688.346,2825.1,2880,2833,2834,2817,2817,2825,2865,2797,2868,2840,2771,2828,2830,2790,2814,2849,2841,2829,2805,2826,2849,2853,2803,2795,2794,2790,2838,2797,2826,2849
688.699,3119.8,3146,3125,3162,3156,3099,3134,3121,3129,3157,3096,3113,3131,3133,3117,3096,3157,3140,3133,3157,3124,3121,3112,3058,3121,3101,3069,3076,3089,3116,3104
689.052,2572.3,2566,2572,2594,2607,2565,2595,2589,2565,2581,2589,2586,2591,2586,2560,2533,2552,2559,2594,2596,2548,2563,2556,2569,2571,2568,2617,2549,2548,2539,2562
689.406,2697.4,2713,2687,2718,2738,2715,2721,2681,2705,2690,2671,2683,2705,2655,2682,2697,2666,2713,2728,2675,2701,2732,2693,2707,2703,2680,2683,2685,2676,2714,2705
689.759,2773.4,2813,2746,2765,2769,2816,2796,2769,2797,2790,2746,2825,2769,2777,2738,2776,2739,2748,2755,2746,2783,2774,2745,2781,2818,2782,2764,2764,2783,2748,2779
690.113,2697.3,2666,2724,2702,2677,2682,2681,2741,2741,2676,2700,2726,2723,2661,2667,2701,2679,2693,2727,2695,2744,2707,2719,2706,2684,2702,2676,2714,2678,2649,2678
690.466,2816.2,2854,2819,2861,2848,2823,2814,2813,2829,2831,2796,2788,2811,2834,2784,2826,2782,2793,2858,2821,2819,2782,2846,2809,2792,2809,2822,2856,2805,2778,2784
690.820,2856.2,2861,2827,2925,2819,2898,2882,2831,2874,2861,2834,2854,2862,2821,2856,2893,2829,2888,2825,2850,2875,2874,2822,2846,2841,2889,2853,2844,2829,2834,2888
691.173,2586.5,2597,2540,2581,2632,2570,2554,2572,2581,2590,2604,2594,2606,2636,2556,2593,2552,2600,2570,2600,2551,2614,2593,2613,2585,2580,2594,2575,2585,2569,2609
691.527,2816.7,2843,2819,2833,2850,2826,2847,2811,2830,2824,2815,2807,2833,2762,2813,2754,2848,2819,2820,2788,2807,2817,2852,2819,2845,2810,2842,2845,2790,2766,2767
691.880,2797.9,2826,2820,2787,2822,2786,2795,2781,2782,2784,2785,2818,2810,2822,2769,2833,2795,2794,2776,2828,2828,2781,2771,2866,2772,2802,2792,2763,2801,2769,2779
692.234,2572.9,2551,2559,2609,2585,2537,2574,2606,2573,2653,2618,2561,2584,2558,2562,2557,2573,2586,2603,2546,2608,2575,2601,2566,2547,2519,2524,2570,2564,2538,2580
692.587,2608.9,2633,2632,2575,2626,2596,2640,2607,2589,2616,2625,2635,2568,2627,2599,2609,2613,2613,2570,2613,2606,2629,2599,2576,2586,2613,2629,2613,2623,2588,2618
692.941,2941.2,2993,2947,2920,2954,2947,2980,2949,3001,2957,3013,2957,2914,2896,2895,2943,2930,2904,2905,2948,2955,2969,2869,2896,2953,2909,2964,2977,2921,2891,2978
693.294,2645.3,2557,2617,2697,2660,2630,2654,2696,2668,2666,2631,2664,2628,2595,2656,2708,2676,2613,2684,2638,2699,2638,2624,2584,2612,2671,2657,2637,2633,2633,2632
693.648,2551.2,2593,2569,2577,2569,2544,2586,2579,2580,2548,2524,2559,2563,2521,2544,2550,2524,2556,2576,2574,2525,2571,2544,2515,2504,2576,2567,2541,2506,2516,2534
694.002,2961.6,2995,3003,2959,2971,2925,2975,2958,3005,2947,2944,2954,3007,2955,2996,2925,2961,2939,2979,2964,2955,2968,2983,2962,2961,2949,2938,2962,2964,2931,2912
694.355,2655.2,2622,2690,2662,2689,2683,2667,2666,2683,2655,2683,2611,2651,2675,2619,2677,2630,2628,2719,2618,2679,2634,2654,2658,2664,2652,2666,2661,2635,2622,2604
694.709,2570.8,2611,2599,2579,2597,2554,2537,2571,2562,2564,2564,2566,2539,2578,2573,2554,2567,2543,2598,2590,2598,2573,2589,2554,2562,2624,2519,2609,2584,2527,2540
695.063,2618.9,2641,2624,2679,2612,2632,2571,2637,2607,2651,2637,2595,2637,2625,2616,2631,2618,2659,2629,2609,2568,2604,2602,2570,2645,2623,2587,2627,2585,2613,2632
695.416,2687.3,2708,2655,2718,2700,2691,2708,2671,2676,2660,2703,2679,2694,2670,2674,2737,2713,2686,2690,2715,2677,2672,2671,2674,2738,2695,2668,2648,2650,2690,2687
695.770,2823.4,2822,2828,2835,2888,2791,2899,2808,2826,2852,2792,2803,2834,2817,2904,2845,2803,2776,2804,2860,2863,2855,2799,2766,2809,2814,2793,2800,2802,2811,2804
696.124,3097.9,3103,3086,3103,3106,3141,3093,3102,3151,3090,3076,3041,3080,3064,3106,3076,3090,3085,3117,3116,3120,3096,3103,3122,3138,3114,3100,3096,3068,3087,3066
696.478,2458.2,2427,2465,2488,2518,2473,2499,2458,2465,2469,2428,2443,2445,2462,2432,2453,2451,2467,2456,2453,2434,2483,2480,2464,2457,2457,2450,2472,2442,2404,2450
696.831,2736.0,2741,2738,2752,2750,2729,2772,2715,2801,2730,2760,2715,2758,2762,2729,2685,2686,2750,2745,2727,2734,2745,2727,2714,2713,2725,2710,2800,2744,2679,2745
697.185,2875.6,2902,2879,2875,2918,2847,2917,2880,2875,2912,2859,2885,2854,2904,2840,2880,2901,2871,2849,2860,2877,2884,2892,2868,2872,2874,2890,2874,2831,2840,2859
697.539,2784.7,2783,2784,2770,2851,2809,2829,2820,2781,2808,2820,2761,2788,2782,2771,2760,2782,2781,2782,2810,2766,2758,2788,2772,2795,2781,2791,2781,2711,2795,2731
697.893,3052.7,2993,3094,3052,3048,3051,3102,3016,3044,3039,3091,3081,3044,3003,3087,3079,3004,3057,3063,3025,3054,3080,3028,3078,3016,3044,3074,3083,3041,3056,3053
698.247,2639.6,2669,2644,2647,2670,2670,2638,2641,2657,2616,2655,2646,2641,2640,2648,2676,2642,2668,2622,2589,2632,2649,2657,2576,2648,2615,2629,2604,2611,2658,2629
698.601,2685.8,2703,2709,2711,2665,2755,2703,2696,2728,2736,2696,2706,2739,2705,2691,2698,2690,2723,2674,2614,2665,2638,2664,2644,2648,2690,2649,2685,2637,2657,2656
698.955,2982.3,2971,3001,3000,2991,2995,2974,2978,3030,2994,2953,2991,2964,3000,2988,2952,2989,2977,2963,2991,3006,2966,2957,3005,2961,3022,3007,2983,2944,2947,2970
699.309,2711.7,2749,2735,2738,2774,2741,2729,2710,2735,2739,2742,2674,2745,2687,2659,2692,2710,2691,2729,2703,2660,2704,2707,2699,2704,2695,2713,2713,2685,2697,2692
699.662,2804.9,2810,2818,2816,2824,2769,2808,2813,2793,2831,2798,2829,2810,2783,2825,2800,2864,2753,2797,2832,2815,2799,2827,2813,2823,2764,2760,2821,2795,2812,2746
700.016,2634.6,2622,2651,2614,2702,2632,2623,2667,2629,2654,2615,2675,2632,2642,2629,2646,2620,2601,2636,2609,2673,2661,2602,2666,2618,2630,2640,2648,2614,2600,2587
700.370,2749.9,2746,2748,2729,2765,2742,2745,2752,2778,2742,2741,2740,2749,2706,2744,2781,2762,2777,2773,2768,2785,2755,2770,2730,2734,2749,2776,2735,2749,2704,2721
700.724,2418.0,2402,2417,2442,2419,2429,2462,2446,2412,2444,2425,2392,2432,2424,2408,2408,2395,2380,2405,2379,2429,2416,2419,2417,2454,2410,2399,2429,2412,2419,2414
701.078,2577.7,2579,2556,2584,2613,2543,2557,2598,2561,2608,2569,2593,2537,2616,2571,2534,2579,2640,2554,2548,2573,2576,2576,2563,2587,2599,2602,2606,2536,2610,2563
701.432,3010.8,3004,3013,3050,3045,3035,2989,2973,3024,3034,2979,2988,3007,3043,3003,3000,3052,3017,2979,3022,3036,3039,2997,3017,3025,2998,2974,2972,2970,3025,3013
701.786,2540.1,2556,2552,2520,2523,2525,2550,2534,2554,2540,2574,2546,2517,2555,2527,2550,2518,2511,2561,2524,2521,2551,2563,2572,2533,2524,2550,2574,2517,2532,2528
702.141,2642.9,2654,2658,2655,2629,2623,2676,2662,2636,2637,2657,2609,2638,2618,2602,2640,2634,2618,2637,2648,2643,2653,2608,2669,2674,2641,2678,2687,2651,2624,2627
702.495,2404.5,2359,2389,2415,2419,2443,2399,2398,2402,2414,2375,2361,2370,2418,2398,2388,2426,2432,2451,2405,2369,2429,2399,2421,2440,2355,2425,2411,2422,2373,2428
702.849,2552.0,2584,2572,2563,2561,2576,2532,2549,2544,2538,2548,2565,2575,2548,2562,2587,2549,2549,2526,2550,2508,2563,2569,2545,2507,2544,2587,2541,2530,2584,2505
703.203,2527.2,2509,2503,2533,2559,2534,2513,2564,2507,2516,2520,2541,2515,2490,2517,2526,2511,2559,2520,2571,2536,2512,2540,2570,2538,2510,2523,2527,2508,2550,2493
703.557,2687.4,2699,2620,2733,2688,2659,2661,2687,2712,2694,2658,2732,2713,2710,2699,2664,2634,2735,2680,2689,2694,2715,2646,2681,2741,2680,2691,2664,2667,2658,2717
703.911,2444.7,2467,2459,2440,2482,2420,2448,2494,2436,2424,2473,2477,2456,2430,2418,2449,2437,2451,2430,2477,2423,2459,2432,2440,2435,2453,2407,2408,2401,2463,2453
704.265,2667.7,2685,2660,2664,2703,2676,2681,2622,2674,2666,2685,2667,2683,2650,2721,2703,2622,2689,2659,2634,2653,2702,2625,2630,2666,2644,2669,2679,2680,2668,2671
704.619,2685.3,2692,2685,2709,2711,2687,2694,2702,2737,2725,2678,2678,2698,2684,2648,2755,2632,2722,2673,2692,2671,2669,2652,2716,2674,2652,2691,2684,2651,2630,2668
704.974,2832.7,2869,2861,2904,2782,2804,2841,2819,2819,2811,2874,2842,2850,2863,2829,2845,2851,2784,2808,2809,2854,2790,2826,2832,2824,2806,2809,2867,2815,2851,2843
705.328,2792.8,2762,2796,2823,2785,2796,2872,2752,2748,2773,2783,2770,2789,2781,2816,2791,2790,2763,2833,2772,2801,2768,2813,2811,2830,2799,2817,2753,2761,2830,2807
705.682,2644.6,2657,2665,2657,2664,2684,2697,2624,2651,2595,2637,2616,2616,2639,2634,2640,2643,2643,2661,2622,2672,2622,2714,2642,2642,2618,2610,2657,2667,2609,2641
706.036,2676.8,2716,2653,2682,2698,2661,2636,2698,2649,2679,2663,2674,2678,2663,2668,2700,2699,2684,2693,2667,2668,2631,2682,2701,2693,2638,2692,2667,2700,2676,2696
706.391,2626.4,2659,2628,2601,2623,2625,2640,2630,2640,2610,2603,2640,2638,2625,2657,2612,2645,2644,2648,2609,2632,2632,2600,2634,2602,2622,2607,2629,2580,2634,2643
706.745,2866.5,2851,2891,2899,2889,2853,2862,2897,2924,2843,2841,2885,2877,2835,2857,2868,2865,2824,2878,2877,2836,2875,2866,2904,2861,2820,2843,2881,2874,2866,2852
707.099,2678.0,2673,2671,2661,2697,2680,2670,2667,2642,2684,2683,2693,2679,2668,2722,2701,2628,2708,2664,2696,2719,2642,2662,2643,2676,2736,2672,2680,2664,2709,2650
707.454,2571.2,2569,2600,2565,2602,2571,2572,2597,2527,2557,2589,2569,2581,2556,2574,2580,2543,2592,2539,2536,2536,2597,2604,2591,2588,2579,2582,2530,2567,2559,2584
707.808,2702.9,2738,2680,2688,2669,2729,2724,2700,2712,2720,2714,2693,2671,2736,2722,2703,2712,2688,2687,2637,2705,2726,2726,2696,2699,2688,2730,2690,2692,2705,2707
708.162,2637.0,2647,2686,2662,2670,2642,2617,2662,2660,2632,2655,2632,2612,2631,2638,2627,2659,2613,2623,2619,2636,2641,2622,2610,2623,2651,2627,2638,2616,2628,2631
708.517,2749.2,2795,2746,2774,2750,2742,2756,2785,2763,2778,2695,2767,2717,2751,2752,2763,2783,2774,2711,2707,2749,2725,2701,2747,2761,2722,2749,2781,2735,2744,2753
708.871,2565.8,2589,2574,2589,2572,2551,2544,2575,2540,2589,2572,2593,2555,2560,2577,2534,2585,2600,2568,2579,2516,2587,2539,2568,2595,2575,2554,2547,2532,2574,2542
709.226,2638.5,2656,2644,2643,2636,2589,2594,2657,2652,2664,2643,2676,2639,2625,2615,2633,2641,2647,2625,2661,2666,2626,2639,2644,2648,2662,2630,2593,2667,2618,2623
709.580,2652.7,2669,2627,2638,2681,2646,2652,2700,2659,2672,2628,2678,2670,2637,2636,2651,2627,2628,2683,2665,2624,2596,2641,2659,2652,2686,2664,2682,2625,2667,2637
709.934,2537.3,2520,2537,2556,2550,2581,2540,2556,2511,2537,2520,2529,2508,2545,2528,2539,2520,2526,2513,2539,2552,2546,2588,2541,2519,2533,2520,2536,2551,2548,2531
710.289,2972.5,2992,2947,2949,2940,3015,2960,2970,3004,2977,2972,2973,2946,3001,2930,3021,3001,2953,2939,3003,2978,2957,2947,2984,2988,3008,2968,2979,3000,2964,2908
710.643,2875.1,2853,2849,2894,2896,2923,2889,2837,2908,2877,2916,2880,2844,2867,2880,2878,2890,2902,2904,2831,2850,2906,2876,2820,2904,2851,2888,2867,2872,2888,2812
710.998,2430.2,2411,2475,2437,2403,2408,2438,2489,2416,2376,2466,2451,2453,2429,2417,2416,2465,2408,2451,2424,2427,2421,2452,2432,2455,2401,2417,2424,2408,2418,2419
711.353,2852.8,2831,2875,2828,2845,2828,2851,2862,2859,2851,2860,2857,2859,2840,2848,2863,2858,2910,2848,2872,2819,2834,2847,2822,2882,2856,2848,2898,2847,2853,2834
711.707,3254.6,3281,3256,3238,3289,3297,3302,3233,3280,3284,3253,3224,3222,3244,3258,3257,3233,3198,3225,3234,3232,3281,3260,3294,3234,3226,3255,3272,3252,3253,3271
712.062,2628.6,2665,2645,2679,2615,2645,2634,2602,2637,2638,2640,2640,2598,2619,2620,2610,2656,2616,2632,2608,2607,2612,2664,2655,2596,2639,2594,2581,2644,2668,2600
712.416,2625.1,2634,2655,2638,2648,2687,2623,2617,2597,2612,2608,2613,2603,2596,2664,2642,2640,2616,2609,2654,2635,2596,2626,2618,2609,2595,2618,2604,2674,2580,2641
712.771,2662.8,2689,2650,2656,2679,2678,2693,2657,2700,2670,2656,2644,2724,2634,2665,2669,2649,2687,2661,2617,2694,2654,2626,2649,2654,2642,2684,2660,2641,2614,2689
713.125,2989.4,3006,2970,2998,2983,2971,3022,3013,3027,3011,3041,3016,3061,2978,2975,2980,2957,2972,2981,2993,2963,2942,2998,3004,2960,2968,2946,3018,2974,3001,2952
713.480,2710.7,2742,2751,2694,2726,2717,2742,2719,2774,2727,2695,2659,2685,2696,2759,2639,2701,2688,2707,2769,2712,2733,2661,2716,2702,2704,2701,2748,2702,2687,2664
713.835,2688.5,2684,2708,2696,2668,2725,2689,2680,2703,2689,2708,2661,2721,2696,2671,2681,2701,2674,2661,2726,2696,2661,2668,2754,2699,2672,2662,2689,2685,2664,2664
714.189,2316.7,2322,2336,2278,2320,2328,2328,2307,2341,2309,2332,2326,2320,2341,2303,2254,2337,2313,2317,2336,2330,2301,2299,2325,2333,2340,2278,2324,2280,2298,2344
714.544,2494.9,2485,2498,2500,2500,2541,2444,2489,2487,2480,2500,2477,2549,2481,2493,2502,2528,2533,2474,2500,2505,2521,2442,2511,2483,2506,2452,2506,2462,2485,2513
714.899,2854.6,2868,2882,2837,2862,2884,2881,2842,2784,2848,2886,2890,2844,2847,2844,2866,2851,2828,2833,2874,2846,2836,2859,2887,2854,2841,2855,2831,2867,2870,2840
715.253,2981.3,3038,2999,2975,2958,2968,3022,2978,2956,3003,3048,3006,3042,2971,3019,2927,2953,2974,2952,2963,3019,2958,2980,2994,2963,3020,2961,2928,2960,2996,2908
715.608,2408.5,2417,2403,2417,2394,2395,2410,2398,2472,2390,2418,2432,2395,2402,2424,2389,2420,2392,2413,2405,2402,2400,2417,2379,2406,2394,2417,2397,2440,2378,2438
715.963,2734.3,2736,2741,2706,2767,2794,2780,2766,2712,2714,2716,2725,2716,2765,2718,2749,2728,2752,2735,2747,2730,2731,2728,2717,2728,2688,2752,2744,2716,2703,2725
716.318,2622.8,2649,2665,2592,2655,2577,2660,2659,2622,2664,2638,2650,2626,2604,2627,2601,2649,2608,2637,2610,2611,2566,2668,2591,2628,2584,2592,2618,2602,2597,2634
716.673,2583.8,2596,2600,2571,2564,2617,2616,2599,2557,2583,2564,2597,2579,2599,2582,2582,2594,2584,2626,2557,2567,2600,2587,2567,2616,2587,2591,2561,2542,2581,2549
717.027,2664.7,2625,2664,2670,2627,2699,2694,2646,2707,2666,2668,2680,2642,2661,2693,2672,2649,2673,2683,2655,2633,2662,2650,2674,2680,2674,2648,2667,2631,2701,2648
717.382,2514.4,2555,2481,2526,2496,2493,2541,2506,2538,2497,2513,2488,2479,2562,2520,2533,2499,2475,2503,2541,2502,2482,2543,2552,2553,2500,2495,2507,2527,2525,2499
717.737,2710.8,2715,2720,2717,2685,2688,2677,2689,2750,2742,2712,2724,2763,2684,2715,2734,2692,2698,2713,2698,2711,2667,2728,2677,2749,2711,2686,2728,2724,2687,2740
718.092,2848.2,2864,2848,2851,2873,2856,2824,2798,2853,2856,2843,2833,2851,2855,2820,2868,2866,2873,2851,2819,2797,2849,2852,2888,2819,2864,2872,2856,2869,2833,2846
718.447,2541.1,2526,2561,2535,2517,2544,2556,2513,2531,2538,2557,2521,2504,2569,2574,2568,2565,2533,2521,2550,2509,2587,2605,2518,2499,2505,2562,2559,2538,2514,2555
718.802,2856.2,2859,2887,2861,2866,2857,2826,2854,2883,2863,2881,2843,2899,2832,2833,2868,2834,2838,2874,2872,2896,2847,2888,2813,2837,2880,2888,2824,2857,2805,2822
719.157,2774.9,2699,2829,2798,2780,2799,2849,2812,2762,2761,2772,2782,2747,2787,2764,2782,2700,2766,2784,2728,2759,2779,2792,2796,2835,2770,2806,2728,2748,2740,2793
719.511,2945.8,2951,2919,2925,2902,2943,2965,2953,2959,2956,2920,2911,2938,2932,2926,2946,2989,2997,2931,2944,2934,2977,2976,2921,2958,2945,2923,2919,2969,2977,2968
719.866,2673.1,2695,2686,2669,2726,2661,2692,2673,2646,2649,2665,2702,2701,2630,2675,2679,2696,2673,2686,2686,2641,2694,2684,2643,2717,2657,2650,2644,2680,2651,2642
720.221,2593.7,2614,2600,2642,2617,2595,2591,2594,2589,2591,2577,2640,2603,2546,2585,2571,2606,2569,2621,2585,2614,2592,2593,2564,2605,2598,2594,2573,2566,2624,2552
720.576,3028.2,3042,3044,3059,3005,3051,3060,3042,3013,3101,2990,3027,2991,3024,3024,3028,3010,3038,3026,3057,3067,3035,3051,3000,3025,2963,3032,2990,3048,2987,3017
720.931,2609.8,2605,2621,2602,2615,2629,2662,2593,2601,2643,2630,2589,2622,2603,2624,2628,2606,2610,2612,2597,2594,2599,2613,2626,2562,2561,2608,2604,2653,2608,2575
721.286,2373.8,2363,2355,2379,2407,2404,2387,2391,2363,2356,2365,2370,2360,2403,2401,2339,2388,2380,2378,2378,2396,2333,2379,2373,2378,2366,2401,2350,2340,2360,2370
721.641,2586.0,2584,2632,2557,2530,2586,2606,2605,2563,2628,2598,2608,2576,2595,2594,2614,2545,2603,2605,2591,2626,2571,2523,2568,2588,2609,2577,2592,2581,2580,2546
721.996,2908.1,2907,2958,2913,2942,2878,2920,2939,2893,2912,2897,2897,2889,2896,2880,2875,2914,2881,2953,2920,2925,2894,2964,2896,2913,2891,2921,2895,2904,2857,2918
722.352,2781.8,2786,2800,2805,2806,2812,2771,2814,2810,2813,2756,2771,2793,2770,2801,2717,2785,2790,2747,2777,2804,2805,2743,2798,2731,2791,2752,2784,2793,2744,2785
722.707,2512.6,2518,2494,2485,2533,2531,2473,2552,2550,2508,2493,2509,2522,2532,2487,2478,2528,2517,2507,2540,2520,2514,2523,2494,2519,2536,2479,2500,2514,2518,2504
723.062,3160.5,3189,3219,3157,3144,3179,3160,3156,3185,3104,3107,3134,3177,3178,3143,3169,3181,3163,3124,3189,3153,3169,3165,3178,3150,3172,3144,3142,3157,3183,3145
723.417,2812.3,2816,2833,2840,2792,2848,2749,2839,2792,2790,2778,2808,2833,2833,2773,2804,2844,2782,2838,2824,2822,2836,2773,2876,2837,2804,2781,2855,2765,2787,2816
723.772,2663.4,2681,2653,2614,2627,2668,2693,2667,2695,2736,2651,2677,2623,2669,2618,2653,2654,2662,2677,2693,2641,2619,2649,2709,2663,2692,2682,2633,2689,2693,2622
724.127,3090.1,3072,3100,3106,3110,3102,3117,3122,3051,3057,3116,3072,3048,3101,3100,3091,3091,3047,3119,3100,3117,3078,3085,3052,3100,3110,3060,3066,3122,3140,3050
724.482,2872.5,2902,2892,2865,2809,2883,2900,2879,2848,2804,2896,2920,2884,2874,2871,2868,2833,2873,2879,2872,2875,2879,2897,2905,2875,2855,2893,2886,2879,2837,2843
724.837,2810.1,2811,2781,2795,2832,2851,2760,2793,2755,2829,2822,2821,2816,2810,2825,2819,2816,2825,2755,2807,2789,2837,2833,2814,2813,2833,2797,2823,2823,2829,2790
725.193,2779.6,2767,2772,2829,2766,2833,2766,2745,2777,2744,2813,2758,2795,2762,2811,2795,2800,2788,2775,2783,2773,2756,2784,2771,2741,2791,2835,2749,2736,2780,2793
725.548,2713.7,2742,2746,2712,2748,2769,2721,2718,2712,2709,2705,2716,2724,2691,2684,2694,2746,2685,2718,2701,2724,2681,2739,2735,2736,2691,2702,2702,2705,2663,2692
725.903,2921.7,2886,2946,2952,2934,2937,2977,2928,2925,2938,2938,2944,2888,2907,2903,2962,2869,2896,2909,2955,2923,2936,2932,2895,2939,2945,2889,2923,2859,2909,2906
726.258,2663.1,2658,2662,2669,2659,2670,2637,2709,2650,2678,2680,2658,2657,2633,2684,2621,2672,2678,2713,2691,2669,2646,2675,2648,2658,2656,2671,2618,2694,2646,2633
726.614,2636.5,2651,2646,2632,2588,2615,2661,2598,2656,2603,2629,2604,2673,2608,2616,2661,2679,2644,2697,2642,2644,2627,2663,2682,2613,2631,2601,2632,2614,2676,2610
726.969,2761.1,2728,2718,2773,2792,2688,2734,2776,2807,2806,2758,2751,2808,2818,2816,2773,2725,2778,2740,2757,2742,2748,2758,2749,2802,2776,2720,2744,2768,2740,2739
727.324,2865.7,2875,2905,2846,2845,2862,2827,2859,2848,2857,2866,2821,2872,2889,2872,2837,2898,2946,2885,2878,2878,2863,2883,2798,2908,2866,2822,2859,2831,2888,2886
727.680,2923.1,2948,2901,2930,2964,2968,2946,2891,2888,2924,2863,2933,2926,2914,2933,2950,2942,2937,2913,2939,2915,2934,2908,2927,2932,2897,2921,2893,2931,2938,2888
728.035,3200.0,3180,3211,3205,3211,3198,3219,3215,3169,3234,3256,3197,3220,3193,3163,3210,3173,3153,3224,3226,3197,3238,3188,3188,3139,3208,3186,3199,3197,3200,3202
728.390,2615.8,2660,2662,2607,2621,2596,2615,2600,2581,2608,2624,2639,2638,2622,2644,2600,2628,2625,2624,2584,2597,2601,2588,2601,2662,2607,2570,2580,2696,2570,2625
728.746,2831.1,2844,2859,2841,2832,2841,2850,2820,2803,2802,2826,2814,2817,2860,2842,2817,2840,2860,2786,2817,2879,2836,2868,2799,2834,2842,2784,2840,2816,2844,2821
729.101,2574.9,2598,2604,2556,2594,2609,2573,2546,2553,2556,2575,2543,2581,2573,2616,2569,2571,2582,2550,2553,2577,2623,2582,2603,2592,2544,2582,2548,2548,2575,2570
729.456,2748.4,2754,2719,2762,2730,2794,2737,2751,2790,2732,2739,2712,2774,2730,2766,2756,2737,2758,2776,2776,2703,2744,2746,2789,2740,2758,2670,2791,2760,2707,2752
729.812,2768.2,2746,2806,2770,2784,2774,2811,2769,2773,2732,2755,2796,2770,2778,2775,2779,2779,2741,2764,2787,2734,2757,2787,2735,2789,2789,2748,2777,2752,2725,2764
730.167,2703.2,2761,2713,2671,2692,2681,2740,2648,2749,2689,2717,2723,2718,2681,2746,2717,2675,2687,2700,2714,2716,2669,2730,2678,2668,2684,2692,2699,2701,2720,2718
730.523,2804.3,2786,2797,2811,2816,2806,2844,2787,2799,2787,2826,2799,2808,2810,2816,2800,2805,2795,2755,2810,2798,2768,2824,2846,2764,2823,2821,2784,2801,2817,2825
730.878,2838.8,2883,2807,2896,2813,2823,2865,2833,2890,2850,2816,2762,2848,2853,2874,2838,2826,2815,2877,2861,2838,2776,2817,2858,2810,2834,2853,2841,2817,2827,2863
731.234,2728.1,2752,2757,2718,2729,2724,2767,2747,2703,2735,2739,2730,2744,2702,2713,2696,2731,2714,2702,2742,2741,2705,2744,2725,2716,2735,2716,2749,2681,2742,2745
731.589,2633.5,2613,2714,2613,2612,2608,2619,2650,2638,2647,2646,2616,2646,2649,2650,2636,2669,2655,2634,2630,2633,2608,2631,2640,2616,2627,2604,2632,2639,2646,2584
731.945,2897.6,2932,2891,2922,2892,2910,2870,2874,2895,2964,2914,2877,2922,2892,2915,2903,2900,2865,2868,2929,2898,2861,2924,2904,2883,2885,2896,2890,2859,2885,2907
732.300,2532.5,2511,2577,2563,2508,2540,2579,2519,2527,2504,2531,2542,2537,2504,2556,2552,2517,2514,2549,2515,2522,2542,2568,2504,2526,2522,2536,2564,2547,2502,2496
732.656,2626.0,2597,2650,2635,2638,2644,2613,2623,2616,2604,2625,2593,2617,2674,2576,2660,2607,2629,2598,2621,2650,2620,2631,2658,2627,2618,2600,2632,2652,2626,2646
733.011,2589.8,2580,2653,2572,2552,2536,2586,2593,2600,2624,2576,2635,2663,2586,2592,2571,2559,2598,2546,2598,2609,2610,2580,2560,2580,2602,2602,2581,2584,2593,2574
733.367,2911.5,2917,2926,2938,2899,2962,2895,2912,2918,2904,2935,2953,2930,2925,2904,2908,2901,2928,2869,2949,2838,2914,2907,2948,2878,2913,2929,2890,2872,2897,2885
733.722,2817.3,2857,2874,2842,2789,2791,2850,2840,2787,2840,2773,2799,2854,2815,2798,2835,2798,2837,2750,2796,2773,2829,2872,2801,2857,2842,2826,2788,2788,2830,2788
734.078,2751.2,2753,2719,2771,2773,2767,2753,2746,2728,2771,2768,2762,2733,2783,2723,2777,2766,2799,2712,2726,2749,2715,2748,2768,2758,2728,2739,2715,2771,2760,2756
734.434,2807.3,2799,2786,2808,2804,2752,2824,2757,2782,2768,2792,2807,2826,2826,2830,2845,2812,2832,2857,2816,2813,2811,2829,2788,2798,2804,2830,2792,2831,2799,2800
734.789,2328.2,2361,2325,2323,2315,2304,2305,2322,2379,2355,2306,2340,2363,2328,2315,2344,2325,2292,2332,2315,2335,2326,2325,2294,2301,2342,2336,2301,2339,2363,2334
735.145,2966.0,2949,3020,2969,2948,2952,2968,2953,2964,2958,2977,2976,2992,2932,2960,2984,3008,2931,2888,3018,2991,2940,3028,2980,3025,2954,2953,2968,2946,2928,2921
735.501,2744.7,2746,2787,2745,2718,2730,2781,2733,2715,2770,2741,2778,2694,2755,2772,2744,2737,2719,2713,2776,2750,2756,2773,2715,2733,2777,2741,2751,2761,2718,2712
735.856,2556.0,2538,2595,2571,2604,2600,2586,2620,2552,2546,2520,2553,2535,2568,2561,2546,2544,2566,2586,2565,2529,2547,2548,2561,2567,2529,2524,2501,2542,2520,2556
736.212,2497.5,2484,2485,2493,2458,2505,2548,2534,2544,2528,2493,2497,2468,2506,2492,2491,2520,2492,2452,2520,2463,2476,2510,2480,2494,2473,2496,2520,2511,2504,2487
736.568,2564.7,2515,2539,2557,2539,2594,2590,2558,2592,2547,2567,2590,2525,2590,2553,2564,2562,2609,2567,2553,2624,2594,2591,2543,2522,2582,2543,2564,2578,2527,2563
736.923,2782.1,2779,2773,2796,2828,2829,2781,2778,2789,2776,2801,2803,2804,2810,2744,2793,2776,2780,2771,2797,2787,2801,2782,2727,2739,2831,2733,2745,2761,2776,2773
737.279,2721.5,2734,2770,2695,2747,2721,2762,2699,2747,2741,2735,2739,2712,2725,2695,2672,2713,2696,2706,2709,2700,2739,2715,2702,2733,2693,2753,2754,2741,2686,2712
737.635,2658.9,2658,2656,2678,2642,2657,2633,2633,2685,2639,2662,2712,2654,2694,2657,2704,2653,2689,2632,2676,2667,2657,2631,2696,2590,2657,2662,2646,2671,2617,2658
737.991,2670.3,2720,2657,2682,2706,2680,2711,2719,2682,2635,2636,2687,2653,2648,2681,2622,2662,2677,2630,2735,2682,2652,2639,2624,2667,2653,2677,2625,2684,2690,2693
738.347,2263.4,2246,2271,2272,2282,2272,2268,2236,2282,2273,2272,2309,2258,2288,2295,2272,2268,2287,2239,2285,2248,2225,2256,2259,2255,2262,2225,2286,2213,2260,2239
738.702,2787.5,2797,2759,2770,2784,2792,2802,2783,2796,2813,2776,2802,2782,2779,2765,2771,2840,2769,2789,2796,2784,2775,2830,2788,2793,2787,2785,2819,2780,2769,2751
739.058,2125.6,2100,2153,2137,2159,2135,2113,2145,2105,2123,2098,2075,2138,2136,2143,2150,2106,2117,2074,2136,2136,2146,2153,2120,2071,2139,2131,2126,2166,2113,2123
739.414,2515.3,2536,2511,2540,2511,2536,2496,2553,2477,2505,2478,2529,2494,2502,2552,2516,2495,2523,2500,2502,2533,2493,2526,2541,2532,2498,2510,2532,2510,2516,2511
739.770,2381.1,2399,2348,2369,2362,2381,2407,2405,2349,2396,2371,2377,2404,2372,2387,2354,2378,2405,2367,2408,2403,2371,2340,2402,2381,2391,2400,2387,2388,2363,2368
740.126,2582.2,2570,2593,2605,2562,2596,2562,2562,2556,2550,2585,2586,2563,2571,2600,2604,2575,2620,2597,2600,2566,2618,2600,2566,2572,2586,2568,2557,2624,2567,2584
740.482,2561.1,2561,2598,2545,2562,2537,2572,2556,2559,2506,2576,2555,2534,2540,2573,2579,2573,2590,2575,2568,2547,2536,2566,2608,2594,2559,2564,2604,2562,2503,2531
740.838,2561.5,2598,2561,2585,2568,2552,2560,2563,2536,2551,2539,2575,2537,2538,2555,2561,2562,2589,2538,2523,2553,2573,2598,2565,2568,2565,2556,2554,2594,2565,2562
741.194,2716.6,2701,2722,2746,2708,2730,2704,2743,2702,2712,2733,2706,2692,2750,2707,2711,2703,2678,2735,2674,2762,2733,2723,2745,2724,2705,2721,2742,2702,2678,2706
741.550,2710.8,2715,2694,2710,2696,2701,2706,2764,2699,2729,2733,2712,2768,2710,2707,2695,2708,2722,2707,2711,2691,2716,2752,2701,2741,2685,2714,2699,2657,2676,2704
741.905,2447.2,2468,2438,2490,2445,2441,2465,2428,2424,2447,2440,2404,2478,2461,2470,2479,2470,2419,2429,2414,2464,2466,2437,2440,2458,2401,2424,2484,2440,2486,2406
742.261,2648.3,2673,2628,2642,2691,2661,2650,2638,2585,2657,2641,2653,2660,2682,2627,2642,2627,2631,2655,2651,2673,2639,2649,2629,2691,2650,2645,2659,2672,2613,2635
742.617,2538.0,2551,2572,2571,2515,2535,2514,2534,2572,2513,2486,2528,2578,2524,2514,2557,2493,2578,2573,2517,2530,2564,2571,2485,2563,2477,2528,2542,2547,2563,2544
742.973,2573.1,2617,2552,2557,2607,2591,2600,2537,2562,2587,2628,2573,2584,2553,2606,2573,2615,2539,2608,2581,2591,2564,2545,2545,2583,2607,2562,2540,2492,2530,2564
743.329,2643.8,2654,2642,2639,2678,2696,2668,2653,2610,2644,2649,2604,2594,2668,2608,2650,2665,2604,2675,2621,2657,2624,2648,2686,2660,2617,2622,2616,2627,2675,2659
743.686,2488.7,2485,2550,2506,2506,2458,2506,2547,2519,2488,2445,2441,2497,2514,2488,2512,2497,2504,2477,2469,2484,2463,2466,2495,2477,2456,2511,2505,2506,2443,2445
744.042,2693.8,2683,2712,2705,2722,2686,2678,2726,2749,2721,2668,2712,2714,2691,2705,2703,2725,2670,2681,2683,2680,2676,2722,2706,2660,2662,2670,2692,2649,2654,2709
744.398,2410.9,2408,2383,2414,2421,2402,2427,2399,2412,2380,2432,2369,2433,2367,2420,2443,2395,2432,2451,2408,2425,2418,2415,2420,2404,2372,2432,2421,2428,2389,2408
744.754,2669.8,2709,2688,2688,2657,2687,2647,2675,2718,2665,2677,2620,2664,2667,2668,2639,2658,2677,2702,2643,2698,2633,2673,2672,2670,2643,2696,2675,2639,2666,2681
745.110,2413.7,2443,2419,2412,2397,2388,2406,2469,2365,2368,2420,2386,2422,2398,2462,2398,2445,2412,2421,2427,2388,2392,2410,2413,2427,2408,2424,2443,2398,2433,2417
745.466,2651.0,2661,2678,2667,2635,2676,2657,2688,2661,2634,2633,2644,2648,2655,2657,2641,2605,2680,2625,2661,2640,2643,2646,2666,2678,2617,2598,2681,2672,2659,2623
745.822,2432.3,2453,2464,2440,2408,2430,2440,2399,2422,2456,2442,2359,2375,2446,2405,2449,2425,2456,2390,2410,2408,2408,2441,2456,2486,2445,2463,2476,2472,2424,2420
746.178,2760.7,2780,2798,2751,2768,2748,2814,2789,2755,2747,2712,2714,2721,2788,2781,2746,2761,2749,2736,2782,2739,2755,2767,2786,2698,2740,2825,2763,2778,2752,2778
746.534,2248.8,2261,2258,2256,2253,2231,2260,2245,2264,2284,2262,2232,2250,2266,2253,2261,2272,2214,2248,2267,2213,2206,2239,2226,2214,2269,2211,2268,2283,2238,2261
746.891,2551.7,2570,2516,2569,2544,2553,2563,2555,2564,2543,2595,2528,2545,2527,2575,2526,2528,2559,2540,2537,2546,2555,2581,2516,2556,2552,2572,2556,2556,2596,2529
747.247,2790.2,2786,2766,2768,2798,2816,2809,2788,2804,2796,2714,2784,2784,2821,2795,2769,2835,2756,2780,2805,2763,2821,2809,2796,2770,2742,2797,2842,2784,2819,2789
747.603,2299.9,2331,2344,2277,2274,2274,2333,2295,2293,2292,2270,2322,2281,2299,2325,2300,2294,2287,2304,2274,2311,2328,2273,2321,2314,2293,2312,2299,2316,2278,2283
747.959,2624.7,2626,2611,2660,2624,2633,2640,2598,2645,2643,2636,2602,2618,2596,2611,2661,2626,2658,2583,2627,2593,2596,2672,2590,2595,2660,2600,2604,2657,2648,2627
748.315,2446.0,2434,2471,2432,2457,2430,2458,2430,2460,2452,2427,2456,2464,2452,2459,2489,2442,2431,2438,2446,2428,2423,2469,2417,2445,2443,2416,2475,2433,2451,2452
748.672,2686.6,2707,2748,2679,2656,2681,2694,2653,2697,2700,2639,2676,2668,2677,2677,2704,2701,2722,2674,2709,2683,2692,2715,2680,2717,2685,2665,2702,2698,2630,2670
749.028,2764.7,2709,2802,2762,2779,2780,2758,2756,2768,2741,2804,2739,2754,2744,2733,2771,2736,2733,2752,2765,2763,2771,2721,2780,2791,2785,2789,2760,2813,2777,2804
749.384,2261.2,2315,2219,2301,2272,2320,2278,2273,2272,2258,2233,2240,2217,2251,2268,2254,2265,2252,2285,2284,2278,2236,2230,2296,2293,2222,2254,2246,2255,2249,2220
749.741,2190.2,2201,2172,2205,2193,2198,2188,2185,2186,2211,2196,2214,2184,2198,2177,2175,2223,2186,2212,2152,2203,2187,2162,2206,2208,2152,2162,2184,2184,2202,2199
750.097,2631.8,2629,2626,2632,2604,2669,2643,2646,2688,2649,2664,2633,2623,2647,2619,2626,2595,2586,2631,2649,2595,2611,2593,2600,2605,2640,2635,2660,2692,2611,2654
750.453,2513.1,2486,2500,2476,2537,2544,2556,2509,2491,2517,2516,2533,2503,2490,2506,2520,2510,2498,2520,2487,2554,2472,2510,2532,2531,2493,2527,2529,2499,2543,2503
750.809,2505.1,2534,2514,2487,2491,2496,2482,2529,2492,2538,2485,2484,2461,2554,2520,2497,2468,2489,2504,2513,2533,2502,2455,2504,2520,2505,2497,2544,2543,2522,2489
751.166,2562.4,2579,2597,2621,2588,2594,2541,2578,2604,2571,2538,2594,2557,2603,2536,2547,2535,2574,2564,2554,2563,2514,2516,2570,2553,2527,2547,2561,2534,2579,2533
751.522,2629.4,2597,2674,2627,2606,2684,2593,2607,2628,2641,2636,2612,2622,2632,2678,2618,2622,2633,2616,2635,2601,2658,2618,2640,2649,2657,2598,2612,2602,2639,2648
751.879,2737.8,2803,2758,2753,2745,2741,2751,2731,2758,2721,2740,2712,2754,2730,2703,2743,2677,2726,2761,2750,2730,2733,2732,2732,2747,2776,2694,2712,2721,2738,2761
752.235,2243.6,2253,2270,2206,2251,2303,2228,2197,2256,2249,2226,2260,2259,2283,2248,2251,2212,2202,2253,2267,2210,2211,2233,2252,2266,2217,2246,2260,2249,2263,2227
752.591,2565.1,2590,2594,2550,2558,2557,2571,2557,2596,2568,2581,2547,2568,2531,2569,2593,2490,2580,2568,2568,2595,2577,2593,2508,2543,2575,2546,2577,2591,2548,2563
752.948,2377.7,2403,2360,2382,2398,2383,2388,2361,2380,2414,2384,2368,2360,2411,2356,2379,2363,2396,2366,2377,2375,2342,2385,2377,2384,2426,2358,2376,2368,2350,2360
753.304,2402.5,2399,2382,2403,2417,2398,2424,2394,2415,2389,2404,2406,2382,2410,2360,2368,2450,2399,2429,2408,2391,2400,2412,2367,2436,2423,2395,2418,2440,2385,2372
753.661,2582.9,2579,2559,2604,2553,2594,2574,2603,2547,2590,2565,2564,2648,2608,2592,2542,2568,2557,2576,2599,2580,2621,2576,2586,2640,2574,2592,2585,2575,2558,2579
754.017,2451.1,2482,2466,2427,2428,2441,2460,2428,2468,2513,2414,2495,2430,2431,2442,2492,2472,2444,2428,2459,2413,2484,2461,2412,2429,2491,2447,2449,2413,2458,2456
754.374,2452.8,2480,2452,2479,2440,2449,2472,2447,2459,2445,2458,2488,2469,2421,2473,2436,2427,2476,2453,2432,2454,2424,2484,2478,2475,2440,2432,2468,2386,2440,2447
754.730,2285.2,2315,2289,2287,2251,2268,2289,2281,2292,2282,2293,2318,2279,2280,2293,2282,2218,2298,2294,2290,2258,2321,2275,2274,2290,2269,2302,2331,2294,2285,2258
755.087,2411.4,2433,2464,2393,2418,2422,2432,2417,2408,2382,2394,2442,2389,2414,2431,2385,2392,2392,2497,2397,2389,2409,2420,2408,2360,2379,2375,2441,2423,2410,2425
755.443,2405.0,2420,2451,2434,2405,2390,2377,2398,2422,2373,2398,2431,2429,2378,2393,2399,2404,2389,2395,2412,2389,2397,2414,2348,2426,2451,2409,2377,2399,2414,2429
755.800,2447.9,2468,2448,2456,2489,2430,2456,2448,2424,2467,2467,2419,2430,2455,2480,2441,2458,2426,2462,2465,2429,2471,2445,2452,2455,2445,2438,2458,2416,2385,2454
756.156,2505.1,2523,2480,2511,2541,2500,2526,2508,2504,2557,2517,2529,2490,2473,2493,2526,2473,2473,2494,2519,2509,2539,2432,2537,2496,2458,2514,2520,2523,2499,2489
756.513,2242.3,2249,2227,2265,2269,2266,2230,2256,2257,2232,2237,2284,2250,2237,2241,2254,2223,2253,2200,2249,2225,2223,2261,2241,2224,2265,2267,2229,2212,2188,2255
756.870,2320.8,2357,2318,2370,2317,2331,2331,2352,2288,2318,2337,2280,2318,2327,2324,2306,2329,2307,2335,2328,2298,2333,2279,2269,2350,2302,2296,2350,2312,2328,2335
757.226,2617.0,2630,2554,2618,2659,2600,2605,2632,2651,2594,2644,2627,2632,2650,2613,2651,2665,2566,2622,2601,2581,2657,2581,2586,2618,2586,2596,2596,2622,2639,2635
757.583,2387.5,2395,2413,2421,2411,2376,2338,2381,2355,2368,2423,2405,2417,2363,2393,2415,2396,2357,2382,2427,2398,2352,2382,2332,2348,2399,2379,2382,2405,2414,2398
757.939,2606.3,2591,2644,2619,2596,2559,2596,2607,2604,2664,2612,2590,2604,2616,2618,2609,2642,2578,2591,2584,2567,2596,2575,2598,2590,2612,2663,2608,2626,2595,2636
758.296,2349.9,2350,2386,2355,2333,2363,2351,2365,2370,2356,2347,2338,2390,2354,2351,2341,2329,2317,2355,2362,2322,2364,2324,2382,2307,2347,2341,2332,2355,2362,2348
758.653,2512.7,2476,2498,2489,2502,2555,2541,2473,2502,2492,2517,2504,2488,2515,2527,2538,2493,2510,2513,2503,2462,2531,2530,2538,2542,2481,2519,2538,2522,2538,2543
759.010,2243.0,2232,2277,2247,2222,2272,2244,2246,2230,2257,2243,2228,2250,2232,2235,2226,2235,2234,2229,2230,2259,2280,2263,2224,2296,2212,2267,2224,2223,2231,2242
759.366,2308.5,2323,2298,2279,2317,2317,2280,2321,2317,2300,2309,2314,2292,2318,2326,2287,2305,2294,2294,2345,2292,2283,2304,2344,2308,2310,2329,2323,2321,2304,2300
759.723,2433.4,2434,2418,2441,2409,2427,2458,2417,2429,2427,2388,2464,2454,2463,2401,2453,2413,2420,2468,2419,2456,2453,2443,2412,2431,2428,2422,2441,2412,2456,2445
760.080,2524.1,2518,2490,2538,2485,2517,2587,2542,2554,2494,2548,2540,2524,2505,2522,2503,2572,2495,2544,2542,2513,2527,2488,2475,2545,2504,2549,2568,2513,2545,2476
760.436,2334.0,2346,2304,2335,2337,2344,2329,2359,2357,2373,2355,2353,2324,2286,2349,2339,2377,2316,2350,2334,2361,2286,2322,2367,2332,2305,2317,2310,2325,2330,2298
760.793,2397.9,2397,2429,2429,2383,2413,2428,2410,2376,2418,2377,2440,2372,2412,2430,2332,2388,2367,2433,2401,2348,2394,2367,2415,2371,2383,2417,2392,2376,2416,2424
761.150,2519.7,2518,2545,2548,2536,2531,2511,2481,2490,2511,2502,2557,2502,2511,2497,2572,2502,2495,2495,2541,2525,2518,2539,2510,2507,2541,2519,2546,2545,2462,2535
761.507,2424.6,2435,2433,2394,2431,2419,2398,2452,2416,2417,2437,2397,2444,2467,2435,2427,2454,2380,2425,2381,2415,2462,2441,2434,2431,2391,2447,2412,2411,2447,2405
761.864,2298.2,2311,2321,2291,2332,2289,2271,2274,2355,2299,2296,2301,2284,2302,2280,2276,2278,2299,2298,2300,2299,2350,2296,2326,2291,2324,2258,2306,2293,2293,2254
762.220,2332.1,2353,2355,2373,2351,2307,2316,2306,2318,2316,2324,2282,2355,2360,2353,2352,2348,2306,2311,2305,2335,2341,2337,2328,2326,2313,2356,2334,2313,2330,2360
762.577,2351.3,2325,2378,2348,2340,2342,2325,2307,2347,2375,2371,2336,2338,2331,2325,2351,2339,2376,2381,2358,2352,2383,2386,2339,2367,2335,2328,2346,2369,2369,2372
762.934,2428.7,2436,2463,2405,2472,2436,2414,2432,2428,2457,2461,2387,2389,2469,2431,2407,2415,2390,2479,2410,2440,2441,2397,2419,2415,2426,2443,2418,2429,2444,2408
763.291,2464.7,2448,2440,2428,2482,2448,2430,2456,2472,2494,2498,2459,2469,2461,2456,2475,2469,2460,2477,2477,2440,2440,2487,2493,2427,2443,2490,2511,2493,2494,2424
763.648,2622.0,2604,2613,2641,2625,2692,2581,2598,2595,2596,2673,2617,2637,2629,2618,2639,2613,2594,2623,2636,2634,2677,2622,2601,2593,2616,2637,2580,2619,2639,2617
764.005,2084.9,2082,2092,2073,2101,2087,2071,2110,2080,2106,2109,2100,2079,2111,2094,2072,2077,2051,2082,2096,2097,2090,2072,2090,2070,2102,2069,2047,2110,2066,2060
764.362,2700.5,2690,2716,2685,2686,2675,2661,2700,2673,2739,2683,2685,2728,2687,2715,2698,2746,2690,2660,2715,2683,2712,2682,2757,2677,2685,2759,2725,2729,2680,2694
764.718,2253.8,2287,2264,2261,2271,2216,2215,2261,2222,2245,2266,2247,2267,2247,2261,2262,2217,2273,2272,2294,2219,2214,2259,2280,2280,2195,2238,2289,2248,2266,2278
765.075,2674.1,2668,2688,2696,2704,2660,2648,2709,2653,2670,2665,2646,2679,2671,2685,2670,2683,2686,2680,2706,2662,2689,2677,2685,2707,2636,2638,2639,2680,2668,2674
765.432,2255.2,2268,2233,2262,2236,2242,2238,2259,2265,2231,2263,2262,2271,2242,2234,2264,2265,2285,2257,2258,2267,2306,2227,2217,2291,2271,2240,2238,2279,2275,2209
765.789,2671.5,2713,2696,2701,2697,2668,2651,2666,2661,2649,2699,2658,2695,2652,2648,2658,2701,2631,2703,2638,2705,2709,2640,2637,2690,2677,2637,2640,2690,2687,2648
766.146,2528.3,2535,2543,2529,2519,2507,2532,2516,2528,2517,2506,2555,2538,2522,2527,2532,2528,2520,2550,2495,2553,2489,2549,2553,2555,2541,2572,2465,2522,2504,2547
766.503,2301.0,2294,2293,2274,2282,2329,2316,2309,2298,2306,2335,2244,2293,2303,2346,2283,2313,2271,2285,2333,2272,2350,2335,2307,2312,2260,2282,2334,2273,2316,2282
766.860,2582.2,2577,2596,2615,2550,2597,2604,2620,2572,2591,2570,2526,2531,2602,2565,2593,2566,2596,2570,2600,2616,2580,2616,2581,2594,2548,2561,2585,2573,2573,2597
767.217,2541.7,2565,2521,2554,2521,2566,2553,2548,2536,2513,2585,2539,2544,2551,2509,2562,2580,2541,2520,2538,2539,2581,2548,2528,2519,2541,2541,2565,2514,2523,2505
767.574,2857.2,2850,2848,2844,2840,2867,2860,2861,2873,2920,2878,2808,2842,2882,2866,2896,2869,2822,2838,2889,2865,2886,2859,2844,2840,2886,2817,2816,2844,2863,2842
767.931,2337.0,2386,2330,2309,2363,2347,2297,2340,2379,2344,2369,2324,2356,2384,2386,2352,2348,2344,2370,2328,2338,2321,2333,2267,2331,2297,2344,2305,2292,2307,2320
768.288,2595.6,2616,2605,2669,2579,2615,2572,2558,2577,2591,2576,2578,2594,2592,2598,2561,2656,2607,2612,2584,2629,2572,2575,2556,2603,2621,2610,2630,2559,2561,2612
768.645,2248.4,2220,2227,2251,2296,2284,2239,2237,2251,2227,2204,2261,2226,2272,2271,2214,2276,2240,2266,2268,2232,2237,2228,2239,2246,2244,2283,2219,2271,2270,2252
769.002,2303.5,2320,2327,2289,2293,2330,2268,2300,2302,2311,2291,2307,2289,2286,2293,2296,2307,2357,2282,2307,2318,2317,2320,2332,2299,2304,2271,2293,2310,2325,2261
769.360,2410.7,2346,2432,2357,2408,2425,2435,2405,2421,2403,2411,2392,2441,2381,2411,2433,2404,2427,2406,2432,2421,2455,2413,2423,2403,2389,2376,2417,2382,2440,2432
769.717,2335.3,2341,2308,2361,2361,2353,2314,2332,2404,2322,2323,2341,2289,2360,2351,2304,2273,2328,2354,2291,2312,2373,2342,2354,2328,2345,2342,2338,2331,2348,2337
770.074,2329.6,2296,2316,2350,2317,2406,2353,2365,2302,2345,2305,2358,2312,2355,2329,2320,2319,2339,2331,2342,2337,2336,2304,2317,2303,2283,2293,2333,2306,2366,2351
770.431,2424.6,2401,2425,2410,2431,2440,2449,2425,2437,2436,2426,2438,2397,2400,2426,2412,2407,2427,2407,2475,2403,2415,2441,2437,2429,2420,2426,2422,2406,2444,2425
770.788,2262.5,2282,2243,2224,2268,2278,2250,2288,2249,2290,2218,2272,2234,2284,2280,2274,2294,2244,2280,2259,2303,2257,2266,2220,2255,2265,2262,2276,2256,2242,2263
771.145,2389.0,2409,2396,2353,2390,2398,2378,2411,2381,2393,2378,2398,2414,2388,2410,2391,2381,2432,2390,2379,2358,2381,2380,2406,2359,2399,2363,2383,2371,2402,2399
771.502,2438.7,2417,2437,2469,2445,2449,2448,2447,2439,2452,2452,2406,2386,2364,2467,2447,2435,2474,2395,2435,2447,2419,2480,2457,2476,2455,2453,2415,2467,2397,2432
771.860,2348.5,2353,2349,2355,2365,2382,2395,2377,2346,2352,2368,2344,2363,2349,2344,2355,2344,2329,2307,2345,2296,2361,2348,2338,2306,2376,2338,2325,2384,2320,2340
772.217,2394.9,2365,2397,2414,2427,2421,2392,2385,2387,2380,2376,2429,2394,2363,2449,2408,2387,2386,2421,2398,2376,2358,2393,2452,2372,2415,2373,2340,2393,2364,2432
772.574,2389.1,2411,2410,2396,2366,2399,2360,2384,2404,2403,2390,2367,2364,2388,2385,2436,2392,2396,2412,2419,2378,2390,2392,2362,2369,2369,2407,2362,2384,2367,2410
772.931,2495.8,2486,2493,2481,2525,2505,2498,2500,2477,2495,2522,2491,2495,2509,2469,2472,2503,2513,2485,2524,2479,2519,2527,2476,2508,2496,2495,2498,2490,2459,2483
773.289,2313.1,2338,2302,2292,2305,2323,2323,2314,2308,2306,2339,2289,2308,2326,2290,2323,2342,2313,2341,2350,2312,2308,2279,2312,2351,2314,2300,2319,2280,2312,2275
773.646,2322.3,2326,2332,2299,2328,2262,2312,2366,2355,2288,2342,2358,2293,2338,2307,2302,2315,2290,2340,2337,2336,2316,2316,2292,2307,2349,2301,2384,2321,2334,2324
774.003,2552.7,2546,2550,2545,2568,2549,2541,2568,2508,2585,2569,2568,2566,2548,2496,2533,2578,2555,2559,2554,2574,2577,2536,2548,2574,2552,2543,2516,2521,2572,2583
774.360,2353.5,2354,2304,2331,2389,2357,2334,2379,2361,2334,2330,2366,2338,2354,2341,2390,2355,2310,2385,2380,2379,2401,2376,2336,2376,2329,2361,2325,2340,2328,2363
774.718,2317.2,2336,2304,2331,2324,2286,2329,2283,2342,2317,2333,2299,2272,2311,2311,2320,2334,2320,2325,2290,2351,2309,2323,2313,2318,2347,2337,2316,2289,2284,2363
775.075,2391.4,2380,2394,2370,2408,2355,2403,2381,2407,2370,2416,2399,2416,2416,2372,2381,2406,2424,2375,2381,2430,2374,2383,2346,2433,2395,2402,2381,2390,2366,2388
775.432,2615.5,2635,2636,2645,2629,2579,2621,2591,2607,2598,2642,2593,2650,2601,2576,2608,2609,2619,2562,2618,2632,2599,2645,2656,2613,2632,2583,2617,2609,2645,2616
775.790,2399.4,2402,2436,2440,2391,2392,2368,2405,2412,2398,2400,2419,2387,2414,2358,2417,2403,2377,2422,2368,2440,2366,2413,2407,2392,2368,2367,2414,2430,2399,2376
776.147,2458.2,2506,2406,2478,2385,2415,2499,2460,2480,2462,2459,2484,2461,2450,2441,2465,2482,2441,2471,2441,2463,2454,2462,2484,2468,2450,2472,2471,2465,2461,2411
776.504,2279.2,2256,2291,2318,2285,2248,2276,2305,2289,2259,2268,2307,2286,2287,2252,2283,2267,2280,2309,2296,2280,2261,2249,2265,2239,2298,2293,2323,2274,2267,2266
776.862,2428.2,2440,2444,2438,2477,2387,2458,2461,2419,2411,2412,2401,2424,2461,2433,2429,2445,2402,2454,2408,2432,2453,2428,2433,2431,2427,2412,2415,2401,2416,2395
777.219,2379.4,2415,2379,2411,2372,2362,2415,2365,2414,2386,2388,2352,2358,2395,2372,2383,2361,2353,2386,2353,2382,2333,2388,2344,2365,2420,2399,2385,2381,2384,2382
777.577,2914.0,2904,2926,2915,2933,2904,2934,2898,2900,2936,2876,2880,2850,2919,2888,2948,2917,2915,2910,2938,2927,2923,2954,2952,2883,2911,2904,2932,2953,2914,2877
777.934,2804.9,2821,2814,2777,2774,2796,2832,2858,2809,2806,2782,2810,2794,2749,2781,2773,2799,2811,2788,2800,2819,2802,2819,2819,2835,2838,2788,2806,2860,2822,2764
778.291,2380.1,2397,2357,2393,2385,2366,2381,2363,2369,2402,2423,2403,2395,2403,2395,2373,2386,2387,2363,2422,2379,2396,2357,2377,2367,2366,2340,2369,2400,2353,2335
778.649,2289.9,2287,2263,2349,2300,2292,2306,2267,2302,2296,2282,2285,2324,2253,2296,2264,2285,2281,2300,2291,2290,2274,2311,2339,2310,2305,2268,2293,2275,2248,2262
779.006,2261.6,2236,2277,2310,2283,2246,2265,2237,2278,2242,2294,2269,2259,2250,2230,2272,2277,2271,2253,2278,2261,2226,2256,2242,2209,2299,2317,2259,2231,2251,2269
779.364,2305.9,2300,2283,2304,2278,2282,2287,2280,2311,2334,2328,2316,2326,2278,2331,2333,2270,2301,2302,2319,2336,2303,2293,2335,2281,2314,2328,2302,2344,2281,2298
779.721,2119.6,2103,2136,2146,2154,2136,2116,2098,2166,2128,2118,2091,2102,2108,2107,2129,2137,2086,2149,2104,2102,2122,2119,2117,2128,2106,2159,2104,2128,2091,2099
780.079,2178.8,2151,2168,2226,2200,2160,2175,2219,2194,2197,2165,2166,2145,2171,2208,2177,2212,2178,2169,2164,2158,2200,2182,2200,2174,2163,2160,2157,2184,2150,2192
780.436,2575.2,2562,2581,2518,2584,2572,2564,2609,2552,2593,2600,2570,2584,2594,2574,2603,2543,2557,2591,2578,2569,2614,2546,2599,2586,2547,2613,2550,2520,2600,2583
780.794,2276.0,2300,2303,2298,2313,2279,2300,2287,2298,2224,2255,2245,2291,2273,2293,2277,2264,2270,2289,2279,2269,2240,2241,2277,2286,2260,2329,2260,2238,2289,2252
781.151,2369.5,2336,2373,2364,2302,2374,2389,2424,2382,2380,2373,2342,2337,2332,2385,2342,2360,2361,2401,2378,2386,2379,2383,2361,2378,2374,2398,2401,2348,2365,2376
781.509,2308.1,2259,2287,2299,2276,2279,2331,2285,2300,2300,2315,2285,2332,2322,2328,2313,2323,2299,2307,2357,2303,2328,2289,2296,2338,2280,2323,2343,2348,2331,2266
781.867,2496.2,2509,2514,2477,2443,2497,2528,2475,2481,2487,2547,2510,2486,2514,2505,2487,2538,2464,2488,2502,2501,2462,2531,2480,2499,2502,2509,2532,2464,2482,2472
782.224,2623.9,2577,2632,2652,2645,2616,2616,2613,2689,2613,2635,2604,2616,2654,2639,2665,2589,2618,2609,2629,2629,2609,2640,2646,2611,2581,2616,2614,2645,2614,2600
782.582,2509.5,2482,2491,2478,2536,2544,2529,2508,2496,2538,2558,2512,2474,2530,2530,2519,2468,2464,2470,2518,2493,2524,2534,2547,2499,2492,2525,2512,2487,2538,2488
782.939,2380.7,2390,2385,2409,2364,2392,2373,2410,2380,2353,2386,2347,2356,2377,2397,2382,2377,2384,2360,2379,2404,2330,2375,2410,2391,2423,2392,2360,2346,2409,2379
783.297,2573.1,2531,2596,2567,2585,2557,2577,2622,2564,2573,2593,2566,2577,2568,2587,2586,2577,2577,2592,2548,2570,2565,2583,2586,2553,2578,2581,2543,2576,2559,2557
783.655,2187.8,2213,2203,2225,2206,2192,2200,2205,2179,2163,2180,2155,2133,2195,2167,2178,2212,2174,2160,2224,2189,2162,2201,2227,2221,2183,2152,2181,2161,2216,2177
784.012,2417.1,2395,2440,2411,2411,2398,2416,2416,2407,2412,2434,2431,2404,2387,2409,2446,2416,2387,2419,2442,2402,2433,2414,2403,2418,2429,2439,2479,2412,2354,2449
784.370,2399.8,2379,2429,2408,2371,2368,2425,2375,2416,2444,2394,2379,2386,2419,2450,2451,2378,2411,2404,2408,2362,2391,2389,2412,2392,2415,2379,2388,2416,2376,2378
784.728,2144.2,2156,2130,2129,2109,2168,2162,2175,2141,2127,2130,2177,2148,2170,2116,2139,2101,2103,2129,2212,2156,2134,2169,2174,2126,2139,2135,2158,2075,2166,2173
785.085,2504.5,2485,2464,2493,2486,2525,2529,2447,2508,2508,2491,2490,2532,2489,2512,2531,2529,2548,2527,2490,2525,2496,2484,2491,2506,2526,2496,2533,2473,2493,2527
785.443,2408.3,2428,2400,2393,2438,2439,2404,2399,2405,2408,2377,2419,2405,2378,2412,2410,2436,2419,2395,2440,2394,2421,2401,2389,2407,2393,2394,2443,2426,2373,2402
785.801,2477.1,2492,2469,2441,2463,2512,2473,2477,2536,2494,2457,2506,2482,2520,2488,2485,2456,2490,2512,2473,2482,2440,2462,2436,2440,2456,2432,2488,2469,2492,2491
786.158,2371.0,2382,2349,2413,2355,2352,2357,2380,2376,2400,2369,2343,2355,2322,2387,2393,2389,2366,2382,2344,2386,2363,2367,2353,2376,2381,2360,2383,2394,2361,2392
786.516,2403.7,2397,2381,2416,2411,2427,2390,2398,2415,2420,2395,2397,2345,2413,2388,2416,2405,2419,2420,2390,2410,2392,2379,2418,2412,2388,2424,2435,2397,2387,2426
786.874,2144.7,2181,2131,2178,2143,2152,2171,2131,2171,2159,2153,2139,2192,2149,2088,2110,2164,2117,2124,2121,2135,2149,2149,2148,2122,2139,2156,2114,2141,2155,2158
787.232,2066.0,2060,2050,2070,2066,2089,2097,2091,2044,2050,2087,2071,2060,2056,2057,2044,2091,2113,2068,2096,2057,2069,2054,2055,2033,2063,2064,2052,2083,2034,2057
787.589,2406.8,2415,2369,2394,2405,2428,2365,2433,2427,2389,2396,2407,2404,2377,2424,2406,2362,2415,2393,2422,2388,2408,2454,2427,2419,2409,2402,2450,2436,2391,2390
787.947,2538.3,2543,2526,2526,2550,2525,2563,2534,2536,2572,2522,2523,2531,2534,2539,2547,2558,2519,2525,2564,2524,2530,2586,2545,2513,2500,2501,2573,2564,2555,2522
788.305,2737.4,2752,2724,2699,2750,2785,2685,2721,2753,2760,2758,2733,2780,2741,2749,2787,2770,2717,2741,2742,2732,2719,2692,2706,2697,2737,2781,2730,2746,2710,2724
788.663,2049.7,2052,2039,2057,2083,2037,2053,2079,2075,2040,2052,2010,2075,2043,2019,2056,2055,2031,2028,2032,2079,2059,2037,2072,2060,2072,2045,2034,2053,2043,2020
789.021,2352.0,2371,2360,2347,2372,2324,2338,2337,2366,2357,2345,2341,2361,2351,2317,2343,2354,2328,2363,2370,2372,2362,2357,2320,2344,2379,2363,2362,2356,2378,2322
789.378,2450.6,2479,2454,2469,2491,2441,2459,2434,2481,2452,2482,2424,2431,2417,2440,2462,2420,2459,2461,2453,2449,2412,2426,2424,2477,2437,2448,2462,2436,2440,2499
789.736,2382.2,2351,2429,2418,2365,2408,2376,2401,2363,2389,2376,2370,2401,2359,2358,2354,2395,2370,2406,2350,2417,2382,2410,2337,2381,2406,2383,2427,2360,2394,2330
790.094,2519.7,2516,2494,2539,2506,2556,2517,2508,2580,2506,2490,2552,2553,2515,2490,2545,2484,2504,2554,2484,2532,2568,2481,2479,2499,2540,2522,2515,2504,2545,2514
790.452,2090.5,2073,2104,2124,2090,2053,2106,2089,2128,2103,2128,2038,2073,2106,2078,2105,2099,2055,2102,2110,2062,2115,2040,2089,2094,2092,2081,2094,2138,2088,2059
790.810,2286.5,2286,2267,2287,2298,2282,2283,2276,2287,2268,2267,2257,2282,2309,2277,2306,2300,2297,2291,2270,2298,2309,2338,2277,2288,2243,2279,2322,2263,2289,2299
791.168,2391.3,2384,2433,2400,2419,2378,2320,2401,2419,2393,2422,2388,2379,2400,2383,2340,2420,2389,2397,2388,2419,2404,2377,2361,2363,2366,2381,2418,2392,2376,2428
791.526,2111.4,2090,2091,2110,2120,2130,2105,2114,2163,2131,2088,2088,2096,2114,2120,2147,2097,2094,2153,2109,2115,2136,2117,2127,2110,2079,2159,2071,2081,2111,2076
791.884,2297.7,2318,2250,2313,2274,2290,2318,2296,2305,2306,2320,2299,2331,2318,2299,2300,2305,2273,2322,2293,2314,2249,2264,2312,2267,2297,2311,2319,2253,2296,2320
792.242,2150.8,2169,2155,2121,2174,2173,2162,2148,2136,2177,2185,2120,2155,2168,2143,2177,2147,2160,2145,2171,2136,2146,2124,2139,2125,2158,2171,2140,2152,2122,2125
792.600,2217.9,2232,2238,2200,2237,2217,2229,2207,2221,2186,2239,2230,2239,2229,2188,2220,2235,2249,2238,2222,2238,2205,2217,2214,2202,2197,2221,2202,2201,2185,2200
792.957,2368.8,2376,2389,2366,2356,2331,2355,2351,2386,2320,2380,2390,2364,2352,2352,2357,2344,2448,2363,2331,2381,2417,2347,2338,2379,2394,2388,2368,2367,2403,2371
793.315,2288.8,2267,2312,2261,2309,2315,2275,2296,2256,2250,2265,2245,2315,2328,2323,2308,2288,2328,2264,2304,2287,2276,2301,2320,2281,2283,2308,2236,2268,2300,2296
793.673,2380.8,2364,2424,2348,2385,2376,2375,2415,2362,2415,2390,2384,2350,2360,2351,2401,2359,2369,2414,2339,2426,2363,2366,2401,2374,2370,2370,2376,2388,2395,2415
794.031,2504.4,2502,2509,2502,2526,2466,2524,2526,2507,2543,2511,2456,2470,2517,2521,2493,2473,2493,2507,2460,2520,2528,2554,2533,2502,2541,2494,2489,2474,2493,2499
794.389,2385.6,2433,2365,2354,2373,2405,2392,2369,2399,2369,2415,2400,2362,2407,2371,2393,2403,2389,2370,2369,2416,2381,2380,2428,2351,2353,2406,2385,2396,2349,2386
794.747,1917.2,1903,1937,1939,1937,1922,1923,1916,1903,1930,1895,1894,1902,1910,1909,1944,1912,1942,1912,1915,1919,1942,1913,1939,1901,1919,1886,1921,1917,1896,1918
795.105,2358.0,2320,2351,2333,2402,2332,2338,2344,2370,2354,2421,2377,2313,2393,2362,2376,2382,2368,2353,2342,2370,2346,2327,2356,2386,2344,2366,2342,2331,2356,2384
795.464,2198.2,2177,2175,2187,2205,2221,2186,2218,2219,2207,2195,2186,2194,2193,2189,2182,2211,2199,2206,2155,2208,2176,2208,2202,2158,2225,2223,2192,2225,2206,2218
795.822,2305.8,2315,2316,2284,2320,2314,2320,2325,2269,2313,2268,2297,2311,2289,2324,2299,2308,2294,2314,2329,2272,2268,2310,2300,2363,2294,2301,2340,2317,2315,2285
796.180,2269.7,2275,2252,2267,2282,2231,2245,2301,2297,2274,2226,2301,2265,2296,2252,2276,2257,2273,2283,2285,2291,2280,2278,2248,2280,2268,2283,2271,2261,2224,2268
796.538,2417.8,2396,2398,2428,2427,2412,2436,2406,2389,2416,2410,2400,2448,2430,2448,2430,2381,2409,2429,2405,2379,2470,2400,2413,2404,2458,2430,2411,2481,2400,2389
796.896,2327.9,2304,2312,2317,2373,2338,2345,2305,2262,2354,2323,2312,2326,2344,2369,2337,2312,2354,2320,2285,2311,2326,2298,2344,2333,2352,2322,2341,2322,2346,2350
797.254,2283.9,2314,2245,2238,2294,2306,2278,2280,2285,2285,2296,2282,2291,2296,2307,2269,2298,2270,2246,2319,2271,2323,2248,2270,2271,2279,2271,2269,2292,2318,2307
797.612,2358.8,2374,2356,2392,2338,2363,2394,2356,2386,2358,2321,2317,2374,2336,2401,2333,2333,2351,2384,2392,2362,2408,2396,2364,2353,2329,2337,2327,2360,2333,2337
797.970,2199.9,2192,2189,2223,2206,2235,2194,2206,2232,2173,2176,2182,2234,2197,2200,2153,2197,2201,2221,2189,2224,2200,2222,2193,2183,2175,2174,2211,2205,2213,2196
798.328,2229.2,2232,2216,2295,2244,2260,2238,2217,2204,2252,2171,2217,2209,2246,2236,2246,2253,2232,2222,2248,2228,2232,2236,2192,2223,2248,2211,2240,2201,2196,2231
798.686,2336.8,2351,2361,2326,2339,2340,2352,2360,2330,2351,2334,2303,2308,2350,2326,2346,2323,2338,2372,2376,2314,2344,2342,2324,2334,2328,2318,2285,2365,2348,2317
799.045,2314.0,2359,2347,2312,2346,2301,2329,2320,2288,2281,2300,2296,2325,2366,2311,2318,2315,2303,2333,2327,2310,2309,2292,2280,2297,2301,2290,2323,2348,2286,2307
799.403,2206.8,2200,2242,2232,2175,2216,2184,2198,2220,2198,2259,2203,2179,2210,2175,2204,2227,2177,2241,2186,2193,2213,2203,2211,2232,2219,2200,2203,2208,2168,2228
799.761,2560.6,2543,2528,2539,2545,2535,2600,2550,2595,2577,2537,2540,2580,2558,2575,2563,2523,2528,2569,2549,2595,2550,2516,2574,2579,2596,2529,2608,2558,2577,2601
800.119,2508.3,2450,2492,2514,2512,2491,2491,2509,2536,2487,2527,2539,2455,2467,2548,2519,2542,2538,2529,2503,2526,2572,2493,2514,2501,2509,2493,2500,2493,2513,2487
800.477,3087.3,3060,3090,3086,3087,3061,3097,3100,3069,3064,3053,3109,3089,3097,3072,3064,3081,3119,3092,3113,3107,3084,3058,3085,3112,3119,3071,3100,3072,3122,3087
800.836,2535.1,2511,2497,2504,2555,2502,2522,2575,2572,2526,2518,2554,2518,2557,2546,2549,2547,2558,2539,2574,2587,2513,2515,2550,2528,2508,2520,2566,2494,2539,2508
801.194,2343.3,2326,2349,2347,2334,2336,2338,2335,2380,2348,2328,2351,2385,2331,2336,2360,2356,2314,2347,2340,2344,2352,2340,2319,2282,2337,2398,2364,2374,2310,2337
801.552,2603.7,2603,2633,2565,2585,2594,2605,2633,2620,2612,2634,2639,2583,2571,2553,2601,2615,2603,2636,2552,2573,2621,2623,2604,2572,2594,2593,2618,2623,2641,2612
801.910,2570.2,2551,2586,2590,2580,2594,2561,2547,2548,2568,2576,2590,2509,2554,2601,2586,2587,2576,2605,2562,2520,2536,2573,2560,2573,2589,2600,2600,2596,2569,2519
802.269,2415.9,2408,2441,2443,2421,2417,2396,2422,2452,2402,2398,2406,2396,2375,2489,2456,2403,2413,2396,2395,2392,2406,2410,2403,2443,2453,2392,2400,2392,2419,2437
802.627,2557.8,2567,2546,2561,2558,2572,2571,2550,2548,2582,2558,2501,2592,2515,2543,2517,2530,2557,2531,2558,2568,2568,2573,2593,2567,2543,2593,2568,2580,2545,2579
802.985,2292.1,2279,2234,2294,2274,2293,2337,2291,2297,2310,2263,2235,2302,2281,2275,2352,2318,2280,2254,2312,2313,2281,2279,2304,2300,2315,2274,2305,2309,2318,2283
803.344,2165.3,2156,2150,2145,2228,2147,2152,2166,2122,2174,2175,2171,2190,2139,2169,2186,2120,2163,2178,2153,2177,2168,2185,2159,2189,2189,2200,2129,2153,2162,2164
803.702,2206.6,2220,2216,2209,2230,2216,2174,2192,2172,2224,2193,2182,2220,2206,2243,2196,2206,2236,2158,2169,2213,2204,2208,2227,2264,2195,2214,2235,2195,2192,2188
804.060,2305.1,2294,2343,2292,2316,2331,2302,2346,2305,2270,2331,2291,2376,2299,2262,2292,2277,2274,2319,2285,2274,2318,2308,2302,2292,2317,2316,2297,2301,2315,2309
804.419,2306.6,2334,2274,2312,2327,2314,2299,2317,2311,2300,2323,2296,2314,2349,2325,2292,2310,2345,2294,2314,2309,2328,2274,2292,2283,2344,2272,2267,2260,2300,2319
804.777,2591.8,2593,2573,2609,2564,2564,2618,2602,2627,2610,2588,2573,2571,2587,2576,2547,2594,2601,2625,2575,2558,2631,2624,2560,2595,2624,2606,2531,2579,2602,2648
805.135,2157.4,2203,2180,2134,2132,2127,2201,2176,2164,2168,2127,2188,2139,2166,2171,2156,2141,2127,2193,2161,2140,2158,2170,2180,2152,2132,2158,2161,2161,2149,2108
805.494,2462.2,2471,2470,2418,2450,2460,2497,2487,2500,2485,2452,2440,2468,2515,2474,2462,2462,2473,2463,2432,2443,2437,2439,2453,2438,2442,2445,2474,2459,2496,2460
805.852,2354.7,2382,2336,2376,2329,2340,2349,2346,2360,2378,2331,2382,2312,2355,2370,2292,2375,2380,2355,2379,2377,2389,2382,2360,2360,2300,2330,2390,2345,2317,2364
806.210,2441.8,2397,2449,2438,2434,2449,2478,2449,2415,2438,2431,2448,2464,2456,2432,2392,2465,2474,2456,2451,2419,2476,2423,2453,2393,2462,2419,2441,2466,2460,2425
806.569,2573.5,2589,2561,2590,2591,2549,2555,2552,2594,2538,2536,2577,2597,2564,2556,2532,2587,2571,2596,2588,2567,2569,2564,2594,2603,2595,2577,2596,2602,2555,2560
806.927,2357.9,2372,2381,2320,2389,2329,2343,2384,2361,2355,2377,2387,2366,2342,2387,2290,2341,2326,2365,2370,2348,2344,2340,2341,2360,2369,2394,2412,2374,2337,2334
807.286,2079.4,2025,2073,2106,2107,2088,2051,2099,2099,2101,2082,2102,2083,2069,2058,2058,2095,2048,2056,2079,2131,2085,2070,2087,2058,2068,2111,2072,2071,2037,2114
807.644,2282.7,2310,2280,2259,2309,2261,2287,2298,2259,2250,2263,2294,2312,2291,2313,2262,2238,2291,2265,2280,2264,2307,2268,2315,2297,2251,2312,2289,2249,2326,2281
808.003,2297.4,2314,2261,2308,2278,2342,2308,2311,2296,2276,2273,2319,2386,2291,2260,2270,2297,2328,2302,2269,2320,2297,2335,2287,2266,2262,2255,2318,2290,2301,2301
808.361,2812.8,2800,2783,2752,2827,2772,2811,2829,2871,2824,2786,2831,2820,2783,2824,2766,2840,2839,2805,2849,2812,2790,2811,2834,2822,2840,2775,2814,2857,2796,2822
808.720,2021.8,2038,2004,1966,1998,2053,2036,2063,2026,2001,2033,2028,2041,2056,2038,2005,2014,2010,2029,2018,2018,2010,2009,2036,2001,1972,2019,2046,2036,2020,2030
809.078,2155.7,2130,2174,2157,2157,2141,2146,2172,2166,2141,2135,2137,2149,2198,2163,2159,2151,2176,2143,2153,2166,2150,2173,2180,2139,2157,2139,2150,2178,2124,2168
809.437,2252.7,2225,2228,2254,2248,2266,2259,2247,2261,2220,2224,2267,2273,2243,2301,2221,2286,2271,2288,2261,2270,2245,2259,2252,2285,2241,2219,2254,2237,2203,2273
809.795,2296.8,2298,2327,2279,2286,2268,2319,2260,2289,2299,2274,2292,2310,2287,2319,2239,2337,2319,2286,2316,2301,2293,2320,2336,2338,2306,2313,2264,2273,2272,2283
810.154,2558.9,2563,2554,2585,2544,2580,2540,2551,2538,2543,2568,2550,2545,2561,2570,2568,2587,2571,2593,2570,2569,2541,2562,2603,2560,2544,2565,2565,2501,2542,2535
810.512,2244.2,2224,2268,2186,2205,2214,2245,2245,2248,2237,2249,2228,2259,2252,2239,2255,2241,2262,2241,2239,2292,2286,2244,2238,2243,2242,2224,2258,2244,2224,2293
810.871,2285.1,2301,2272,2288,2318,2267,2325,2245,2328,2260,2237,2286,2267,2236,2297,2281,2298,2276,2331,2280,2290,2256,2294,2345,2277,2282,2290,2272,2294,2267,2292
811.229,2305.6,2291,2324,2333,2294,2274,2301,2303,2330,2297,2321,2312,2297,2358,2296,2271,2284,2320,2321,2360,2293,2298,2284,2283,2283,2343,2274,2313,2334,2296,2280
811.588,2264.7,2264,2321,2259,2273,2266,2256,2291,2281,2270,2262,2240,2235,2268,2274,2264,2301,2230,2312,2233,2264,2234,2290,2262,2248,2248,2243,2246,2260,2259,2286
811.946,2505.5,2553,2465,2486,2499,2504,2505,2496,2544,2493,2531,2525,2481,2545,2501,2509,2525,2496,2528,2523,2457,2522,2499,2489,2496,2478,2525,2554,2488,2454,2493
812.305,2414.0,2437,2411,2419,2370,2428,2437,2412,2441,2403,2410,2387,2434,2432,2463,2405,2421,2389,2397,2401,2408,2429,2421,2409,2392,2413,2397,2414,2412,2425,2402
812.664,2186.4,2177,2207,2197,2204,2221,2152,2196,2148,2186,2186,2235,2164,2227,2179,2182,2189,2171,2183,2177,2200,2173,2158,2198,2163,2205,2171,2187,2201,2195,2159
813.022,2317.0,2302,2312,2329,2348,2324,2309,2253,2290,2319,2344,2317,2290,2310,2341,2320,2351,2292,2309,2312,2336,2355,2333,2340,2316,2349,2281,2293,2313,2294,2327
813.381,2218.7,2222,2251,2208,2228,2192,2226,2234,2251,2225,2216,2204,2234,2222,2214,2202,2202,2202,2209,2212,2214,2224,2224,2227,2218,2209,2267,2224,2218,2150,2233
813.739,2474.1,2461,2450,2500,2501,2483,2486,2504,2438,2469,2471,2504,2502,2476,2422,2453,2512,2464,2464,2428,2499,2468,2491,2491,2479,2456,2443,2482,2455,2494,2477
814.098,2390.6,2379,2369,2393,2390,2378,2413,2392,2405,2412,2346,2406,2427,2395,2417,2368,2406,2397,2383,2424,2394,2337,2353,2402,2419,2381,2408,2408,2348,2359,2410
814.457,2421.2,2443,2468,2384,2434,2397,2400,2376,2437,2388,2446,2429,2380,2425,2445,2416,2399,2422,2413,2420,2441,2456,2435,2401,2375,2449,2446,2425,2424,2438,2423
814.815,2196.9,2207,2222,2159,2181,2219,2213,2212,2234,2171,2198,2185,2187,2176,2198,2171,2209,2225,2195,2202,2208,2214,2198,2198,2179,2200,2164,2186,2217,2179,2201
815.174,2330.0,2326,2290,2334,2309,2329,2362,2309,2341,2343,2334,2348,2351,2383,2379,2360,2301,2300,2298,2316,2348,2293,2305,2338,2356,2334,2316,2311,2332,2327,2326
815.533,2336.2,2335,2358,2327,2313,2333,2348,2354,2337,2309,2347,2337,2332,2315,2360,2324,2321,2341,2347,2367,2345,2284,2312,2371,2358,2333,2342,2318,2334,2345,2339
815.891,2375.9,2376,2357,2354,2380,2341,2369,2375,2392,2348,2373,2392,2368,2347,2377,2397,2376,2389,2387,2423,2389,2410,2329,2410,2378,2377,2390,2386,2362,2356,2370
816.250,2474.3,2481,2444,2508,2445,2467,2453,2515,2485,2521,2474,2486,2473,2422,2486,2491,2472,2488,2486,2476,2469,2450,2493,2446,2460,2458,2457,2508,2449,2473,2492
816.609,2180.7,2194,2205,2186,2157,2164,2177,2181,2160,2156,2182,2180,2198,2182,2170,2188,2185,2174,2189,2204,2177,2170,2175,2197,2156,2203,2184,2168,2190,2192,2176
816.968,2574.7,2564,2599,2581,2552,2606,2608,2589,2550,2553,2609,2518,2537,2537,2581,2556,2584,2569,2544,2630,2549,2582,2576,2580,2563,2580,2607,2621,2555,2574,2587
817.326,2468.6,2478,2470,2482,2466,2439,2480,2446,2464,2490,2501,2476,2460,2457,2457,2472,2493,2480,2472,2495,2456,2488,2456,2436,2436,2482,2476,2469,2454,2471,2455
817.685,2015.1,2027,1990,1969,2038,2012,2067,1999,2026,2033,2009,2049,2016,1990,1998,2042,2038,2015,2017,2008,2014,1973,2018,2024,1985,2002,2015,2039,2009,2005,2027
818.044,2610.0,2622,2658,2575,2602,2604,2586,2649,2640,2621,2606,2650,2559,2617,2581,2586,2597,2655,2618,2555,2582,2614,2591,2595,2652,2663,2606,2603,2598,2608,2607
818.403,2422.3,2370,2413,2452,2404,2436,2400,2418,2445,2439,2428,2455,2437,2419,2463,2433,2440,2398,2408,2482,2398,2393,2401,2423,2410,2427,2449,2377,2438,2402,2411
818.761,1919.8,1963,1908,1894,1918,1944,1942,1904,1900,1931,1889,1907,1948,1919,1889,1922,1896,1936,1922,1918,1931,1909,1912,1918,1890,1914,1937,1920,1934,1932,1948
819.120,2289.9,2325,2285,2305,2324,2276,2276,2252,2255,2283,2332,2274,2279,2293,2289,2289,2275,2262,2277,2284,2295,2280,2304,2368,2300,2303,2252,2312,2278,2287,2282
819.479,2370.5,2353,2374,2400,2384,2306,2344,2359,2417,2375,2342,2371,2380,2363,2383,2348,2355,2392,2344,2392,2359,2393,2388,2364,2363,2384,2378,2378,2393,2356,2376
819.838,2318.3,2318,2309,2335,2300,2339,2330,2353,2320,2335,2285,2298,2305,2325,2335,2312,2347,2313,2280,2308,2319,2306,2322,2324,2333,2345,2326,2295,2307,2333,2291
820.197,2277.2,2257,2283,2285,2278,2258,2285,2280,2249,2298,2277,2253,2296,2272,2303,2274,2288,2255,2257,2268,2290,2268,2291,2333,2272,2252,2285,2285,2276,2299,2250
820.556,2398.9,2400,2394,2424,2434,2397,2398,2421,2359,2383,2402,2468,2383,2420,2413,2373,2397,2415,2429,2382,2419,2383,2382,2426,2381,2380,2409,2362,2387,2367,2378
820.914,2340.9,2345,2345,2350,2343,2347,2354,2386,2344,2317,2318,2356,2344,2324,2346,2331,2304,2378,2327,2344,2344,2310,2376,2374,2333,2318,2316,2314,2368,2332,2339
821.273,2157.9,2182,2147,2144,2209,2155,2149,2165,2186,2174,2097,2197,2149,2145,2159,2138,2142,2200,2115,2142,2148,2184,2116,2188,2155,2186,2187,2114,2152,2121,2190
821.632,2216.9,2200,2204,2245,2200,2193,2224,2191,2249,2222,2238,2243,2239,2217,2237,2189,2192,2216,2153,2235,2249,2244,2243,2190,2223,2224,2219,2249,2180,2211,2187
821.991,2287.1,2322,2270,2298,2282,2296,2288,2281,2285,2259,2301,2292,2296,2281,2274,2297,2314,2252,2272,2280,2273,2299,2266,2320,2307,2257,2290,2283,2293,2298,2286
822.350,2154.4,2175,2153,2156,2145,2158,2176,2145,2133,2161,2162,2152,2184,2161,2134,2159,2127,2127,2133,2195,2176,2149,2128,2147,2160,2158,2165,2153,2158,2165,2136
822.709,2323.0,2352,2338,2303,2302,2319,2321,2332,2325,2317,2313,2354,2294,2350,2347,2292,2314,2324,2346,2317,2358,2340,2280,2285,2289,2328,2299,2369,2316,2335,2330
823.068,2744.3,2712,2754,2739,2736,2762,2736,2754,2742,2700,2752,2752,2743,2710,2723,2744,2768,2729,2758,2719,2740,2761,2757,2772,2715,2766,2749,2781,2764,2765,2726
823.427,2235.8,2230,2287,2255,2188,2233,2233,2165,2248,2235,2226,2249,2229,2246,2219,2243,2216,2263,2246,2242,2258,2236,2226,2214,2255,2235,2218,2252,2243,2240,2244
823.786,2699.2,2722,2704,2717,2719,2685,2713,2708,2691,2730,2657,2688,2707,2714,2705,2724,2666,2696,2699,2698,2699,2664,2694,2697,2648,2699,2742,2701,2684,2701,2705
824.144,2348.3,2365,2352,2341,2331,2385,2362,2317,2337,2342,2348,2352,2326,2317,2372,2324,2365,2343,2310,2376,2345,2344,2323,2362,2384,2345,2355,2363,2365,2355,2342
824.503,2556.0,2505,2561,2514,2572,2535,2565,2552,2547,2554,2499,2570,2532,2546,2598,2621,2585,2513,2590,2558,2587,2547,2548,2559,2534,2591,2531,2593,2573,2549,2552
824.862,2224.1,2208,2184,2261,2218,2256,2242,2222,2228,2238,2218,2198,2194,2240,2251,2221,2202,2215,2214,2232,2225,2216,2223,2239,2221,2195,2269,2249,2192,2225,2228
825.221,2727.6,2712,2754,2757,2760,2733,2743,2717,2700,2758,2699,2662,2734,2701,2734,2736,2746,2713,2724,2727,2736,2708,2734,2706,2748,2721,2710,2744,2723,2761,2728
825.580,2393.7,2396,2382,2405,2422,2380,2345,2424,2387,2400,2404,2421,2363,2397,2404,2403,2424,2374,2380,2393,2393,2369,2401,2376,2415,2342,2432,2405,2410,2390,2375
825.939,2506.9,2491,2518,2489,2469,2497,2526,2472,2522,2548,2515,2524,2522,2534,2553,2509,2537,2506,2472,2503,2479,2523,2520,2487,2477,2496,2488,2520,2525,2518,2468
826.298,2564.1,2573,2564,2541,2586,2574,2572,2574,2550,2598,2523,2546,2543,2555,2565,2566,2569,2570,2588,2559,2551,2541,2581,2563,2550,2532,2581,2574,2575,2544,2616
826.657,2744.3,2759,2761,2750,2736,2759,2744,2731,2745,2763,2758,2723,2747,2766,2708,2766,2750,2775,2773,2698,2756,2719,2732,2754,2748,2730,2737,2731,2733,2719,2758
827.016,2337.6,2344,2325,2363,2319,2325,2301,2367,2414,2331,2366,2315,2345,2321,2344,2346,2355,2337,2346,2320,2338,2277,2328,2384,2346,2319,2312,2326,2299,2386,2330
827.375,2493.8,2470,2492,2514,2476,2468,2510,2511,2480,2467,2451,2512,2507,2520,2535,2495,2478,2484,2529,2456,2503,2472,2544,2488,2485,2502,2453,2484,2524,2479,2525
827.734,2313.4,2343,2288,2346,2295,2299,2288,2296,2309,2360,2328,2346,2276,2283,2311,2349,2276,2296,2347,2290,2343,2310,2296,2338,2341,2296,2294,2282,2318,2342,2316
828.093,2295.5,2287,2276,2296,2272,2301,2284,2263,2310,2287,2275,2286,2309,2264,2319,2268,2306,2281,2365,2302,2273,2285,2314,2330,2319,2332,2313,2298,2298,2275,2277
828.453,2351.1,2342,2332,2358,2325,2356,2380,2339,2378,2347,2342,2309,2328,2362,2327,2308,2372,2344,2330,2344,2344,2372,2386,2357,2341,2378,2422,2354,2365,2355,2337
828.812,2322.4,2342,2340,2344,2338,2320,2314,2322,2313,2355,2311,2339,2280,2324,2310,2316,2307,2381,2322,2309,2319,2356,2320,2319,2312,2312,2343,2308,2310,2266,2321
829.171,2579.9,2554,2568,2549,2565,2605,2580,2544,2592,2593,2608,2577,2579,2610,2590,2629,2566,2563,2558,2580,2566,2569,2600,2556,2594,2625,2583,2577,2571,2560,2587
829.530,2096.6,2092,2106,2112,2068,2074,2100,2087,2128,2131,2109,2052,2097,2063,2069,2086,2061,2101,2121,2140,2086,2116,2126,2120,2099,2067,2116,2062,2109,2083,2118
829.889,2350.9,2360,2377,2336,2361,2360,2322,2346,2410,2353,2333,2347,2326,2389,2320,2368,2364,2344,2353,2355,2357,2313,2326,2387,2344,2369,2333,2355,2311,2366,2343
830.248,2188.3,2185,2186,2184,2194,2169,2188,2164,2214,2171,2169,2139,2152,2208,2177,2223,2179,2196,2173,2163,2209,2197,2223,2210,2169,2193,2222,2175,2232,2168,2218
830.607,2131.5,2102,2137,2143,2107,2172,2116,2127,2165,2143,2125,2089,2111,2123,2166,2179,2153,2102,2106,2101,2110,2143,2155,2099,2134,2157,2120,2137,2163,2128,2131
830.966,2223.5,2229,2226,2251,2203,2206,2214,2265,2260,2233,2236,2195,2193,2203,2232,2225,2234,2216,2211,2250,2227,2208,2216,2217,2186,2272,2242,2223,2210,2210,2213
831.325,1825.9,1801,1868,1823,1816,1806,1808,1836,1840,1818,1839,1800,1797,1822,1841,1850,1824,1842,1793,1808,1830,1798,1839,1833,1812,1849,1841,1839,1814,1846,1845
831.685,2566.2,2563,2549,2644,2544,2569,2574,2557,2560,2545,2605,2523,2501,2518,2578,2605,2532,2593,2563,2578,2598,2579,2533,2593,2561,2545,2592,2549,2582,2547,2605
832.044,2416.8,2424,2425,2385,2430,2419,2398,2426,2405,2401,2396,2453,2391,2416,2439,2476,2421,2401,2428,2453,2384,2411,2351,2438,2393,2414,2437,2415,2423,2424,2426
832.403,2842.2,2821,2873,2868,2869,2846,2840,2861,2828,2846,2860,2820,2812,2856,2833,2798,2890,2870,2863,2842,2844,2828,2805,2829,2867,2854,2823,2842,2825,2833,2821
832.762,2374.7,2347,2392,2371,2342,2355,2384,2390,2412,2413,2387,2362,2364,2409,2363,2360,2398,2371,2446,2364,2357,2392,2346,2363,2361,2365,2382,2385,2389,2348,2323
833.121,2350.3,2336,2319,2358,2363,2376,2306,2366,2331,2343,2357,2352,2313,2387,2345,2347,2360,2379,2338,2370,2339,2337,2357,2363,2373,2327,2344,2347,2371,2355,2351
833.480,2115.9,2118,2104,2099,2129,2127,2137,2120,2083,2134,2049,2106,2129,2100,2114,2134,2079,2145,2130,2125,2127,2108,2082,2131,2112,2145,2129,2068,2128,2145,2139
833.840,2206.0,2178,2254,2238,2185,2223,2204,2217,2225,2149,2230,2202,2178,2172,2217,2194,2250,2213,2201,2236,2231,2205,2170,2193,2202,2233,2232,2173,2204,2188,2184
834.199,2180.9,2138,2184,2222,2221,2178,2202,2198,2142,2185,2199,2169,2162,2206,2210,2204,2200,2185,2188,2166,2207,2176,2169,2165,2163,2180,2127,2184,2168,2159,2171
834.558,2270.7,2317,2240,2264,2290,2293,2288,2248,2283,2281,2238,2258,2249,2302,2255,2273,2253,2277,2259,2291,2291,2255,2282,2288,2302,2295,2267,2196,2227,2287,2271
834.917,2208.2,2159,2187,2196,2245,2215,2259,2202,2230,2186,2245,2218,2233,2241,2244,2195,2220,2205,2211,2172,2194,2219,2180,2176,2186,2196,2192,2184,2188,2230,2237
835.277,2471.7,2417,2432,2473,2496,2440,2522,2481,2484,2474,2493,2468,2476,2473,2464,2477,2460,2456,2432,2473,2460,2467,2486,2456,2456,2477,2484,2488,2500,2476,2511
835.636,2194.0,2179,2172,2178,2200,2193,2226,2185,2196,2229,2218,2183,2186,2204,2196,2182,2174,2169,2179,2172,2203,2218,2191,2212,2194,2200,2245,2180,2156,2193,2206
835.995,2339.7,2308,2357,2296,2314,2362,2329,2389,2333,2369,2320,2329,2337,2349,2319,2377,2345,2301,2328,2354,2355,2314,2312,2376,2332,2337,2330,2377,2335,2385,2323
836.354,2143.6,2173,2133,2152,2159,2148,2151,2117,2110,2138,2109,2168,2154,2149,2150,2164,2076,2164,2184,2135,2172,2099,2146,2137,2155,2171,2143,2159,2127,2147,2118
836.714,2144.2,2132,2155,2150,2152,2149,2121,2122,2181,2134,2173,2149,2154,2165,2173,2145,2085,2147,2081,2128,2172,2191,2126,2138,2147,2166,2125,2144,2162,2126,2133
837.073,2113.6,2115,2130,2114,2121,2132,2123,2110,2090,2100,2161,2096,2114,2094,2168,2102,2097,2080,2101,2099,2119,2104,2102,2139,2121,2111,2090,2137,2105,2124,2110
837.432,2380.9,2339,2381,2364,2361,2379,2383,2390,2385,2405,2428,2406,2344,2398,2341,2369,2411,2384,2392,2373,2385,2340,2380,2390,2410,2351,2414,2366,2413,2373,2373
837.792,2464.2,2475,2496,2437,2465,2472,2454,2459,2461,2448,2446,2468,2500,2446,2428,2437,2443,2472,2426,2440,2504,2497,2469,2506,2429,2498,2489,2474,2487,2460,2441
838.151,2034.3,2047,2020,2045,2043,2048,2043,2042,2035,2052,2028,2042,2030,2030,2005,2049,2047,2020,2010,2016,2007,2021,2011,2063,2047,2022,2056,2042,2021,2044,2043
838.510,2212.9,2179,2206,2218,2195,2223,2205,2198,2195,2224,2212,2206,2232,2225,2206,2196,2220,2181,2221,2210,2181,2202,2243,2182,2254,2246,2244,2218,2240,2225,2200
838.870,2309.6,2275,2304,2288,2307,2298,2348,2362,2311,2337,2324,2296,2323,2326,2327,2303,2293,2315,2312,2287,2315,2306,2281,2296,2305,2310,2320,2314,2304,2300,2302
839.229,2210.7,2211,2197,2244,2223,2200,2224,2205,2188,2166,2231,2198,2223,2218,2171,2187,2252,2197,2229,2216,2221,2221,2213,2194,2207,2220,2231,2209,2228,2193,2205
839.588,2201.2,2275,2198,2205,2185,2193,2172,2193,2189,2166,2202,2228,2204,2225,2197,2214,2204,2174,2196,2193,2180,2229,2222,2193,2169,2196,2188,2179,2230,2225,2211
839.948,2265.3,2267,2263,2235,2311,2245,2243,2272,2280,2270,2280,2288,2274,2275,2241,2238,2279,2272,2253,2267,2280,2267,2240,2294,2249,2264,2248,2296,2252,2271,2244
840.307,2138.2,2146,2211,2134,2117,2110,2155,2127,2189,2126,2145,2159,2120,2154,2111,2128,2107,2173,2152,2139,2158,2126,2139,2118,2141,2112,2133,2128,2136,2129,2123
840.666,2133.5,2114,2160,2162,2128,2109,2120,2118,2149,2120,2153,2161,2107,2159,2159,2118,2143,2120,2108,2120,2158,2164,2131,2147,2144,2128,2161,2110,2115,2106,2113
841.026,2013.0,2007,1998,2030,2032,2002,2040,2030,2023,1987,2056,2013,2047,2010,1995,2041,2034,1954,2017,1988,2022,1970,2034,1994,2016,2012,1988,2023,2008,1980,2040
841.385,2108.3,2132,2067,2122,2114,2150,2092,2112,2113,2122,2128,2133,2072,2126,2084,2137,2158,2106,2070,2128,2081,2065,2082,2101,2117,2133,2157,2099,2074,2102,2072
841.745,2282.1,2278,2297,2299,2300,2280,2285,2298,2264,2271,2256,2278,2304,2351,2288,2245,2266,2274,2291,2282,2274,2260,2256,2271,2297,2264,2296,2295,2293,2271,2279
842.104,2266.9,2281,2264,2301,2246,2275,2264,2311,2257,2245,2281,2250,2252,2264,2242,2253,2288,2232,2274,2218,2255,2285,2278,2307,2268,2247,2264,2322,2292,2262,2229
842.463,2127.8,2116,2122,2110,2182,2117,2094,2142,2150,2096,2173,2176,2114,2121,2149,2083,2133,2085,2117,2099,2140,2139,2137,2104,2156,2137,2143,2132,2144,2096,2126
842.823,1844.4,1845,1827,1813,1865,1851,1844,1865,1843,1869,1853,1887,1818,1841,1858,1834,1860,1840,1863,1832,1819,1833,1818,1814,1853,1816,1831,1864,1868,1845,1863
843.182,2266.4,2272,2280,2285,2312,2252,2257,2196,2284,2227,2272,2274,2254,2282,2313,2248,2275,2220,2284,2266,2275,2230,2291,2261,2246,2272,2275,2270,2293,2247,2278
843.542,2149.9,2162,2153,2171,2129,2145,2155,2127,2142,2149,2171,2107,2148,2164,2119,2182,2119,2127,2151,2127,2165,2123,2165,2145,2168,2165,2199,2193,2146,2147,2133
843.901,2117.7,2147,2137,2137,2116,2137,2137,2110,2072,2144,2105,2128,2138,2152,2103,2105,2104,2112,2124,2106,2072,2111,2111,2077,2104,2115,2120,2112,2122,2145,2128
844.261,2032.9,2014,2024,2039,2031,2027,2040,2033,2032,2026,2021,2066,2048,2069,2041,2086,2021,2016,2053,2043,1986,2042,2028,2046,2023,2037,2031,2010,2016,1987,2050
844.620,1988.7,1966,1997,1980,1989,1978,1964,2031,1997,1982,1952,2021,2019,1971,1933,1988,2012,2016,1944,2011,1992,1986,1999,2000,1995,1978,2018,1977,1992,1985,1988
844.980,2070.4,2068,2071,2054,2077,2088,2028,2089,2070,2088,2098,2083,2044,2086,2080,2068,2072,2038,2037,2088,2050,2080,2101,2052,2077,2074,2064,2084,2089,2047,2068
845.339,2573.5,2565,2606,2521,2574,2580,2568,2548,2562,2584,2594,2593,2570,2594,2589,2584,2577,2572,2555,2572,2525,2579,2556,2607,2587,2560,2553,2578,2564,2585,2603
845.699,1800.3,1778,1818,1795,1792,1826,1804,1791,1772,1825,1791,1823,1809,1797,1821,1766,1832,1792,1801,1793,1792,1811,1813,1806,1807,1785,1790,1821,1800,1790,1769
846.058,2020.4,1961,2037,2005,2036,2027,1973,2062,2050,2036,2044,2019,2018,2010,1993,2031,2015,2037,2028,2009,2008,2032,1999,2005,2017,2015,2025,2027,2028,2060,2005
846.418,1784.3,1811,1776,1795,1811,1754,1762,1784,1826,1763,1782,1760,1793,1780,1785,1786,1807,1795,1760,1766,1812,1780,1775,1781,1760,1774,1790,1793,1815,1769,1785
846.777,2070.0,2097,2058,2061,2062,2038,2056,2070,2031,2088,2082,2038,2079,2062,2084,2079,2082,2058,2074,2053,2069,2106,2088,2077,2047,2079,2057,2116,2065,2071,2072
847.137,1817.4,1820,1803,1815,1795,1850,1775,1827,1860,1841,1795,1856,1818,1840,1812,1814,1786,1816,1829,1779,1800,1780,1809,1822,1814,1807,1849,1836,1830,1823,1822
847.496,1841.7,1825,1847,1855,1814,1821,1844,1805,1845,1843,1819,1814,1843,1862,1848,1842,1828,1848,1857,1843,1829,1846,1859,1853,1859,1843,1844,1860,1864,1841,1849
847.856,1662.5,1636,1649,1684,1672,1684,1626,1665,1708,1647,1661,1649,1666,1696,1674,1660,1678,1650,1649,1651,1672,1653,1674,1652,1674,1668,1672,1658,1650,1654,1642
ExternalTrigger,,,,,,,,,,,,,,,,,,,,,,,,,,,,,,,
