Wavelength[nm],Average,1,2,3,4,5,6,7,8,9,10,11,12,13,14,15,16,17,18,19,20,21,22,23,24,25,26,27,28,29,30
160.473,2005.5,2041,2009,2014,2000,2059,1994,1999,1983,1955,2016,1995,2026,1962,2007,1994,1996,2003,2026,1997,2004,1979,1986,2028,2041,1980,2022,2017,2029,2006,1996
160.772,2131.7,2137,2099,2141,2149,2131,2146,2132,2134,2144,2136,2106,2134,2136,2136,2104,2122,2145,2145,2132,2138,2106,2153,2134,2145,2117,2143,2139,2088,2140,2139
161.072,1948.0,1929,1952,1963,1979,1954,1931,1971,1927,1924,1987,1960,1967,1961,1952,1949,1964,1950,1892,1959,1939,1950,1960,1938,1952,1971,1930,1933,1912,1967,1916
161.372,2125.6,2130,2106,2124,2123,2112,2134,2162,2104,2112,2132,2115,2088,2124,2101,2111,2140,2120,2120,2156,2152,2132,2142,2134,2111,2173,2126,2095,2127,2158,2104
161.671,1952.8,1955,1987,1987,1948,1958,1966,1961,1949,1963,1964,1938,1940,1948,1942,1935,1948,1946,1954,1960,1963,1950,1923,1941,1945,1921,1947,1928,1960,1953,2003
161.971,2240.0,2217,2232,2254,2244,2213,2236,2243,2246,2204,2286,2230,2218,2257,2266,2254,2257,2201,2273,2256,2223,2216,2256,2221,2226,2255,2220,2247,2250,2214,2284
162.271,2025.9,2035,2037,2030,2048,1985,2023,2009,2000,2028,2038,2030,2036,2007,2029,2049,1996,2014,2040,2038,2056,2018,2034,2018,2018,2060,2006,2016,2032,2038,2010
162.571,2081.3,2091,2094,2106,2088,2098,2081,2090,2046,2087,2081,2099,2111,2092,2114,2096,2069,2091,2079,2063,2052,2058,2085,2078,2049,2096,2068,2058,2079,2067,2073
162.871,2236.5,2238,2236,2215,2255,2239,2239,2231,2256,2208,2246,2235,2274,2255,2216,2242,2218,2258,2249,2210,2244,2219,2228,2247,2242,2245,2231,2199,2256,2260,2203
163.170,2122.5,2093,2136,2146,2112,2082,2089,2154,2142,2095,2130,2103,2171,2125,2149,2138,2122,2124,2120,2125,2105,2124,2094,2108,2100,2127,2107,2132,2125,2120,2178
163.470,2064.0,2052,2029,2068,2037,2063,2066,2056,2072,2066,2062,2076,2056,2078,2083,2083,2071,2051,2056,2053,2089,2057,2107,2079,2073,2080,2046,2037,2046,2051,2077
163.771,2079.8,2088,2057,2107,2077,2072,2099,2138,2085,2066,2069,2064,2086,2104,2088,2063,2081,2075,2110,2072,2086,2063,2078,2089,2072,2029,2075,2101,2069,2092,2038
164.071,2315.3,2335,2375,2317,2309,2322,2365,2303,2301,2326,2322,2335,2344,2315,2316,2321,2301,2304,2292,2341,2287,2273,2325,2314,2301,2302,2312,2312,2292,2325,2273
164.371,2078.6,2077,2079,2076,2075,2060,2056,2103,2093,2089,2057,2047,2088,2098,2077,2076,2057,2082,2073,2110,2068,2105,2074,2097,2102,2068,2128,2016,2067,2073,2087
164.671,2193.5,2153,2209,2173,2223,2211,2219,2232,2156,2194,2193,2186,2222,2185,2166,2226,2204,2192,2165,2184,2219,2200,2180,2167,2226,2208,2186,2193,2156,2200,2178
164.971,2475.3,2495,2478,2445,2464,2440,2493,2501,2458,2464,2478,2465,2441,2509,2484,2483,2492,2485,2472,2482,2462,2458,2480,2485,2488,2457,2486,2488,2511,2446,2470
165.271,2301.7,2331,2314,2335,2290,2358,2296,2292,2310,2320,2261,2314,2307,2300,2266,2301,2297,2269,2249,2304,2276,2301,2295,2286,2325,2288,2305,2305,2325,2326,2305
165.572,2267.5,2277,2258,2290,2248,2276,2276,2236,2285,2292,2249,2208,2236,2274,2278,2276,2301,2245,2264,2312,2269,2285,2277,2256,2255,2238,2277,2291,2292,2248,2256
165.872,2168.5,2165,2144,2154,2201,2153,2183,2148,2179,2205,2171,2152,2159,2162,2138,2194,2157,2124,2139,2177,2186,2161,2175,2190,2209,2182,2165,2159,2167,2180,2175
166.172,2441.7,2474,2457,2450,2485,2415,2427,2429,2465,2409,2450,2412,2480,2438,2419,2424,2408,2402,2475,2490,2462,2429,2413,2443,2451,2459,2413,2434,2434,2460,2445
166.473,2526.6,2562,2504,2507,2548,2502,2519,2508,2585,2506,2539,2489,2578,2518,2498,2536,2523,2524,2530,2565,2536,2495,2519,2557,2535,2524,2498,2570,2510,2500,2512
166.773,2461.9,2478,2426,2478,2464,2476,2447,2456,2469,2445,2450,2434,2462,2470,2494,2454,2484,2440,2459,2437,2462,2482,2449,2441,2498,2475,2416,2490,2451,2484,2486
167.074,2512.2,2514,2534,2527,2514,2523,2493,2528,2500,2524,2493,2489,2507,2496,2496,2554,2494,2513,2476,2508,2513,2484,2515,2494,2549,2548,2512,2524,2473,2554,2518
167.374,2409.6,2391,2408,2420,2414,2439,2452,2401,2405,2403,2387,2428,2389,2407,2365,2393,2405,2408,2381,2389,2420,2430,2390,2456,2406,2453,2411,2404,2421,2403,2410
167.675,2396.6,2393,2415,2405,2398,2380,2386,2420,2409,2403,2428,2344,2388,2458,2373,2376,2450,2410,2404,2391,2382,2378,2393,2419,2384,2376,2408,2397,2379,2399,2353
167.976,2128.5,2129,2129,2131,2130,2123,2140,2095,2133,2134,2159,2124,2145,2138,2105,2092,2100,2121,2119,2141,2144,2138,2114,2150,2132,2132,2130,2135,2122,2129,2142
168.276,2675.4,2696,2635,2702,2646,2676,2645,2639,2659,2715,2624,2661,2682,2604,2660,2653,2691,2692,2663,2679,2707,2704,2696,2662,2686,2669,2670,2720,2705,2729,2693
168.577,2387.5,2446,2401,2383,2360,2413,2418,2374,2404,2411,2392,2373,2393,2377,2431,2398,2355,2379,2392,2357,2386,2349,2421,2356,2358,2364,2404,2387,2399,2354,2389
168.878,2388.0,2395,2420,2385,2388,2355,2381,2414,2387,2383,2418,2377,2399,2397,2381,2396,2393,2371,2382,2387,2378,2408,2390,2413,2370,2357,2383,2419,2357,2374,2381
169.179,2309.0,2317,2302,2305,2308,2319,2329,2309,2306,2321,2307,2263,2299,2284,2321,2326,2324,2333,2308,2323,2300,2351,2309,2269,2339,2302,2262,2302,2308,2305,2318
169.480,2388.2,2408,2412,2374,2380,2405,2369,2376,2401,2379,2406,2395,2407,2406,2382,2392,2380,2354,2404,2388,2371,2408,2370,2397,2382,2346,2405,2415,2361,2382,2391
169.780,2581.9,2573,2584,2617,2569,2586,2568,2597,2579,2573,2559,2555,2534,2557,2558,2605,2584,2569,2595,2598,2560,2628,2608,2573,2592,2611,2579,2570,2598,2569,2608
170.081,2567.3,2572,2547,2562,2526,2601,2574,2541,2566,2558,2565,2564,2556,2584,2610,2585,2569,2530,2560,2558,2583,2574,2597,2553,2571,2538,2570,2552,2542,2600,2612
170.382,2364.5,2376,2341,2392,2361,2362,2382,2353,2360,2370,2374,2392,2376,2352,2392,2341,2389,2355,2395,2378,2372,2345,2341,2340,2360,2366,2348,2341,2337,2374,2370
170.684,2515.9,2531,2559,2530,2494,2535,2509,2506,2542,2498,2504,2485,2526,2511,2494,2533,2484,2529,2520,2490,2479,2521,2509,2540,2493,2530,2491,2548,2519,2530,2538
170.985,2541.0,2557,2560,2529,2522,2530,2543,2524,2525,2546,2575,2480,2550,2533,2533,2570,2530,2578,2534,2568,2511,2518,2586,2507,2532,2517,2580,2576,2526,2554,2536
171.286,2468.8,2433,2502,2478,2454,2486,2451,2513,2443,2485,2501,2414,2434,2448,2494,2476,2470,2457,2448,2462,2504,2459,2486,2450,2490,2469,2449,2527,2470,2449,2461
171.587,2432.3,2426,2375,2457,2388,2453,2411,2451,2424,2469,2466,2451,2452,2450,2466,2408,2432,2435,2419,2433,2403,2438,2434,2422,2436,2441,2433,2402,2440,2437,2416
171.888,2485.5,2481,2490,2476,2498,2459,2492,2477,2434,2494,2470,2490,2494,2477,2480,2476,2496,2508,2462,2461,2457,2501,2510,2494,2508,2514,2513,2453,2504,2463,2532
172.189,2640.4,2637,2620,2708,2635,2612,2649,2614,2618,2603,2676,2637,2612,2637,2652,2601,2624,2675,2637,2652,2648,2672,2680,2672,2630,2653,2666,2625,2610,2629,2628
172.491,2917.7,2908,2896,2911,2914,2913,2901,2923,2938,2932,2981,2944,2900,2916,2918,2948,2910,2890,2991,2889,2913,2893,2925,2906,2859,2940,2912,2900,2927,2929,2903
172.792,2689.6,2697,2729,2667,2715,2703,2690,2656,2658,2684,2696,2684,2680,2678,2705,2726,2706,2698,2720,2676,2704,2681,2678,2671,2721,2674,2659,2718,2689,2668,2658
173.094,2705.5,2671,2751,2662,2731,2696,2694,2689,2675,2713,2705,2698,2686,2680,2679,2711,2729,2745,2694,2712,2684,2716,2716,2753,2714,2704,2669,2713,2720,2716,2739
173.395,2627.7,2651,2612,2640,2614,2632,2625,2596,2622,2638,2622,2630,2658,2648,2602,2629,2644,2620,2591,2606,2612,2604,2665,2656,2674,2652,2562,2656,2618,2629,2622
173.697,2564.0,2586,2604,2546,2568,2532,2542,2547,2570,2585,2594,2561,2558,2497,2545,2565,2578,2581,2585,2584,2557,2555,2559,2555,2541,2560,2588,2550,2556,2559,2612
173.998,2730.3,2729,2732,2721,2707,2701,2702,2756,2718,2796,2751,2750,2696,2723,2785,2795,2727,2688,2732,2694,2723,2720,2709,2730,2749,2755,2719,2729,2728,2711,2734
174.300,2226.2,2237,2248,2226,2206,2203,2230,2221,2221,2231,2208,2237,2244,2211,2235,2205,2220,2234,2236,2219,2248,2227,2226,2254,2173,2264,2192,2222,2261,2233,2214
174.601,2737.4,2760,2743,2780,2775,2711,2736,2746,2709,2729,2726,2732,2730,2683,2687,2720,2714,2781,2760,2776,2746,2737,2760,2715,2751,2717,2703,2784,2723,2744,2745
174.903,2354.8,2370,2365,2350,2349,2337,2366,2360,2366,2354,2374,2376,2363,2348,2324,2354,2344,2353,2322,2334,2384,2384,2320,2360,2317,2358,2375,2345,2381,2354,2358
175.205,2666.2,2684,2643,2700,2666,2680,2686,2678,2647,2690,2674,2654,2667,2635,2617,2700,2680,2680,2663,2632,2671,2658,2681,2654,2662,2677,2658,2652,2721,2603,2672
175.507,2426.0,2442,2392,2419,2424,2441,2442,2436,2428,2391,2427,2440,2424,2430,2424,2413,2453,2426,2436,2400,2412,2433,2415,2443,2428,2454,2436,2432,2395,2449,2396
175.808,2305.0,2302,2321,2315,2275,2270,2299,2320,2312,2272,2312,2324,2269,2306,2323,2319,2298,2328,2298,2274,2318,2355,2331,2297,2311,2270,2276,2303,2337,2289,2325
176.110,2484.6,2491,2513,2462,2443,2468,2545,2453,2511,2490,2468,2491,2496,2432,2464,2474,2513,2475,2480,2460,2481,2498,2498,2536,2501,2477,2478,2458,2484,2460,2539
176.412,2429.0,2444,2407,2467,2388,2426,2428,2425,2468,2432,2451,2397,2425,2410,2417,2439,2406,2421,2431,2422,2431,2467,2423,2435,2459,2425,2423,2461,2447,2393,2401
176.714,2497.6,2483,2475,2460,2488,2486,2502,2504,2515,2509,2503,2501,2514,2504,2485,2528,2485,2533,2504,2490,2523,2447,2490,2508,2538,2512,2484,2471,2479,2508,2500
177.016,2812.1,2801,2814,2827,2839,2798,2778,2763,2779,2812,2778,2795,2807,2816,2825,2810,2774,2824,2792,2829,2839,2816,2806,2841,2828,2810,2844,2868,2860,2808,2782
177.318,2501.8,2451,2528,2478,2547,2494,2522,2475,2504,2500,2492,2488,2497,2475,2508,2519,2492,2478,2510,2451,2496,2520,2509,2533,2504,2524,2530,2498,2487,2490,2554
177.620,2326.2,2312,2344,2347,2328,2317,2316,2334,2327,2321,2319,2307,2333,2342,2355,2362,2327,2351,2309,2350,2337,2340,2330,2300,2307,2316,2310,2296,2348,2281,2320
177.922,2423.5,2409,2468,2440,2429,2466,2437,2424,2447,2430,2408,2456,2463,2437,2421,2422,2386,2418,2411,2448,2410,2380,2402,2417,2332,2454,2425,2416,2414,2412,2422
178.224,2701.7,2684,2710,2692,2741,2685,2675,2708,2721,2729,2680,2676,2697,2700,2680,2695,2735,2738,2733,2675,2694,2697,2704,2711,2686,2710,2675,2743,2714,2672,2690
178.527,2513.4,2470,2504,2520,2483,2496,2512,2445,2534,2555,2600,2549,2515,2534,2520,2538,2498,2510,2490,2521,2509,2524,2505,2495,2515,2507,2524,2493,2525,2514,2498
178.829,2258.6,2299,2252,2252,2227,2284,2251,2279,2235,2299,2241,2278,2248,2249,2261,2278,2233,2306,2264,2255,2272,2245,2243,2264,2293,2220,2248,2244,2217,2232,2290
179.131,2950.2,2910,2976,2952,2925,2993,2960,2966,2964,2907,2930,2963,3018,2927,2878,2958,2939,2974,2950,2921,2966,2941,2953,3015,2954,2949,2933,2952,2970,2932,2930
179.434,2652.0,2645,2616,2635,2665,2612,2670,2657,2622,2674,2678,2658,2620,2645,2643,2668,2705,2660,2635,2634,2660,2637,2683,2690,2644,2643,2648,2648,2661,2613,2690
179.736,2642.3,2655,2644,2623,2614,2634,2695,2620,2627,2611,2642,2687,2651,2650,2640,2640,2689,2616,2625,2652,2652,2641,2605,2599,2614,2635,2664,2646,2680,2644,2673
180.038,2800.8,2806,2806,2792,2783,2785,2787,2776,2771,2781,2801,2768,2783,2814,2788,2802,2830,2811,2825,2783,2809,2819,2825,2829,2781,2808,2794,2801,2825,2820,2821
180.341,2532.5,2541,2540,2574,2526,2552,2552,2495,2555,2538,2543,2534,2519,2584,2524,2534,2498,2509,2523,2519,2532,2489,2544,2549,2550,2498,2559,2546,2502,2513,2534
180.643,2520.7,2525,2510,2517,2538,2513,2511,2533,2515,2501,2555,2518,2498,2549,2526,2506,2514,2559,2517,2555,2524,2560,2526,2481,2499,2536,2516,2512,2485,2483,2538
180.946,2441.2,2466,2453,2461,2428,2473,2450,2442,2450,2436,2396,2416,2461,2415,2484,2425,2416,2437,2438,2436,2456,2396,2417,2453,2429,2460,2447,2445,2419,2482,2448
181.249,2186.7,2147,2202,2168,2189,2192,2184,2205,2150,2193,2194,2184,2198,2187,2188,2185,2189,2185,2166,2180,2182,2182,2197,2209,2213,2181,2200,2235,2123,2194,2200
181.551,2911.4,2932,2952,2974,2917,2856,2899,2907,2899,2908,2890,2940,2892,2903,2918,2912,2893,2924,2926,2907,2912,2902,2921,2923,2907,2878,2924,2967,2881,2875,2904
181.854,2328.1,2299,2301,2325,2324,2296,2297,2344,2308,2339,2332,2337,2304,2318,2367,2330,2345,2357,2331,2350,2348,2274,2356,2324,2339,2329,2303,2346,2329,2347,2344
182.157,2552.7,2546,2549,2608,2555,2563,2510,2521,2556,2538,2556,2552,2514,2527,2568,2539,2556,2562,2564,2582,2547,2556,2512,2571,2594,2512,2557,2556,2557,2564,2588
182.459,3017.8,3031,3000,3009,2975,3064,3024,3054,3036,3039,2998,2989,3031,3048,3006,2985,3004,3030,3054,2969,3002,3002,3027,3007,2990,3065,3007,3016,3010,3010,3053
182.762,2532.3,2558,2545,2513,2542,2516,2476,2556,2534,2510,2543,2536,2538,2540,2570,2536,2557,2556,2528,2546,2516,2526,2520,2561,2483,2504,2537,2542,2547,2530,2504
183.065,2363.6,2339,2312,2336,2360,2363,2329,2381,2385,2333,2353,2357,2402,2371,2388,2363,2356,2394,2366,2360,2390,2367,2400,2378,2356,2345,2376,2367,2365,2396,2320
183.368,2640.5,2618,2619,2640,2664,2606,2593,2611,2619,2661,2636,2635,2650,2644,2620,2687,2648,2651,2617,2625,2652,2628,2653,2617,2684,2623,2658,2664,2676,2646,2670
183.671,2534.4,2540,2546,2485,2503,2550,2519,2546,2530,2584,2544,2558,2554,2531,2504,2521,2559,2540,2555,2511,2520,2557,2526,2527,2550,2545,2515,2516,2536,2526,2534
183.974,2580.9,2561,2568,2598,2559,2600,2533,2524,2600,2616,2608,2625,2553,2570,2585,2572,2591,2574,2562,2594,2604,2554,2595,2580,2585,2591,2601,2624,2576,2576,2549
184.277,2414.2,2400,2440,2402,2437,2435,2415,2428,2404,2422,2349,2397,2432,2434,2375,2435,2396,2416,2413,2390,2438,2412,2412,2431,2426,2411,2417,2441,2396,2393,2429
184.580,3188.8,3219,3174,3151,3145,3205,3192,3163,3173,3168,3230,3190,3190,3198,3194,3230,3172,3187,3142,3208,3178,3171,3210,3190,3179,3212,3246,3205,3206,3145,3190
184.883,2488.3,2482,2491,2497,2486,2453,2492,2490,2513,2489,2492,2547,2505,2481,2462,2489,2451,2495,2497,2508,2446,2500,2478,2466,2494,2484,2496,2495,2506,2479,2485
185.187,2608.4,2613,2601,2652,2587,2608,2604,2578,2606,2580,2550,2638,2619,2596,2598,2608,2625,2598,2643,2623,2642,2633,2625,2607,2617,2599,2627,2616,2600,2570,2590
185.490,2512.6,2530,2525,2515,2536,2488,2514,2497,2510,2483,2474,2524,2550,2482,2509,2520,2533,2495,2501,2496,2537,2547,2517,2511,2561,2529,2519,2531,2486,2461,2497
185.793,2792.8,2797,2810,2832,2783,2797,2762,2756,2773,2797,2797,2746,2813,2817,2792,2809,2788,2801,2808,2770,2777,2801,2800,2766,2790,2793,2802,2796,2815,2799,2798
186.096,2388.8,2365,2422,2360,2434,2424,2390,2346,2407,2388,2424,2378,2418,2365,2369,2396,2418,2404,2404,2374,2396,2424,2351,2392,2415,2383,2355,2348,2350,2389,2376
186.400,2675.0,2688,2646,2653,2612,2673,2684,2674,2700,2659,2688,2715,2677,2648,2649,2684,2699,2691,2670,2689,2687,2636,2664,2643,2678,2693,2682,2683,2696,2712,2677
186.703,2570.5,2530,2505,2594,2589,2578,2546,2517,2610,2571,2603,2602,2590,2564,2588,2570,2578,2527,2538,2587,2564,2548,2617,2572,2563,2659,2566,2534,2559,2592,2553
187.007,2141.4,2121,2132,2153,2154,2138,2117,2124,2153,2143,2137,2108,2148,2132,2130,2168,2144,2122,2111,2108,2121,2128,2166,2150,2136,2139,2163,2152,2211,2159,2175
187.310,2696.7,2692,2674,2702,2689,2708,2705,2659,2712,2684,2674,2697,2714,2676,2711,2697,2710,2716,2672,2696,2718,2741,2723,2686,2697,2652,2737,2696,2718,2688,2656
187.614,2470.1,2435,2458,2468,2469,2476,2493,2491,2469,2466,2463,2440,2453,2484,2459,2497,2493,2435,2458,2482,2449,2479,2454,2534,2478,2449,2469,2480,2468,2493,2462
187.917,2429.3,2408,2462,2408,2469,2433,2440,2483,2414,2438,2412,2439,2400,2409,2456,2449,2427,2436,2456,2401,2419,2440,2404,2415,2404,2397,2417,2490,2390,2437,2425
188.221,3040.9,3055,3107,3039,3069,3043,3025,3005,3036,3036,3033,3051,3054,3047,3075,3025,3074,3034,3025,3020,3048,3030,3029,2985,3003,3055,3012,3043,3093,3026,3051
188.525,2519.4,2528,2519,2480,2517,2532,2491,2499,2499,2523,2529,2529,2534,2536,2526,2534,2546,2480,2522,2488,2516,2531,2494,2506,2561,2533,2493,2540,2558,2523,2515
188.828,2397.8,2382,2366,2434,2398,2429,2369,2404,2389,2415,2414,2418,2413,2410,2399,2378,2401,2369,2427,2372,2399,2414,2411,2390,2408,2398,2399,2369,2412,2367,2381
189.132,2707.2,2701,2731,2722,2739,2685,2729,2693,2697,2739,2686,2763,2671,2714,2696,2659,2711,2696,2729,2677,2754,2692,2645,2717,2722,2737,2737,2678,2662,2700,2733
189.436,2667.3,2631,2670,2703,2673,2636,2661,2664,2696,2641,2674,2715,2715,2634,2636,2649,2634,2677,2698,2680,2670,2635,2621,2670,2664,2688,2671,2678,2707,2671,2657
189.740,2582.7,2580,2587,2561,2572,2584,2562,2596,2601,2550,2548,2580,2623,2623,2600,2577,2597,2569,2589,2594,2557,2542,2594,2556,2625,2584,2544,2610,2594,2596,2585
190.044,2663.1,2648,2674,2685,2684,2649,2658,2620,2656,2696,2648,2650,2643,2700,2656,2696,2657,2626,2675,2615,2682,2722,2636,2636,2691,2716,2607,2702,2672,2622,2670
190.348,2858.2,2866,2852,2868,2845,2857,2858,2821,2868,2830,2870,2831,2925,2890,2891,2857,2864,2821,2836,2866,2807,2827,2894,2856,2835,2857,2865,2872,2861,2876,2879
190.651,2463.7,2458,2501,2447,2444,2432,2465,2485,2446,2464,2459,2485,2469,2450,2473,2468,2461,2462,2467,2448,2467,2500,2455,2456,2456,2446,2471,2497,2457,2487,2435
190.956,2892.4,2869,2895,2914,2911,2889,2923,2893,2837,2874,2899,2850,2867,2862,2943,2893,2865,2913,2902,2876,2904,2857,2910,2918,2854,2878,2856,2942,2933,2959,2887
191.260,2266.8,2269,2271,2276,2245,2241,2245,2305,2280,2274,2265,2275,2260,2264,2308,2249,2296,2247,2280,2312,2281,2248,2260,2251,2282,2265,2226,2246,2246,2260,2276
191.564,2945.7,2960,2959,2976,2960,2961,2917,2940,2900,2954,2937,2958,2966,2904,2959,2883,2965,2935,2923,2928,2972,2894,2931,3000,2972,2935,2940,2984,3004,2937,2918
191.868,2670.3,2681,2669,2699,2662,2694,2640,2651,2634,2664,2678,2689,2659,2675,2724,2678,2687,2696,2693,2696,2672,2638,2681,2684,2651,2636,2657,2625,2668,2666,2662
192.172,2777.7,2803,2759,2745,2769,2739,2769,2783,2769,2838,2832,2795,2754,2794,2752,2823,2784,2770,2795,2766,2784,2787,2763,2771,2762,2754,2726,2769,2805,2777,2793
192.476,2382.2,2358,2335,2404,2393,2406,2399,2399,2415,2417,2402,2378,2369,2376,2402,2393,2368,2360,2381,2415,2366,2366,2375,2364,2417,2372,2386,2376,2360,2355,2359
192.781,2449.3,2439,2474,2422,2486,2461,2408,2431,2461,2460,2442,2443,2447,2427,2449,2461,2435,2445,2429,2491,2416,2462,2428,2466,2467,2464,2445,2453,2458,2434,2476
193.085,2454.2,2452,2436,2484,2477,2476,2426,2429,2428,2465,2416,2472,2470,2445,2471,2452,2480,2404,2442,2502,2460,2484,2458,2432,2428,2506,2449,2434,2447,2443,2459
193.389,2487.6,2469,2500,2515,2478,2493,2442,2488,2505,2504,2476,2484,2460,2501,2429,2495,2518,2459,2441,2492,2513,2478,2486,2508,2521,2483,2520,2489,2511,2491,2479
193.694,2726.8,2756,2699,2744,2728,2729,2693,2739,2713,2764,2690,2716,2729,2729,2730,2745,2707,2731,2745,2754,2728,2748,2737,2705,2739,2724,2687,2727,2729,2720,2719
193.998,2266.3,2266,2276,2277,2251,2292,2252,2270,2273,2264,2247,2293,2231,2260,2265,2261,2284,2252,2270,2290,2277,2261,2280,2265,2240,2259,2237,2249,2272,2272,2303
194.303,2494.8,2494,2524,2502,2490,2489,2482,2495,2483,2490,2536,2490,2483,2498,2477,2539,2514,2501,2497,2484,2452,2504,2500,2476,2527,2479,2493,2486,2520,2472,2468
194.607,2635.3,2633,2640,2628,2606,2646,2643,2656,2617,2607,2602,2603,2635,2642,2685,2635,2628,2636,2648,2618,2652,2666,2644,2640,2632,2605,2656,2651,2644,2633,2627
194.912,2918.3,2942,2901,2931,2927,2934,2905,2949,2946,2911,2948,2865,2942,2917,2899,2894,2896,2927,2902,2925,2928,2958,2956,2904,2931,2919,2890,2879,2929,2882,2913
195.216,2525.3,2509,2524,2528,2523,2505,2498,2522,2537,2570,2538,2488,2552,2527,2491,2505,2540,2540,2550,2521,2563,2514,2491,2557,2510,2514,2526,2521,2516,2549,2531
195.521,2648.4,2639,2625,2694,2659,2664,2655,2666,2650,2591,2666,2653,2684,2668,2664,2608,2630,2668,2638,2671,2676,2634,2617,2645,2640,2644,2623,2669,2664,2621,2625
195.826,2491.0,2516,2472,2459,2474,2504,2482,2486,2520,2488,2476,2514,2473,2488,2471,2490,2525,2486,2487,2478,2488,2502,2490,2505,2520,2466,2503,2477,2486,2533,2472
196.131,2458.0,2446,2415,2443,2473,2468,2450,2473,2396,2467,2485,2477,2443,2467,2424,2432,2480,2476,2450,2463,2476,2473,2462,2504,2469,2464,2488,2422,2468,2467,2418
196.435,2817.0,2873,2779,2818,2811,2825,2860,2806,2821,2807,2771,2821,2825,2813,2811,2824,2826,2823,2785,2808,2824,2806,2834,2782,2842,2852,2782,2799,2815,2824,2842
196.740,2357.0,2378,2377,2272,2361,2378,2343,2389,2415,2361,2345,2398,2382,2338,2392,2345,2341,2353,2347,2346,2345,2324,2398,2327,2322,2322,2378,2382,2381,2336,2333
197.045,2835.5,2796,2842,2886,2821,2854,2806,2860,2838,2846,2810,2809,2800,2857,2851,2874,2848,2851,2833,2837,2864,2851,2811,2808,2839,2803,2864,2820,2810,2867,2810
197.350,2341.2,2371,2355,2329,2324,2331,2324,2335,2356,2355,2334,2370,2308,2317,2395,2305,2340,2350,2313,2356,2314,2341,2328,2398,2335,2350,2349,2337,2336,2348,2331
197.655,2578.8,2585,2639,2552,2527,2591,2587,2582,2594,2546,2570,2580,2575,2548,2612,2561,2616,2614,2528,2576,2528,2594,2582,2558,2569,2548,2622,2607,2600,2556,2616
197.960,2572.8,2532,2611,2554,2526,2590,2517,2570,2624,2577,2604,2558,2550,2586,2620,2549,2572,2584,2552,2550,2583,2598,2571,2577,2558,2545,2548,2623,2564,2566,2624
198.265,2733.8,2710,2771,2771,2723,2734,2723,2745,2738,2709,2698,2737,2719,2731,2762,2725,2728,2758,2739,2724,2740,2736,2758,2724,2773,2740,2762,2705,2678,2720,2733
198.570,2521.7,2505,2538,2493,2525,2477,2516,2537,2547,2517,2525,2509,2517,2533,2508,2534,2495,2510,2526,2577,2546,2542,2546,2528,2534,2536,2514,2470,2509,2515,2523
198.876,2379.6,2446,2384,2350,2377,2391,2376,2371,2388,2377,2375,2395,2351,2376,2356,2364,2398,2389,2369,2404,2396,2346,2395,2400,2366,2402,2333,2329,2430,2376,2378
199.181,2256.9,2252,2205,2226,2248,2251,2252,2252,2246,2284,2225,2249,2229,2275,2281,2233,2270,2283,2238,2316,2248,2261,2271,2264,2286,2249,2269,2237,2253,2261,2293
199.486,2556.3,2536,2543,2643,2541,2583,2568,2582,2546,2552,2560,2550,2539,2544,2559,2541,2560,2582,2543,2531,2553,2533,2601,2569,2570,2519,2579,2517,2590,2509,2546
199.791,3008.0,2988,3008,3012,3017,3010,2997,3022,2936,3019,2993,2998,3036,3000,2988,2972,3053,3041,3022,3018,3028,3001,3016,3035,3014,2989,3007,2987,3031,3023,2978
200.097,2507.2,2530,2537,2524,2517,2485,2516,2517,2490,2508,2504,2495,2489,2460,2516,2487,2556,2497,2463,2520,2473,2517,2527,2490,2506,2478,2516,2527,2538,2508,2526
200.402,2856.5,2844,2837,2881,2899,2856,2864,2838,2843,2832,2869,2829,2855,2892,2858,2865,2831,2853,2829,2892,2869,2887,2843,2804,2868,2828,2868,2856,2894,2848,2862
200.707,2823.5,2799,2834,2772,2804,2771,2873,2821,2850,2825,2811,2828,2863,2826,2885,2801,2822,2849,2840,2802,2867,2846,2870,2822,2822,2773,2830,2802,2779,2798,2819
201.013,2675.0,2661,2666,2663,2713,2675,2681,2686,2661,2669,2721,2696,2652,2683,2659,2668,2691,2719,2659,2674,2681,2701,2672,2641,2646,2653,2651,2653,2690,2702,2662
201.318,2679.0,2641,2664,2637,2657,2695,2648,2648,2703,2638,2668,2644,2724,2685,2667,2699,2712,2677,2662,2670,2708,2704,2664,2690,2701,2695,2677,2669,2682,2725,2717
201.624,2795.1,2781,2803,2788,2803,2821,2786,2771,2793,2809,2792,2756,2787,2839,2790,2853,2797,2780,2793,2785,2773,2811,2828,2764,2793,2772,2803,2834,2764,2792,2792
201.930,2519.6,2539,2554,2494,2512,2555,2501,2472,2477,2545,2526,2536,2546,2456,2456,2495,2540,2495,2531,2521,2523,2503,2543,2505,2541,2520,2545,2550,2531,2524,2552
202.235,2768.1,2756,2762,2751,2725,2809,2760,2744,2749,2760,2774,2808,2742,2730,2745,2795,2732,2745,2783,2752,2779,2760,2780,2782,2731,2769,2824,2786,2794,2799,2816
202.541,2655.4,2653,2651,2644,2683,2688,2624,2674,2705,2638,2624,2644,2662,2624,2645,2632,2650,2611,2692,2635,2682,2648,2717,2654,2689,2632,2597,2658,2640,2645,2720
202.847,2271.6,2260,2321,2267,2289,2261,2239,2269,2212,2285,2301,2273,2305,2292,2280,2252,2243,2248,2250,2266,2280,2264,2264,2275,2303,2286,2276,2244,2261,2275,2306
203.152,2559.7,2570,2537,2580,2532,2552,2553,2577,2526,2539,2560,2551,2585,2576,2549,2566,2574,2570,2549,2545,2565,2575,2579,2539,2536,2558,2554,2560,2593,2576,2564
203.458,2845.7,2887,2858,2830,2853,2826,2865,2857,2822,2858,2836,2834,2860,2815,2786,2824,2870,2849,2868,2859,2862,2816,2813,2808,2870,2832,2835,2876,2890,2852,2861
203.764,2745.6,2782,2760,2731,2753,2723,2722,2746,2761,2755,2755,2725,2723,2701,2766,2784,2746,2766,2756,2775,2783,2754,2680,2744,2724,2728,2725,2763,2749,2783,2706
204.070,2765.9,2754,2767,2744,2752,2805,2776,2761,2755,2744,2771,2754,2805,2757,2771,2765,2772,2769,2762,2765,2815,2776,2779,2785,2725,2790,2778,2744,2768,2730,2737
204.376,2481.8,2486,2516,2467,2473,2480,2485,2476,2462,2518,2472,2511,2506,2439,2474,2534,2460,2461,2464,2506,2469,2490,2454,2458,2470,2488,2500,2486,2478,2457,2514
204.682,2243.7,2261,2286,2260,2265,2243,2213,2221,2239,2224,2251,2268,2204,2229,2235,2246,2260,2271,2271,2226,2204,2223,2257,2264,2236,2240,2238,2248,2277,2238,2213
204.988,2910.6,2914,2898,2923,2933,2876,2920,2896,2940,2866,2924,2888,2898,2937,2921,2952,2876,2938,2933,2874,2915,2901,2922,2857,2908,2945,2912,2900,2957,2914,2881
205.294,2498.3,2488,2490,2512,2505,2482,2511,2492,2507,2482,2479,2534,2519,2565,2448,2514,2512,2504,2454,2497,2498,2468,2533,2497,2480,2523,2481,2493,2490,2491,2501
205.600,2703.1,2702,2680,2692,2691,2707,2741,2683,2718,2675,2678,2718,2718,2696,2728,2698,2764,2715,2691,2708,2740,2689,2686,2728,2648,2674,2729,2732,2680,2699,2685
205.906,2804.9,2796,2858,2824,2783,2775,2778,2790,2816,2824,2765,2865,2817,2837,2820,2794,2824,2784,2782,2844,2813,2798,2824,2824,2820,2757,2822,2789,2812,2734,2778
206.212,2419.7,2405,2412,2407,2409,2444,2453,2413,2384,2413,2426,2445,2394,2403,2456,2444,2416,2353,2414,2437,2386,2447,2428,2459,2392,2404,2456,2430,2440,2436,2386
206.519,2534.5,2540,2562,2567,2530,2534,2546,2536,2549,2539,2533,2543,2552,2530,2534,2521,2512,2547,2557,2521,2525,2553,2558,2494,2513,2521,2528,2544,2522,2502,2522
206.825,2304.5,2331,2330,2290,2282,2318,2325,2318,2286,2316,2297,2283,2334,2252,2309,2327,2308,2285,2334,2276,2318,2309,2299,2251,2309,2265,2324,2309,2314,2279,2356
207.131,2638.3,2610,2648,2663,2632,2688,2636,2633,2629,2661,2636,2620,2651,2694,2649,2650,2631,2583,2600,2647,2649,2656,2614,2661,2598,2638,2668,2609,2601,2638,2656
207.438,2840.6,2824,2833,2866,2811,2793,2822,2833,2862,2788,2815,2850,2802,2845,2875,2841,2877,2856,2831,2842,2890,2837,2830,2830,2861,2824,2803,2875,2908,2854,2840
207.744,2607.0,2587,2604,2639,2579,2611,2596,2619,2585,2600,2662,2644,2614,2600,2570,2617,2555,2590,2606,2609,2621,2600,2624,2600,2604,2626,2597,2656,2598,2593,2604
208.051,2227.4,2265,2261,2198,2262,2197,2210,2231,2267,2189,2225,2226,2204,2181,2253,2233,2218,2226,2216,2250,2212,2259,2233,2228,2267,2238,2187,2216,2244,2220,2205
208.357,2422.8,2441,2449,2383,2408,2371,2419,2411,2448,2419,2425,2382,2434,2429,2418,2429,2432,2464,2429,2410,2433,2380,2452,2454,2424,2408,2429,2425,2447,2370,2460
208.664,2707.3,2728,2699,2702,2705,2719,2699,2735,2688,2708,2705,2763,2701,2674,2695,2723,2692,2688,2694,2751,2689,2707,2703,2732,2739,2688,2726,2705,2662,2711,2689
208.970,2430.1,2445,2436,2388,2449,2444,2399,2443,2435,2423,2451,2428,2388,2405,2427,2438,2411,2407,2460,2460,2401,2425,2410,2450,2426,2441,2457,2445,2449,2419,2443
209.277,2591.6,2583,2580,2609,2611,2578,2618,2581,2585,2618,2572,2595,2594,2573,2619,2590,2609,2584,2591,2588,2542,2589,2594,2587,2585,2595,2571,2567,2616,2645,2578
209.584,2811.9,2807,2819,2819,2814,2829,2829,2833,2818,2771,2814,2822,2804,2809,2805,2802,2822,2782,2847,2798,2790,2809,2840,2766,2799,2794,2796,2812,2834,2822,2850
209.890,2745.4,2726,2739,2744,2778,2707,2766,2732,2720,2722,2715,2734,2724,2772,2769,2765,2709,2735,2803,2779,2762,2755,2737,2776,2717,2768,2746,2774,2738,2733,2718
210.197,2509.5,2531,2561,2518,2465,2506,2519,2514,2514,2466,2511,2505,2515,2534,2493,2465,2540,2478,2521,2528,2469,2536,2495,2506,2522,2533,2512,2502,2512,2499,2515
210.504,2408.2,2430,2430,2394,2409,2447,2405,2373,2415,2429,2432,2409,2386,2370,2395,2419,2419,2410,2433,2401,2414,2387,2431,2427,2371,2423,2432,2370,2446,2357,2383
210.811,2654.4,2668,2663,2637,2688,2665,2661,2635,2687,2673,2612,2653,2653,2672,2636,2679,2669,2649,2667,2666,2645,2666,2654,2648,2612,2646,2664,2630,2642,2674,2619
211.118,2801.2,2840,2819,2782,2771,2785,2822,2794,2812,2804,2800,2814,2800,2826,2762,2835,2802,2831,2764,2815,2836,2799,2760,2778,2826,2841,2798,2757,2789,2794,2779
211.425,2572.2,2600,2530,2600,2525,2580,2582,2612,2600,2576,2560,2568,2600,2563,2578,2569,2585,2571,2609,2584,2557,2546,2572,2539,2582,2584,2539,2572,2556,2578,2549
211.732,2387.8,2403,2382,2413,2384,2450,2366,2378,2394,2410,2372,2393,2435,2374,2393,2382,2356,2372,2392,2413,2353,2356,2380,2388,2350,2376,2394,2380,2387,2366,2441
212.039,2693.8,2667,2676,2700,2723,2701,2734,2717,2680,2725,2672,2676,2703,2697,2723,2687,2696,2681,2664,2686,2690,2701,2716,2685,2710,2735,2689,2642,2684,2664,2689
212.346,2656.1,2632,2644,2663,2690,2653,2678,2704,2629,2607,2664,2633,2660,2660,2670,2661,2596,2692,2651,2687,2646,2663,2645,2648,2684,2648,2668,2648,2659,2669,2632
212.653,2625.4,2638,2619,2652,2585,2600,2649,2619,2631,2635,2606,2603,2620,2606,2643,2646,2649,2625,2630,2610,2595,2578,2680,2620,2626,2585,2617,2640,2662,2608,2686
212.960,2556.5,2546,2617,2568,2522,2549,2595,2548,2533,2552,2488,2538,2560,2555,2564,2532,2550,2598,2529,2543,2588,2514,2593,2550,2546,2532,2588,2595,2565,2595,2542
213.267,2687.6,2652,2683,2666,2654,2671,2657,2700,2628,2695,2690,2671,2715,2736,2690,2701,2674,2640,2727,2778,2702,2638,2714,2673,2694,2680,2712,2664,2683,2712,2729
213.574,2620.0,2586,2648,2586,2580,2652,2606,2636,2623,2618,2607,2653,2664,2641,2584,2645,2618,2632,2602,2590,2667,2602,2619,2651,2616,2608,2596,2649,2639,2585,2597
213.882,2538.7,2545,2553,2569,2543,2538,2561,2572,2543,2538,2528,2563,2531,2534,2538,2554,2506,2509,2526,2520,2514,2496,2577,2551,2556,2547,2520,2509,2520,2524,2577
214.189,2415.8,2379,2390,2400,2437,2429,2422,2434,2401,2404,2460,2426,2378,2455,2424,2432,2436,2418,2401,2437,2416,2396,2396,2390,2393,2413,2392,2423,2434,2449,2409
214.496,2477.2,2454,2451,2499,2446,2521,2476,2484,2482,2457,2473,2488,2496,2472,2473,2484,2482,2488,2482,2483,2461,2489,2465,2492,2453,2465,2490,2495,2504,2432,2480
214.804,2304.5,2317,2309,2313,2316,2300,2301,2333,2321,2327,2325,2287,2325,2322,2286,2301,2260,2304,2318,2277,2272,2282,2300,2354,2314,2269,2313,2271,2315,2290,2312
215.111,2643.2,2661,2673,2664,2644,2606,2648,2654,2617,2594,2653,2639,2641,2648,2651,2632,2667,2629,2645,2652,2622,2649,2654,2668,2618,2642,2619,2659,2672,2633,2643
215.419,2553.1,2557,2568,2554,2541,2585,2604,2546,2570,2570,2546,2559,2522,2536,2574,2521,2536,2517,2525,2559,2543,2557,2532,2581,2537,2594,2567,2514,2566,2557,2555
215.726,2716.9,2739,2734,2724,2697,2637,2697,2702,2731,2724,2707,2690,2734,2691,2741,2720,2711,2767,2718,2684,2716,2693,2728,2747,2670,2744,2697,2694,2763,2760,2746
216.034,2413.8,2412,2421,2425,2433,2417,2437,2421,2413,2386,2403,2392,2417,2397,2425,2384,2412,2405,2399,2392,2417,2385,2424,2438,2445,2440,2388,2434,2381,2451,2420
216.342,2740.8,2758,2782,2723,2716,2751,2764,2737,2747,2744,2706,2737,2764,2712,2767,2772,2730,2727,2734,2790,2767,2707,2744,2767,2723,2728,2719,2725,2737,2709,2738
216.649,2893.8,2897,2896,2934,2912,2885,2928,2879,2920,2861,2880,2947,2850,2835,2867,2879,2896,2865,2912,2881,2881,2952,2881,2846,2883,2909,2930,2850,2915,2921,2922
216.957,2568.5,2548,2530,2549,2574,2558,2526,2582,2589,2556,2609,2563,2529,2570,2581,2595,2588,2568,2556,2517,2584,2568,2565,2585,2597,2587,2575,2581,2607,2563,2555
217.265,2500.7,2492,2471,2508,2520,2488,2532,2492,2504,2530,2511,2509,2482,2487,2525,2510,2495,2529,2458,2509,2486,2485,2479,2503,2499,2466,2533,2526,2495,2509,2488
217.572,2666.3,2687,2701,2684,2665,2630,2721,2654,2675,2642,2661,2667,2687,2622,2664,2685,2657,2644,2656,2644,2688,2618,2664,2708,2683,2643,2690,2655,2686,2660,2649
217.880,2857.8,2877,2830,2805,2839,2844,2868,2857,2861,2838,2867,2844,2879,2845,2882,2861,2857,2902,2816,2923,2871,2834,2825,2840,2831,2855,2905,2856,2892,2881,2848
218.188,2712.2,2725,2713,2688,2723,2705,2723,2696,2726,2692,2713,2705,2678,2675,2755,2719,2684,2752,2706,2694,2749,2768,2712,2730,2695,2677,2708,2747,2698,2727,2683
218.496,2561.0,2577,2564,2544,2600,2545,2549,2571,2566,2535,2543,2580,2596,2540,2552,2587,2515,2557,2585,2569,2573,2565,2557,2566,2585,2540,2557,2574,2552,2564,2522
218.804,2735.4,2715,2718,2756,2739,2758,2784,2716,2717,2798,2738,2715,2754,2705,2772,2750,2719,2782,2699,2719,2745,2708,2714,2740,2745,2744,2698,2739,2770,2677,2728
219.112,2658.7,2700,2623,2659,2664,2648,2669,2700,2678,2600,2639,2644,2656,2676,2684,2611,2645,2681,2658,2632,2670,2639,2747,2652,2685,2666,2676,2623,2616,2666,2653
219.420,2756.0,2739,2731,2777,2741,2718,2778,2760,2766,2765,2776,2750,2720,2776,2709,2725,2763,2732,2779,2762,2767,2749,2757,2744,2785,2793,2747,2796,2800,2754,2722
219.728,2479.7,2476,2460,2512,2505,2501,2446,2472,2488,2462,2530,2450,2495,2463,2448,2491,2480,2469,2488,2490,2470,2477,2470,2484,2447,2472,2495,2503,2517,2495,2436
220.036,2631.3,2668,2603,2613,2615,2628,2630,2645,2679,2616,2632,2655,2664,2597,2598,2637,2666,2613,2591,2642,2615,2641,2658,2636,2635,2679,2617,2642,2604,2603,2617
220.345,2726.5,2757,2715,2736,2750,2709,2694,2729,2689,2787,2726,2694,2716,2735,2732,2731,2679,2766,2714,2767,2748,2773,2725,2709,2707,2733,2713,2725,2731,2721,2685
220.653,2777.5,2709,2770,2801,2773,2768,2815,2763,2714,2783,2811,2708,2776,2794,2758,2736,2808,2730,2780,2819,2789,2789,2781,2771,2776,2790,2804,2810,2824,2794,2780
220.961,2521.9,2559,2567,2489,2548,2508,2504,2532,2532,2526,2496,2584,2540,2497,2485,2509,2487,2495,2500,2539,2553,2550,2580,2511,2481,2538,2531,2529,2480,2530,2477
221.269,3177.7,3219,3177,3167,3170,3194,3194,3179,3135,3204,3145,3155,3171,3201,3212,3174,3144,3147,3171,3183,3199,3196,3210,3203,3162,3154,3158,3171,3167,3202,3167
221.578,2666.5,2651,2643,2661,2661,2658,2717,2660,2663,2668,2646,2667,2610,2643,2664,2658,2660,2656,2699,2666,2666,2672,2697,2659,2669,2687,2709,2666,2683,2696,2640
221.886,2503.4,2496,2523,2513,2527,2497,2497,2491,2511,2522,2494,2533,2504,2486,2492,2521,2532,2508,2497,2514,2504,2509,2457,2467,2504,2498,2511,2506,2501,2512,2474
222.195,2800.3,2783,2799,2781,2773,2824,2802,2849,2778,2780,2771,2808,2837,2826,2794,2809,2831,2768,2799,2777,2809,2795,2833,2764,2753,2789,2806,2802,2831,2817,2821
222.503,3010.2,3025,2989,3007,3004,3017,3014,2974,3036,3017,3003,3012,3010,2957,3047,2987,3021,3030,3019,2998,2999,2974,3009,3000,2962,3085,3038,2969,3016,3044,3042
222.812,2503.7,2453,2501,2510,2495,2506,2520,2500,2520,2505,2462,2487,2489,2514,2563,2550,2482,2541,2508,2498,2469,2478,2486,2488,2506,2500,2522,2527,2504,2527,2501
223.120,2682.6,2635,2653,2675,2725,2652,2697,2642,2731,2672,2688,2694,2686,2707,2681,2682,2718,2714,2684,2689,2687,2675,2646,2716,2682,2683,2672,2669,2681,2681,2662
223.429,3339.1,3302,3327,3308,3347,3337,3365,3346,3333,3350,3354,3358,3321,3338,3360,3371,3354,3368,3306,3365,3286,3336,3344,3345,3378,3352,3306,3322,3369,3305,3320
223.738,2488.2,2488,2497,2523,2513,2491,2494,2480,2473,2492,2483,2495,2481,2473,2517,2479,2480,2554,2488,2483,2500,2491,2472,2458,2482,2470,2467,2446,2482,2504,2491
224.046,2523.0,2523,2545,2495,2530,2532,2549,2498,2499,2530,2498,2533,2552,2493,2510,2546,2575,2508,2507,2523,2500,2507,2538,2546,2508,2477,2558,2522,2527,2540,2522
224.355,2528.8,2502,2546,2556,2507,2504,2503,2531,2527,2499,2536,2545,2545,2529,2513,2513,2520,2511,2545,2573,2537,2526,2530,2527,2510,2529,2494,2562,2548,2549,2546
224.664,2691.2,2657,2686,2684,2708,2669,2674,2673,2697,2701,2661,2699,2683,2707,2690,2690,2682,2696,2672,2691,2701,2751,2687,2691,2675,2695,2725,2753,2695,2655,2687
224.973,2271.0,2264,2254,2280,2287,2263,2299,2276,2262,2268,2303,2237,2282,2280,2318,2234,2251,2281,2259,2260,2246,2258,2257,2290,2282,2260,2265,2285,2269,2262,2298
225.281,2966.0,2960,2990,2971,2970,2986,2992,2985,2952,2995,2907,2929,2984,2978,2957,2939,2940,3018,3011,2954,2989,2940,2951,2948,2921,2943,2948,2970,2993,3001,2958
225.590,2560.3,2570,2577,2536,2590,2539,2532,2565,2568,2547,2579,2574,2580,2539,2522,2547,2528,2590,2590,2544,2567,2590,2546,2588,2543,2612,2555,2535,2565,2538,2554
225.899,2818.9,2854,2803,2852,2791,2798,2795,2813,2841,2784,2835,2813,2824,2814,2800,2858,2831,2825,2864,2824,2804,2826,2820,2860,2808,2794,2832,2794,2802,2787,2822
226.208,2990.2,2984,3018,3000,2950,3006,2969,2984,3007,2968,3012,3005,2962,2980,2991,3012,3009,3007,2977,2971,2974,2977,3006,2982,2976,3011,2982,3010,3032,2969,2976
226.517,2709.6,2730,2680,2724,2701,2682,2746,2676,2681,2711,2707,2687,2696,2680,2728,2688,2679,2723,2698,2719,2722,2704,2717,2746,2703,2727,2718,2706,2714,2744,2751
226.826,2768.0,2802,2736,2745,2803,2722,2733,2757,2802,2744,2776,2743,2733,2737,2799,2813,2754,2750,2773,2829,2770,2786,2722,2753,2791,2781,2788,2745,2795,2774,2784
227.136,2506.6,2505,2515,2505,2480,2517,2547,2513,2486,2496,2504,2509,2487,2500,2532,2511,2505,2499,2477,2546,2484,2492,2500,2537,2509,2502,2493,2505,2513,2520,2510
227.445,2569.2,2568,2554,2566,2565,2587,2570,2556,2529,2521,2580,2559,2554,2618,2569,2570,2574,2578,2623,2568,2572,2529,2552,2574,2570,2593,2541,2583,2586,2552,2616
227.754,2863.5,2833,2862,2880,2870,2863,2857,2853,2910,2859,2854,2859,2862,2841,2877,2897,2875,2864,2913,2881,2847,2882,2833,2879,2816,2860,2864,2833,2826,2882,2872
228.063,2477.8,2447,2517,2478,2446,2464,2454,2464,2512,2464,2493,2493,2463,2492,2462,2490,2492,2450,2452,2513,2490,2460,2475,2515,2451,2472,2433,2546,2485,2490,2470
228.373,3201.0,3215,3222,3232,3183,3215,3198,3217,3185,3162,3175,3164,3200,3243,3174,3210,3201,3207,3160,3166,3227,3192,3152,3188,3197,3216,3238,3246,3185,3246,3214
228.682,2875.2,2922,2840,2873,2870,2853,2841,2885,2887,2808,2833,2884,2921,2845,2876,2869,2899,2920,2873,2863,2925,2889,2824,2868,2888,2873,2884,2874,2886,2899,2884
228.991,2338.1,2334,2344,2314,2346,2369,2375,2340,2329,2319,2290,2321,2355,2318,2337,2339,2317,2344,2378,2335,2356,2312,2329,2345,2364,2335,2346,2334,2323,2361,2335
229.301,2710.5,2728,2723,2703,2677,2755,2720,2696,2718,2708,2693,2726,2737,2687,2703,2723,2695,2702,2697,2726,2693,2734,2651,2748,2707,2696,2718,2731,2707,2705,2708
229.610,2653.5,2632,2664,2681,2624,2633,2616,2680,2648,2677,2626,2644,2630,2701,2649,2645,2666,2668,2669,2637,2660,2724,2680,2654,2601,2633,2658,2624,2679,2618,2685
229.920,2389.3,2406,2412,2392,2410,2396,2389,2381,2388,2365,2411,2334,2412,2390,2415,2410,2357,2383,2337,2360,2402,2370,2393,2386,2355,2403,2375,2409,2408,2404,2427
230.229,2611.3,2604,2598,2623,2574,2600,2644,2625,2606,2599,2611,2606,2615,2612,2641,2653,2629,2653,2597,2585,2632,2632,2633,2589,2596,2643,2559,2581,2597,2608,2595
230.539,2673.4,2660,2679,2662,2676,2651,2666,2700,2692,2704,2641,2665,2677,2677,2668,2723,2696,2656,2662,2677,2693,2670,2627,2699,2653,2646,2679,2663,2700,2671,2668
230.848,2815.8,2822,2801,2822,2817,2822,2801,2824,2822,2789,2791,2796,2808,2822,2836,2812,2808,2806,2788,2830,2840,2859,2818,2796,2817,2788,2840,2807,2799,2837,2857
231.158,2784.0,2782,2753,2798,2778,2784,2818,2799,2771,2802,2793,2764,2744,2777,2789,2738,2812,2850,2786,2745,2798,2774,2778,2815,2773,2776,2774,2778,2776,2818,2777
231.468,2759.5,2797,2730,2780,2749,2806,2769,2749,2767,2742,2751,2763,2794,2769,2792,2730,2766,2773,2700,2726,2749,2744,2721,2769,2820,2740,2761,2767,2767,2752,2741
231.778,2910.4,2872,2950,2921,2898,2952,2914,2932,2937,2904,2866,2918,2896,2878,2984,2857,2914,2941,2934,2837,2917,2915,2938,2937,2890,2913,2866,2943,2899,2904,2886
232.087,2764.7,2796,2741,2777,2760,2755,2790,2770,2749,2769,2770,2755,2744,2777,2826,2754,2755,2784,2748,2725,2748,2765,2773,2789,2771,2753,2703,2773,2760,2796,2765
232.397,2665.1,2662,2653,2662,2695,2685,2657,2660,2662,2669,2695,2686,2662,2655,2725,2673,2628,2670,2640,2662,2642,2641,2610,2687,2649,2699,2633,2677,2658,2690,2665
232.707,2261.2,2265,2266,2262,2246,2251,2284,2277,2276,2275,2232,2277,2249,2290,2226,2241,2262,2296,2264,2241,2258,2224,2245,2274,2236,2254,2289,2274,2270,2276,2257
233.017,2413.7,2395,2357,2417,2366,2411,2440,2364,2513,2421,2460,2421,2419,2406,2392,2417,2427,2430,2405,2397,2456,2373,2440,2420,2410,2387,2410,2407,2410,2408,2433
233.327,2595.6,2593,2597,2584,2622,2571,2585,2588,2647,2627,2658,2555,2571,2600,2568,2563,2582,2582,2573,2600,2592,2589,2601,2625,2569,2615,2591,2599,2611,2603,2607
233.637,2431.5,2431,2404,2440,2438,2428,2414,2454,2410,2413,2429,2472,2379,2430,2430,2470,2429,2418,2424,2441,2439,2426,2433,2426,2420,2461,2422,2454,2420,2435,2455
233.947,2742.9,2767,2724,2743,2741,2755,2717,2767,2740,2702,2758,2770,2760,2717,2736,2756,2721,2721,2757,2748,2716,2780,2700,2749,2766,2738,2702,2760,2726,2787,2763
234.257,2729.9,2741,2713,2712,2733,2745,2741,2718,2725,2749,2777,2738,2704,2732,2739,2692,2706,2758,2718,2755,2728,2711,2734,2741,2752,2712,2730,2699,2710,2768,2717
234.567,2419.9,2414,2399,2440,2416,2432,2443,2381,2418,2422,2419,2433,2428,2417,2416,2381,2421,2394,2453,2437,2411,2419,2425,2434,2410,2411,2412,2451,2421,2430,2410
234.878,2552.4,2573,2566,2525,2537,2542,2550,2587,2543,2552,2561,2497,2556,2577,2552,2556,2546,2563,2528,2586,2570,2534,2548,2543,2570,2591,2548,2541,2545,2528,2558
235.188,2574.8,2594,2563,2544,2584,2585,2543,2545,2626,2566,2571,2595,2572,2577,2546,2552,2561,2553,2572,2577,2602,2576,2589,2580,2590,2566,2584,2570,2579,2591,2592
235.498,2589.6,2537,2571,2611,2585,2627,2581,2591,2612,2601,2594,2601,2617,2558,2572,2564,2622,2611,2600,2590,2607,2567,2593,2575,2616,2627,2577,2596,2582,2554,2548
235.808,2677.2,2659,2696,2680,2638,2665,2652,2690,2666,2702,2687,2665,2665,2647,2680,2690,2684,2675,2666,2668,2684,2681,2712,2720,2691,2696,2673,2680,2668,2656,2680
236.119,2728.0,2729,2737,2728,2742,2703,2723,2744,2710,2736,2726,2713,2720,2738,2728,2710,2709,2730,2736,2708,2692,2727,2730,2774,2725,2746,2726,2736,2729,2734,2752
236.429,2672.8,2666,2669,2662,2712,2676,2691,2675,2693,2635,2641,2696,2696,2690,2697,2701,2690,2658,2661,2650,2638,2660,2664,2685,2667,2663,2654,2645,2676,2687,2687
236.740,2518.2,2503,2550,2510,2521,2502,2524,2559,2535,2526,2529,2525,2532,2496,2520,2546,2520,2537,2477,2480,2484,2521,2528,2512,2509,2558,2483,2513,2544,2478,2525
237.050,2707.7,2695,2712,2686,2727,2736,2675,2700,2699,2742,2686,2709,2696,2738,2704,2692,2751,2695,2677,2683,2712,2695,2717,2683,2710,2728,2730,2706,2730,2723,2694
237.361,2525.2,2539,2517,2502,2542,2559,2527,2555,2518,2560,2484,2541,2545,2481,2530,2525,2498,2543,2535,2524,2535,2478,2550,2553,2555,2518,2510,2514,2506,2493,2520
237.671,2608.8,2602,2606,2644,2611,2609,2642,2648,2568,2627,2589,2587,2611,2630,2566,2616,2607,2612,2585,2630,2589,2611,2642,2627,2585,2561,2597,2660,2603,2604,2596
237.982,2241.3,2242,2244,2270,2251,2245,2223,2220,2253,2240,2271,2255,2221,2238,2240,2212,2274,2229,2234,2245,2240,2255,2214,2222,2248,2268,2214,2238,2263,2274,2196
238.293,2818.1,2867,2760,2824,2834,2818,2828,2847,2809,2760,2805,2830,2841,2822,2831,2792,2780,2805,2840,2829,2829,2827,2841,2830,2804,2734,2818,2862,2825,2830,2822
238.603,2528.7,2530,2522,2548,2566,2483,2513,2528,2505,2545,2499,2531,2527,2520,2548,2513,2564,2514,2531,2515,2529,2501,2589,2520,2537,2523,2525,2545,2499,2563,2528
238.914,2651.7,2607,2653,2636,2680,2670,2623,2664,2665,2667,2640,2660,2648,2709,2621,2614,2620,2660,2619,2643,2659,2662,2641,2687,2652,2648,2692,2674,2653,2651,2634
239.225,2497.9,2472,2521,2529,2467,2492,2495,2495,2518,2477,2456,2500,2486,2505,2472,2530,2506,2508,2480,2517,2483,2476,2524,2513,2509,2494,2500,2486,2481,2522,2524
239.536,2482.7,2485,2486,2500,2479,2509,2481,2472,2491,2508,2441,2492,2482,2470,2470,2472,2518,2491,2484,2521,2433,2481,2491,2475,2495,2468,2465,2480,2479,2489,2472
239.846,2237.9,2248,2246,2209,2242,2240,2211,2229,2201,2263,2233,2260,2240,2249,2225,2220,2265,2205,2200,2253,2250,2216,2289,2257,2231,2245,2249,2244,2245,2224,2248
240.157,2392.3,2393,2370,2397,2435,2383,2387,2422,2395,2384,2428,2347,2405,2424,2397,2384,2349,2370,2361,2392,2409,2380,2393,2377,2426,2353,2396,2386,2404,2408,2415
240.468,2640.2,2643,2661,2640,2606,2659,2640,2681,2676,2693,2651,2636,2645,2651,2673,2634,2596,2618,2593,2620,2616,2662,2592,2601,2661,2652,2628,2635,2643,2655,2646
240.779,2564.9,2555,2588,2569,2515,2579,2581,2544,2579,2563,2577,2573,2597,2546,2559,2553,2572,2589,2568,2559,2588,2611,2556,2543,2546,2569,2542,2558,2546,2560,2563
241.090,2514.6,2508,2490,2521,2499,2507,2515,2499,2514,2489,2504,2540,2565,2497,2516,2508,2528,2531,2493,2533,2503,2536,2537,2524,2502,2515,2542,2464,2528,2516,2513
241.401,2486.3,2482,2459,2486,2543,2456,2451,2497,2466,2485,2437,2498,2509,2512,2486,2485,2487,2474,2532,2476,2475,2468,2441,2487,2523,2497,2509,2486,2488,2475,2520
241.713,2607.7,2555,2648,2592,2633,2612,2585,2581,2660,2588,2596,2644,2645,2618,2607,2599,2591,2600,2578,2625,2594,2633,2627,2628,2608,2579,2596,2587,2608,2575,2638
242.024,2252.2,2230,2227,2236,2261,2269,2213,2241,2282,2261,2250,2245,2287,2251,2270,2226,2277,2241,2243,2266,2248,2266,2220,2243,2264,2231,2262,2265,2223,2308,2261
242.335,2543.0,2548,2533,2516,2504,2540,2572,2555,2566,2478,2581,2567,2521,2520,2576,2526,2561,2575,2524,2543,2567,2545,2535,2508,2531,2546,2556,2540,2552,2530,2574
242.646,2557.5,2570,2583,2568,2553,2574,2614,2579,2537,2534,2582,2587,2545,2518,2508,2574,2546,2568,2514,2534,2568,2516,2634,2546,2552,2524,2562,2571,2566,2542,2557
242.957,2379.4,2387,2369,2393,2398,2371,2359,2407,2404,2386,2396,2351,2406,2367,2360,2406,2412,2387,2368,2399,2385,2383,2330,2343,2370,2373,2366,2384,2345,2367,2409
243.269,2775.0,2761,2788,2772,2744,2789,2728,2747,2806,2792,2812,2722,2752,2758,2751,2764,2831,2815,2780,2781,2783,2767,2772,2795,2748,2762,2802,2783,2769,2798,2779
243.580,2350.7,2355,2375,2281,2414,2362,2333,2327,2360,2370,2368,2352,2358,2362,2350,2351,2380,2324,2308,2364,2372,2379,2356,2338,2328,2351,2355,2322,2341,2346,2338
243.892,2363.8,2334,2325,2401,2364,2383,2376,2367,2335,2382,2360,2387,2373,2354,2334,2380,2344,2336,2368,2375,2364,2385,2340,2392,2370,2350,2402,2341,2326,2387,2379
244.203,2765.4,2776,2760,2781,2739,2771,2725,2779,2757,2771,2738,2755,2749,2781,2768,2743,2796,2770,2799,2750,2808,2756,2757,2784,2784,2743,2796,2790,2732,2769,2736
244.514,2316.9,2312,2311,2334,2333,2307,2270,2323,2321,2314,2324,2292,2336,2346,2305,2309,2308,2341,2318,2332,2316,2325,2301,2353,2312,2297,2297,2340,2284,2315,2331
244.826,2418.3,2381,2440,2410,2408,2407,2431,2391,2440,2396,2431,2398,2425,2442,2376,2405,2412,2429,2445,2444,2394,2427,2425,2430,2456,2474,2408,2405,2353,2453,2412
245.138,2274.9,2272,2276,2245,2298,2275,2241,2323,2293,2280,2254,2228,2260,2319,2249,2302,2264,2306,2252,2297,2282,2283,2275,2273,2285,2248,2258,2302,2260,2286,2261
245.449,2911.3,2857,2928,2901,2942,2960,2930,2947,2899,2904,2905,2915,2907,2901,2904,2926,2934,2912,2906,2892,2901,2907,2938,2911,2879,2893,2881,2946,2913,2893,2908
245.761,2558.1,2545,2577,2538,2584,2522,2572,2539,2536,2546,2520,2545,2541,2572,2564,2584,2576,2578,2550,2584,2567,2588,2544,2546,2555,2576,2561,2521,2567,2564,2582
246.073,2158.9,2134,2140,2172,2173,2142,2152,2135,2186,2205,2124,2132,2140,2145,2133,2163,2166,2209,2161,2163,2162,2165,2188,2147,2173,2168,2216,2151,2145,2181,2095
246.384,2373.2,2351,2370,2381,2374,2355,2375,2399,2392,2369,2398,2373,2393,2369,2344,2344,2403,2371,2393,2381,2365,2407,2365,2359,2360,2372,2362,2345,2400,2376,2351
246.696,2372.0,2382,2378,2398,2353,2379,2385,2383,2376,2386,2333,2342,2346,2403,2371,2352,2397,2346,2384,2406,2347,2388,2352,2414,2319,2361,2362,2383,2380,2387,2367
247.008,2206.2,2186,2198,2189,2192,2228,2202,2196,2205,2202,2182,2203,2196,2243,2188,2177,2225,2193,2195,2194,2190,2212,2241,2214,2194,2203,2199,2231,2215,2233,2259
247.320,2361.5,2384,2384,2376,2361,2328,2365,2342,2353,2398,2352,2329,2417,2338,2353,2386,2383,2344,2387,2364,2322,2351,2361,2345,2349,2344,2355,2383,2357,2369,2364
247.632,2477.9,2461,2480,2435,2450,2506,2497,2508,2488,2436,2450,2463,2464,2459,2476,2534,2522,2478,2449,2469,2446,2496,2488,2504,2451,2477,2489,2493,2477,2491,2500
247.944,2377.8,2391,2353,2388,2339,2382,2360,2363,2369,2388,2374,2325,2401,2420,2369,2395,2382,2351,2373,2373,2407,2377,2402,2385,2373,2360,2402,2392,2399,2354,2388
248.256,2534.7,2534,2528,2543,2519,2581,2517,2470,2544,2543,2493,2570,2518,2549,2568,2556,2569,2505,2521,2495,2520,2553,2532,2556,2526,2580,2504,2540,2520,2531,2556
248.568,2299.7,2244,2291,2305,2275,2266,2289,2291,2292,2304,2300,2344,2260,2254,2329,2276,2300,2331,2314,2290,2323,2294,2287,2299,2332,2298,2305,2318,2331,2322,2327
248.880,2452.9,2449,2470,2450,2450,2449,2441,2451,2437,2450,2462,2450,2472,2419,2431,2483,2455,2454,2460,2454,2427,2448,2448,2428,2442,2470,2494,2454,2449,2496,2444
249.192,2382.3,2401,2387,2349,2366,2398,2381,2376,2383,2370,2357,2402,2393,2423,2401,2411,2382,2340,2379,2386,2395,2380,2372,2384,2367,2381,2354,2381,2415,2392,2364
249.504,3332.2,3394,3313,3321,3320,3300,3331,3309,3346,3298,3317,3329,3388,3357,3321,3306,3349,3324,3361,3322,3292,3359,3314,3355,3382,3341,3300,3322,3333,3301,3360
249.816,2536.6,2535,2545,2522,2495,2530,2540,2525,2538,2537,2538,2547,2548,2541,2526,2499,2549,2513,2522,2560,2555,2514,2544,2560,2516,2586,2544,2563,2529,2509,2568
250.129,2453.8,2428,2465,2413,2434,2472,2528,2457,2450,2442,2474,2463,2441,2493,2476,2467,2515,2481,2444,2422,2411,2430,2484,2447,2440,2385,2438,2481,2432,2414,2488
250.441,2175.7,2147,2159,2178,2199,2197,2184,2211,2130,2192,2209,2196,2195,2159,2180,2191,2139,2154,2190,2175,2157,2151,2201,2176,2166,2139,2197,2192,2181,2184,2142
250.753,2158.4,2145,2163,2155,2169,2187,2127,2201,2165,2159,2180,2134,2123,2156,2174,2141,2148,2168,2156,2160,2175,2168,2132,2172,2215,2144,2147,2136,2162,2151,2138
251.066,2279.3,2281,2310,2240,2206,2253,2237,2272,2280,2286,2277,2302,2307,2267,2240,2269,2269,2269,2302,2312,2288,2295,2309,2305,2261,2307,2269,2285,2258,2346,2276
251.378,2240.3,2250,2228,2226,2281,2223,2265,2229,2267,2253,2235,2252,2236,2229,2240,2253,2188,2232,2275,2245,2250,2216,2264,2262,2223,2202,2216,2230,2242,2261,2237
251.690,2201.0,2162,2143,2209,2219,2213,2225,2185,2192,2189,2184,2200,2210,2176,2205,2221,2202,2226,2220,2200,2182,2209,2230,2193,2206,2205,2209,2216,2189,2202,2209
252.003,2466.0,2495,2453,2429,2444,2437,2473,2440,2473,2438,2486,2438,2489,2485,2459,2461,2498,2494,2475,2445,2502,2467,2410,2452,2508,2511,2482,2476,2454,2441,2466
252.315,2476.9,2452,2480,2475,2472,2462,2500,2476,2493,2490,2513,2474,2463,2470,2493,2503,2476,2467,2476,2456,2447,2498,2457,2480,2454,2472,2459,2438,2514,2521,2476
252.628,2657.0,2662,2668,2656,2695,2621,2674,2626,2610,2630,2650,2623,2636,2692,2677,2660,2653,2666,2664,2675,2694,2726,2663,2653,2652,2619,2664,2645,2651,2662,2643
252.941,2444.3,2459,2442,2459,2443,2449,2405,2414,2452,2445,2429,2463,2477,2464,2443,2437,2448,2430,2437,2457,2446,2439,2441,2444,2473,2461,2410,2447,2460,2408,2448
253.253,2402.4,2426,2394,2394,2392,2438,2408,2365,2407,2391,2389,2432,2411,2389,2403,2406,2426,2451,2416,2367,2414,2379,2380,2398,2429,2366,2419,2382,2395,2374,2430
253.566,2551.0,2572,2547,2537,2558,2548,2558,2570,2527,2553,2567,2556,2524,2539,2535,2541,2559,2530,2567,2547,2553,2575,2548,2549,2558,2548,2546,2536,2575,2542,2565
253.879,2670.1,2666,2691,2649,2653,2678,2704,2655,2687,2644,2642,2686,2679,2683,2655,2681,2621,2666,2678,2664,2666,2701,2693,2673,2703,2699,2663,2629,2642,2662,2690
254.192,2466.2,2403,2464,2463,2456,2485,2481,2511,2478,2430,2466,2466,2479,2467,2479,2422,2461,2494,2506,2429,2464,2482,2506,2478,2464,2454,2446,2475,2456,2438,2483
254.504,2520.0,2508,2530,2539,2560,2506,2520,2499,2576,2487,2531,2500,2540,2529,2540,2524,2555,2512,2522,2524,2521,2495,2509,2552,2499,2482,2514,2504,2540,2509,2472
254.817,2256.4,2270,2204,2251,2263,2269,2270,2230,2259,2225,2310,2242,2284,2232,2245,2281,2238,2256,2265,2249,2252,2258,2232,2280,2229,2250,2271,2282,2250,2292,2253
255.130,2655.0,2642,2626,2696,2624,2661,2611,2645,2695,2672,2639,2696,2660,2672,2635,2640,2703,2659,2658,2664,2663,2652,2640,2678,2631,2629,2638,2673,2666,2601,2680
255.443,2402.4,2381,2432,2422,2409,2402,2441,2390,2444,2408,2390,2376,2383,2430,2376,2436,2412,2435,2381,2396,2403,2386,2369,2424,2420,2385,2370,2392,2377,2379,2422
255.756,2681.1,2664,2708,2664,2687,2701,2688,2702,2666,2639,2643,2665,2717,2683,2667,2704,2723,2682,2674,2673,2674,2677,2669,2686,2680,2694,2672,2666,2696,2681,2688
256.069,2158.9,2113,2165,2176,2162,2174,2139,2148,2143,2171,2170,2167,2161,2176,2126,2164,2155,2179,2170,2137,2152,2161,2139,2178,2140,2220,2204,2155,2145,2147,2129
256.382,2649.5,2660,2691,2677,2641,2629,2622,2653,2665,2670,2647,2644,2628,2647,2624,2661,2660,2641,2669,2659,2665,2665,2643,2605,2637,2631,2635,2670,2649,2650,2648
256.695,2637.1,2604,2649,2635,2659,2618,2604,2621,2643,2598,2665,2628,2619,2679,2676,2677,2631,2643,2639,2655,2641,2637,2613,2621,2624,2647,2629,2618,2634,2641,2664
257.009,2157.7,2112,2109,2152,2157,2140,2197,2131,2143,2216,2150,2125,2145,2165,2154,2170,2164,2160,2160,2147,2181,2174,2177,2162,2159,2191,2141,2179,2144,2141,2184
257.322,2762.7,2701,2780,2766,2795,2749,2758,2757,2776,2805,2767,2751,2729,2785,2724,2752,2763,2782,2781,2755,2759,2806,2798,2739,2789,2760,2777,2773,2713,2725,2766
257.635,2293.9,2250,2282,2264,2268,2305,2248,2309,2303,2344,2268,2300,2284,2294,2286,2314,2323,2287,2317,2322,2325,2347,2260,2272,2317,2315,2278,2326,2294,2286,2230
257.948,2647.4,2637,2636,2632,2651,2624,2631,2650,2624,2669,2643,2629,2608,2646,2640,2640,2663,2664,2697,2623,2667,2645,2605,2669,2644,2652,2678,2661,2641,2669,2683
258.262,2572.3,2511,2550,2569,2608,2571,2604,2559,2569,2557,2598,2600,2584,2598,2568,2572,2545,2571,2561,2591,2577,2575,2524,2560,2567,2534,2546,2628,2579,2627,2565
258.575,2505.5,2495,2530,2488,2513,2512,2506,2510,2499,2514,2558,2547,2494,2482,2534,2490,2442,2511,2490,2478,2494,2504,2519,2527,2510,2522,2499,2527,2488,2462,2520
258.888,2752.4,2772,2753,2780,2713,2741,2766,2738,2726,2782,2746,2784,2787,2791,2750,2746,2801,2707,2768,2720,2790,2772,2733,2737,2744,2705,2785,2726,2723,2744,2743
259.202,2068.6,2073,2053,2039,2045,2093,2050,2091,2091,2080,2060,2104,2055,2088,2073,2044,2079,2083,2043,2037,2063,2079,2070,2075,2082,2065,2068,2088,2069,2029,2088
259.515,2259.1,2283,2237,2294,2277,2220,2219,2272,2276,2264,2267,2239,2261,2262,2229,2293,2294,2267,2271,2258,2283,2230,2232,2241,2303,2281,2229,2264,2239,2218,2270
259.829,2151.4,2121,2126,2176,2171,2168,2162,2138,2146,2120,2136,2161,2176,2123,2187,2171,2169,2185,2155,2159,2162,2109,2188,2170,2076,2172,2125,2137,2150,2163,2139
260.142,2171.8,2183,2168,2183,2180,2184,2108,2167,2164,2112,2182,2195,2187,2159,2128,2240,2193,2161,2132,2142,2180,2210,2205,2213,2201,2180,2156,2165,2126,2182,2168
260.456,2324.4,2341,2330,2322,2343,2310,2270,2335,2312,2328,2302,2316,2305,2289,2336,2312,2348,2340,2379,2312,2320,2328,2368,2325,2301,2330,2311,2338,2348,2300,2334
260.770,2545.5,2531,2544,2573,2524,2580,2528,2558,2518,2598,2552,2594,2552,2488,2577,2527,2552,2484,2554,2550,2598,2513,2589,2584,2522,2544,2537,2534,2514,2510,2537
261.083,2701.1,2685,2679,2698,2674,2716,2716,2709,2683,2665,2751,2687,2712,2746,2704,2700,2704,2683,2722,2757,2681,2657,2697,2691,2730,2699,2718,2688,2678,2685,2718
261.397,2222.0,2181,2242,2195,2207,2180,2229,2235,2209,2204,2209,2219,2217,2261,2194,2203,2235,2195,2243,2234,2232,2230,2251,2243,2189,2197,2251,2265,2268,2224,2218
261.711,2217.3,2219,2224,2239,2232,2234,2195,2198,2207,2247,2212,2196,2241,2178,2235,2191,2174,2206,2192,2205,2200,2225,2245,2215,2229,2253,2210,2228,2237,2244,2207
262.025,2129.8,2117,2134,2152,2092,2144,2171,2148,2114,2181,2106,2104,2113,2105,2111,2167,2134,2122,2137,2152,2148,2124,2130,2124,2128,2128,2093,2104,2134,2178,2099
262.339,2676.9,2692,2664,2702,2680,2659,2685,2713,2671,2668,2677,2699,2671,2682,2646,2672,2708,2682,2635,2731,2697,2680,2656,2653,2674,2694,2701,2632,2639,2659,2685
262.653,2120.8,2098,2091,2087,2139,2138,2082,2089,2134,2100,2113,2110,2108,2143,2110,2157,2131,2125,2108,2100,2117,2113,2130,2119,2122,2161,2148,2145,2120,2148,2137
262.967,2498.0,2495,2497,2505,2495,2506,2480,2488,2504,2497,2486,2490,2506,2463,2457,2509,2482,2472,2500,2501,2543,2525,2524,2486,2503,2498,2482,2511,2510,2510,2514
263.281,2520.2,2511,2504,2477,2557,2512,2539,2459,2540,2532,2511,2511,2506,2526,2516,2474,2517,2523,2502,2509,2532,2500,2518,2557,2512,2564,2563,2560,2538,2510,2525
263.595,2491.3,2496,2491,2494,2486,2473,2478,2472,2538,2457,2484,2513,2488,2558,2513,2468,2493,2496,2489,2517,2493,2448,2481,2481,2498,2494,2477,2496,2471,2513,2483
263.909,2189.4,2214,2168,2156,2185,2213,2220,2163,2137,2218,2157,2200,2173,2179,2218,2184,2167,2202,2167,2191,2213,2179,2196,2186,2182,2186,2234,2197,2228,2184,2184
264.223,2306.5,2324,2310,2324,2324,2296,2283,2270,2302,2360,2252,2316,2285,2279,2305,2324,2322,2300,2316,2339,2309,2326,2286,2285,2320,2309,2297,2285,2324,2291,2333
264.537,2195.9,2205,2224,2217,2193,2191,2170,2227,2156,2176,2229,2202,2158,2208,2162,2194,2194,2217,2160,2159,2181,2199,2204,2200,2202,2177,2245,2192,2223,2231,2180
264.851,2302.8,2307,2291,2311,2306,2340,2294,2263,2307,2289,2306,2273,2289,2305,2306,2329,2292,2312,2302,2333,2294,2305,2299,2289,2306,2281,2325,2299,2316,2301,2313
265.165,2344.6,2324,2325,2326,2348,2392,2327,2322,2333,2373,2371,2354,2338,2392,2325,2375,2351,2361,2347,2333,2346,2327,2331,2341,2298,2317,2321,2336,2348,2366,2390
265.480,2366.1,2385,2393,2346,2344,2349,2366,2386,2337,2397,2349,2365,2360,2335,2382,2345,2340,2385,2396,2404,2338,2389,2392,2361,2374,2336,2347,2361,2376,2360,2386
265.794,2219.8,2228,2194,2218,2209,2190,2195,2223,2224,2223,2230,2189,2214,2235,2227,2274,2210,2249,2206,2217,2179,2240,2213,2231,2207,2252,2235,2206,2231,2257,2187
266.108,2197.7,2228,2216,2213,2191,2220,2215,2181,2187,2164,2164,2193,2220,2207,2133,2211,2197,2200,2200,2221,2197,2222,2187,2180,2171,2194,2204,2243,2185,2211,2177
266.423,2323.0,2287,2304,2289,2346,2340,2345,2321,2323,2348,2325,2309,2298,2323,2321,2297,2302,2364,2344,2366,2337,2296,2338,2290,2322,2344,2327,2342,2318,2313,2310
266.737,2453.1,2415,2454,2416,2445,2450,2475,2449,2493,2475,2437,2433,2441,2446,2486,2463,2489,2414,2451,2449,2440,2454,2486,2450,2441,2430,2451,2473,2439,2483,2466
267.052,2317.9,2294,2311,2296,2311,2312,2322,2336,2330,2300,2341,2282,2318,2285,2332,2334,2293,2318,2296,2328,2279,2359,2333,2343,2357,2340,2332,2300,2325,2319,2312
267.366,2200.1,2194,2174,2191,2192,2166,2221,2192,2189,2228,2194,2241,2213,2205,2198,2225,2226,2190,2169,2239,2194,2201,2195,2173,2186,2164,2162,2247,2195,2213,2227
267.681,2440.6,2414,2438,2436,2425,2462,2435,2424,2414,2478,2446,2440,2433,2400,2418,2486,2468,2463,2393,2466,2460,2469,2445,2456,2430,2424,2433,2428,2436,2435,2463
267.995,2708.0,2725,2696,2738,2749,2697,2688,2688,2668,2696,2693,2715,2732,2715,2691,2701,2718,2741,2730,2677,2686,2726,2752,2691,2734,2702,2697,2711,2685,2677,2720
268.310,2220.6,2190,2229,2232,2206,2233,2199,2223,2191,2212,2230,2204,2229,2270,2220,2234,2223,2225,2235,2210,2209,2181,2189,2223,2250,2204,2223,2225,2248,2237,2235
268.625,2323.1,2270,2344,2277,2309,2319,2338,2345,2322,2292,2341,2308,2317,2328,2342,2276,2327,2317,2327,2316,2343,2318,2314,2351,2331,2309,2303,2384,2351,2344,2331
268.939,2812.1,2826,2836,2803,2780,2836,2799,2811,2806,2808,2832,2797,2835,2825,2797,2818,2814,2827,2850,2802,2811,2814,2789,2822,2847,2810,2753,2781,2875,2776,2783
269.254,2280.1,2313,2337,2245,2267,2274,2297,2285,2270,2295,2269,2316,2272,2253,2274,2260,2300,2261,2283,2261,2304,2285,2276,2284,2225,2288,2249,2283,2300,2292,2286
269.569,2701.6,2736,2732,2648,2666,2678,2712,2746,2703,2692,2684,2685,2703,2707,2688,2706,2718,2672,2666,2694,2737,2657,2728,2713,2726,2695,2688,2748,2650,2719,2750
269.884,1928.6,1914,1915,1961,1933,1915,1968,1901,1893,1925,1912,1915,1945,1921,1943,1942,1944,1931,1944,1946,1923,1942,1944,1961,1901,1918,1915,1913,1900,1951,1922
270.199,2336.3,2352,2324,2309,2380,2340,2350,2302,2384,2325,2330,2335,2340,2292,2367,2367,2366,2310,2341,2351,2307,2363,2337,2357,2337,2344,2289,2312,2304,2327,2348
270.514,2350.4,2345,2357,2377,2337,2369,2328,2351,2370,2321,2364,2361,2361,2351,2355,2349,2363,2310,2319,2392,2350,2366,2368,2340,2313,2322,2405,2320,2353,2351,2345
270.829,2162.2,2161,2193,2152,2169,2200,2138,2197,2136,2165,2137,2168,2195,2166,2198,2183,2113,2118,2185,2185,2138,2123,2178,2164,2146,2152,2176,2159,2164,2131,2177
271.144,2462.6,2451,2476,2459,2471,2488,2445,2442,2450,2488,2479,2483,2428,2434,2454,2491,2502,2478,2442,2476,2470,2459,2459,2486,2488,2425,2494,2432,2450,2442,2437
271.459,2095.2,2117,2083,2098,2110,2093,2134,2088,2080,2089,2079,2086,2089,2109,2112,2124,2107,2076,2076,2108,2075,2107,2071,2085,2119,2100,2064,2100,2108,2095,2073
271.774,2526.3,2498,2526,2536,2539,2507,2494,2527,2485,2520,2538,2551,2552,2522,2563,2517,2536,2494,2510,2523,2509,2512,2548,2526,2552,2550,2541,2500,2556,2535,2522
272.089,2117.0,2116,2111,2115,2125,2136,2169,2129,2122,2126,2157,2113,2120,2113,2108,2112,2110,2083,2098,2120,2102,2131,2109,2105,2096,2102,2118,2120,2107,2117,2120
272.404,2273.7,2263,2267,2248,2309,2275,2279,2287,2264,2284,2243,2216,2316,2227,2300,2267,2274,2265,2263,2273,2320,2286,2221,2252,2317,2341,2248,2257,2274,2300,2274
272.719,2610.4,2616,2611,2619,2616,2588,2600,2612,2618,2595,2575,2618,2622,2586,2618,2612,2632,2608,2635,2596,2600,2664,2603,2621,2585,2622,2604,2637,2628,2584,2586
273.035,2019.4,2051,2026,1992,2005,2011,2008,1999,1990,2025,2026,2006,2001,2028,2016,2043,2043,2018,1993,2012,2013,2029,2035,2019,2036,2017,2024,2041,2041,2005,2030
273.350,2525.6,2537,2558,2520,2546,2497,2501,2574,2532,2543,2501,2545,2521,2506,2494,2499,2528,2545,2522,2528,2546,2527,2532,2520,2490,2536,2507,2547,2510,2496,2561
273.665,2427.7,2401,2414,2446,2442,2414,2387,2416,2429,2487,2392,2441,2451,2408,2417,2408,2435,2439,2418,2433,2437,2459,2422,2443,2412,2422,2397,2447,2428,2413,2473
273.981,2308.7,2324,2305,2300,2356,2342,2314,2303,2297,2336,2301,2298,2312,2312,2243,2288,2282,2296,2332,2288,2335,2295,2257,2302,2261,2297,2328,2338,2323,2362,2334
274.296,2283.9,2338,2248,2268,2274,2246,2294,2303,2271,2275,2264,2277,2267,2303,2311,2266,2260,2272,2304,2325,2264,2298,2289,2287,2305,2302,2262,2232,2341,2292,2280
274.612,2297.1,2291,2299,2251,2278,2269,2320,2287,2305,2304,2305,2356,2287,2322,2296,2293,2305,2290,2275,2313,2336,2328,2270,2330,2281,2294,2247,2266,2259,2354,2301
274.927,2247.8,2235,2262,2262,2253,2274,2239,2252,2245,2248,2243,2244,2233,2248,2294,2204,2251,2235,2252,2238,2259,2232,2272,2277,2240,2216,2233,2228,2240,2255,2270
275.243,2268.5,2285,2263,2254,2267,2243,2251,2305,2266,2255,2261,2289,2282,2291,2275,2210,2276,2250,2292,2267,2283,2252,2285,2238,2287,2315,2275,2269,2294,2238,2237
275.558,2235.1,2248,2218,2200,2248,2225,2221,2248,2264,2224,2226,2226,2219,2282,2219,2214,2237,2213,2238,2213,2226,2247,2253,2257,2224,2248,2226,2255,2254,2242,2238
275.874,2161.7,2171,2179,2133,2204,2189,2186,2194,2161,2144,2074,2153,2165,2162,2127,2144,2174,2181,2171,2148,2123,2143,2129,2184,2185,2180,2149,2197,2166,2159,2175
276.189,2354.1,2313,2340,2353,2345,2355,2391,2362,2334,2358,2363,2369,2348,2390,2364,2379,2396,2329,2339,2360,2362,2378,2387,2403,2324,2304,2332,2350,2309,2314,2373
276.505,2362.8,2370,2411,2367,2345,2364,2404,2385,2362,2317,2365,2367,2371,2370,2348,2346,2344,2372,2344,2357,2360,2366,2342,2345,2384,2348,2400,2370,2346,2328,2386
276.821,2657.0,2669,2657,2660,2687,2675,2677,2654,2622,2627,2687,2680,2632,2623,2648,2630,2659,2681,2660,2634,2657,2677,2688,2683,2633,2638,2629,2673,2664,2621,2684
277.137,2192.0,2191,2170,2160,2220,2204,2223,2187,2166,2182,2228,2226,2224,2199,2154,2169,2218,2216,2189,2174,2205,2188,2184,2179,2187,2189,2170,2171,2192,2178,2217
277.453,2146.5,2155,2130,2107,2170,2143,2150,2138,2159,2098,2146,2155,2153,2168,2171,2144,2160,2133,2152,2136,2123,2149,2157,2168,2138,2155,2173,2130,2166,2102,2166
277.768,2345.8,2342,2369,2347,2332,2370,2347,2329,2354,2353,2332,2320,2360,2344,2317,2337,2337,2351,2371,2328,2362,2371,2341,2369,2352,2347,2364,2330,2337,2346,2315
278.084,2125.0,2118,2102,2136,2124,2127,2128,2103,2136,2114,2124,2142,2129,2132,2112,2125,2137,2146,2117,2131,2121,2141,2121,2103,2146,2126,2099,2141,2124,2124,2120
278.400,2316.2,2304,2351,2315,2321,2322,2342,2382,2293,2306,2285,2348,2318,2346,2312,2328,2323,2285,2318,2315,2288,2312,2297,2280,2300,2309,2293,2319,2328,2331,2314
278.716,2228.7,2212,2224,2243,2234,2223,2219,2249,2267,2234,2277,2203,2251,2230,2234,2232,2192,2219,2254,2197,2213,2223,2231,2201,2237,2212,2236,2260,2211,2227,2216
279.032,2056.3,2075,2089,2026,2064,2042,2067,2044,2042,2055,2079,2047,2057,2046,2027,2015,2074,2088,2038,2067,2073,2070,2084,2072,2086,2041,2059,1997,2070,2034,2062
279.348,2285.3,2273,2290,2298,2293,2313,2301,2252,2289,2289,2249,2307,2265,2282,2272,2291,2270,2312,2265,2305,2264,2271,2316,2253,2281,2274,2302,2311,2279,2303,2289
279.664,2162.6,2138,2194,2184,2181,2194,2176,2160,2237,2162,2136,2132,2184,2161,2152,2178,2160,2186,2140,2155,2147,2197,2126,2127,2192,2159,2160,2141,2154,2115,2149
279.981,2519.1,2482,2460,2505,2504,2520,2561,2504,2530,2528,2498,2533,2449,2542,2535,2517,2517,2525,2561,2554,2516,2522,2524,2461,2517,2533,2530,2542,2548,2561,2494
280.297,2156.6,2144,2216,2187,2144,2162,2148,2169,2163,2169,2149,2171,2149,2133,2176,2138,2143,2144,2145,2148,2186,2156,2187,2088,2182,2181,2135,2144,2137,2155,2150
280.613,2084.7,2108,2059,2079,2097,2072,2079,2074,2078,2106,2069,2102,2100,2076,2105,2080,2088,2106,2052,2062,2093,2123,2095,2062,2080,2079,2063,2095,2095,2068,2096
280.929,2201.7,2155,2176,2198,2273,2166,2200,2194,2195,2251,2217,2198,2204,2201,2192,2209,2194,2208,2212,2204,2215,2204,2198,2181,2204,2186,2228,2206,2206,2205,2170
281.246,2478.7,2502,2480,2489,2480,2492,2478,2450,2499,2455,2457,2490,2449,2478,2459,2469,2529,2451,2457,2450,2486,2476,2471,2495,2496,2465,2485,2476,2494,2472,2532
281.562,2212.2,2199,2228,2219,2224,2196,2216,2209,2239,2170,2226,2206,2222,2233,2220,2172,2236,2203,2215,2171,2193,2223,2238,2218,2179,2190,2206,2192,2224,2238,2261
281.878,2088.7,2053,2082,2068,2076,2049,2079,2089,2077,2093,2126,2127,2083,2085,2109,2124,2057,2085,2082,2073,2125,2091,2124,2034,2081,2100,2057,2105,2095,2105,2126
282.195,2245.6,2209,2248,2211,2249,2239,2219,2258,2245,2209,2266,2271,2238,2273,2288,2232,2206,2280,2215,2289,2266,2255,2267,2285,2242,2234,2241,2238,2239,2221,2234
282.511,2374.3,2396,2372,2399,2370,2384,2371,2383,2398,2365,2368,2368,2377,2383,2382,2353,2366,2386,2388,2374,2346,2377,2399,2374,2342,2370,2394,2357,2342,2368,2376
282.828,2215.6,2213,2188,2207,2184,2202,2216,2216,2220,2245,2209,2203,2225,2243,2208,2189,2216,2201,2232,2215,2207,2225,2213,2208,2219,2228,2222,2245,2211,2213,2244
283.144,2336.4,2330,2378,2361,2344,2298,2344,2320,2357,2376,2338,2320,2286,2328,2341,2312,2322,2378,2308,2344,2308,2326,2321,2355,2348,2358,2321,2344,2362,2322,2341
283.461,2252.0,2267,2213,2226,2245,2276,2229,2203,2231,2243,2289,2258,2265,2271,2258,2288,2258,2264,2254,2240,2233,2252,2262,2237,2239,2250,2276,2261,2241,2274,2258
283.778,2365.1,2362,2385,2358,2362,2370,2346,2345,2398,2308,2356,2398,2392,2409,2358,2351,2360,2372,2378,2406,2369,2339,2369,2372,2365,2362,2358,2350,2357,2334,2364
284.094,2200.0,2184,2214,2216,2191,2198,2182,2198,2161,2236,2236,2194,2201,2189,2219,2185,2181,2193,2200,2218,2212,2176,2211,2200,2202,2193,2208,2180,2227,2206,2189
284.411,2201.9,2214,2233,2211,2212,2201,2242,2213,2202,2176,2219,2217,2186,2201,2165,2203,2239,2203,2221,2175,2188,2182,2154,2220,2188,2195,2199,2192,2219,2216,2171
284.728,2197.2,2213,2196,2186,2199,2165,2200,2160,2177,2239,2185,2219,2233,2210,2200,2174,2190,2218,2176,2182,2233,2191,2211,2159,2203,2190,2191,2191,2193,2220,2211
285.045,1985.7,2024,1970,1997,1994,1983,2018,1970,2040,1984,1986,1988,1986,2004,1952,1989,1977,1970,1970,2001,1960,2001,1985,1951,2016,1968,1971,1975,1986,1964,1991
285.361,2065.9,2082,2036,2035,2055,2083,2073,2048,2050,2054,2084,2093,2037,2115,2092,2108,2063,2050,2026,2038,2049,2093,2069,2059,2046,2051,2049,2072,2087,2103,2077
285.678,2215.6,2253,2187,2239,2202,2237,2189,2220,2221,2223,2168,2181,2214,2179,2192,2219,2217,2233,2182,2203,2172,2277,2215,2256,2250,2213,2228,2203,2229,2236,2231
285.995,2265.6,2261,2268,2289,2270,2274,2248,2268,2276,2243,2275,2292,2285,2275,2246,2270,2265,2271,2291,2254,2277,2290,2231,2270,2269,2235,2273,2269,2242,2266,2226
286.312,2377.6,2397,2355,2384,2333,2342,2444,2357,2387,2394,2377,2404,2340,2360,2424,2386,2383,2378,2387,2339,2388,2375,2373,2380,2379,2342,2395,2364,2379,2382,2401
286.629,2352.9,2355,2385,2323,2350,2362,2338,2383,2351,2345,2359,2345,2371,2300,2327,2360,2328,2377,2324,2356,2411,2343,2368,2371,2361,2375,2324,2320,2381,2362,2332
286.946,2834.5,2818,2833,2828,2848,2840,2821,2813,2812,2860,2840,2861,2832,2864,2847,2819,2838,2841,2853,2826,2831,2818,2796,2879,2820,2847,2835,2799,2846,2823,2846
287.263,2302.4,2270,2289,2328,2347,2303,2294,2320,2287,2310,2313,2340,2262,2331,2312,2309,2317,2315,2316,2297,2288,2272,2319,2301,2307,2312,2283,2282,2284,2267,2296
287.580,2719.0,2752,2691,2697,2721,2719,2744,2727,2685,2716,2731,2729,2703,2704,2720,2700,2730,2696,2698,2692,2706,2782,2739,2740,2749,2693,2684,2742,2707,2728,2746
287.898,2288.5,2280,2292,2291,2298,2327,2311,2328,2256,2262,2271,2282,2253,2307,2272,2295,2300,2319,2280,2318,2256,2254,2319,2284,2325,2274,2276,2284,2269,2300,2272
288.215,2021.2,2013,2041,2060,2033,2033,2022,2025,1995,2010,2047,2057,2012,2039,2000,2042,2040,2034,2020,2029,2019,1996,2009,1983,1995,2022,2046,1978,2000,2012,2024
288.532,2330.4,2320,2324,2296,2310,2326,2310,2344,2337,2318,2354,2348,2317,2344,2316,2373,2330,2335,2328,2311,2324,2328,2308,2377,2351,2356,2294,2316,2328,2364,2326
288.849,2182.7,2155,2193,2162,2149,2199,2187,2189,2223,2155,2181,2217,2164,2137,2130,2206,2223,2188,2202,2192,2203,2209,2163,2200,2192,2160,2161,2162,2201,2216,2163
289.167,2152.9,2161,2184,2164,2155,2152,2130,2133,2146,2152,2174,2122,2152,2159,2149,2148,2161,2201,2190,2163,2158,2120,2158,2160,2135,2176,2111,2138,2113,2151,2171
289.484,2249.7,2243,2261,2275,2254,2261,2233,2254,2240,2252,2239,2293,2267,2197,2229,2221,2252,2266,2242,2242,2239,2216,2240,2252,2281,2268,2265,2221,2265,2269,2255
289.801,2278.7,2270,2276,2265,2282,2305,2255,2296,2297,2277,2258,2272,2298,2276,2245,2291,2283,2284,2281,2281,2307,2211,2316,2267,2290,2290,2298,2250,2278,2296,2266
290.119,2357.4,2356,2360,2354,2338,2356,2347,2345,2346,2340,2412,2354,2333,2368,2407,2373,2364,2364,2358,2360,2363,2368,2314,2337,2386,2363,2348,2367,2354,2364,2322
290.436,2205.2,2226,2208,2173,2217,2203,2173,2198,2191,2220,2165,2221,2203,2212,2179,2214,2221,2214,2191,2189,2191,2175,2234,2225,2219,2161,2254,2226,2219,2223,2212
290.754,2470.3,2465,2489,2478,2430,2451,2462,2464,2452,2454,2456,2434,2482,2459,2450,2454,2456,2454,2424,2501,2447,2508,2474,2504,2496,2459,2511,2497,2485,2492,2522
291.071,2422.0,2422,2404,2440,2450,2408,2368,2424,2409,2438,2435,2442,2408,2413,2453,2434,2409,2436,2413,2428,2440,2441,2432,2426,2425,2369,2415,2408,2428,2422,2421
291.389,2092.6,2120,2120,2152,2083,2088,2108,2115,2106,2137,2086,2085,2074,2079,2103,2077,2073,2111,2102,2088,2085,2098,2079,2069,2072,2070,2106,2081,2099,2054,2058
291.707,2222.4,2222,2224,2228,2227,2217,2231,2172,2245,2261,2205,2206,2212,2239,2209,2222,2239,2215,2225,2186,2260,2205,2201,2246,2245,2223,2236,2214,2247,2209,2200
292.024,2162.4,2176,2151,2163,2143,2162,2169,2148,2132,2168,2160,2159,2164,2153,2155,2168,2168,2169,2142,2170,2169,2163,2182,2149,2163,2198,2167,2153,2155,2161,2193
292.342,2243.9,2238,2245,2242,2239,2240,2239,2244,2241,2245,2247,2234,2229,2211,2251,2253,2278,2262,2236,2239,2221,2245,2222,2268,2253,2215,2241,2275,2280,2267,2218
292.660,2170.6,2179,2159,2160,2194,2156,2163,2158,2156,2192,2204,2160,2126,2211,2131,2165,2142,2183,2168,2152,2190,2177,2184,2166,2187,2192,2204,2184,2140,2182,2153
292.978,2233.5,2218,2213,2246,2229,2203,2200,2212,2219,2239,2208,2278,2246,2270,2271,2217,2202,2245,2246,2252,2233,2186,2223,2244,2237,2274,2254,2250,2234,2225,2230
293.296,2358.8,2380,2381,2342,2355,2381,2365,2315,2341,2338,2371,2388,2365,2342,2393,2368,2352,2358,2347,2346,2350,2388,2341,2363,2336,2376,2345,2351,2369,2348,2370
293.613,2033.0,2020,2026,2024,2043,2058,2040,2011,2043,2012,2032,2005,2011,2005,2054,2019,2063,2025,2075,2050,2067,2040,2027,2068,2035,2022,2012,2065,2008,1994,2037
293.931,2173.4,2158,2181,2154,2136,2169,2184,2180,2192,2204,2193,2170,2167,2151,2196,2156,2093,2176,2182,2188,2164,2167,2182,2202,2176,2163,2224,2152,2202,2161,2180
294.249,2485.7,2472,2496,2471,2503,2514,2475,2451,2486,2513,2457,2515,2453,2483,2518,2474,2456,2485,2488,2480,2481,2514,2490,2447,2503,2498,2491,2504,2465,2496,2491
294.567,2224.7,2222,2246,2247,2175,2217,2227,2223,2221,2279,2217,2252,2252,2244,2228,2228,2222,2191,2237,2216,2234,2253,2197,2216,2221,2224,2235,2203,2242,2188,2184
294.885,2377.5,2384,2377,2384,2388,2394,2380,2411,2364,2393,2383,2410,2370,2329,2379,2345,2346,2413,2394,2372,2378,2368,2375,2364,2393,2354,2380,2353,2405,2351,2389
295.203,2262.8,2249,2264,2221,2274,2248,2275,2265,2248,2255,2223,2258,2260,2259,2279,2259,2257,2274,2266,2257,2296,2308,2301,2255,2248,2287,2253,2304,2252,2239,2249
295.522,2403.2,2403,2429,2453,2379,2391,2445,2406,2369,2406,2388,2389,2386,2387,2439,2415,2376,2386,2391,2382,2412,2404,2424,2395,2389,2415,2421,2413,2421,2400,2381
295.840,2223.4,2253,2270,2260,2188,2213,2198,2209,2236,2233,2216,2191,2231,2216,2171,2237,2217,2203,2233,2242,2200,2223,2232,2261,2212,2243,2255,2210,2206,2248,2196
296.158,2559.0,2580,2534,2529,2533,2538,2563,2554,2605,2538,2518,2571,2570,2506,2560,2605,2534,2584,2561,2575,2562,2555,2545,2518,2614,2532,2577,2574,2570,2576,2589
296.476,2553.7,2549,2552,2560,2504,2548,2562,2511,2592,2528,2583,2568,2543,2565,2591,2566,2524,2568,2552,2543,2544,2547,2526,2557,2545,2582,2584,2552,2577,2534,2555
296.795,2375.2,2404,2355,2392,2382,2355,2380,2381,2376,2408,2347,2354,2388,2339,2406,2369,2360,2361,2358,2378,2346,2410,2369,2408,2374,2393,2396,2340,2350,2424,2352
297.113,2122.9,2139,2128,2160,2125,2069,2163,2141,2101,2109,2101,2085,2118,2126,2151,2118,2117,2105,2132,2131,2114,2124,2120,2132,2099,2110,2150,2145,2136,2140,2098
297.431,2175.8,2195,2172,2169,2177,2166,2165,2163,2161,2185,2177,2158,2214,2156,2193,2196,2192,2215,2157,2161,2147,2173,2168,2193,2163,2165,2141,2171,2213,2193,2174
297.750,2326.0,2368,2306,2302,2316,2320,2335,2345,2329,2324,2294,2350,2324,2309,2360,2362,2350,2301,2290,2381,2305,2320,2329,2331,2290,2315,2340,2294,2339,2325,2325
298.068,2165.8,2167,2162,2157,2163,2115,2145,2171,2158,2179,2184,2166,2167,2154,2193,2169,2165,2133,2154,2177,2177,2141,2139,2204,2176,2186,2159,2177,2189,2167,2179
298.387,2216.2,2226,2210,2260,2213,2223,2193,2223,2224,2230,2187,2206,2253,2220,2270,2201,2211,2266,2201,2232,2192,2201,2196,2154,2218,2212,2233,2209,2238,2175,2209
298.705,2791.9,2798,2802,2800,2824,2752,2765,2764,2767,2798,2810,2759,2824,2772,2766,2804,2808,2830,2780,2795,2837,2786,2772,2772,2756,2805,2827,2779,2790,2808,2806
299.024,2129.7,2127,2144,2101,2128,2093,2146,2145,2122,2090,2097,2136,2149,2130,2123,2128,2121,2142,2161,2146,2128,2141,2120,2158,2139,2159,2146,2114,2110,2146,2101
299.342,2255.9,2269,2256,2283,2245,2268,2252,2269,2254,2245,2252,2268,2233,2232,2258,2215,2232,2293,2250,2289,2290,2232,2245,2261,2244,2223,2287,2251,2284,2242,2256
299.661,2097.3,2084,2089,2114,2116,2108,2079,2142,2110,2069,2102,2093,2097,2095,2119,2091,2082,2054,2077,2118,2110,2106,2107,2067,2104,2123,2099,2085,2097,2098,2084
299.980,2159.4,2122,2149,2159,2181,2178,2126,2171,2163,2143,2152,2186,2161,2161,2189,2155,2169,2156,2133,2144,2150,2126,2191,2172,2167,2137,2181,2149,2194,2186,2131
300.298,2285.9,2305,2288,2284,2293,2265,2283,2252,2288,2280,2280,2245,2257,2313,2282,2297,2298,2271,2281,2291,2312,2284,2318,2303,2256,2286,2283,2281,2328,2257,2316
300.617,2191.3,2218,2145,2217,2193,2200,2198,2222,2184,2201,2208,2188,2208,2211,2195,2210,2222,2211,2189,2170,2163,2170,2173,2149,2157,2180,2163,2198,2215,2191,2191
300.936,2117.8,2134,2147,2129,2111,2070,2132,2107,2067,2147,2120,2127,2102,2116,2105,2103,2092,2127,2123,2110,2117,2120,2175,2117,2111,2124,2104,2124,2118,2161,2093
301.255,2405.0,2429,2402,2424,2384,2390,2416,2410,2401,2373,2378,2404,2429,2459,2419,2408,2448,2374,2401,2435,2433,2406,2374,2369,2396,2356,2408,2413,2442,2399,2369
301.574,2428.7,2416,2420,2412,2442,2426,2387,2450,2428,2468,2468,2437,2421,2429,2392,2405,2442,2452,2426,2463,2449,2382,2407,2425,2420,2459,2433,2435,2420,2421,2425
301.892,2165.4,2144,2196,2166,2130,2165,2189,2158,2158,2113,2133,2175,2166,2129,2190,2202,2168,2171,2177,2186,2163,2144,2141,2153,2198,2182,2177,2147,2163,2179,2198
302.211,2203.6,2209,2190,2207,2220,2220,2203,2222,2213,2197,2182,2186,2202,2234,2202,2193,2216,2206,2224,2171,2198,2208,2204,2198,2198,2208,2197,2223,2187,2155,2235
302.530,2516.6,2550,2542,2530,2517,2489,2500,2473,2497,2537,2518,2532,2484,2543,2469,2551,2511,2527,2483,2526,2514,2521,2521,2537,2513,2520,2507,2555,2522,2515,2495
302.849,2431.5,2440,2458,2430,2465,2420,2458,2414,2396,2424,2484,2410,2410,2440,2419,2402,2399,2455,2428,2455,2433,2431,2411,2427,2396,2441,2440,2434,2418,2484,2422
303.169,2346.9,2338,2314,2344,2379,2355,2341,2310,2370,2345,2306,2357,2367,2331,2380,2372,2335,2383,2350,2315,2344,2321,2329,2348,2366,2359,2356,2398,2364,2325,2305
303.488,2358.1,2360,2342,2377,2366,2377,2364,2353,2356,2361,2319,2397,2365,2348,2422,2357,2356,2340,2331,2393,2342,2341,2356,2365,2345,2352,2335,2353,2355,2365,2350
303.807,2141.9,2112,2125,2152,2164,2161,2147,2150,2121,2154,2184,2125,2136,2120,2168,2121,2136,2107,2149,2153,2137,2184,2137,2148,2146,2123,2127,2149,2141,2127,2152
304.126,2208.8,2238,2184,2210,2209,2233,2206,2184,2238,2172,2204,2204,2218,2222,2215,2212,2215,2233,2150,2218,2210,2296,2169,2218,2181,2235,2184,2184,2218,2208,2196
304.445,2427.0,2425,2453,2456,2436,2452,2395,2421,2440,2398,2421,2422,2457,2412,2420,2420,2418,2447,2412,2448,2414,2427,2424,2440,2425,2435,2430,2405,2430,2432,2396
304.765,2436.0,2499,2439,2450,2429,2414,2436,2430,2446,2400,2434,2421,2403,2446,2418,2404,2451,2472,2465,2429,2433,2454,2380,2505,2446,2476,2433,2447,2392,2428,2399
305.084,2380.7,2417,2396,2355,2404,2385,2386,2381,2394,2373,2410,2358,2398,2351,2360,2349,2369,2393,2387,2352,2376,2409,2350,2411,2344,2348,2426,2394,2408,2380,2356
305.403,2176.5,2190,2176,2189,2170,2184,2174,2165,2177,2112,2174,2194,2152,2172,2175,2156,2173,2204,2177,2193,2156,2187,2194,2184,2178,2192,2200,2182,2159,2186,2169
305.723,2250.2,2280,2278,2241,2226,2237,2244,2217,2255,2239,2280,2243,2251,2279,2259,2213,2227,2244,2266,2243,2265,2246,2263,2269,2265,2226,2244,2264,2246,2238,2258
306.042,2316.0,2366,2283,2318,2321,2305,2296,2332,2301,2281,2345,2283,2311,2322,2320,2307,2335,2271,2325,2316,2300,2308,2330,2302,2341,2311,2344,2301,2330,2339,2335
306.361,2333.6,2344,2329,2346,2354,2350,2343,2367,2342,2318,2353,2347,2337,2336,2370,2330,2319,2342,2331,2340,2303,2287,2295,2346,2360,2335,2313,2301,2312,2328,2331
306.681,2186.1,2196,2138,2240,2158,2187,2178,2198,2194,2182,2200,2156,2202,2227,2171,2161,2169,2192,2191,2169,2169,2208,2168,2153,2201,2196,2181,2208,2204,2215,2171
307.001,2236.9,2220,2262,2244,2272,2229,2249,2255,2230,2187,2261,2251,2246,2201,2230,2259,2225,2260,2231,2200,2213,2258,2189,2268,2191,2222,2261,2226,2232,2298,2237
307.320,2373.5,2344,2346,2424,2368,2398,2319,2383,2377,2412,2395,2363,2352,2389,2388,2387,2383,2376,2396,2353,2376,2360,2310,2365,2397,2428,2361,2354,2355,2378,2369
307.640,2354.7,2334,2378,2336,2346,2362,2377,2352,2353,2348,2334,2356,2367,2363,2348,2371,2349,2353,2344,2333,2410,2328,2346,2368,2344,2360,2340,2348,2348,2385,2360
307.959,2427.5,2460,2441,2414,2420,2438,2427,2384,2461,2388,2429,2416,2441,2429,2406,2417,2459,2457,2423,2456,2410,2438,2421,2412,2409,2393,2445,2428,2457,2437,2410
308.279,2229.8,2238,2215,2258,2220,2221,2204,2233,2208,2230,2191,2240,2209,2243,2230,2285,2281,2241,2265,2232,2233,2208,2219,2223,2233,2188,2207,2213,2257,2245,2224
308.599,2417.2,2447,2440,2421,2438,2378,2403,2430,2411,2397,2393,2445,2409,2416,2442,2448,2392,2416,2395,2426,2426,2364,2436,2379,2396,2403,2434,2436,2426,2424,2445
308.919,2242.0,2251,2223,2248,2206,2242,2242,2195,2219,2247,2246,2208,2242,2240,2277,2272,2229,2268,2257,2253,2250,2275,2178,2263,2248,2194,2251,2266,2287,2244,2240
309.238,2379.1,2408,2371,2395,2396,2366,2385,2363,2379,2377,2389,2372,2411,2374,2399,2370,2369,2406,2394,2369,2356,2374,2310,2347,2445,2341,2412,2345,2374,2410,2365
309.558,2323.9,2341,2333,2373,2271,2311,2295,2290,2347,2296,2349,2371,2272,2316,2302,2349,2310,2325,2338,2307,2318,2332,2324,2312,2340,2350,2348,2347,2305,2300,2346
309.878,2228.0,2217,2254,2220,2217,2226,2227,2256,2235,2269,2212,2248,2201,2212,2222,2195,2233,2250,2254,2238,2185,2216,2220,2246,2198,2265,2202,2214,2244,2219,2245
310.198,2762.5,2767,2753,2787,2757,2736,2826,2723,2761,2753,2781,2778,2726,2734,2703,2761,2777,2744,2791,2779,2767,2734,2733,2766,2739,2756,2755,2798,2787,2826,2776
310.518,2410.6,2449,2397,2388,2412,2404,2384,2371,2399,2397,2412,2463,2405,2412,2397,2416,2387,2431,2406,2425,2408,2414,2404,2422,2415,2396,2443,2408,2405,2435,2414
310.838,2487.2,2495,2459,2502,2478,2471,2456,2506,2491,2506,2502,2452,2487,2501,2496,2488,2489,2494,2468,2492,2459,2443,2459,2492,2514,2474,2463,2531,2485,2521,2543
311.158,2483.3,2473,2463,2520,2481,2471,2509,2474,2494,2449,2480,2479,2464,2477,2488,2465,2473,2481,2510,2521,2504,2457,2477,2517,2480,2479,2480,2459,2500,2498,2475
311.478,2208.4,2222,2231,2195,2192,2244,2214,2181,2223,2195,2210,2195,2197,2200,2190,2217,2220,2216,2193,2179,2172,2254,2196,2231,2253,2195,2211,2204,2219,2216,2186
311.799,2192.4,2186,2216,2181,2160,2196,2225,2191,2216,2160,2204,2176,2203,2174,2198,2205,2212,2177,2210,2160,2225,2212,2139,2169,2194,2203,2226,2157,2179,2209,2209
312.119,2310.8,2338,2287,2300,2306,2329,2314,2306,2280,2349,2314,2296,2306,2322,2303,2296,2308,2345,2307,2312,2331,2309,2304,2308,2324,2302,2305,2310,2293,2297,2323
312.439,2489.3,2459,2498,2472,2479,2466,2486,2518,2476,2490,2440,2475,2487,2445,2504,2479,2509,2520,2528,2469,2453,2498,2492,2493,2524,2510,2494,2505,2503,2508,2499
312.759,2332.2,2325,2329,2326,2317,2371,2310,2305,2347,2352,2372,2311,2306,2307,2346,2342,2292,2345,2316,2338,2314,2330,2293,2383,2350,2352,2360,2322,2323,2346,2335
313.079,2448.5,2435,2456,2422,2453,2456,2422,2496,2437,2478,2431,2454,2463,2436,2463,2459,2480,2458,2493,2430,2415,2445,2434,2440,2412,2419,2485,2469,2453,2425,2437
313.400,2176.3,2130,2184,2124,2204,2168,2221,2142,2192,2181,2180,2160,2198,2177,2185,2173,2197,2181,2162,2186,2178,2183,2187,2189,2142,2185,2137,2180,2195,2210,2159
313.720,2097.9,2108,2071,2078,2088,2103,2094,2079,2110,2090,2085,2099,2056,2132,2063,2129,2119,2114,2096,2113,2134,2126,2056,2098,2112,2108,2103,2085,2129,2073,2086
314.041,2141.2,2152,2128,2160,2116,2087,2122,2137,2169,2108,2136,2199,2169,2149,2195,2130,2115,2144,2126,2122,2138,2139,2133,2121,2133,2156,2188,2128,2152,2161,2124
314.361,2200.2,2221,2188,2203,2198,2202,2185,2189,2175,2198,2193,2236,2212,2217,2213,2174,2206,2236,2162,2220,2210,2205,2231,2175,2200,2176,2194,2173,2198,2184,2233
314.682,2167.1,2181,2152,2207,2160,2127,2196,2139,2155,2187,2127,2184,2169,2163,2168,2195,2152,2177,2164,2183,2179,2152,2160,2182,2149,2151,2167,2182,2176,2196,2132
315.002,2271.9,2224,2245,2275,2287,2249,2278,2267,2249,2291,2260,2296,2278,2274,2282,2275,2293,2298,2252,2296,2290,2294,2222,2267,2277,2289,2239,2285,2283,2300,2241
315.323,2184.5,2169,2202,2168,2199,2176,2174,2180,2205,2227,2192,2146,2226,2207,2189,2205,2208,2209,2155,2208,2179,2142,2174,2178,2184,2178,2139,2158,2201,2202,2154
315.643,2512.8,2497,2488,2521,2493,2477,2484,2548,2512,2520,2520,2532,2541,2516,2537,2517,2504,2528,2444,2472,2535,2555,2529,2545,2521,2524,2483,2513,2496,2502,2530
315.964,2367.0,2424,2345,2365,2381,2382,2334,2330,2387,2372,2381,2361,2367,2372,2382,2355,2379,2348,2346,2357,2421,2363,2335,2370,2374,2337,2371,2388,2386,2366,2330
316.285,1959.8,1950,2012,1966,1965,1937,1939,1971,1956,1965,1929,1971,1942,1973,1937,1974,1996,1944,1967,1975,1955,1982,1980,1929,1957,1987,1932,1952,1986,1933,1933
316.605,2242.5,2280,2230,2238,2282,2235,2224,2219,2236,2274,2228,2248,2232,2241,2217,2265,2260,2253,2220,2264,2239,2250,2224,2232,2250,2201,2245,2247,2253,2214,2275
316.926,2349.2,2357,2369,2316,2315,2360,2368,2382,2311,2377,2353,2352,2364,2364,2365,2342,2328,2351,2325,2328,2334,2344,2345,2324,2353,2333,2374,2367,2355,2349,2370
317.247,2550.2,2573,2572,2565,2552,2546,2528,2587,2553,2568,2526,2561,2520,2517,2548,2578,2535,2551,2507,2497,2522,2531,2552,2554,2555,2582,2584,2530,2593,2612,2506
317.568,2435.2,2446,2418,2420,2392,2458,2427,2433,2473,2458,2435,2420,2445,2456,2421,2447,2439,2426,2415,2438,2431,2419,2436,2428,2438,2435,2419,2472,2463,2422,2426
317.889,2482.3,2475,2529,2481,2480,2474,2467,2507,2506,2494,2506,2475,2478,2432,2525,2480,2500,2485,2491,2475,2403,2488,2508,2472,2506,2483,2440,2463,2494,2474,2478
318.210,1996.2,2015,1984,1999,1977,1987,1989,1998,2017,1988,2008,1989,1992,1966,2015,2008,1992,1990,1972,1993,1946,2032,1991,2009,2014,2022,2014,1992,1981,2000,2005
318.530,2388.5,2378,2395,2376,2417,2418,2361,2358,2401,2352,2384,2354,2403,2417,2346,2447,2386,2383,2380,2399,2367,2425,2365,2389,2378,2388,2409,2431,2373,2388,2387
318.851,2246.7,2252,2249,2254,2300,2248,2237,2252,2270,2226,2226,2274,2244,2230,2257,2251,2246,2241,2224,2240,2223,2251,2231,2220,2219,2275,2232,2304,2224,2230,2272
319.173,2344.7,2385,2331,2321,2376,2363,2344,2336,2357,2355,2352,2327,2354,2356,2344,2306,2337,2341,2318,2340,2317,2344,2338,2377,2338,2315,2369,2337,2358,2371,2334
319.494,2214.4,2220,2236,2244,2226,2176,2238,2206,2227,2213,2179,2189,2226,2220,2237,2229,2224,2223,2177,2187,2228,2166,2237,2209,2240,2237,2219,2221,2218,2185,2195
319.815,2206.2,2141,2206,2228,2186,2217,2192,2239,2184,2213,2181,2193,2187,2204,2215,2237,2219,2196,2190,2224,2202,2221,2240,2182,2230,2187,2218,2184,2226,2246,2197
320.136,2492.4,2482,2488,2458,2491,2536,2482,2493,2518,2486,2500,2491,2475,2493,2482,2482,2496,2494,2496,2486,2524,2492,2509,2489,2488,2463,2459,2513,2497,2523,2485
320.457,2336.7,2328,2363,2300,2376,2346,2332,2324,2347,2325,2339,2318,2342,2318,2297,2335,2370,2327,2360,2347,2285,2335,2346,2325,2345,2306,2320,2401,2347,2365,2333
320.778,2393.3,2385,2400,2351,2392,2373,2397,2413,2371,2448,2392,2397,2361,2390,2378,2424,2425,2445,2394,2344,2376,2376,2382,2413,2408,2369,2387,2414,2382,2405,2408
321.100,2551.0,2515,2553,2535,2570,2588,2532,2563,2519,2550,2525,2541,2538,2563,2554,2591,2574,2577,2536,2537,2566,2564,2564,2569,2549,2533,2531,2515,2522,2575,2580
321.421,1996.9,2002,2021,2002,2010,2008,1977,1975,2011,1978,1983,1978,1975,2025,1996,2011,2007,1992,2002,1993,1997,2000,1968,1993,1996,2009,1983,1947,2029,2044,1995
321.742,2214.8,2218,2243,2201,2191,2243,2225,2210,2196,2256,2214,2205,2232,2252,2187,2209,2206,2182,2180,2185,2180,2217,2222,2212,2198,2219,2209,2262,2233,2252,2206
322.064,2434.5,2426,2463,2446,2379,2433,2443,2439,2466,2469,2424,2408,2412,2444,2430,2451,2392,2422,2432,2421,2449,2436,2437,2464,2436,2461,2445,2458,2413,2414,2422
322.385,2260.2,2255,2316,2241,2220,2280,2254,2258,2299,2233,2300,2252,2261,2255,2220,2248,2285,2267,2270,2247,2256,2240,2236,2276,2255,2249,2304,2255,2252,2265,2256
322.706,2383.0,2385,2371,2382,2339,2395,2385,2377,2338,2360,2367,2375,2394,2358,2338,2406,2390,2389,2412,2429,2399,2404,2342,2374,2371,2409,2403,2374,2405,2431,2387
323.028,2265.2,2248,2276,2245,2298,2272,2285,2239,2263,2274,2245,2241,2295,2278,2292,2271,2264,2233,2314,2239,2271,2280,2233,2264,2260,2248,2296,2260,2243,2287,2243
323.350,2063.9,2049,2079,2077,2103,2085,2099,2054,2068,2049,2071,2033,2068,2100,2076,2020,2076,2117,2062,2050,2037,2029,2027,2070,2079,2022,2040,2093,2055,2074,2056
323.671,2071.1,2083,2095,2081,2059,2045,2065,2059,2092,2077,2063,2065,2073,2090,2050,2045,2091,2040,2090,2089,2040,2081,2044,2077,2072,2072,2088,2087,2053,2083,2083
323.993,2218.2,2206,2248,2242,2240,2216,2270,2219,2212,2200,2253,2226,2253,2182,2203,2178,2211,2232,2197,2197,2227,2201,2220,2231,2216,2217,2227,2209,2163,2229,2222
324.314,2011.0,1965,2056,2033,2004,2024,2006,2018,2030,2015,1979,2007,2008,2013,1997,2001,2003,2019,2014,2033,1981,2000,2019,2016,2008,2024,2006,1996,2025,2010,2020
324.636,2694.4,2655,2693,2672,2637,2716,2705,2736,2645,2622,2670,2702,2713,2708,2723,2688,2686,2724,2731,2728,2677,2655,2716,2696,2687,2713,2728,2702,2693,2728,2682
324.958,2270.2,2270,2301,2274,2276,2230,2227,2265,2279,2267,2261,2284,2269,2277,2267,2275,2286,2274,2291,2303,2252,2267,2276,2288,2237,2234,2285,2296,2239,2285,2271
325.280,2385.3,2414,2384,2416,2356,2392,2362,2349,2371,2340,2363,2399,2428,2394,2431,2369,2374,2364,2362,2393,2376,2386,2406,2392,2415,2387,2360,2410,2357,2421,2388
325.601,2096.9,2071,2074,2104,2105,2082,2127,2093,2120,2147,2125,2087,2091,2070,2096,2044,2123,2115,2072,2106,2097,2122,2091,2086,2066,2102,2104,2111,2082,2110,2085
325.923,2177.2,2193,2161,2163,2166,2191,2185,2161,2176,2155,2142,2170,2195,2161,2153,2213,2143,2139,2212,2222,2165,2206,2224,2155,2174,2217,2137,2189,2180,2193,2175
326.245,2124.2,2139,2134,2103,2092,2142,2110,2120,2143,2171,2140,2104,2114,2135,2092,2123,2141,2125,2134,2114,2103,2110,2107,2166,2162,2082,2151,2105,2140,2109,2114
326.567,2177.9,2189,2192,2134,2136,2201,2162,2149,2221,2176,2169,2162,2201,2178,2214,2213,2169,2177,2190,2208,2142,2169,2143,2155,2198,2175,2170,2182,2202,2200,2161
326.889,2360.6,2366,2375,2351,2325,2377,2348,2404,2328,2364,2330,2356,2376,2346,2329,2382,2366,2340,2371,2402,2308,2397,2375,2354,2358,2357,2336,2345,2379,2400,2373
327.211,2342.3,2395,2345,2325,2341,2314,2351,2355,2304,2347,2312,2359,2335,2343,2357,2368,2337,2349,2345,2337,2312,2345,2303,2340,2344,2349,2370,2361,2321,2365,2340
327.533,2328.0,2309,2393,2282,2302,2323,2346,2345,2361,2353,2331,2320,2346,2333,2322,2278,2306,2312,2345,2372,2327,2344,2316,2331,2310,2303,2315,2344,2332,2328,2312
327.855,2302.7,2305,2264,2292,2303,2322,2274,2299,2332,2315,2284,2278,2315,2305,2326,2312,2310,2335,2310,2284,2285,2306,2298,2299,2279,2325,2324,2319,2246,2301,2335
328.177,2064.2,2088,2046,2082,2063,2066,2053,2088,2030,2038,2075,2059,2046,2082,2067,2068,2079,2049,2078,2035,2070,2059,2051,2098,2016,2085,2002,2068,2102,2085,2098
328.499,2278.5,2303,2257,2272,2259,2313,2280,2321,2282,2271,2257,2260,2226,2252,2283,2275,2277,2302,2274,2281,2296,2271,2296,2307,2245,2291,2288,2256,2278,2274,2307
328.822,3134.3,3094,3150,3107,3173,3148,3123,3115,3078,3135,3173,3113,3131,3168,3157,3131,3142,3107,3116,3111,3137,3161,3144,3142,3180,3148,3100,3142,3133,3150,3120
329.144,2286.2,2321,2277,2271,2284,2296,2295,2249,2241,2306,2296,2270,2266,2296,2246,2288,2329,2321,2278,2291,2235,2302,2296,2303,2289,2319,2299,2305,2287,2249,2281
329.466,2259.6,2232,2264,2299,2274,2245,2241,2259,2250,2275,2289,2245,2246,2232,2255,2263,2248,2259,2254,2266,2273,2239,2267,2287,2255,2266,2264,2292,2256,2219,2273
329.788,2193.2,2145,2171,2196,2189,2224,2193,2165,2155,2201,2188,2185,2207,2193,2202,2224,2214,2237,2174,2205,2209,2196,2209,2192,2195,2235,2198,2178,2200,2177,2140
330.111,2487.5,2501,2470,2476,2486,2510,2501,2493,2467,2478,2502,2458,2487,2495,2466,2474,2516,2460,2475,2471,2459,2491,2498,2454,2482,2513,2486,2528,2512,2476,2540
330.433,2512.3,2522,2493,2502,2515,2489,2513,2473,2534,2540,2505,2528,2501,2495,2553,2545,2505,2525,2523,2514,2522,2521,2511,2493,2482,2508,2514,2516,2502,2457,2568
330.756,2109.5,2101,2127,2099,2131,2117,2101,2111,2093,2092,2102,2130,2095,2091,2122,2143,2132,2093,2104,2119,2102,2086,2110,2132,2126,2123,2104,2118,2093,2098,2091
331.078,2029.7,2050,2005,2024,2019,2025,2063,2043,2032,2022,2045,1993,2040,2050,2031,2055,2022,2046,2010,2002,2032,1995,2030,2008,2019,2073,2007,2042,2052,1996,2059
331.401,2390.8,2386,2408,2395,2396,2398,2387,2360,2382,2402,2431,2361,2402,2389,2391,2330,2396,2424,2418,2360,2381,2395,2404,2386,2390,2402,2363,2393,2429,2370,2394
331.723,2205.7,2220,2202,2207,2195,2211,2186,2240,2191,2232,2210,2198,2186,2245,2170,2200,2241,2216,2186,2172,2159,2235,2200,2211,2196,2197,2249,2228,2208,2200,2181
332.046,2054.3,2067,2036,2018,2096,2095,2037,2042,2080,2059,2074,2036,2051,2020,2029,2031,2102,2044,2058,2027,2062,2076,2057,2080,2022,2037,2081,2069,2063,2037,2044
332.368,2470.4,2478,2452,2460,2458,2472,2493,2449,2483,2466,2456,2421,2490,2468,2484,2497,2460,2423,2479,2441,2467,2457,2480,2462,2489,2485,2489,2459,2488,2474,2532
332.691,2191.0,2189,2190,2189,2168,2155,2191,2164,2229,2207,2216,2158,2192,2205,2213,2189,2212,2191,2238,2143,2174,2169,2208,2196,2165,2181,2189,2208,2169,2210,2222
333.014,2510.7,2557,2484,2528,2464,2555,2509,2453,2495,2540,2543,2559,2534,2512,2504,2489,2499,2519,2547,2449,2526,2530,2497,2492,2533,2508,2498,2483,2529,2487,2498
333.336,2358.2,2372,2377,2364,2362,2390,2353,2344,2317,2362,2356,2379,2362,2317,2356,2372,2395,2357,2308,2368,2353,2330,2369,2368,2357,2361,2351,2388,2358,2364,2336
333.659,2565.6,2588,2580,2538,2497,2593,2585,2532,2552,2584,2556,2595,2552,2531,2575,2582,2598,2580,2546,2539,2555,2574,2561,2561,2564,2568,2594,2545,2606,2588,2548
333.982,2417.2,2424,2418,2409,2445,2401,2376,2420,2426,2418,2424,2417,2410,2443,2427,2396,2380,2418,2401,2393,2419,2420,2410,2440,2437,2428,2454,2396,2433,2418,2414
334.305,2560.0,2547,2562,2542,2542,2637,2552,2563,2549,2560,2559,2548,2577,2570,2593,2558,2595,2559,2559,2527,2542,2588,2563,2570,2576,2550,2519,2536,2553,2547,2556
334.628,2046.3,2022,2002,2051,2047,2020,2043,2088,2040,2044,2084,2083,2064,2062,2032,2011,2063,2025,2022,2018,2044,2034,2068,2013,2060,2049,2067,2065,2058,2039,2072
334.951,2293.5,2307,2301,2334,2321,2278,2256,2313,2291,2294,2312,2278,2295,2296,2277,2298,2325,2294,2304,2264,2307,2316,2283,2257,2278,2275,2288,2286,2309,2286,2283
335.274,2078.7,2030,2104,2065,2092,2098,2040,2098,2097,2077,2091,2057,2108,2082,2088,2060,2104,2066,2126,2074,2043,2102,2064,2085,2107,2052,2046,2074,2031,2079,2120
335.597,2349.7,2347,2342,2304,2356,2394,2308,2378,2364,2360,2359,2344,2335,2354,2360,2340,2363,2354,2320,2316,2345,2347,2369,2350,2324,2348,2379,2372,2324,2347,2389
335.920,2392.4,2384,2434,2435,2406,2374,2392,2354,2353,2398,2379,2438,2381,2356,2400,2396,2395,2393,2351,2360,2412,2386,2377,2361,2396,2429,2430,2384,2378,2435,2405
336.243,2415.0,2441,2388,2406,2420,2405,2407,2371,2417,2432,2413,2409,2425,2416,2428,2423,2394,2458,2438,2421,2447,2422,2419,2408,2423,2377,2408,2402,2430,2416,2387
336.566,2245.2,2268,2252,2270,2246,2213,2232,2268,2228,2266,2210,2213,2274,2223,2249,2264,2216,2212,2283,2185,2223,2269,2250,2283,2262,2223,2268,2268,2270,2244,2223
336.889,2181.1,2190,2162,2200,2187,2141,2170,2210,2193,2168,2205,2139,2180,2190,2182,2206,2166,2193,2206,2160,2175,2185,2175,2224,2163,2176,2192,2152,2155,2198,2191
337.212,2059.6,2024,2057,2066,2063,2055,2076,2071,2058,2067,2067,2063,2084,2039,2040,2056,2058,2029,2066,2061,2057,2077,2048,2073,2033,2066,2102,2063,2067,2041,2062
337.535,2080.3,2040,2089,2071,2078,2085,2055,2086,2067,2090,2093,2125,2044,2104,2088,2089,2069,2081,2078,2122,2107,2056,2075,2066,2102,2056,2064,2088,2068,2062,2112
337.859,2178.0,2206,2228,2154,2163,2158,2185,2139,2175,2195,2195,2190,2158,2173,2160,2155,2147,2160,2216,2172,2168,2202,2183,2185,2185,2196,2168,2171,2178,2223,2151
338.182,2181.2,2208,2153,2178,2180,2178,2142,2095,2154,2163,2156,2180,2182,2227,2189,2190,2218,2209,2169,2182,2201,2191,2185,2207,2181,2213,2193,2189,2151,2149,2224
338.505,2726.7,2728,2735,2715,2717,2736,2732,2716,2716,2757,2701,2690,2697,2687,2762,2739,2696,2776,2726,2807,2686,2728,2737,2687,2702,2756,2724,2751,2733,2716,2748
338.829,2366.6,2400,2348,2378,2312,2386,2365,2302,2397,2392,2319,2366,2360,2382,2394,2346,2349,2377,2378,2371,2369,2344,2369,2382,2395,2374,2328,2392,2365,2393,2366
339.152,2271.7,2252,2270,2269,2267,2294,2265,2252,2280,2273,2258,2275,2304,2248,2267,2310,2255,2285,2260,2252,2279,2266,2272,2307,2268,2248,2269,2321,2264,2249,2273
339.476,2206.1,2211,2227,2206,2203,2173,2193,2187,2207,2221,2185,2232,2200,2197,2208,2184,2202,2212,2246,2204,2183,2220,2216,2228,2206,2195,2222,2186,2205,2262,2161
339.799,2445.7,2448,2448,2408,2431,2427,2477,2420,2457,2482,2496,2450,2420,2465,2443,2469,2440,2408,2414,2476,2451,2464,2450,2420,2441,2432,2455,2458,2454,2432,2434
340.123,2149.2,2152,2162,2159,2168,2133,2139,2134,2141,2145,2146,2157,2125,2165,2145,2135,2158,2150,2144,2163,2137,2168,2191,2164,2118,2132,2157,2161,2145,2141,2141
340.446,2369.9,2411,2360,2373,2384,2395,2347,2309,2349,2381,2364,2370,2382,2326,2401,2367,2349,2369,2364,2376,2366,2375,2376,2378,2348,2382,2396,2364,2362,2393,2381
340.770,2120.1,2142,2094,2082,2098,2130,2086,2113,2127,2142,2120,2082,2135,2129,2154,2133,2110,2131,2123,2116,2128,2093,2089,2091,2145,2151,2121,2169,2112,2136,2122
341.093,2327.0,2303,2316,2346,2372,2344,2346,2303,2296,2332,2307,2320,2305,2369,2366,2380,2318,2278,2313,2356,2301,2312,2329,2348,2323,2318,2360,2297,2312,2349,2291
341.417,2217.4,2210,2226,2245,2210,2174,2230,2209,2201,2208,2220,2186,2223,2222,2234,2239,2183,2212,2227,2185,2244,2264,2230,2220,2220,2233,2220,2210,2196,2194,2248
341.741,2345.2,2346,2351,2309,2347,2310,2308,2357,2328,2369,2387,2356,2327,2364,2367,2339,2322,2374,2315,2347,2320,2380,2344,2347,2370,2334,2316,2392,2360,2340,2331
342.065,2210.1,2211,2200,2193,2178,2198,2217,2218,2183,2206,2208,2226,2200,2181,2224,2192,2224,2205,2249,2233,2198,2243,2220,2225,2237,2223,2226,2212,2217,2198,2159
342.388,2228.5,2243,2233,2213,2220,2238,2193,2250,2210,2278,2263,2225,2220,2224,2211,2231,2213,2208,2230,2219,2222,2266,2232,2224,2246,2224,2239,2252,2178,2217,2232
342.712,2476.9,2460,2488,2441,2490,2485,2494,2484,2474,2500,2499,2442,2468,2472,2500,2440,2472,2458,2497,2497,2444,2445,2464,2540,2478,2468,2467,2501,2493,2463,2482
343.036,2115.2,2114,2094,2076,2115,2108,2117,2142,2161,2108,2088,2106,2114,2109,2141,2095,2088,2114,2118,2124,2112,2152,2150,2101,2138,2105,2109,2111,2120,2116,2110
343.360,2609.1,2581,2593,2596,2614,2612,2586,2650,2621,2598,2627,2628,2626,2544,2601,2648,2636,2606,2612,2624,2612,2608,2597,2590,2637,2590,2583,2620,2618,2602,2613
343.684,2233.8,2239,2197,2215,2222,2248,2219,2221,2237,2236,2235,2215,2233,2224,2235,2238,2242,2244,2230,2230,2239,2234,2220,2261,2267,2212,2249,2236,2230,2234,2271
344.008,2150.7,2144,2129,2141,2155,2163,2165,2185,2143,2158,2162,2147,2194,2144,2153,2140,2164,2144,2114,2169,2187,2180,2133,2165,2154,2112,2126,2141,2131,2152,2127
344.332,2332.7,2331,2320,2328,2337,2337,2293,2332,2302,2318,2333,2342,2332,2349,2341,2340,2378,2347,2354,2339,2309,2327,2338,2313,2345,2355,2298,2370,2330,2354,2290
344.656,2042.5,2035,2079,2032,2021,2021,2032,2009,2059,2062,2008,2015,2040,2023,2030,2053,2050,2025,2042,2027,2096,2035,2058,2044,2083,2044,2043,2061,2096,2007,2046
344.980,2231.0,2230,2276,2233,2235,2224,2226,2217,2235,2233,2198,2236,2256,2253,2240,2232,2228,2219,2213,2248,2213,2200,2218,2280,2256,2228,2195,2221,2269,2209,2210
345.304,2603.8,2621,2597,2594,2648,2590,2578,2635,2624,2595,2594,2610,2625,2649,2593,2585,2631,2599,2602,2609,2571,2611,2653,2550,2641,2536,2618,2569,2607,2581,2598
345.628,2437.3,2420,2453,2435,2445,2434,2453,2412,2410,2386,2431,2448,2412,2451,2478,2440,2453,2379,2450,2462,2427,2469,2424,2449,2444,2470,2441,2449,2389,2457,2447
345.953,2380.5,2409,2381,2373,2399,2364,2363,2372,2379,2395,2364,2367,2395,2389,2411,2376,2373,2382,2358,2378,2391,2360,2381,2415,2358,2410,2349,2370,2370,2414,2368
346.277,2481.3,2445,2493,2486,2489,2446,2496,2505,2422,2467,2486,2506,2467,2473,2501,2469,2464,2490,2476,2475,2475,2492,2463,2518,2511,2466,2485,2495,2501,2482,2495
346.601,2400.7,2432,2379,2383,2408,2413,2390,2408,2406,2371,2399,2406,2386,2424,2408,2388,2383,2383,2412,2416,2373,2443,2411,2401,2410,2373,2409,2399,2393,2433,2382
346.925,2347.5,2387,2359,2335,2315,2386,2346,2382,2343,2367,2324,2345,2370,2338,2350,2352,2332,2292,2322,2386,2387,2305,2314,2340,2338,2360,2325,2351,2367,2331,2377
347.250,1927.2,1911,1926,1962,1928,1909,1902,1938,1921,1929,1932,1923,1902,1938,1992,1931,1915,1890,1933,1926,1907,1944,1911,1908,1954,1893,1932,1922,1960,1951,1926
347.574,2260.0,2265,2286,2254,2286,2290,2295,2231,2253,2280,2236,2252,2266,2266,2271,2200,2236,2248,2251,2250,2226,2257,2278,2253,2270,2290,2262,2254,2290,2246,2258
347.899,2253.2,2271,2304,2248,2216,2239,2315,2253,2217,2266,2223,2248,2203,2249,2226,2271,2255,2228,2286,2250,2264,2251,2301,2253,2219,2267,2274,2231,2244,2238,2287
348.223,2311.8,2328,2319,2315,2320,2323,2349,2351,2301,2333,2347,2288,2323,2288,2304,2315,2294,2254,2319,2315,2280,2322,2331,2323,2319,2297,2289,2318,2296,2303,2289
348.548,2467.2,2482,2489,2453,2448,2448,2472,2446,2435,2468,2455,2506,2452,2491,2472,2478,2481,2462,2457,2465,2460,2459,2464,2495,2438,2441,2482,2526,2472,2464,2456
348.872,2225.9,2213,2229,2248,2225,2217,2207,2202,2204,2207,2197,2215,2255,2241,2264,2249,2251,2221,2246,2228,2233,2182,2213,2268,2177,2250,2246,2258,2226,2213,2191
349.197,2282.0,2292,2299,2281,2284,2274,2257,2285,2302,2274,2347,2264,2284,2290,2300,2272,2282,2248,2304,2256,2285,2302,2290,2267,2284,2259,2296,2280,2250,2259,2293
349.521,2932.0,2956,2932,2904,2940,2949,2911,2968,2932,2970,2946,2941,2894,2901,2931,2886,2981,2914,2959,2936,2928,2920,2898,2891,2930,2962,2910,2936,2949,2944,2942
349.846,2234.8,2259,2212,2211,2239,2211,2256,2208,2210,2235,2271,2210,2216,2241,2228,2245,2240,2230,2290,2226,2230,2269,2242,2212,2238,2224,2259,2219,2230,2234,2249
350.171,2449.1,2480,2451,2451,2478,2444,2434,2445,2451,2415,2436,2469,2443,2467,2462,2406,2436,2434,2472,2444,2450,2418,2442,2468,2445,2428,2495,2415,2512,2450,2433
350.495,2197.6,2230,2217,2170,2221,2185,2182,2208,2186,2174,2176,2164,2189,2216,2173,2191,2222,2208,2193,2211,2232,2200,2232,2182,2197,2185,2234,2178,2190,2208,2175
350.820,2350.9,2359,2321,2376,2357,2356,2330,2352,2384,2370,2320,2410,2349,2340,2303,2342,2348,2381,2336,2371,2333,2342,2357,2332,2309,2335,2386,2373,2318,2370,2368
351.145,2159.4,2156,2185,2190,2150,2148,2158,2163,2169,2153,2200,2152,2154,2125,2155,2170,2151,2153,2161,2167,2160,2163,2138,2159,2145,2160,2162,2173,2141,2169,2151
351.470,2171.1,2213,2173,2165,2173,2209,2210,2142,2161,2180,2184,2166,2184,2151,2169,2154,2128,2136,2156,2203,2126,2178,2151,2191,2193,2169,2176,2177,2152,2218,2144
351.795,2391.1,2395,2371,2353,2402,2360,2398,2384,2363,2350,2399,2397,2416,2382,2407,2379,2396,2376,2407,2368,2368,2414,2406,2405,2393,2356,2420,2447,2401,2420,2399
352.120,2229.0,2226,2208,2173,2206,2223,2259,2241,2233,2254,2195,2239,2239,2208,2239,2228,2273,2216,2217,2201,2211,2268,2225,2230,2257,2215,2206,2264,2208,2231,2277
352.445,2515.1,2532,2484,2531,2507,2537,2547,2488,2522,2517,2505,2553,2498,2464,2502,2485,2523,2533,2486,2528,2498,2501,2511,2547,2530,2540,2477,2542,2530,2512,2524
352.770,2313.1,2316,2297,2307,2337,2267,2300,2293,2298,2309,2374,2317,2292,2316,2334,2304,2286,2318,2312,2344,2307,2343,2306,2281,2318,2314,2320,2285,2311,2345,2342
353.095,2244.4,2241,2241,2248,2241,2238,2224,2234,2257,2265,2223,2251,2241,2255,2259,2235,2255,2238,2226,2257,2266,2252,2252,2241,2273,2226,2240,2248,2230,2234,2241
353.420,2404.8,2447,2402,2428,2440,2404,2404,2414,2383,2350,2395,2396,2388,2412,2392,2402,2450,2419,2409,2383,2402,2393,2448,2378,2416,2408,2394,2412,2394,2408,2372
353.745,2539.6,2534,2542,2544,2538,2532,2470,2534,2556,2527,2543,2518,2556,2556,2555,2534,2529,2530,2563,2552,2575,2566,2549,2538,2564,2517,2510,2548,2541,2552,2514
354.070,2263.9,2242,2282,2250,2238,2252,2270,2286,2258,2257,2264,2301,2227,2265,2262,2292,2269,2271,2270,2275,2262,2261,2278,2261,2246,2278,2271,2264,2284,2230,2250
354.395,2147.9,2169,2132,2150,2167,2136,2114,2182,2134,2136,2128,2172,2152,2152,2161,2166,2130,2139,2132,2161,2128,2161,2122,2132,2202,2145,2122,2164,2158,2164,2127
354.720,2149.3,2143,2214,2133,2126,2152,2148,2143,2162,2149,2140,2179,2136,2171,2136,2130,2138,2138,2159,2170,2176,2125,2158,2155,2137,2175,2141,2130,2136,2116,2164
355.046,2078.1,2092,2042,2074,2061,2113,2075,2052,2046,2057,2065,2051,2085,2099,2070,2071,2105,2074,2056,2101,2107,2088,2080,2058,2091,2060,2099,2105,2096,2091,2078
355.371,2332.0,2351,2342,2303,2346,2348,2296,2318,2291,2326,2357,2344,2338,2308,2292,2317,2363,2342,2331,2296,2344,2322,2376,2333,2381,2285,2337,2366,2315,2354,2337
355.696,2042.8,2050,2052,2050,2032,2058,2052,2031,2041,2029,2065,2024,2019,2064,2019,2050,2054,2023,2064,2069,2032,2021,2018,2038,2063,2055,2022,2028,2061,2057,2043
356.022,2109.4,2086,2054,2093,2094,2135,2095,2089,2115,2142,2137,2144,2132,2063,2130,2133,2109,2098,2105,2123,2105,2080,2102,2113,2122,2121,2143,2112,2120,2081,2105
356.347,2435.3,2440,2429,2422,2426,2453,2458,2422,2444,2445,2441,2474,2432,2401,2444,2442,2428,2443,2424,2446,2424,2439,2444,2433,2434,2431,2406,2426,2421,2433,2454
356.673,2268.0,2271,2244,2249,2278,2248,2239,2281,2248,2255,2306,2272,2281,2268,2268,2258,2264,2285,2277,2248,2265,2241,2313,2217,2289,2275,2290,2280,2243,2284,2302
356.998,2183.2,2213,2180,2186,2141,2203,2204,2175,2186,2194,2205,2184,2209,2177,2202,2166,2186,2237,2217,2157,2169,2173,2182,2168,2123,2164,2148,2167,2221,2184,2175
357.324,2430.7,2440,2440,2422,2399,2460,2439,2451,2455,2401,2453,2409,2389,2428,2437,2437,2424,2437,2433,2412,2429,2403,2462,2427,2411,2459,2434,2428,2447,2427,2429
357.649,2488.5,2506,2463,2488,2475,2515,2467,2489,2492,2481,2511,2454,2502,2493,2516,2514,2505,2472,2530,2534,2483,2431,2481,2484,2442,2494,2504,2502,2508,2467,2453
357.975,2417.2,2435,2396,2391,2404,2468,2399,2397,2414,2405,2386,2405,2416,2436,2388,2380,2417,2432,2426,2448,2438,2470,2399,2452,2376,2392,2444,2432,2428,2411,2430
358.300,2080.7,2115,2072,2094,2076,2083,2072,2092,2072,2109,2083,2062,2070,2085,2090,2040,2075,2121,2059,2088,2101,2108,2091,2058,2080,2074,2050,2066,2094,2075,2065
358.626,2669.5,2671,2679,2637,2668,2663,2673,2658,2664,2649,2682,2664,2622,2688,2676,2674,2702,2664,2685,2684,2650,2695,2664,2689,2651,2689,2640,2677,2673,2640,2713
358.952,2308.2,2318,2289,2316,2300,2274,2315,2309,2314,2309,2307,2316,2307,2309,2325,2303,2272,2319,2325,2301,2307,2298,2336,2280,2307,2299,2300,2322,2315,2323,2331
359.277,2285.8,2302,2278,2265,2279,2308,2313,2280,2298,2255,2273,2310,2280,2309,2291,2294,2320,2323,2276,2291,2318,2274,2266,2268,2234,2266,2284,2276,2309,2275,2260
359.603,2146.7,2166,2157,2113,2151,2167,2148,2106,2176,2144,2127,2146,2150,2196,2138,2114,2166,2203,2125,2104,2120,2160,2167,2126,2128,2117,2177,2146,2153,2158,2151
359.929,2270.6,2287,2282,2271,2301,2248,2292,2236,2327,2269,2255,2276,2328,2296,2253,2272,2241,2264,2235,2239,2263,2287,2259,2283,2283,2226,2275,2274,2266,2258,2272
360.255,2350.1,2307,2331,2371,2339,2339,2365,2332,2370,2361,2366,2304,2355,2371,2332,2348,2328,2359,2373,2345,2318,2354,2356,2353,2372,2362,2343,2345,2360,2392,2353
360.581,2742.7,2736,2761,2739,2758,2751,2755,2754,2779,2778,2751,2761,2711,2719,2793,2717,2750,2724,2728,2764,2748,2744,2695,2697,2740,2755,2694,2753,2722,2780,2723
360.907,2295.1,2291,2326,2299,2295,2281,2315,2272,2292,2300,2274,2259,2314,2301,2262,2338,2296,2305,2316,2323,2296,2287,2297,2268,2304,2289,2303,2286,2280,2273,2311
361.233,2196.1,2184,2188,2259,2179,2182,2148,2190,2177,2182,2212,2173,2212,2172,2200,2205,2205,2191,2201,2227,2201,2217,2198,2197,2185,2171,2204,2198,2206,2201,2217
361.559,1996.7,1979,2034,2003,1990,1985,2021,1984,1978,1986,2011,1991,1986,2011,1977,2000,1973,2001,1982,2013,2002,1942,2020,1971,2009,2003,1996,1993,2024,1995,2041
361.885,2261.7,2251,2280,2251,2258,2248,2259,2260,2278,2299,2240,2261,2259,2250,2234,2272,2266,2218,2272,2259,2257,2240,2292,2256,2264,2273,2276,2268,2288,2267,2255
362.211,2309.4,2298,2343,2310,2296,2313,2306,2288,2260,2290,2330,2299,2302,2315,2307,2280,2302,2320,2299,2331,2314,2324,2289,2320,2317,2299,2360,2284,2292,2357,2338
362.537,2117.6,2114,2098,2066,2114,2102,2132,2135,2113,2129,2128,2103,2075,2126,2144,2162,2148,2134,2103,2106,2091,2126,2108,2073,2084,2141,2124,2105,2170,2145,2129
362.863,2203.3,2209,2254,2213,2240,2214,2172,2223,2219,2137,2201,2227,2136,2184,2154,2223,2206,2211,2200,2200,2188,2210,2206,2222,2205,2199,2218,2182,2176,2241,2228
363.189,2665.3,2646,2673,2678,2698,2695,2668,2665,2674,2647,2671,2681,2596,2692,2667,2613,2684,2626,2630,2706,2623,2638,2674,2694,2657,2680,2681,2718,2666,2665,2654
363.516,2371.1,2413,2354,2393,2367,2395,2368,2376,2354,2364,2385,2388,2350,2353,2382,2360,2374,2357,2387,2337,2389,2345,2405,2367,2378,2356,2355,2350,2393,2405,2334
363.842,2518.0,2526,2513,2502,2487,2488,2495,2559,2500,2527,2530,2481,2480,2510,2534,2572,2512,2546,2548,2538,2483,2535,2525,2504,2490,2521,2539,2473,2553,2552,2517
364.168,2489.1,2459,2483,2478,2501,2497,2492,2502,2515,2489,2512,2505,2468,2476,2490,2498,2490,2474,2540,2478,2466,2407,2497,2490,2488,2516,2478,2462,2515,2532,2474
364.494,2395.4,2364,2431,2401,2395,2367,2425,2415,2377,2433,2389,2394,2360,2427,2398,2367,2379,2384,2412,2388,2362,2411,2407,2372,2419,2394,2397,2385,2412,2385,2412
364.821,2118.4,2089,2143,2134,2091,2086,2101,2078,2147,2151,2121,2140,2173,2149,2136,2116,2100,2135,2116,2152,2115,2089,2143,2137,2106,2102,2129,2060,2055,2132,2125
365.147,2334.2,2313,2313,2339,2360,2360,2319,2344,2302,2358,2344,2351,2307,2340,2313,2308,2374,2352,2383,2335,2296,2345,2345,2348,2303,2335,2341,2316,2316,2328,2337
365.474,2047.3,2049,2059,2061,2068,2062,2060,2060,2060,2039,2037,2035,2009,2047,2033,2058,2025,2047,2038,2043,2042,2056,2063,2057,2075,2028,2037,2033,2060,2069,2008
365.800,2496.3,2531,2486,2479,2495,2501,2497,2490,2518,2528,2471,2503,2501,2504,2500,2561,2453,2510,2501,2478,2502,2528,2454,2469,2498,2499,2495,2468,2472,2485,2512
366.127,2378.4,2380,2433,2369,2383,2387,2378,2352,2360,2364,2396,2410,2361,2362,2370,2398,2412,2370,2376,2397,2371,2333,2376,2333,2408,2376,2345,2408,2343,2389,2411
366.453,2434.0,2463,2437,2462,2405,2386,2446,2477,2461,2428,2416,2412,2472,2430,2438,2479,2378,2437,2470,2412,2419,2413,2480,2445,2413,2398,2456,2398,2438,2392,2458
366.780,2353.0,2360,2347,2324,2326,2324,2300,2371,2361,2380,2372,2377,2321,2387,2351,2365,2351,2350,2360,2386,2343,2364,2356,2382,2325,2406,2388,2312,2357,2316,2327
367.106,2450.8,2488,2448,2486,2425,2424,2480,2473,2488,2426,2436,2473,2409,2453,2458,2486,2425,2441,2435,2470,2472,2414,2404,2447,2487,2464,2425,2439,2464,2452,2433
367.433,2348.7,2333,2347,2352,2399,2371,2331,2357,2324,2331,2348,2354,2325,2359,2363,2364,2324,2365,2362,2349,2339,2350,2341,2331,2347,2357,2333,2359,2340,2352,2353
367.760,1988.0,1944,1965,2005,1996,1960,1992,2013,1999,1973,2005,2016,1982,1981,2010,1990,1981,1999,2002,1998,1989,1941,1951,2013,2006,1995,1983,1991,1976,1999,1984
368.086,2399.6,2419,2421,2405,2406,2383,2419,2371,2361,2405,2366,2416,2382,2435,2383,2379,2428,2361,2403,2421,2396,2369,2408,2376,2431,2431,2379,2385,2433,2377,2440
368.413,2167.4,2184,2168,2177,2176,2179,2165,2209,2193,2146,2155,2170,2179,2154,2142,2165,2149,2175,2175,2181,2156,2168,2182,2126,2144,2171,2165,2136,2143,2189,2200
368.740,2483.4,2480,2488,2510,2488,2474,2484,2456,2481,2522,2464,2497,2513,2493,2494,2486,2476,2446,2561,2448,2459,2478,2470,2460,2457,2470,2492,2432,2483,2511,2528
369.067,2116.1,2095,2108,2092,2117,2119,2112,2138,2125,2118,2115,2093,2100,2127,2145,2147,2127,2135,2086,2103,2088,2107,2101,2137,2120,2126,2118,2129,2141,2088,2127
369.394,2663.2,2699,2680,2681,2672,2630,2638,2699,2681,2710,2676,2677,2626,2607,2626,2636,2651,2655,2652,2662,2656,2647,2696,2664,2710,2659,2650,2652,2676,2636,2692
369.721,2476.5,2495,2481,2464,2450,2488,2493,2491,2504,2472,2460,2486,2505,2464,2469,2474,2460,2438,2462,2511,2472,2436,2490,2447,2509,2517,2508,2466,2448,2461,2473
370.048,6066.6,6188,6127,6088,6067,6030,6127,6091,6150,6061,5976,6042,6121,6084,6074,6128,6038,6168,6005,6024,5999,6037,6014,6100,5957,6052,6040,6076,6080,6015,6040
370.375,2166.0,2170,2168,2125,2145,2175,2148,2132,2157,2196,2168,2193,2177,2208,2156,2167,2177,2133,2157,2184,2179,2126,2204,2184,2165,2138,2180,2174,2147,2176,2172
370.702,2131.1,2136,2152,2111,2159,2105,2150,2097,2161,2125,2125,2118,2134,2137,2146,2134,2094,2136,2173,2099,2142,2185,2114,2144,2155,2109,2109,2117,2120,2150,2096
371.029,2004.4,1980,1993,2032,1997,2003,1997,1979,1988,2020,2008,1971,2020,1973,2005,2025,2014,2022,2022,1997,2028,2001,1987,2001,1996,1974,2030,2003,2001,2030,2034
371.356,2271.9,2237,2270,2235,2273,2209,2255,2280,2244,2293,2285,2318,2260,2254,2293,2272,2281,2271,2330,2281,2264,2252,2273,2288,2258,2280,2263,2296,2266,2290,2287
371.683,2252.7,2248,2249,2275,2262,2262,2265,2235,2269,2248,2263,2224,2262,2232,2273,2213,2266,2226,2250,2234,2227,2300,2271,2250,2286,2259,2248,2263,2257,2260,2204
372.010,2582.6,2605,2593,2587,2609,2580,2556,2560,2595,2565,2574,2565,2612,2589,2597,2572,2561,2609,2576,2587,2549,2622,2623,2578,2591,2550,2573,2555,2580,2576,2590
372.337,1998.5,2003,2008,2013,1974,2006,1979,1989,1964,1971,1987,2003,2001,1979,2012,1987,2021,1972,2005,2006,1998,2007,1992,2030,1984,2008,2006,2028,2027,2028,1966
372.665,2590.2,2601,2577,2576,2566,2591,2605,2600,2597,2569,2585,2618,2582,2579,2579,2622,2560,2575,2573,2591,2633,2596,2582,2611,2603,2578,2597,2558,2601,2613,2589
372.992,2326.1,2302,2320,2347,2355,2341,2350,2333,2406,2308,2341,2320,2294,2331,2322,2308,2320,2296,2331,2332,2304,2299,2331,2365,2354,2289,2344,2335,2326,2311,2268
373.319,2078.9,2122,2064,2052,2107,2072,2074,2087,2108,2078,2071,2090,2077,2068,2095,2085,2072,2078,2100,2056,2101,2079,2096,2098,2086,2063,2063,2082,2079,2026,2037
373.647,2080.1,2077,2056,2085,2066,2096,2114,2046,2097,2066,2083,2124,2083,2036,2079,2060,2084,2131,2068,2057,2083,2108,2096,2104,2063,2066,2087,2062,2103,2050,2072
373.974,2194.7,2201,2187,2203,2209,2173,2235,2240,2185,2208,2169,2191,2236,2173,2168,2141,2146,2217,2191,2200,2178,2186,2189,2162,2227,2213,2202,2191,2225,2216,2180
374.301,2261.5,2257,2206,2287,2184,2236,2303,2308,2275,2246,2275,2280,2256,2255,2252,2268,2267,2273,2274,2264,2288,2273,2254,2280,2263,2268,2235,2222,2253,2306,2238
374.629,2306.0,2301,2307,2362,2325,2329,2291,2305,2312,2290,2293,2328,2317,2315,2316,2314,2303,2305,2320,2303,2301,2297,2264,2320,2283,2297,2313,2313,2265,2330,2260
374.956,2434.9,2437,2449,2452,2427,2447,2443,2450,2430,2401,2453,2440,2420,2439,2425,2412,2441,2424,2447,2407,2427,2446,2449,2443,2427,2451,2455,2428,2425,2406,2445
375.284,2212.5,2228,2221,2187,2197,2222,2216,2204,2199,2192,2158,2205,2226,2241,2232,2225,2253,2185,2225,2184,2206,2214,2205,2268,2209,2200,2168,2216,2221,2243,2226
375.612,2338.3,2314,2354,2330,2344,2302,2370,2292,2364,2332,2340,2365,2357,2359,2377,2370,2331,2340,2365,2323,2383,2307,2332,2352,2303,2315,2307,2358,2341,2311,2312
375.939,2622.3,2677,2639,2649,2621,2639,2685,2603,2635,2625,2614,2614,2563,2625,2622,2601,2610,2598,2633,2617,2640,2614,2635,2604,2590,2634,2610,2629,2591,2659,2593
376.267,1979.3,1966,1975,2007,1985,1976,2024,1973,1958,1942,1969,2009,1981,1950,1965,2005,1970,1967,1962,1999,1995,1971,1963,1984,1969,1978,2019,1997,1977,1990,1953
376.594,1830.8,1832,1846,1857,1827,1827,1867,1850,1817,1808,1813,1825,1854,1848,1816,1816,1811,1836,1853,1844,1822,1855,1819,1826,1830,1814,1836,1820,1810,1835,1809
376.922,2425.4,2443,2473,2435,2444,2460,2431,2394,2385,2418,2414,2417,2388,2394,2429,2425,2408,2458,2459,2409,2436,2434,2417,2401,2425,2428,2426,2428,2443,2434,2406
377.250,2272.5,2270,2263,2246,2264,2249,2296,2298,2246,2243,2260,2273,2299,2259,2301,2250,2272,2300,2265,2283,2269,2260,2267,2285,2241,2290,2274,2249,2309,2325,2269
377.578,2338.3,2356,2328,2327,2335,2345,2366,2328,2350,2376,2276,2330,2344,2325,2336,2365,2380,2300,2354,2349,2313,2348,2386,2345,2312,2344,2379,2324,2272,2317,2340
377.906,2253.4,2269,2245,2250,2310,2266,2272,2248,2264,2235,2241,2237,2280,2257,2269,2270,2228,2235,2262,2287,2242,2232,2252,2285,2208,2267,2222,2211,2253,2265,2241
378.233,2429.5,2432,2396,2434,2468,2419,2430,2433,2459,2441,2451,2428,2411,2451,2424,2465,2440,2426,2441,2401,2459,2445,2414,2415,2386,2420,2433,2411,2383,2447,2422
378.561,2217.0,2195,2222,2187,2202,2201,2193,2221,2224,2186,2205,2220,2214,2229,2229,2220,2224,2242,2235,2226,2236,2252,2223,2239,2187,2195,2245,2189,2252,2210,2207
378.889,2104.9,2103,2091,2123,2103,2111,2112,2094,2101,2106,2114,2089,2083,2104,2126,2099,2112,2109,2098,2145,2110,2111,2123,2119,2116,2106,2086,2095,2085,2102,2070
379.217,2223.8,2197,2194,2193,2222,2248,2248,2220,2248,2197,2186,2230,2253,2195,2280,2207,2207,2266,2211,2260,2238,2266,2214,2210,2210,2188,2237,2212,2218,2246,2214
379.545,2489.0,2504,2504,2479,2497,2497,2541,2454,2501,2464,2454,2503,2524,2466,2537,2441,2553,2518,2511,2482,2450,2445,2493,2526,2464,2468,2468,2467,2500,2477,2481
379.873,2347.3,2319,2362,2329,2373,2360,2329,2364,2344,2297,2358,2347,2373,2353,2331,2328,2351,2377,2380,2350,2353,2369,2316,2349,2328,2332,2347,2375,2355,2333,2338
380.201,1981.5,2004,1988,1965,1971,1979,1969,1981,1982,1971,1955,2003,1995,1995,2012,1994,1954,1970,1985,1996,1969,1969,1973,2016,1934,2005,2001,1976,1977,1970,1987
380.529,2290.8,2304,2288,2316,2287,2281,2248,2271,2223,2247,2321,2281,2286,2312,2294,2277,2322,2319,2299,2328,2309,2286,2328,2313,2283,2276,2269,2276,2281,2286,2313
380.858,2304.8,2295,2282,2305,2298,2337,2303,2354,2248,2309,2308,2309,2284,2338,2292,2301,2313,2333,2256,2257,2286,2303,2276,2312,2313,2309,2320,2318,2332,2316,2336
381.186,2182.1,2152,2190,2208,2212,2180,2194,2172,2191,2143,2185,2188,2167,2178,2174,2193,2168,2165,2200,2221,2179,2206,2192,2193,2181,2141,2206,2192,2176,2173,2142
381.514,2168.3,2161,2148,2161,2208,2145,2172,2181,2126,2186,2189,2132,2190,2156,2184,2137,2168,2171,2151,2156,2161,2182,2137,2216,2168,2172,2128,2202,2173,2208,2181
381.842,2163.2,2157,2142,2176,2144,2141,2201,2155,2155,2167,2210,2139,2165,2146,2162,2174,2155,2143,2158,2171,2175,2152,2133,2172,2182,2152,2166,2160,2176,2173,2193
382.171,2202.6,2221,2225,2204,2206,2195,2213,2202,2199,2201,2221,2219,2198,2204,2165,2207,2188,2231,2203,2188,2180,2227,2190,2206,2205,2158,2197,2215,2237,2147,2225
382.499,2226.8,2223,2215,2228,2262,2228,2210,2191,2248,2218,2265,2189,2248,2221,2248,2200,2223,2228,2237,2239,2253,2237,2222,2219,2295,2186,2237,2207,2208,2224,2196
382.827,2330.8,2345,2288,2317,2302,2340,2313,2330,2344,2385,2304,2356,2305,2328,2324,2357,2360,2333,2345,2322,2319,2338,2312,2322,2316,2312,2363,2378,2292,2303,2371
383.156,2162.7,2164,2147,2136,2154,2170,2168,2158,2163,2180,2186,2164,2161,2182,2141,2171,2156,2142,2184,2180,2237,2158,2126,2140,2153,2148,2154,2174,2185,2171,2129
383.484,2064.7,2069,2087,2055,2062,2091,2089,2059,2075,2036,2046,2065,2032,2064,2069,2067,2052,2075,2049,2032,2081,2061,2083,2075,2064,2088,2056,2066,2051,2072,2069
383.813,2432.8,2475,2405,2418,2422,2427,2444,2408,2474,2413,2442,2435,2453,2446,2471,2425,2437,2445,2479,2424,2392,2424,2443,2429,2429,2392,2450,2416,2416,2426,2425
384.141,3520.7,3518,3557,3485,3470,3525,3529,3538,3533,3529,3551,3542,3501,3453,3532,3567,3495,3576,3531,3533,3464,3539,3551,3505,3546,3456,3510,3522,3530,3508,3524
384.470,2415.2,2389,2402,2433,2405,2415,2398,2404,2438,2408,2408,2394,2388,2403,2418,2419,2438,2433,2436,2405,2428,2424,2395,2437,2418,2353,2403,2490,2438,2395,2440
384.798,2025.3,2024,2058,2029,2040,2036,1989,2023,2024,1990,2024,1994,2030,2018,2017,2045,2037,1996,2088,2050,2025,2041,2018,2026,2022,2013,1986,2024,2006,2045,2040
385.127,2227.5,2238,2237,2268,2234,2209,2241,2211,2250,2261,2228,2247,2222,2231,2249,2222,2226,2240,2200,2226,2202,2241,2233,2203,2239,2177,2226,2247,2205,2221,2191
385.456,2467.4,2518,2463,2439,2463,2460,2441,2451,2485,2458,2441,2485,2476,2449,2488,2457,2462,2461,2504,2461,2477,2493,2445,2472,2494,2433,2444,2479,2485,2457,2480
385.784,2407.4,2401,2419,2410,2360,2399,2379,2453,2432,2446,2382,2423,2419,2384,2445,2416,2405,2381,2408,2411,2400,2400,2432,2411,2385,2373,2402,2391,2429,2380,2445
386.113,2469.0,2487,2434,2448,2494,2448,2462,2464,2481,2478,2459,2494,2467,2486,2477,2447,2496,2473,2484,2469,2437,2501,2470,2495,2517,2447,2420,2418,2461,2504,2453
386.442,2303.1,2319,2287,2276,2313,2312,2332,2336,2296,2327,2338,2295,2313,2294,2292,2295,2312,2308,2319,2339,2307,2274,2293,2262,2289,2271,2296,2267,2294,2338,2298
386.771,2118.2,2153,2104,2095,2093,2123,2113,2094,2125,2132,2134,2103,2176,2104,2119,2136,2100,2092,2111,2109,2105,2155,2124,2101,2136,2104,2092,2123,2138,2129,2122
387.099,2090.2,2088,2099,2075,2095,2081,2101,2058,2117,2070,2076,2063,2104,2067,2125,2127,2068,2103,2100,2099,2114,2100,2101,2084,2082,2070,2031,2105,2104,2113,2087
387.428,2196.6,2211,2188,2230,2179,2176,2154,2228,2202,2188,2184,2229,2211,2167,2216,2181,2237,2245,2191,2175,2241,2157,2156,2168,2188,2178,2185,2216,2195,2216,2206
387.757,2221.2,2269,2203,2208,2210,2216,2197,2210,2220,2221,2224,2223,2249,2235,2217,2228,2241,2216,2248,2208,2220,2236,2244,2216,2230,2198,2193,2240,2191,2209,2216
388.086,2661.8,2632,2633,2640,2658,2672,2671,2669,2662,2736,2646,2675,2626,2670,2662,2676,2664,2603,2641,2644,2667,2653,2650,2680,2672,2675,2696,2661,2649,2670,2701
388.415,2355.1,2362,2354,2372,2349,2321,2357,2355,2341,2341,2322,2353,2330,2385,2373,2352,2370,2371,2341,2361,2363,2342,2312,2410,2346,2357,2334,2350,2362,2389,2378
388.744,2414.9,2416,2399,2415,2414,2414,2397,2437,2441,2417,2418,2401,2422,2425,2418,2415,2400,2424,2397,2432,2364,2411,2410,2410,2421,2372,2451,2403,2436,2430,2437
389.073,2326.5,2359,2308,2353,2323,2363,2328,2317,2326,2346,2298,2281,2284,2319,2380,2316,2355,2293,2360,2358,2308,2321,2339,2329,2329,2311,2341,2318,2319,2281,2333
389.402,2159.3,2167,2168,2164,2142,2153,2159,2176,2159,2188,2142,2137,2153,2133,2175,2167,2147,2205,2168,2128,2177,2160,2144,2155,2149,2168,2173,2134,2187,2174,2126
389.731,2300.7,2304,2307,2275,2320,2297,2300,2296,2269,2294,2280,2243,2293,2302,2273,2332,2325,2308,2285,2305,2328,2297,2329,2327,2297,2300,2307,2318,2277,2298,2334
390.061,2495.6,2491,2495,2472,2497,2481,2491,2542,2481,2486,2478,2462,2525,2458,2472,2512,2485,2493,2523,2501,2526,2477,2494,2519,2433,2522,2524,2491,2477,2515,2545
390.390,2263.8,2276,2261,2285,2275,2221,2258,2241,2283,2253,2299,2248,2260,2257,2259,2277,2248,2290,2269,2263,2269,2254,2261,2305,2222,2252,2237,2267,2265,2266,2294
390.719,2246.3,2220,2232,2222,2265,2264,2271,2253,2249,2200,2285,2259,2242,2211,2273,2282,2258,2228,2246,2276,2268,2260,2244,2237,2213,2233,2248,2248,2240,2266,2197
391.048,2313.1,2341,2313,2303,2329,2302,2303,2265,2254,2337,2351,2306,2319,2353,2310,2274,2301,2312,2331,2310,2310,2312,2331,2305,2306,2344,2314,2340,2316,2296,2305
391.377,2123.2,2132,2115,2145,2130,2121,2104,2136,2140,2114,2143,2110,2128,2109,2168,2097,2124,2105,2108,2125,2152,2110,2144,2123,2116,2141,2125,2095,2118,2113,2106
391.707,2230.8,2246,2216,2239,2278,2202,2219,2216,2206,2264,2207,2251,2250,2249,2211,2264,2232,2264,2209,2212,2242,2250,2261,2172,2228,2230,2184,2214,2252,2244,2212
392.036,2127.7,2132,2126,2126,2127,2120,2112,2112,2120,2121,2110,2089,2133,2145,2136,2117,2094,2133,2096,2149,2153,2130,2148,2120,2116,2113,2136,2163,2143,2143,2167
392.366,2269.5,2301,2291,2272,2248,2287,2270,2272,2283,2288,2257,2230,2261,2285,2300,2298,2260,2247,2239,2264,2260,2257,2277,2253,2250,2302,2286,2297,2219,2261,2269
392.695,2129.0,2134,2140,2139,2091,2152,2088,2108,2133,2125,2191,2142,2100,2141,2146,2120,2131,2152,2116,2129,2117,2125,2163,2125,2130,2132,2152,2103,2139,2128,2078
393.025,2424.7,2458,2441,2426,2397,2407,2410,2399,2393,2434,2417,2447,2402,2406,2469,2423,2426,2462,2440,2405,2456,2393,2449,2405,2476,2433,2411,2445,2429,2373,2409
393.354,2362.0,2383,2403,2393,2351,2357,2387,2370,2360,2382,2361,2348,2329,2366,2362,2399,2378,2378,2302,2357,2369,2329,2368,2351,2346,2360,2351,2355,2326,2358,2380
393.684,2081.0,2097,2055,2104,2045,2075,2062,2043,2072,2054,2067,2072,2052,2102,2072,2095,2062,2041,2072,2057,2117,2067,2085,2117,2070,2117,2089,2138,2094,2120,2117
394.013,2460.1,2443,2491,2462,2439,2438,2476,2455,2476,2460,2424,2431,2491,2446,2477,2470,2442,2462,2479,2471,2456,2492,2442,2485,2469,2458,2456,2424,2474,2438,2475
394.343,2160.3,2153,2168,2156,2154,2152,2173,2177,2145,2180,2176,2164,2138,2180,2137,2210,2118,2145,2156,2188,2160,2175,2160,2146,2142,2168,2149,2143,2150,2187,2160
394.672,2071.9,2036,2089,2090,2060,2045,2100,2046,2098,2069,2065,2102,2070,2070,2106,2038,2083,2045,2041,2097,2064,2120,2037,2101,2062,2090,2066,2070,2043,2077,2076
395.002,1957.5,1945,1961,1965,1954,1992,1973,1988,1936,1988,1961,1987,1972,1947,1937,1975,1960,1955,1960,1954,1987,1924,1955,1950,1962,1930,1932,1952,1961,1915,1946
395.332,2252.8,2225,2249,2244,2264,2248,2263,2277,2307,2287,2210,2264,2242,2240,2243,2292,2198,2253,2255,2255,2251,2250,2281,2287,2227,2217,2250,2213,2216,2293,2284
395.662,1940.3,1952,1908,1923,1964,1935,1914,1957,1929,1971,1935,1943,1942,1945,1972,1924,1936,1944,1928,1925,1966,1961,1923,1965,1934,1911,1956,1949,1923,1939,1934
395.991,2287.6,2300,2296,2273,2301,2256,2289,2266,2278,2340,2301,2270,2283,2288,2267,2287,2276,2307,2300,2263,2302,2315,2275,2258,2297,2264,2302,2281,2300,2302,2291
396.321,2304.2,2329,2321,2281,2334,2296,2329,2286,2287,2288,2313,2298,2316,2305,2340,2306,2274,2284,2313,2327,2252,2323,2293,2312,2274,2321,2338,2309,2307,2285,2285
396.651,2383.1,2411,2377,2414,2372,2379,2373,2346,2395,2402,2374,2362,2385,2397,2424,2351,2364,2376,2405,2381,2399,2390,2399,2397,2436,2337,2387,2336,2348,2398,2377
396.981,2083.6,2063,2079,2058,2124,2062,2060,2082,2097,2072,2066,2079,2069,2072,2097,2086,2059,2035,2139,2124,2044,2094,2123,2081,2089,2093,2121,2086,2106,2060,2088
397.311,2478.1,2504,2461,2483,2444,2489,2494,2477,2497,2459,2469,2508,2480,2456,2469,2477,2479,2489,2504,2512,2464,2476,2482,2490,2466,2511,2438,2472,2438,2507,2447
397.641,2317.1,2315,2312,2281,2340,2348,2312,2322,2328,2315,2312,2255,2297,2306,2296,2340,2293,2344,2294,2353,2309,2321,2312,2332,2283,2305,2346,2355,2304,2338,2346
397.971,2136.2,2137,2157,2154,2127,2105,2139,2176,2162,2150,2124,2165,2153,2143,2093,2121,2159,2128,2097,2110,2134,2146,2179,2136,2117,2139,2106,2118,2109,2160,2143
398.301,2111.0,2099,2116,2163,2156,2128,2109,2119,2093,2118,2083,2098,2126,2083,2107,2089,2090,2134,2116,2102,2082,2121,2132,2063,2097,2107,2149,2130,2110,2117,2094
398.631,2084.1,2099,2073,2046,2090,2111,2098,2076,2094,2097,2078,2073,2061,2108,2085,2082,2097,2060,2094,2118,2082,2069,2050,2101,2110,2101,2067,2049,2064,2086,2105
398.961,2151.5,2158,2118,2154,2105,2168,2128,2158,2157,2148,2141,2113,2173,2141,2151,2141,2162,2170,2154,2159,2147,2132,2169,2150,2168,2184,2182,2169,2170,2171,2105
399.291,2209.9,2232,2194,2173,2184,2193,2244,2202,2243,2224,2212,2188,2211,2182,2184,2203,2213,2239,2232,2214,2186,2220,2218,2214,2210,2233,2215,2177,2229,2205,2223
399.621,2035.9,2046,2040,2024,2015,2059,2058,2047,2028,2063,2084,2008,2027,2026,2023,2026,2009,2029,2015,2089,2039,2025,1991,2005,2043,2066,2042,2042,2040,2031,2036
399.952,2315.3,2287,2353,2335,2323,2302,2368,2327,2283,2292,2318,2338,2334,2272,2262,2283,2298,2276,2301,2340,2305,2331,2319,2321,2380,2320,2312,2333,2309,2302,2334
400.282,2027.8,2021,2060,2008,2066,2049,2056,2001,2005,2036,2043,2006,2031,2022,2013,2031,2012,2016,2010,1999,2052,1981,2020,2057,2024,2009,2024,2046,2046,2038,2052
400.612,2283.0,2265,2289,2277,2280,2262,2323,2289,2286,2253,2266,2282,2291,2283,2265,2314,2262,2278,2305,2279,2258,2297,2293,2306,2313,2256,2312,2265,2302,2310,2229
400.943,2214.0,2228,2274,2227,2206,2184,2232,2251,2172,2241,2200,2200,2181,2271,2178,2212,2187,2197,2227,2227,2209,2187,2274,2221,2197,2241,2194,2204,2185,2194,2218
401.273,2147.9,2133,2112,2146,2159,2136,2132,2161,2155,2154,2142,2159,2146,2145,2142,2133,2129,2177,2156,2171,2141,2190,2182,2146,2108,2166,2160,2142,2134,2125,2154
401.603,2355.5,2388,2352,2354,2339,2327,2354,2335,2361,2351,2361,2347,2346,2355,2320,2369,2399,2397,2336,2340,2378,2391,2320,2329,2347,2343,2384,2340,2387,2336,2380
401.934,2084.7,2122,2079,2088,2092,2068,2074,2126,2086,2081,2104,2062,2058,2062,2085,2088,2136,2086,2094,2046,2062,2073,2084,2110,2081,2072,2072,2077,2092,2071,2109
402.264,2166.7,2167,2203,2186,2141,2180,2188,2224,2157,2154,2164,2152,2172,2164,2143,2188,2191,2139,2158,2139,2138,2201,2172,2189,2176,2193,2120,2155,2149,2161,2137
402.595,2028.6,2007,2016,2056,2017,2012,2025,2001,2017,2079,2072,2012,2026,2047,2045,2045,2010,2030,2002,2032,2024,2020,2014,2028,2052,2010,2040,2041,2048,2026,2004
402.925,2101.0,2112,2070,2130,2098,2119,2117,2103,2097,2096,2097,2123,2091,2120,2060,2117,2107,2151,2093,2113,2063,2124,2106,2106,2091,2124,2095,2078,2072,2088,2068
403.256,2154.2,2125,2139,2167,2153,2153,2136,2182,2160,2146,2156,2141,2139,2127,2200,2190,2142,2162,2154,2172,2165,2198,2176,2147,2156,2152,2125,2164,2119,2158,2123
403.586,2801.1,2852,2802,2794,2799,2819,2820,2811,2792,2798,2771,2794,2803,2808,2868,2792,2795,2806,2815,2803,2802,2831,2792,2770,2773,2812,2768,2768,2784,2815,2776
403.917,2268.2,2264,2277,2239,2250,2253,2289,2281,2299,2271,2300,2235,2261,2256,2244,2243,2256,2281,2283,2227,2252,2296,2265,2261,2295,2293,2239,2342,2235,2287,2271
404.248,2142.1,2154,2168,2146,2117,2156,2127,2117,2150,2158,2158,2127,2106,2186,2163,2136,2136,2141,2148,2173,2116,2133,2173,2131,2145,2140,2124,2126,2137,2142,2128
404.578,2301.7,2316,2287,2302,2324,2269,2320,2265,2296,2283,2306,2282,2293,2377,2330,2294,2300,2273,2291,2286,2276,2306,2302,2329,2329,2305,2264,2309,2318,2329,2289
404.909,2394.4,2356,2383,2428,2345,2381,2408,2446,2378,2433,2453,2392,2416,2379,2376,2382,2420,2382,2397,2403,2419,2351,2385,2382,2408,2392,2394,2397,2420,2374,2353
405.240,2487.2,2500,2489,2458,2463,2460,2477,2502,2471,2494,2462,2476,2513,2471,2466,2510,2485,2509,2456,2520,2473,2475,2500,2535,2513,2498,2515,2468,2500,2485,2472
405.571,2152.0,2155,2154,2115,2136,2147,2169,2143,2181,2162,2166,2148,2205,2163,2125,2138,2139,2142,2171,2133,2115,2165,2148,2168,2141,2149,2136,2185,2174,2149,2139
405.902,2283.3,2251,2285,2268,2296,2309,2314,2267,2314,2276,2298,2285,2272,2324,2262,2276,2296,2271,2250,2276,2266,2288,2278,2245,2276,2301,2267,2300,2283,2310,2296
406.232,1937.0,1978,1929,1970,1962,1944,1942,1898,1935,1906,1935,1925,1921,1955,1966,1929,1942,1933,1934,1927,1939,1927,1939,1963,1939,1926,1945,1897,1915,1949,1941
406.563,2093.4,2101,2066,2094,2070,2101,2068,2108,2085,2082,2102,2104,2099,2120,2077,2097,2090,2104,2118,2114,2088,2113,2082,2102,2131,2082,2062,2129,2058,2083,2073
406.894,2186.0,2193,2191,2176,2180,2180,2194,2218,2167,2195,2172,2180,2221,2171,2212,2180,2172,2191,2161,2198,2187,2209,2195,2213,2153,2189,2185,2181,2179,2149,2189
407.225,2491.4,2467,2480,2487,2488,2465,2478,2514,2485,2458,2493,2523,2468,2456,2494,2513,2530,2449,2477,2492,2475,2530,2499,2507,2499,2496,2485,2513,2518,2492,2510
407.556,2265.5,2238,2257,2250,2292,2257,2213,2324,2282,2280,2248,2236,2300,2257,2248,2286,2264,2254,2249,2257,2274,2246,2276,2305,2284,2280,2259,2277,2260,2269,2243
407.887,1983.3,1961,2003,1973,1976,1979,2000,1985,2007,1982,1948,1972,1963,1979,1953,1996,1992,1961,1992,2022,1920,2032,1954,1983,2013,2006,2008,1993,1986,1974,1986
408.218,2275.3,2238,2249,2278,2275,2290,2260,2280,2283,2281,2289,2256,2246,2272,2239,2260,2303,2281,2280,2265,2307,2280,2322,2272,2299,2279,2298,2291,2263,2221,2301
408.550,2340.0,2312,2346,2371,2336,2353,2341,2315,2354,2326,2351,2335,2326,2310,2324,2342,2361,2324,2375,2351,2318,2309,2349,2358,2364,2308,2333,2353,2322,2373,2361
408.881,2269.7,2245,2267,2266,2281,2248,2293,2292,2283,2237,2265,2238,2285,2279,2262,2302,2287,2265,2314,2240,2252,2285,2296,2274,2299,2238,2274,2224,2296,2274,2230
409.212,2241.9,2224,2225,2235,2275,2232,2229,2261,2264,2224,2261,2219,2270,2228,2269,2226,2213,2237,2230,2227,2251,2236,2244,2241,2257,2213,2252,2226,2295,2268,2224
409.543,2297.0,2284,2300,2295,2312,2289,2297,2268,2301,2308,2323,2294,2275,2301,2312,2278,2294,2308,2344,2266,2285,2302,2292,2312,2285,2300,2290,2293,2335,2286,2280
409.874,2252.5,2227,2250,2233,2282,2244,2262,2280,2285,2253,2241,2221,2308,2272,2253,2225,2268,2257,2253,2237,2248,2256,2256,2258,2250,2251,2262,2249,2209,2243,2242
410.206,2050.6,2056,2041,2040,2033,2044,2018,2040,2019,2069,2073,2058,2076,2075,2052,2031,2070,2038,2046,2032,2037,2073,2033,2040,2112,2071,2043,2040,2037,2073,2047
410.537,2109.5,2149,2097,2148,2072,2110,2136,2099,2113,2126,2131,2077,2100,2132,2117,2061,2119,2097,2110,2080,2104,2123,2107,2093,2116,2106,2109,2102,2128,2122,2100
410.868,2215.4,2192,2231,2253,2232,2237,2232,2184,2202,2208,2202,2233,2214,2218,2244,2180,2195,2232,2218,2204,2189,2252,2224,2214,2216,2205,2204,2215,2209,2182,2240
411.200,2295.5,2270,2324,2281,2282,2300,2334,2271,2310,2277,2260,2331,2281,2314,2304,2333,2290,2317,2294,2313,2252,2252,2290,2301,2288,2276,2284,2288,2320,2337,2291
411.531,2402.4,2428,2395,2389,2407,2419,2425,2386,2358,2425,2395,2417,2408,2421,2393,2376,2375,2403,2390,2440,2407,2398,2397,2393,2435,2389,2392,2420,2405,2397,2389
411.863,2081.6,2078,2102,2095,2120,2058,2084,2074,2084,2114,2079,2061,2060,2088,2050,2066,2083,2063,2097,2078,2090,2091,2079,2082,2071,2097,2111,2056,2088,2082,2066
412.194,2295.1,2311,2323,2299,2278,2305,2314,2305,2321,2278,2292,2248,2271,2291,2313,2300,2318,2315,2296,2261,2285,2232,2312,2273,2297,2317,2284,2310,2313,2283,2307
412.526,2308.2,2337,2324,2290,2309,2294,2288,2291,2294,2291,2350,2296,2297,2255,2317,2310,2259,2351,2320,2302,2293,2289,2328,2311,2336,2318,2319,2302,2329,2331,2316
412.857,2251.0,2242,2242,2251,2264,2264,2267,2274,2269,2241,2261,2269,2270,2233,2245,2235,2272,2270,2252,2241,2245,2247,2218,2240,2225,2246,2233,2279,2248,2249,2238
413.189,2227.8,2224,2217,2271,2195,2230,2222,2208,2216,2256,2218,2228,2228,2206,2220,2261,2214,2224,2191,2202,2233,2209,2271,2229,2262,2250,2246,2223,2228,2218,2233
413.521,2409.8,2393,2400,2408,2393,2389,2411,2377,2415,2412,2424,2440,2381,2403,2407,2428,2435,2424,2413,2428,2381,2403,2425,2428,2393,2422,2425,2396,2404,2430,2406
413.852,2133.0,2128,2130,2094,2158,2152,2163,2138,2145,2118,2149,2179,2110,2102,2097,2159,2124,2116,2123,2122,2152,2117,2110,2134,2157,2109,2076,2157,2175,2169,2128
414.184,2375.3,2418,2374,2360,2365,2367,2386,2354,2365,2372,2354,2353,2401,2404,2351,2335,2383,2396,2360,2407,2374,2367,2362,2362,2404,2323,2393,2383,2385,2377,2423
414.516,2325.0,2314,2341,2307,2305,2335,2290,2322,2303,2324,2339,2377,2313,2349,2290,2353,2344,2303,2303,2297,2391,2303,2320,2326,2367,2350,2316,2300,2308,2318,2343
414.847,2277.4,2247,2291,2265,2328,2262,2240,2270,2290,2282,2262,2289,2281,2259,2250,2259,2286,2288,2298,2302,2290,2277,2248,2303,2280,2302,2272,2290,2269,2299,2242
415.179,2281.3,2270,2249,2301,2303,2289,2251,2256,2293,2307,2275,2270,2253,2273,2293,2251,2355,2250,2278,2260,2284,2288,2314,2265,2296,2295,2274,2288,2298,2275,2285
415.511,2492.9,2546,2486,2460,2472,2480,2457,2454,2468,2465,2499,2526,2540,2488,2536,2482,2498,2480,2504,2489,2461,2554,2507,2423,2481,2485,2502,2520,2520,2499,2504
415.843,2263.2,2266,2277,2292,2274,2229,2232,2248,2286,2258,2268,2313,2270,2264,2274,2235,2265,2261,2256,2238,2309,2308,2269,2256,2243,2241,2265,2253,2241,2257,2248
416.175,2574.0,2571,2580,2552,2583,2549,2603,2532,2590,2591,2556,2592,2550,2596,2581,2564,2579,2581,2552,2593,2546,2580,2580,2584,2569,2572,2608,2587,2567,2588,2545
416.507,2044.9,2092,2032,2050,2067,2060,2053,2043,2035,2060,2038,2041,2044,2061,2040,2003,2052,2028,2034,2021,2062,2056,2051,2057,2060,2056,2004,2064,2023,2032,2029
416.839,2184.2,2181,2211,2135,2193,2195,2153,2193,2163,2202,2193,2174,2175,2171,2183,2218,2162,2195,2193,2164,2212,2200,2185,2186,2179,2170,2205,2180,2175,2218,2162
417.171,2331.2,2313,2360,2357,2354,2342,2307,2326,2319,2345,2317,2319,2366,2309,2318,2312,2360,2350,2340,2325,2368,2309,2347,2340,2281,2382,2362,2305,2297,2273,2333
417.503,2238.1,2224,2243,2197,2227,2245,2222,2277,2244,2233,2223,2228,2231,2270,2240,2225,2227,2265,2245,2254,2266,2224,2232,2244,2194,2274,2238,2241,2210,2266,2235
417.835,2097.8,2121,2097,2143,2066,2073,2105,2133,2072,2104,2065,2110,2072,2128,2131,2145,2109,2102,2058,2113,2040,2049,2085,2079,2104,2077,2111,2108,2107,2140,2088
418.167,2544.7,2524,2555,2556,2560,2565,2526,2529,2554,2562,2552,2542,2554,2580,2539,2550,2566,2512,2563,2537,2538,2516,2538,2536,2511,2543,2518,2525,2561,2550,2580
418.499,2097.1,2118,2107,2079,2068,2091,2099,2075,2094,2121,2088,2096,2098,2104,2079,2120,2095,2105,2083,2116,2093,2094,2093,2119,2125,2083,2092,2081,2115,2098,2084
418.832,2440.8,2485,2420,2434,2462,2400,2461,2437,2451,2429,2418,2493,2449,2420,2458,2434,2412,2427,2427,2472,2444,2425,2447,2425,2445,2473,2466,2430,2440,2440,2400
419.164,2519.5,2501,2519,2501,2528,2498,2550,2521,2521,2502,2482,2526,2495,2536,2499,2526,2564,2524,2543,2533,2484,2529,2548,2555,2573,2542,2492,2509,2488,2499,2497
419.496,2048.1,2019,2016,2072,2072,2056,2038,2041,2048,2041,2045,2035,2061,2030,2084,2048,2058,2064,2055,2042,2066,2031,2046,2031,2086,2060,2017,2048,2044,2024,2066
419.828,2035.3,2028,2024,2019,2065,2036,2031,2015,2017,2046,2030,2027,2060,2025,2091,2023,2069,2010,2027,2034,2042,2037,2042,2030,2042,2059,2006,2061,2034,1996,2034
420.161,2068.8,2090,2075,2094,2070,2069,2044,2099,2084,2053,2059,2054,2051,2067,2072,2072,2098,2064,2079,2100,2075,2042,2028,2063,2067,2097,2058,2033,2067,2078,2061
420.493,2341.6,2342,2316,2335,2336,2370,2358,2328,2362,2336,2313,2337,2346,2347,2340,2310,2381,2312,2378,2328,2353,2334,2347,2337,2368,2310,2336,2325,2353,2377,2334
420.825,2027.9,2009,2036,2026,2036,1977,2031,2047,2047,2008,2076,2026,2005,2011,2036,2009,2029,2050,2007,2017,2027,2001,2030,2025,2026,2047,2030,2040,2058,2066,2003
421.158,2396.9,2391,2406,2373,2419,2389,2389,2403,2427,2357,2405,2421,2386,2396,2388,2413,2403,2390,2399,2402,2393,2397,2397,2404,2406,2390,2364,2387,2416,2420,2377
421.490,2205.5,2236,2200,2170,2200,2196,2214,2215,2208,2188,2169,2225,2219,2233,2225,2193,2212,2176,2201,2184,2270,2191,2249,2207,2165,2171,2188,2201,2220,2256,2183
421.823,2168.8,2134,2168,2190,2140,2146,2191,2137,2174,2193,2173,2221,2198,2141,2179,2216,2166,2154,2129,2147,2178,2133,2209,2192,2163,2169,2155,2190,2163,2153,2161
422.155,2065.1,2090,2077,2038,2040,2069,2059,2067,2063,2044,2075,2036,2068,2112,2035,2073,2065,2056,2066,2053,2055,2047,2077,2099,2032,2106,2055,2067,2084,2082,2064
422.488,2222.5,2214,2230,2232,2213,2257,2233,2193,2203,2203,2200,2205,2184,2248,2219,2204,2258,2213,2212,2234,2209,2270,2237,2187,2241,2239,2222,2234,2202,2228,2250
422.820,2021.6,1989,2013,2035,1994,2021,2016,2019,2041,1999,1982,2027,2033,2048,2031,2005,2013,2016,2047,2031,2019,1997,2018,2025,2014,2066,2033,2034,2038,2023,2020
423.153,2184.0,2165,2149,2178,2184,2172,2201,2192,2160,2191,2185,2193,2184,2158,2180,2186,2216,2166,2224,2179,2172,2193,2213,2203,2190,2179,2159,2166,2201,2206,2176
423.486,2014.7,2027,2005,2034,2034,1994,2031,2048,2018,2025,2020,1990,1983,1997,2028,2018,2030,1969,1998,2045,2002,2000,1988,2030,2036,2001,2031,2010,1994,2032,2024
423.818,1895.1,1897,1884,1905,1910,1906,1873,1915,1893,1897,1913,1919,1884,1864,1869,1895,1899,1896,1886,1908,1883,1941,1920,1896,1894,1899,1915,1871,1898,1845,1879
424.151,2311.3,2331,2324,2346,2318,2306,2296,2314,2290,2283,2307,2320,2307,2340,2285,2328,2314,2274,2329,2304,2301,2321,2337,2360,2310,2274,2301,2312,2292,2288,2326
424.484,2040.7,2044,2046,2082,2070,2078,2014,2046,2013,2037,2025,2065,2015,2053,2071,2014,2060,2029,2031,2008,2057,2020,2039,2045,2049,2032,2024,2033,2038,2039,2045
424.817,2466.0,2497,2452,2451,2443,2482,2487,2429,2429,2451,2459,2441,2424,2469,2491,2467,2441,2435,2506,2490,2486,2459,2506,2477,2449,2511,2474,2472,2485,2440,2476
425.150,2003.7,1997,2040,2033,1962,2021,1957,1979,2011,2008,2023,2024,1976,1996,2017,2024,2024,1992,2007,1987,2043,1975,1987,1994,1997,2022,2006,2009,1992,1974,2034
425.483,2115.1,2115,2126,2098,2139,2117,2125,2164,2096,2106,2110,2102,2141,2111,2098,2099,2138,2110,2105,2156,2109,2106,2094,2102,2120,2119,2116,2084,2133,2095,2119
425.815,2461.9,2423,2491,2453,2485,2478,2465,2465,2415,2483,2449,2436,2465,2452,2511,2509,2483,2440,2455,2439,2449,2443,2406,2433,2494,2488,2490,2440,2497,2478,2443
426.148,2149.8,2138,2151,2117,2121,2171,2174,2149,2133,2174,2149,2114,2155,2159,2184,2136,2154,2156,2167,2121,2154,2170,2148,2176,2159,2129,2153,2145,2144,2146,2146
426.481,2033.3,2020,2041,2046,2038,1989,2001,2046,2014,2020,2011,2002,2091,2073,2024,2047,2045,2009,1994,2046,2068,2042,2019,2027,2086,2023,2040,2011,2060,2035,2031
426.814,2129.1,2107,2126,2122,2118,2143,2140,2122,2127,2168,2157,2105,2136,2125,2131,2110,2099,2127,2125,2148,2100,2168,2111,2114,2163,2108,2127,2136,2137,2131,2143
427.147,2240.4,2235,2228,2235,2255,2232,2283,2195,2222,2262,2250,2246,2224,2242,2239,2236,2237,2248,2256,2251,2244,2260,2229,2256,2225,2232,2218,2266,2260,2209,2236
427.480,1987.7,2002,2018,1955,2000,1960,1973,2003,1990,1971,2007,1986,1993,1987,1997,1966,1958,1996,2001,1998,1965,1988,1965,1989,1995,1988,1983,2010,1980,2001,2007
427.814,2267.7,2319,2288,2314,2276,2269,2225,2286,2244,2275,2280,2305,2281,2246,2301,2285,2239,2193,2294,2235,2243,2313,2258,2257,2284,2256,2255,2259,2252,2258,2242
428.147,2179.4,2184,2200,2154,2209,2159,2193,2208,2172,2184,2164,2188,2167,2159,2204,2144,2173,2171,2148,2168,2200,2189,2171,2197,2195,2208,2212,2160,2152,2166,2182
428.480,2313.2,2345,2317,2332,2298,2289,2340,2332,2298,2308,2292,2351,2307,2274,2315,2320,2278,2365,2297,2292,2299,2302,2310,2328,2347,2335,2312,2293,2280,2338,2302
428.813,2405.2,2414,2423,2415,2401,2431,2436,2405,2383,2446,2396,2431,2368,2392,2399,2401,2369,2425,2388,2376,2407,2403,2384,2427,2454,2399,2402,2383,2360,2398,2439
429.146,2813.6,2815,2802,2765,2842,2778,2849,2780,2788,2816,2830,2807,2788,2802,2838,2791,2798,2800,2837,2808,2844,2838,2852,2795,2818,2836,2855,2752,2831,2801,2853
429.480,2087.3,2071,2129,2052,2116,2101,2097,2101,2115,2108,2112,2047,2055,2098,2117,2121,2108,2090,2093,2076,2076,2094,2069,2100,2066,2042,2100,2091,2041,2060,2073
429.813,2078.3,2099,2078,2036,2081,2092,2045,2091,2094,2061,2057,2101,2064,2072,2075,2045,2108,2086,2093,2089,2081,2077,2054,2060,2065,2150,2057,2072,2090,2101,2074
430.146,2392.4,2402,2396,2378,2381,2388,2411,2414,2403,2370,2390,2368,2368,2392,2407,2367,2425,2408,2398,2386,2414,2379,2430,2373,2380,2392,2401,2396,2384,2351,2421
430.480,2347.5,2388,2350,2373,2380,2320,2368,2377,2374,2334,2331,2365,2343,2338,2314,2366,2342,2312,2337,2360,2340,2344,2338,2344,2340,2323,2338,2350,2370,2324,2342
430.813,2280.6,2244,2256,2262,2269,2279,2299,2267,2319,2304,2259,2276,2284,2283,2273,2240,2275,2301,2271,2272,2282,2275,2234,2285,2296,2299,2325,2325,2277,2283,2303
431.146,2493.5,2447,2494,2467,2492,2485,2531,2506,2528,2493,2501,2488,2481,2520,2495,2434,2472,2483,2499,2491,2463,2474,2525,2517,2475,2476,2484,2541,2506,2536,2501
431.480,2155.1,2132,2148,2139,2153,2184,2108,2147,2180,2138,2146,2184,2144,2169,2168,2139,2137,2146,2148,2153,2116,2171,2184,2148,2136,2189,2166,2155,2181,2166,2179
431.813,2096.1,2099,2076,2049,2085,2110,2125,2103,2118,2095,2084,2105,2062,2118,2121,2084,2101,2106,2118,2071,2088,2083,2120,2101,2076,2094,2075,2127,2120,2087,2083
432.147,2328.8,2353,2301,2322,2315,2351,2355,2314,2358,2352,2337,2309,2344,2260,2329,2336,2309,2308,2304,2351,2346,2361,2349,2289,2350,2325,2355,2338,2317,2299,2328
432.481,2014.0,2025,2015,2033,2022,1990,1983,2010,2028,2045,2028,2028,2016,1986,2028,1998,2033,1977,2067,2018,2004,1982,2040,2006,2014,2027,2001,2026,1995,2000,1994
432.814,2364.2,2335,2366,2357,2375,2327,2362,2355,2380,2401,2351,2339,2370,2351,2380,2342,2358,2383,2374,2367,2358,2339,2347,2330,2392,2392,2380,2362,2388,2378,2388
433.148,2159.6,2136,2149,2185,2156,2147,2154,2152,2162,2158,2170,2147,2171,2176,2196,2150,2188,2139,2202,2166,2174,2133,2161,2142,2143,2137,2200,2143,2175,2111,2164
433.482,2252.8,2267,2251,2277,2229,2276,2275,2248,2240,2277,2258,2220,2232,2254,2266,2195,2238,2249,2270,2236,2268,2274,2234,2224,2280,2259,2302,2285,2244,2252,2204
433.815,2023.8,2027,2028,2041,2010,1995,2020,2050,2058,2055,2043,2018,2004,2054,1974,2045,2027,2021,2013,2005,2043,1986,2035,1968,2058,2052,2043,2013,2014,2000,2014
434.149,1944.8,1931,1962,1957,1910,1948,1963,1968,1933,1962,1948,1916,1940,1946,1934,1929,1944,1960,1942,1943,1947,1969,1956,1922,1922,1934,1923,1974,1957,1934,1971
434.483,2148.1,2159,2125,2171,2149,2165,2170,2164,2147,2172,2161,2163,2128,2162,2140,2147,2156,2142,2133,2130,2162,2127,2113,2132,2138,2120,2155,2118,2170,2146,2177
434.817,2098.1,2107,2065,2081,2086,2048,2116,2069,2129,2099,2117,2090,2122,2086,2140,2069,2106,2104,2082,2083,2090,2103,2107,2080,2095,2108,2111,2113,2115,2108,2113
435.150,2332.0,2290,2337,2323,2328,2349,2326,2346,2280,2334,2315,2365,2349,2340,2284,2336,2344,2373,2329,2351,2370,2318,2344,2302,2313,2346,2331,2362,2341,2341,2294
435.484,2078.2,2038,2097,2093,2073,2042,2114,2091,2072,2112,2026,2094,2056,2086,2089,2068,2096,2061,2078,2078,2086,2137,2084,2057,2070,2074,2110,2083,2071,2045,2064
435.818,1960.6,1936,1952,1955,1992,1968,1976,1941,1998,1952,1968,1985,1944,1937,1962,1953,1954,1961,1936,1983,1961,1978,1945,1958,1983,1958,1964,1985,1957,1921,1956
436.152,2301.1,2270,2280,2285,2299,2292,2323,2313,2315,2304,2293,2284,2319,2308,2332,2315,2315,2304,2296,2308,2285,2345,2285,2283,2302,2311,2318,2256,2287,2296,2309
436.486,2128.4,2143,2136,2134,2148,2120,2165,2123,2112,2120,2136,2080,2121,2123,2138,2136,2124,2115,2113,2127,2113,2119,2156,2129,2083,2147,2188,2136,2137,2102,2128
436.820,2236.5,2241,2226,2244,2234,2224,2225,2245,2218,2249,2268,2282,2244,2248,2244,2222,2213,2285,2228,2261,2223,2184,2251,2222,2225,2244,2255,2197,2200,2220,2273
437.154,2414.7,2408,2395,2398,2381,2414,2414,2425,2435,2434,2419,2355,2410,2428,2409,2420,2450,2451,2412,2443,2430,2363,2442,2379,2426,2399,2387,2447,2397,2441,2428
437.488,2297.3,2340,2259,2305,2304,2308,2272,2323,2337,2305,2313,2248,2331,2273,2266,2298,2300,2268,2246,2331,2276,2336,2312,2301,2300,2306,2280,2308,2296,2303,2273
437.822,2315.5,2353,2316,2339,2314,2332,2336,2313,2366,2288,2302,2302,2284,2289,2317,2294,2336,2329,2313,2344,2320,2312,2300,2342,2256,2310,2269,2311,2335,2308,2336
438.157,2492.7,2498,2462,2469,2499,2490,2502,2527,2554,2456,2532,2501,2516,2517,2477,2460,2504,2507,2485,2486,2500,2502,2484,2472,2470,2490,2521,2416,2453,2509,2521
438.491,2429.8,2419,2427,2434,2420,2460,2417,2461,2433,2436,2442,2444,2424,2405,2437,2417,2433,2420,2435,2390,2413,2442,2445,2462,2435,2401,2425,2441,2380,2456,2439
438.825,2141.0,2151,2140,2147,2122,2137,2154,2152,2149,2142,2171,2126,2159,2138,2118,2144,2129,2163,2180,2152,2125,2095,2099,2161,2142,2131,2148,2150,2141,2138,2125
439.159,2027.9,1996,2051,2039,2048,2044,2054,2013,2007,2010,1995,2027,2022,2062,2062,2034,2017,2030,2018,2020,2028,2018,2049,2056,2019,2002,2025,2045,2027,1997,2022
439.493,2289.0,2291,2257,2275,2267,2293,2268,2274,2320,2314,2297,2308,2289,2277,2320,2298,2298,2292,2289,2272,2244,2331,2314,2302,2281,2277,2306,2292,2285,2288,2250
439.828,2006.8,2016,2015,2023,2005,1999,2017,2001,2002,1981,2047,1972,1975,2000,2006,1994,2006,2017,2038,1984,1998,2008,1985,2008,1994,2019,2047,2003,2022,2001,2021
440.162,2210.9,2201,2184,2219,2215,2194,2200,2255,2222,2296,2216,2207,2164,2197,2231,2184,2212,2216,2234,2213,2184,2210,2259,2204,2220,2240,2163,2182,2190,2211,2204
440.497,2499.6,2510,2514,2504,2512,2472,2530,2493,2501,2485,2488,2472,2454,2505,2476,2515,2501,2552,2500,2497,2481,2502,2471,2505,2500,2509,2504,2512,2493,2525,2504
440.831,2105.6,2101,2104,2113,2115,2116,2096,2166,2122,2110,2108,2117,2053,2136,2116,2098,2069,2130,2117,2102,2121,2084,2122,2096,2094,2082,2092,2092,2089,2102,2104
441.165,2053.5,2066,2075,2049,2033,2049,2061,2065,2030,2058,2047,2075,2033,2066,2029,2032,2080,2042,2054,2031,2076,2060,2077,2047,2045,2039,2056,2066,2058,2079,2027
441.500,2001.5,2012,1985,2019,1984,1995,2011,1985,2040,1974,2010,2014,1976,1992,1997,2017,1999,2019,1975,2017,2036,1993,2032,2019,2008,1994,2003,1968,1986,2018,1968
441.834,2293.3,2327,2288,2311,2273,2285,2249,2330,2293,2307,2312,2310,2249,2313,2299,2296,2329,2255,2266,2278,2299,2293,2311,2319,2317,2251,2276,2321,2281,2271,2290
442.169,2275.6,2263,2279,2262,2296,2281,2290,2250,2267,2284,2283,2266,2276,2272,2290,2296,2314,2271,2290,2245,2281,2271,2287,2316,2248,2252,2291,2239,2300,2277,2232
442.503,2293.7,2306,2243,2330,2268,2325,2275,2264,2269,2276,2328,2299,2294,2298,2291,2292,2259,2311,2290,2269,2336,2290,2290,2309,2312,2309,2281,2253,2329,2323,2293
442.838,2312.9,2292,2312,2255,2326,2310,2307,2301,2288,2340,2311,2318,2268,2318,2314,2306,2325,2306,2358,2365,2305,2319,2351,2318,2344,2296,2303,2303,2333,2311,2284
443.173,1955.7,2004,1953,1936,1962,1960,1928,1939,1973,1940,1912,1985,1944,1961,1984,1969,2008,1912,1949,1960,2002,1938,1944,1937,1972,1970,1937,1932,1980,1930,1950
443.507,2152.4,2120,2137,2155,2146,2146,2154,2150,2141,2181,2163,2161,2107,2200,2133,2150,2189,2140,2157,2154,2160,2152,2164,2161,2157,2145,2138,2146,2187,2137,2140
443.842,2337.5,2321,2326,2325,2327,2352,2368,2338,2367,2330,2342,2325,2316,2321,2314,2305,2325,2357,2380,2331,2355,2340,2358,2351,2358,2335,2355,2312,2354,2314,2324
444.177,2095.8,2114,2081,2069,2098,2100,2141,2086,2139,2107,2102,2111,2098,2076,2117,2072,2093,2086,2088,2084,2081,2109,2084,2099,2077,2073,2125,2064,2121,2083,2097
444.512,2013.6,1996,1984,2025,2022,2020,2054,2012,2061,1999,1980,2010,1996,2026,2020,1986,2017,2011,2014,2013,2029,2005,2029,1989,1969,2054,2018,1994,2031,2021,2023
444.846,1905.4,1898,1931,1924,1913,1904,1899,1910,1896,1934,1884,1887,1905,1889,1894,1908,1938,1901,1889,1893,1900,1919,1880,1944,1870,1907,1891,1865,1896,1922,1971
445.181,2163.7,2181,2177,2184,2193,2139,2144,2117,2129,2139,2171,2166,2120,2167,2153,2181,2154,2160,2188,2154,2183,2161,2141,2200,2144,2191,2178,2157,2139,2200,2199
445.516,2166.8,2169,2166,2110,2172,2155,2194,2159,2175,2167,2116,2195,2140,2166,2136,2205,2195,2179,2169,2158,2178,2156,2173,2180,2169,2160,2165,2181,2156,2175,2184
445.851,2064.2,2037,2048,2066,2064,2035,2058,2087,2066,2069,2073,2055,2034,2045,2069,2074,2055,2097,2072,2070,2034,2042,2057,2090,2088,2074,2090,2060,2084,2059,2075
446.186,2122.9,2105,2144,2124,2092,2153,2118,2112,2109,2115,2140,2153,2102,2075,2149,2102,2126,2114,2093,2140,2152,2121,2101,2152,2136,2115,2129,2103,2117,2157,2139
446.521,2057.3,2029,2040,1999,2057,2042,2072,2061,2061,2051,2061,2038,2049,2076,2093,2044,2076,2076,2047,2059,2088,2012,2072,2050,2090,2073,2047,2060,2055,2073,2067
446.856,2500.6,2479,2474,2449,2513,2544,2515,2502,2520,2490,2500,2546,2537,2526,2469,2535,2464,2462,2484,2502,2477,2504,2521,2508,2467,2503,2529,2493,2523,2478,2505
447.191,2241.3,2228,2230,2248,2277,2227,2225,2259,2233,2246,2211,2260,2216,2245,2238,2222,2272,2226,2237,2241,2250,2264,2225,2256,2250,2257,2227,2251,2239,2243,2235
447.526,2238.4,2282,2220,2259,2234,2227,2273,2206,2268,2235,2206,2221,2224,2292,2242,2254,2220,2241,2194,2242,2235,2278,2241,2243,2214,2267,2225,2213,2247,2217,2232
447.861,2097.3,2060,2113,2110,2126,2069,2116,2048,2103,2092,2128,2054,2120,2067,2100,2034,2089,2128,2097,2099,2116,2100,2074,2133,2134,2100,2106,2098,2126,2097,2081
448.196,2259.2,2265,2240,2260,2253,2232,2236,2232,2275,2280,2257,2269,2279,2280,2275,2255,2230,2269,2254,2274,2248,2283,2235,2262,2290,2255,2276,2265,2236,2252,2259
448.531,2465.6,2473,2467,2478,2445,2473,2447,2470,2473,2478,2489,2448,2440,2438,2518,2454,2421,2410,2479,2509,2478,2492,2425,2485,2478,2477,2486,2488,2465,2452,2431
448.867,2376.8,2392,2392,2360,2362,2386,2345,2390,2384,2412,2392,2380,2365,2342,2408,2348,2376,2380,2377,2399,2361,2380,2360,2386,2398,2344,2408,2332,2388,2390,2366
449.202,1964.9,1984,1976,1938,1995,1968,1972,1942,1987,1933,1969,1982,1972,1962,2004,1972,1954,1978,1974,1899,1949,1949,1983,1965,1987,1947,1978,1959,1928,1954,1987
449.537,2635.6,2664,2686,2626,2629,2552,2666,2665,2627,2612,2648,2610,2643,2622,2656,2607,2597,2638,2635,2654,2624,2609,2664,2648,2639,2614,2602,2649,2680,2642,2660
449.872,2442.2,2436,2422,2414,2452,2426,2456,2428,2428,2424,2417,2474,2458,2437,2438,2507,2431,2448,2424,2445,2431,2488,2462,2477,2441,2421,2421,2425,2452,2431,2451
450.208,2411.8,2437,2440,2435,2394,2433,2397,2440,2393,2425,2405,2409,2431,2426,2398,2431,2392,2471,2379,2412,2400,2372,2432,2418,2409,2405,2402,2386,2410,2415,2358
450.543,2483.1,2462,2466,2467,2457,2452,2519,2499,2515,2447,2499,2476,2458,2483,2482,2500,2467,2492,2457,2452,2512,2486,2529,2516,2502,2490,2520,2485,2497,2466,2440
450.879,2212.9,2248,2204,2191,2219,2196,2243,2203,2223,2216,2255,2208,2230,2174,2220,2216,2211,2182,2223,2213,2237,2210,2222,2221,2187,2220,2232,2213,2206,2165,2198
451.214,2128.3,2171,2104,2111,2095,2097,2088,2184,2121,2163,2157,2145,2152,2109,2118,2150,2102,2148,2107,2106,2140,2139,2160,2115,2092,2143,2152,2127,2139,2118,2095
451.549,2152.2,2135,2172,2166,2165,2139,2152,2155,2158,2124,2150,2159,2167,2150,2157,2168,2133,2149,2146,2171,2173,2168,2181,2141,2136,2188,2145,2084,2152,2118,2164
451.885,2232.6,2265,2204,2231,2222,2238,2216,2245,2246,2243,2237,2261,2241,2183,2246,2242,2228,2254,2211,2231,2224,2174,2268,2223,2248,2240,2239,2238,2251,2210,2218
452.220,2186.7,2153,2170,2168,2181,2177,2225,2206,2163,2168,2180,2228,2199,2188,2198,2170,2204,2198,2184,2191,2212,2180,2174,2190,2202,2204,2205,2180,2148,2149,2207
452.556,2313.8,2333,2313,2296,2352,2272,2303,2299,2318,2342,2304,2306,2283,2340,2350,2328,2348,2297,2296,2319,2318,2293,2307,2323,2312,2317,2305,2314,2329,2346,2252
452.892,2423.8,2424,2409,2429,2464,2433,2425,2388,2435,2407,2452,2437,2444,2440,2433,2412,2405,2424,2433,2427,2404,2410,2419,2388,2430,2452,2403,2424,2421,2435,2407
453.227,2431.1,2411,2410,2427,2419,2436,2406,2467,2457,2454,2419,2435,2473,2398,2445,2425,2415,2431,2490,2459,2417,2416,2421,2421,2412,2454,2429,2414,2396,2419,2456
453.563,2404.8,2419,2399,2413,2379,2400,2360,2403,2389,2363,2401,2430,2401,2405,2431,2410,2387,2385,2385,2436,2422,2390,2432,2394,2385,2435,2447,2443,2398,2422,2379
453.899,2386.4,2392,2402,2354,2389,2361,2407,2388,2403,2413,2379,2396,2373,2388,2404,2365,2364,2420,2392,2410,2382,2398,2384,2371,2361,2362,2389,2372,2402,2389,2383
454.234,2312.7,2309,2280,2296,2294,2331,2321,2309,2303,2287,2309,2322,2293,2333,2325,2365,2283,2299,2320,2326,2292,2289,2316,2298,2315,2313,2332,2334,2326,2344,2318
454.570,2113.4,2112,2101,2112,2129,2114,2123,2097,2101,2144,2069,2114,2109,2119,2149,2126,2082,2190,2136,2120,2117,2092,2109,2135,2125,2088,2093,2095,2086,2139,2077
454.906,2434.1,2475,2412,2445,2426,2422,2471,2419,2463,2441,2443,2450,2408,2447,2417,2459,2451,2438,2409,2424,2451,2395,2454,2367,2449,2422,2449,2481,2425,2397,2414
455.242,2085.8,2081,2059,2069,2098,2088,2067,2074,2101,2044,2124,2120,2086,2099,2089,2049,2076,2124,2066,2106,2107,2064,2083,2072,2050,2107,2088,2085,2100,2074,2125
455.577,2046.3,2056,2051,2024,2071,2031,2030,2045,2032,2037,2081,2045,2057,2057,2016,2033,2097,2024,2072,2063,2042,2034,2057,2018,2028,2038,2032,2040,2014,2086,2077
455.913,2000.7,2001,2010,2031,2021,1981,2000,1961,1996,2025,1971,2025,1982,2032,2000,2030,1962,2019,2011,1985,1998,1964,1985,1993,1964,2013,2017,1984,2011,2004,2046
456.249,2296.0,2264,2323,2271,2339,2324,2301,2312,2253,2303,2296,2313,2305,2302,2276,2335,2334,2271,2292,2296,2277,2308,2304,2287,2254,2292,2282,2268,2303,2304,2292
456.585,1900.2,1880,1878,1897,1939,1923,1888,1930,1881,1881,1932,1875,1906,1929,1906,1900,1941,1882,1927,1906,1928,1909,1871,1903,1889,1866,1856,1893,1903,1901,1887
456.921,2177.2,2151,2195,2200,2207,2171,2170,2156,2183,2160,2172,2201,2159,2163,2204,2192,2195,2176,2174,2174,2161,2179,2202,2179,2141,2195,2143,2167,2193,2194,2158
457.257,2368.5,2363,2358,2387,2363,2367,2362,2384,2380,2342,2430,2373,2344,2385,2360,2357,2416,2321,2383,2373,2416,2352,2341,2394,2351,2376,2380,2353,2324,2348,2373
457.593,2115.8,2126,2096,2130,2102,2098,2122,2086,2123,2126,2110,2137,2108,2113,2134,2104,2110,2085,2131,2098,2093,2140,2118,2108,2094,2116,2075,2153,2155,2152,2130
457.929,2173.2,2171,2198,2179,2175,2158,2190,2184,2208,2169,2147,2182,2179,2230,2186,2170,2181,2175,2152,2165,2173,2167,2155,2161,2143,2173,2200,2174,2135,2165,2150
458.265,2340.7,2363,2344,2314,2304,2333,2335,2326,2371,2326,2346,2354,2336,2337,2318,2313,2336,2338,2371,2340,2337,2324,2334,2337,2344,2389,2366,2338,2332,2344,2372
458.602,2126.8,2122,2132,2153,2098,2138,2123,2120,2134,2081,2085,2148,2108,2086,2104,2130,2147,2099,2154,2133,2133,2125,2136,2097,2166,2169,2175,2098,2127,2165,2119
458.938,2973.7,2988,2996,2981,3032,2949,2988,2979,2974,2941,2943,2957,2969,2938,2966,3009,2951,2947,2995,2982,2983,2951,2975,2968,2972,2938,2976,2981,3002,3005,2975
459.274,2142.1,2168,2128,2159,2157,2108,2116,2161,2137,2131,2147,2146,2158,2183,2157,2096,2133,2148,2165,2131,2138,2082,2132,2135,2165,2146,2162,2129,2115,2144,2186
459.610,2180.6,2178,2206,2181,2154,2193,2168,2212,2221,2155,2153,2201,2173,2196,2208,2154,2202,2156,2183,2198,2155,2205,2138,2186,2178,2167,2192,2168,2184,2193,2159
459.946,2579.4,2593,2574,2553,2602,2627,2614,2581,2565,2564,2556,2602,2610,2594,2526,2577,2548,2559,2573,2564,2614,2585,2538,2571,2572,2595,2532,2586,2571,2619,2616
460.283,2184.3,2146,2180,2216,2204,2190,2173,2192,2163,2172,2152,2205,2191,2149,2196,2190,2170,2194,2191,2165,2158,2202,2196,2192,2152,2206,2164,2184,2206,2223,2208
460.619,2246.8,2218,2276,2211,2248,2260,2233,2273,2199,2243,2227,2233,2230,2250,2269,2252,2305,2278,2247,2276,2253,2260,2208,2245,2260,2227,2226,2244,2260,2237,2256
460.955,2424.2,2463,2446,2412,2455,2442,2384,2417,2381,2457,2388,2399,2411,2399,2415,2430,2436,2426,2409,2434,2408,2399,2376,2427,2419,2451,2441,2460,2437,2456,2449
461.292,2172.5,2196,2170,2120,2193,2161,2163,2163,2152,2182,2157,2155,2200,2182,2172,2192,2190,2137,2168,2206,2205,2129,2157,2155,2161,2220,2145,2194,2141,2220,2190
461.628,2333.5,2340,2338,2330,2337,2330,2310,2327,2294,2356,2325,2352,2366,2323,2329,2316,2351,2335,2360,2319,2347,2304,2330,2344,2348,2328,2316,2355,2373,2299,2324
461.965,2085.9,2101,2096,2077,2076,2094,2065,2105,2060,2122,2043,2063,2085,2077,2072,2120,2108,2034,2082,2088,2069,2106,2094,2086,2123,2134,2083,2108,2078,2050,2077
462.301,2476.9,2502,2489,2456,2484,2505,2480,2461,2477,2465,2459,2508,2446,2491,2422,2467,2479,2488,2494,2488,2456,2450,2506,2503,2477,2487,2445,2501,2500,2446,2476
462.638,1961.0,1956,1963,1956,1974,1973,1920,1957,1950,2007,2011,1986,1960,1969,1906,1981,1950,1947,1963,1956,1955,1944,1965,1942,1947,1984,1962,1970,1955,1960,1961
462.974,1976.3,1976,1974,1949,1992,1992,1997,1960,1937,1985,1934,1968,1964,1988,1963,2007,1990,1998,1967,1995,1960,1935,1985,1987,1982,1945,1986,2000,1974,1992,2006
463.311,2650.8,2652,2667,2643,2630,2652,2599,2641,2670,2610,2655,2634,2667,2654,2667,2667,2634,2670,2625,2642,2712,2623,2685,2614,2608,2651,2681,2655,2659,2682,2674
463.648,2306.6,2327,2321,2319,2298,2265,2319,2325,2319,2329,2305,2319,2307,2299,2317,2294,2332,2299,2306,2292,2298,2304,2354,2311,2280,2235,2325,2301,2326,2297,2276
463.984,2154.3,2152,2143,2128,2191,2143,2168,2130,2148,2130,2146,2169,2139,2130,2160,2178,2166,2175,2164,2187,2142,2158,2116,2175,2162,2127,2173,2126,2188,2122,2192
464.321,2132.9,2117,2160,2117,2132,2129,2159,2091,2131,2150,2118,2142,2115,2134,2107,2168,2172,2142,2139,2099,2175,2144,2133,2106,2094,2106,2159,2128,2138,2129,2152
464.658,2264.0,2238,2253,2267,2265,2261,2272,2256,2298,2281,2287,2258,2253,2242,2246,2284,2277,2256,2253,2243,2280,2255,2283,2265,2301,2268,2285,2218,2256,2270,2249
464.994,2104.0,2150,2137,2062,2067,2099,2109,2117,2130,2106,2109,2084,2117,2120,2086,2034,2092,2109,2083,2101,2102,2119,2107,2104,2105,2110,2119,2120,2116,2119,2088
465.331,2046.1,2057,2050,2068,2039,2027,2050,2036,2032,2098,2068,2075,2045,2038,2063,2012,2053,2069,2035,2038,2079,2032,2040,2035,2050,1973,2057,1998,2065,2048,2053
465.668,2253.6,2287,2262,2245,2243,2286,2260,2289,2233,2219,2256,2278,2252,2268,2272,2237,2232,2250,2227,2266,2257,2257,2265,2212,2257,2218,2239,2286,2249,2258,2248
466.005,2548.7,2523,2563,2536,2526,2546,2550,2544,2526,2530,2543,2587,2593,2549,2546,2571,2588,2525,2513,2557,2543,2548,2552,2543,2541,2556,2585,2542,2577,2554,2504
466.342,2181.1,2155,2201,2184,2184,2195,2161,2151,2181,2163,2170,2185,2166,2181,2207,2184,2210,2146,2189,2196,2178,2169,2164,2189,2166,2203,2183,2184,2246,2177,2164
466.679,2045.3,2056,2063,2015,2027,2026,2030,2058,2020,2038,2004,2044,2065,2000,2062,2050,2032,2036,2060,2052,2070,2033,2078,2051,2024,2040,2045,2050,2082,2089,2058
467.016,2260.7,2234,2251,2263,2249,2225,2272,2247,2253,2252,2277,2223,2315,2250,2264,2258,2276,2304,2291,2257,2252,2282,2235,2263,2249,2233,2282,2301,2238,2270,2255
467.352,2364.0,2302,2360,2364,2336,2373,2362,2358,2410,2352,2347,2307,2353,2355,2370,2390,2350,2316,2389,2382,2377,2398,2375,2351,2373,2332,2378,2401,2376,2374,2408
467.689,2209.5,2209,2210,2172,2177,2237,2248,2225,2283,2198,2188,2234,2213,2221,2180,2230,2230,2217,2194,2214,2267,2181,2191,2148,2201,2198,2208,2224,2192,2204,2190
468.027,2402.7,2460,2408,2364,2408,2387,2448,2456,2408,2413,2398,2395,2390,2384,2408,2391,2397,2416,2366,2438,2423,2362,2362,2392,2393,2393,2431,2422,2410,2361,2398
468.364,2309.3,2317,2299,2306,2268,2331,2298,2290,2306,2348,2336,2292,2312,2310,2280,2302,2292,2297,2323,2361,2317,2306,2305,2313,2297,2284,2327,2353,2323,2292,2294
468.701,2227.9,2204,2171,2217,2276,2265,2245,2229,2206,2196,2249,2220,2222,2199,2248,2213,2220,2240,2200,2262,2247,2295,2227,2228,2210,2216,2228,2194,2242,2237,2230
469.038,2156.3,2158,2168,2138,2157,2186,2150,2146,2152,2120,2189,2146,2193,2113,2159,2179,2145,2153,2186,2170,2167,2134,2189,2143,2129,2170,2159,2100,2172,2162,2156
469.375,2272.6,2280,2287,2237,2265,2241,2289,2299,2257,2257,2275,2262,2294,2234,2251,2266,2298,2243,2293,2298,2264,2257,2264,2266,2276,2289,2267,2269,2251,2310,2338
469.712,2443.4,2485,2447,2450,2416,2458,2427,2369,2447,2467,2459,2446,2460,2446,2449,2427,2473,2402,2391,2453,2454,2460,2417,2430,2479,2479,2434,2442,2429,2431,2476
470.049,2299.5,2268,2282,2326,2311,2307,2308,2249,2349,2278,2308,2318,2274,2321,2270,2360,2307,2312,2228,2281,2282,2315,2269,2357,2279,2280,2317,2299,2321,2298,2312
470.387,2396.1,2412,2389,2404,2395,2409,2380,2415,2406,2382,2359,2409,2415,2371,2426,2401,2421,2351,2380,2431,2399,2422,2413,2348,2389,2365,2424,2393,2362,2394,2417
470.724,2381.0,2376,2404,2367,2399,2404,2357,2360,2389,2368,2348,2410,2363,2431,2393,2402,2363,2360,2354,2393,2390,2326,2349,2358,2393,2394,2374,2400,2363,2444,2398
471.061,2070.4,2098,2080,2045,2095,2056,2097,2066,2039,2056,2043,2095,2088,2078,2085,2040,2036,2078,2082,2085,2064,2080,2086,2087,2078,2054,2067,2058,2069,2061,2065
471.399,2103.4,2104,2108,2066,2126,2101,2136,2125,2118,2118,2077,2136,2128,2108,2106,2092,2104,2121,2108,2116,2077,2117,2083,2075,2082,2080,2100,2090,2127,2077,2097
471.736,2485.2,2458,2531,2474,2456,2485,2522,2495,2477,2510,2526,2507,2474,2480,2449,2494,2526,2485,2468,2441,2505,2432,2504,2507,2484,2452,2477,2471,2487,2487,2491
472.073,2070.9,2074,2082,2073,2083,2060,2073,2060,2082,2112,2080,2072,2060,2102,2056,2024,2080,2011,2053,2044,2103,2084,2084,2073,2073,2071,2070,2113,2054,2052,2069
472.411,2209.6,2216,2190,2184,2208,2268,2206,2211,2182,2184,2205,2196,2241,2212,2197,2200,2225,2214,2169,2184,2227,2209,2186,2225,2216,2241,2191,2207,2237,2252,2206
472.748,2229.1,2251,2221,2215,2232,2234,2214,2259,2248,2213,2244,2200,2184,2234,2244,2228,2184,2228,2194,2266,2233,2248,2259,2238,2235,2224,2252,2202,2264,2189,2235
473.086,2320.0,2302,2299,2325,2306,2318,2306,2354,2328,2330,2312,2347,2312,2278,2292,2330,2345,2342,2328,2282,2337,2293,2307,2320,2331,2340,2317,2334,2334,2302,2348
473.423,2100.0,2106,2125,2115,2129,2124,2061,2089,2082,2120,2092,2144,2142,2112,2085,2108,2092,2082,2088,2107,2119,2054,2068,2104,2084,2084,2086,2072,2096,2086,2144
473.761,2140.6,2179,2161,2138,2142,2104,2184,2114,2128,2160,2126,2123,2165,2156,2145,2097,2155,2153,2177,2134,2159,2102,2120,2102,2160,2142,2107,2171,2132,2129,2152
474.099,2070.2,2079,2070,2067,2122,2099,2113,2039,2052,2064,2068,2101,2074,2097,2080,2046,2079,2066,2067,2088,2035,2025,2064,2079,2061,2062,2052,2083,2044,2043,2086
474.436,2626.3,2633,2672,2607,2646,2622,2652,2643,2634,2630,2643,2640,2619,2620,2626,2608,2616,2630,2616,2632,2574,2644,2649,2607,2634,2620,2636,2617,2585,2614,2621
474.774,2070.0,2054,2082,2060,2062,2075,2062,2095,2076,2057,2064,2084,2109,2037,2122,2057,2034,2079,2049,2042,2082,2105,2083,2098,2057,2084,2095,2014,2053,2074,2056
475.112,2070.4,2065,2068,2097,2052,2065,2056,2095,2064,2032,2060,2045,2095,2071,2065,2097,2056,2072,2065,2056,2061,2072,2077,2073,2074,2090,2086,2076,2066,2085,2075
475.449,2186.8,2183,2161,2186,2198,2150,2168,2200,2225,2205,2216,2211,2179,2195,2220,2168,2205,2200,2183,2151,2211,2148,2214,2189,2163,2204,2158,2206,2200,2165,2143
475.787,2323.2,2297,2318,2317,2329,2305,2317,2313,2367,2328,2290,2315,2280,2320,2330,2326,2311,2288,2357,2374,2337,2361,2317,2321,2321,2320,2313,2335,2338,2322,2329
476.125,2326.3,2281,2318,2344,2324,2303,2294,2303,2316,2315,2351,2326,2288,2333,2339,2291,2338,2329,2344,2332,2352,2337,2324,2365,2361,2343,2331,2308,2304,2338,2356
476.463,2147.8,2154,2138,2112,2133,2121,2123,2172,2193,2165,2180,2160,2131,2120,2115,2162,2145,2168,2155,2151,2116,2140,2164,2162,2147,2159,2172,2161,2131,2137,2148
476.800,2131.4,2113,2124,2153,2133,2140,2135,2120,2142,2129,2123,2110,2133,2136,2129,2151,2127,2156,2111,2171,2140,2130,2146,2111,2161,2106,2156,2109,2106,2105,2136
477.138,2452.7,2446,2446,2463,2484,2420,2456,2426,2438,2471,2463,2444,2446,2439,2421,2462,2491,2479,2443,2435,2504,2476,2458,2449,2431,2493,2456,2456,2453,2427,2404
477.476,2540.0,2534,2545,2525,2546,2550,2542,2553,2540,2525,2530,2553,2595,2533,2513,2573,2527,2580,2552,2548,2497,2523,2538,2599,2540,2556,2515,2514,2513,2528,2512
477.814,2426.3,2414,2460,2451,2455,2434,2411,2454,2430,2439,2430,2393,2390,2464,2394,2419,2406,2449,2458,2437,2394,2420,2399,2425,2440,2410,2440,2390,2436,2400,2447
478.152,2050.1,2078,2029,2054,2016,2030,2067,2048,2065,2083,2059,2035,2038,2026,2027,2048,2027,2063,2080,2075,2087,2053,2057,2059,2034,2056,2072,2022,2019,2061,2034
478.490,2291.4,2297,2288,2279,2319,2318,2281,2306,2323,2265,2301,2291,2287,2285,2303,2267,2302,2309,2325,2251,2316,2295,2276,2281,2309,2290,2286,2253,2266,2280,2293
478.828,2217.5,2218,2200,2214,2249,2200,2218,2162,2197,2184,2242,2189,2233,2241,2191,2259,2245,2225,2221,2215,2238,2208,2226,2217,2269,2201,2209,2203,2253,2190,2207
479.166,2066.4,2087,2041,2055,2048,2130,2072,2035,2090,2080,2097,2062,2066,2048,2056,2086,2040,2050,2055,2062,2049,2057,2083,2095,2062,2037,2049,2078,2088,2075,2060
479.504,2304.3,2290,2306,2280,2323,2285,2294,2340,2324,2282,2304,2298,2304,2286,2268,2312,2306,2291,2312,2352,2281,2313,2301,2280,2324,2307,2322,2298,2319,2316,2312
479.843,2276.2,2309,2248,2285,2241,2264,2298,2307,2254,2252,2271,2280,2288,2243,2278,2286,2261,2314,2275,2297,2248,2274,2262,2315,2238,2286,2282,2312,2270,2263,2284
480.181,2454.8,2435,2477,2455,2405,2455,2474,2479,2440,2438,2482,2415,2446,2444,2459,2461,2555,2469,2437,2466,2436,2454,2436,2457,2413,2474,2473,2441,2438,2472,2459
480.519,2422.0,2434,2425,2433,2393,2419,2422,2424,2437,2430,2441,2376,2416,2434,2383,2416,2382,2433,2416,2453,2449,2407,2444,2419,2431,2437,2429,2441,2411,2413,2411
480.857,2331.3,2366,2297,2309,2353,2327,2336,2344,2314,2322,2310,2362,2301,2311,2356,2357,2356,2338,2325,2338,2326,2326,2349,2320,2344,2288,2327,2382,2329,2295,2331
481.195,2289.3,2279,2313,2305,2265,2291,2290,2292,2280,2270,2275,2291,2314,2308,2259,2292,2335,2288,2288,2289,2273,2305,2293,2283,2308,2299,2249,2260,2318,2274,2294
481.534,2220.4,2219,2241,2221,2191,2197,2215,2264,2230,2246,2259,2239,2245,2262,2202,2199,2234,2215,2221,2216,2188,2214,2179,2225,2207,2211,2184,2219,2229,2242,2197
481.872,2110.8,2148,2106,2077,2129,2100,2104,2126,2128,2129,2082,2102,2121,2132,2099,2104,2137,2108,2101,2080,2118,2120,2098,2072,2091,2126,2157,2105,2116,2115,2093
482.210,2311.5,2303,2328,2323,2287,2336,2294,2296,2296,2351,2329,2356,2281,2320,2320,2319,2289,2345,2324,2290,2308,2331,2278,2307,2303,2334,2314,2298,2303,2258,2323
482.549,2015.6,2062,2020,2003,1966,1996,2015,1999,2023,2016,2034,2026,2010,2027,2041,1994,2029,1992,2022,2028,2018,2031,2067,2054,1990,1993,1997,2003,2014,2001,1998
482.887,2389.0,2376,2453,2362,2381,2388,2371,2391,2398,2395,2393,2395,2387,2427,2389,2387,2384,2422,2387,2400,2349,2395,2410,2377,2380,2386,2381,2410,2360,2372,2364
483.226,2347.8,2352,2362,2355,2292,2355,2382,2367,2325,2352,2354,2320,2330,2333,2370,2354,2360,2338,2363,2342,2332,2331,2344,2352,2347,2375,2335,2301,2372,2363,2376
483.564,2190.5,2181,2182,2174,2182,2227,2190,2189,2214,2192,2152,2208,2190,2205,2220,2206,2192,2194,2205,2176,2177,2173,2191,2203,2150,2152,2168,2188,2216,2208,2210
483.903,2061.1,2064,2081,2047,2047,2034,2055,2079,2085,2069,2088,2057,2053,2037,2060,2082,2064,2062,2095,2067,2041,2038,2055,2049,2084,2078,2060,2037,2069,2017,2080
484.241,2150.3,2191,2121,2170,2118,2148,2159,2175,2137,2191,2147,2107,2124,2139,2171,2124,2145,2129,2188,2133,2132,2134,2152,2151,2170,2161,2205,2139,2156,2169,2122
484.580,2201.0,2222,2177,2211,2206,2218,2219,2195,2208,2209,2165,2208,2182,2192,2248,2214,2198,2217,2195,2182,2198,2202,2190,2180,2206,2203,2210,2197,2206,2193,2179
484.918,2145.9,2152,2147,2163,2150,2160,2151,2137,2156,2132,2181,2128,2159,2123,2099,2177,2178,2156,2150,2143,2117,2151,2141,2154,2136,2148,2136,2110,2165,2127,2150
485.257,2118.4,2114,2113,2120,2152,2093,2117,2118,2123,2120,2112,2124,2110,2160,2133,2127,2156,2104,2100,2132,2132,2125,2129,2082,2152,2134,2063,2128,2117,2100,2063
485.596,2723.3,2723,2708,2728,2705,2724,2747,2732,2789,2732,2702,2735,2718,2710,2678,2703,2729,2740,2721,2714,2717,2700,2720,2767,2732,2721,2690,2742,2704,2719,2750
485.934,2411.6,2389,2415,2424,2427,2422,2401,2409,2401,2409,2432,2392,2445,2373,2420,2430,2412,2412,2386,2400,2409,2393,2419,2449,2383,2429,2441,2408,2389,2438,2392
486.273,2157.9,2157,2165,2149,2160,2177,2172,2181,2176,2174,2172,2155,2164,2180,2166,2166,2175,2136,2149,2168,2115,2169,2138,2153,2168,2151,2152,2172,2148,2098,2131
486.612,2135.1,2074,2156,2118,2117,2149,2151,2130,2124,2177,2154,2141,2131,2100,2146,2118,2139,2119,2133,2160,2130,2106,2159,2153,2163,2117,2133,2169,2127,2124,2134
486.950,2173.1,2180,2183,2179,2189,2167,2184,2197,2180,2155,2142,2167,2174,2147,2225,2138,2180,2186,2184,2157,2165,2188,2163,2194,2165,2164,2168,2163,2153,2183,2174
487.289,2342.4,2341,2312,2361,2316,2325,2328,2320,2354,2324,2392,2360,2320,2301,2349,2333,2354,2363,2388,2333,2349,2353,2364,2373,2346,2343,2383,2336,2364,2294,2293
487.628,1863.2,1850,1860,1858,1880,1844,1877,1867,1859,1857,1857,1897,1856,1850,1870,1871,1818,1864,1864,1827,1856,1869,1898,1891,1833,1868,1879,1850,1864,1860,1903
487.967,2199.0,2235,2197,2181,2204,2179,2217,2186,2208,2229,2169,2244,2211,2221,2190,2176,2176,2180,2205,2226,2200,2223,2200,2179,2203,2164,2233,2232,2159,2189,2153
488.306,2218.2,2223,2216,2219,2189,2244,2206,2219,2180,2206,2186,2216,2228,2232,2238,2233,2187,2207,2228,2184,2250,2236,2196,2169,2236,2264,2213,2218,2253,2211,2260
488.645,2220.4,2185,2238,2221,2253,2211,2250,2195,2221,2217,2203,2208,2200,2201,2182,2205,2240,2251,2242,2209,2186,2243,2200,2215,2261,2234,2211,2252,2269,2206,2202
488.984,2280.6,2298,2321,2272,2268,2336,2259,2285,2276,2260,2246,2281,2288,2273,2310,2281,2296,2310,2303,2245,2275,2276,2245,2299,2259,2226,2305,2246,2306,2288,2286
489.323,2004.3,2003,2050,2003,1971,1982,2010,2001,2013,2005,1992,1988,1984,2034,2023,2013,2016,2004,2021,2003,1978,1968,1998,2007,1992,2027,2022,1987,2013,2022,2000
489.662,2439.0,2469,2462,2420,2410,2438,2447,2466,2464,2442,2476,2453,2402,2401,2475,2409,2481,2450,2450,2438,2468,2414,2435,2457,2372,2429,2392,2421,2448,2430,2451
490.001,2286.1,2293,2275,2281,2286,2289,2287,2302,2305,2276,2290,2301,2273,2275,2307,2255,2287,2306,2321,2274,2244,2290,2297,2285,2286,2282,2296,2284,2241,2303,2292
490.340,2228.3,2186,2223,2220,2243,2238,2191,2220,2206,2221,2248,2253,2203,2253,2194,2273,2208,2235,2258,2208,2238,2229,2240,2250,2218,2212,2243,2254,2236,2217,2230
490.679,2360.2,2330,2353,2373,2329,2363,2355,2324,2328,2351,2376,2383,2365,2337,2354,2399,2368,2358,2389,2363,2366,2342,2376,2402,2333,2356,2368,2380,2331,2397,2356
491.018,2286.7,2301,2298,2321,2283,2266,2268,2285,2333,2273,2320,2286,2262,2286,2287,2298,2300,2296,2295,2293,2280,2281,2274,2315,2288,2267,2292,2252,2266,2268,2266
491.357,2477.3,2444,2484,2483,2470,2496,2478,2442,2475,2446,2522,2466,2468,2438,2466,2479,2476,2483,2485,2500,2485,2507,2474,2462,2504,2494,2482,2494,2470,2507,2440
491.697,2203.0,2191,2192,2206,2175,2243,2162,2218,2199,2203,2185,2174,2215,2191,2186,2210,2245,2206,2164,2237,2244,2217,2182,2188,2198,2199,2224,2213,2214,2183,2225
492.036,2170.6,2185,2174,2171,2161,2168,2130,2170,2184,2155,2162,2209,2185,2169,2204,2128,2177,2202,2179,2139,2180,2154,2186,2146,2195,2164,2139,2172,2167,2208,2154
492.375,2454.7,2488,2443,2474,2441,2465,2400,2435,2451,2451,2447,2473,2423,2486,2475,2427,2440,2500,2498,2428,2447,2426,2473,2450,2434,2443,2462,2442,2491,2472,2457
492.714,2352.0,2355,2350,2351,2347,2360,2352,2338,2382,2344,2345,2370,2376,2327,2346,2327,2373,2358,2352,2336,2388,2321,2331,2380,2368,2378,2370,2325,2347,2305,2358
493.054,2296.3,2293,2317,2302,2307,2339,2284,2268,2318,2291,2289,2326,2276,2285,2314,2293,2344,2279,2298,2313,2298,2297,2312,2249,2277,2276,2353,2268,2252,2279,2293
493.393,1923.9,1919,1895,1880,1932,1936,1978,1901,1917,1912,1919,1933,1953,1905,1939,1902,1945,1947,1898,1899,1888,1928,1913,1916,1972,1908,1906,1981,1945,1928,1921
493.732,2352.7,2380,2400,2371,2372,2365,2315,2315,2385,2334,2345,2301,2311,2346,2358,2370,2335,2353,2369,2330,2361,2319,2376,2364,2380,2374,2342,2354,2363,2339,2353
494.072,2229.2,2210,2226,2232,2238,2241,2191,2224,2278,2223,2211,2226,2242,2241,2243,2213,2231,2231,2222,2245,2230,2253,2229,2191,2200,2242,2228,2256,2216,2218,2245
494.411,2205.3,2192,2198,2242,2201,2217,2172,2187,2200,2159,2156,2195,2211,2232,2204,2211,2242,2220,2221,2231,2191,2193,2228,2194,2185,2247,2185,2200,2238,2217,2189
494.751,2228.4,2207,2214,2264,2218,2236,2220,2201,2222,2228,2206,2245,2219,2216,2250,2242,2212,2252,2241,2204,2224,2183,2211,2307,2248,2242,2249,2219,2210,2233,2228
495.090,2150.6,2136,2150,2158,2156,2131,2168,2129,2180,2186,2125,2147,2161,2172,2091,2138,2121,2174,2139,2145,2189,2140,2167,2156,2180,2159,2166,2164,2112,2131,2147
495.430,1950.2,1946,1922,1962,1961,1974,1955,1953,1944,1956,1965,1953,1920,1941,1917,1961,1912,1963,1953,1956,1951,1954,1949,1934,1961,1973,1965,1973,1937,1954,1942
495.769,2006.0,1983,2064,2001,2000,2013,2008,2019,1999,2051,1983,1998,1946,1998,2018,1982,2002,2036,2009,1997,1961,2063,2024,2000,1996,1993,2019,2042,1995,1979,2002
496.109,2320.6,2280,2308,2309,2288,2342,2320,2288,2321,2344,2360,2297,2347,2340,2320,2363,2340,2313,2325,2324,2334,2315,2294,2354,2342,2302,2315,2362,2291,2279,2301
496.449,2014.5,2037,2019,2014,2026,2008,2002,2013,2025,2008,2014,2014,2005,2014,2004,2005,1986,2016,2000,2025,2015,1985,2028,2046,2017,2002,2043,2046,2029,1979,2011
496.788,2206.4,2191,2228,2223,2213,2186,2175,2210,2192,2194,2243,2187,2204,2207,2255,2230,2201,2243,2182,2207,2261,2201,2198,2234,2201,2188,2157,2192,2191,2195,2202
497.128,2254.5,2231,2216,2246,2276,2284,2194,2251,2237,2260,2296,2215,2261,2257,2270,2292,2243,2268,2275,2245,2266,2249,2246,2269,2265,2225,2275,2251,2259,2262,2250
497.468,2431.0,2429,2408,2444,2431,2414,2476,2383,2465,2424,2433,2441,2456,2419,2421,2423,2406,2443,2441,2427,2437,2454,2416,2423,2431,2405,2437,2414,2419,2467,2443
497.808,2068.6,2073,2057,2085,2084,2063,2051,2063,2047,2085,2085,2064,2038,2073,2090,2092,2064,2057,2061,2038,2077,2066,2086,2058,2066,2092,2066,2098,2065,2046,2069
498.147,2189.2,2202,2184,2167,2186,2216,2150,2189,2157,2194,2185,2207,2201,2172,2236,2175,2159,2183,2172,2214,2168,2156,2215,2188,2185,2194,2237,2198,2196,2202,2189
498.487,1920.3,1931,1956,1916,1928,1950,1884,1887,1908,1918,1916,1917,1941,1941,1944,1890,1937,1922,1919,1928,1931,1922,1912,1938,1906,1924,1893,1947,1897,1887,1920
498.827,2401.9,2385,2430,2412,2403,2413,2403,2371,2437,2402,2404,2390,2412,2414,2369,2406,2395,2396,2422,2366,2418,2417,2413,2378,2404,2410,2386,2428,2367,2404,2402
499.167,1908.9,1931,1914,1934,1921,1921,1886,1931,1919,1901,1913,1889,1898,1953,1915,1883,1914,1939,1893,1858,1903,1910,1892,1888,1900,1906,1893,1894,1901,1955,1912
499.507,2151.4,2136,2176,2158,2168,2169,2126,2146,2158,2176,2162,2136,2154,2141,2184,2124,2152,2180,2165,2131,2136,2131,2204,2171,2117,2112,2163,2158,2150,2102,2156
499.847,2208.8,2219,2216,2222,2216,2209,2213,2200,2176,2209,2192,2214,2217,2248,2229,2213,2226,2219,2201,2239,2206,2155,2154,2223,2190,2228,2246,2205,2193,2163,2223
500.187,2159.5,2151,2161,2159,2126,2177,2148,2203,2183,2137,2119,2106,2152,2201,2158,2143,2186,2149,2158,2147,2179,2142,2177,2168,2166,2176,2166,2179,2142,2180,2145
500.527,2492.1,2505,2535,2533,2467,2460,2456,2528,2460,2494,2486,2502,2477,2491,2483,2485,2460,2492,2520,2498,2461,2485,2537,2494,2477,2478,2479,2513,2474,2492,2541
500.867,2380.0,2369,2387,2397,2366,2392,2364,2372,2368,2399,2339,2400,2385,2398,2355,2370,2372,2360,2405,2402,2424,2349,2355,2400,2351,2394,2379,2394,2386,2392,2377
501.207,2020.8,2017,1988,2002,2016,2018,2003,2040,2035,2006,2014,2007,1995,2002,2029,2055,2049,2012,2055,2037,2022,2017,1996,2040,2030,2022,1990,2039,2051,2028,2010
501.547,2041.3,2047,2040,2035,2056,2082,2047,2082,2029,2046,2074,2018,2012,2023,2053,2006,2043,2024,2036,2061,2017,2068,2054,2039,2031,2053,2056,2048,1993,2021,2045
501.887,2119.1,2138,2069,2103,2083,2116,2146,2106,2106,2095,2138,2125,2094,2116,2121,2150,2114,2092,2114,2162,2134,2127,2114,2164,2108,2142,2159,2114,2131,2107,2086
502.227,2019.1,2009,2013,2002,2018,2035,2038,2030,2001,2071,2011,2016,2008,2011,2027,2001,2050,1970,2021,2018,2044,2025,2032,1993,2018,2027,2013,2025,2031,1999,2016
502.567,2503.2,2486,2536,2540,2500,2469,2511,2486,2467,2486,2478,2495,2477,2480,2515,2531,2528,2527,2508,2495,2519,2522,2488,2494,2525,2482,2509,2511,2470,2532,2530
502.907,2106.4,2127,2101,2128,2164,2120,2098,2072,2052,2071,2138,2079,2089,2101,2107,2095,2120,2101,2094,2123,2147,2136,2131,2103,2089,2096,2055,2117,2112,2116,2111
503.248,2219.3,2216,2200,2211,2223,2259,2199,2215,2158,2197,2172,2263,2252,2204,2232,2205,2184,2243,2250,2270,2187,2250,2238,2226,2209,2221,2184,2220,2270,2236,2185
503.588,1901.0,1888,1916,1871,1931,1889,1918,1929,1897,1881,1872,1916,1910,1903,1936,1875,1898,1883,1921,1925,1888,1876,1904,1885,1886,1939,1895,1884,1921,1885,1909
503.928,2316.2,2316,2334,2327,2271,2316,2367,2298,2333,2326,2283,2317,2331,2281,2292,2351,2292,2324,2330,2310,2300,2328,2305,2349,2356,2335,2283,2321,2322,2297,2291
504.269,2208.1,2221,2214,2182,2224,2177,2214,2207,2214,2215,2162,2200,2200,2191,2201,2174,2227,2213,2242,2196,2207,2228,2214,2186,2243,2244,2221,2227,2195,2208,2195
504.609,2105.0,2114,2146,2080,2108,2106,2107,2082,2099,2141,2067,2104,2106,2126,2116,2113,2107,2098,2131,2141,2116,2111,2106,2051,2088,2105,2076,2094,2080,2101,2130
504.949,2260.6,2238,2241,2294,2266,2255,2292,2270,2241,2258,2263,2269,2265,2226,2212,2230,2272,2272,2221,2241,2268,2237,2288,2250,2281,2249,2276,2274,2283,2307,2278
505.290,2110.8,2078,2111,2120,2121,2094,2118,2109,2095,2106,2115,2084,2110,2084,2123,2161,2130,2107,2078,2129,2106,2159,2124,2098,2115,2104,2093,2095,2130,2118,2109
505.630,2375.4,2369,2368,2372,2374,2381,2350,2387,2376,2394,2376,2395,2375,2417,2370,2384,2364,2393,2370,2394,2388,2386,2385,2392,2354,2317,2352,2378,2346,2358,2396
505.971,2266.4,2248,2270,2245,2246,2284,2230,2278,2255,2286,2264,2293,2275,2280,2342,2281,2228,2271,2285,2252,2258,2244,2268,2270,2266,2205,2272,2227,2314,2267,2289
506.311,2302.0,2297,2302,2310,2319,2308,2322,2320,2303,2252,2320,2314,2269,2265,2300,2310,2302,2308,2288,2306,2320,2279,2290,2344,2294,2303,2309,2290,2320,2310,2287
506.652,2454.7,2474,2487,2455,2451,2460,2487,2471,2410,2446,2437,2453,2411,2460,2458,2459,2460,2412,2446,2470,2472,2460,2489,2425,2497,2454,2477,2436,2444,2440,2441
506.992,2478.6,2476,2486,2481,2489,2490,2507,2493,2454,2506,2492,2472,2474,2474,2461,2476,2450,2472,2505,2446,2483,2483,2473,2468,2457,2531,2453,2462,2478,2507,2459
507.333,2085.3,2106,2089,2026,2082,2092,2102,2070,2074,2077,2084,2083,2110,2108,2084,2059,2060,2076,2112,2061,2101,2079,2092,2088,2105,2072,2138,2077,2081,2056,2116
507.673,2044.6,2040,2050,2020,2052,2086,2035,2026,2019,2027,2029,2045,2025,2076,2038,2036,2051,2062,2028,2040,2058,2056,2054,2086,2040,2047,2019,2033,2020,2070,2071
508.014,2440.0,2468,2416,2418,2419,2434,2458,2437,2442,2424,2433,2454,2407,2434,2446,2430,2427,2418,2448,2476,2433,2420,2450,2456,2453,2445,2439,2431,2496,2448,2439
508.355,2217.3,2227,2235,2232,2235,2196,2224,2226,2161,2259,2251,2195,2237,2220,2189,2190,2189,2202,2213,2203,2234,2184,2199,2245,2208,2233,2202,2223,2249,2224,2233
508.695,2268.5,2301,2221,2238,2269,2258,2305,2333,2257,2264,2256,2296,2274,2281,2245,2262,2223,2253,2320,2261,2273,2334,2287,2305,2229,2283,2257,2268,2251,2204,2248
509.036,2073.7,2038,2092,2094,2081,2066,2128,2088,2065,2110,2046,2063,2052,2056,2062,2050,2120,2082,2063,2066,2108,2094,2060,2069,2052,2098,2056,2080,2096,2043,2032
509.377,2261.6,2248,2243,2274,2233,2282,2293,2262,2254,2268,2253,2300,2233,2237,2303,2236,2270,2285,2250,2236,2239,2281,2257,2228,2229,2301,2268,2243,2288,2261,2293
509.718,2041.4,2045,1997,2030,2044,2031,2046,2065,2057,2038,1995,2058,2035,2067,2050,2043,2075,2024,2054,2041,2013,2012,2030,2049,2040,2077,2016,2033,2084,2043,2049
510.059,2138.8,2114,2115,2152,2170,2149,2138,2150,2129,2105,2126,2164,2094,2146,2108,2090,2160,2105,2172,2166,2152,2131,2166,2138,2160,2147,2145,2133,2162,2122,2156
510.399,2032.5,2027,2047,2024,2034,2063,2026,2034,2010,2015,2044,2046,2044,2042,2079,2003,2073,2019,2015,2033,2026,2011,2032,2006,2033,2038,2027,2041,2047,2008,2027
510.740,2130.4,2147,2145,2109,2150,2142,2106,2154,2101,2164,2129,2160,2138,2121,2115,2126,2147,2107,2134,2148,2117,2136,2125,2143,2122,2123,2123,2120,2136,2137,2088
511.081,2185.7,2177,2154,2147,2211,2176,2192,2177,2181,2149,2207,2197,2202,2179,2212,2189,2183,2166,2215,2207,2186,2191,2177,2182,2182,2163,2205,2182,2206,2205,2171
511.422,2088.2,2086,2107,2081,2111,2077,2084,2069,2066,2125,2098,2081,2064,2087,2089,2072,2089,2108,2079,2092,2119,2120,2053,2080,2068,2110,2079,2092,2066,2089,2105
511.763,2054.1,2048,2071,2083,2067,2057,2072,2018,2035,2037,2030,2054,2069,2049,2102,2043,2068,2030,2103,2053,2026,2054,2031,2038,2049,2057,2068,2060,2070,2030,2050
512.104,2257.7,2263,2252,2248,2251,2235,2248,2248,2266,2234,2260,2251,2226,2270,2270,2286,2233,2245,2285,2233,2283,2287,2287,2255,2257,2278,2253,2258,2257,2270,2241
512.445,2161.3,2134,2192,2174,2149,2173,2134,2170,2191,2147,2172,2163,2135,2158,2158,2145,2152,2163,2197,2191,2173,2150,2168,2138,2127,2177,2138,2158,2130,2200,2182
512.786,2168.7,2182,2136,2200,2171,2173,2180,2202,2177,2156,2170,2179,2202,2193,2153,2180,2159,2147,2159,2159,2187,2156,2182,2112,2194,2158,2194,2142,2162,2154,2143
513.127,2306.7,2319,2273,2331,2267,2315,2305,2272,2326,2257,2307,2285,2327,2297,2257,2305,2289,2304,2303,2328,2317,2317,2353,2280,2329,2276,2379,2326,2341,2305,2312
513.468,2476.6,2500,2474,2436,2515,2497,2459,2476,2446,2474,2477,2467,2476,2490,2492,2473,2424,2512,2505,2463,2491,2504,2499,2449,2484,2483,2468,2480,2503,2462,2420
513.810,2362.3,2333,2382,2366,2367,2382,2356,2366,2361,2339,2357,2384,2357,2377,2360,2386,2379,2405,2357,2368,2375,2324,2361,2330,2338,2338,2357,2341,2369,2399,2354
514.151,2359.8,2408,2353,2361,2353,2324,2356,2341,2375,2358,2347,2368,2350,2377,2357,2326,2406,2365,2373,2367,2382,2409,2324,2337,2358,2357,2383,2356,2351,2332,2341
514.492,2656.0,2646,2658,2670,2618,2668,2647,2644,2650,2662,2623,2686,2681,2657,2642,2630,2660,2636,2649,2617,2713,2635,2669,2659,2646,2713,2668,2648,2607,2701,2677
514.833,2266.3,2292,2218,2268,2263,2305,2303,2312,2280,2238,2263,2252,2264,2275,2238,2255,2278,2283,2244,2261,2241,2235,2276,2277,2258,2259,2286,2312,2233,2270,2251
515.174,2095.6,2113,2138,2114,2111,2102,2107,2113,2050,2068,2094,2074,2099,2110,2123,2059,2076,2107,2106,2107,2108,2114,2073,2081,2066,2093,2090,2089,2111,2097,2075
515.516,2112.8,2135,2090,2120,2093,2132,2111,2125,2141,2093,2090,2104,2121,2112,2148,2098,2139,2105,2127,2090,2092,2121,2111,2085,2122,2078,2148,2104,2110,2110,2129
515.857,2138.0,2165,2095,2102,2152,2128,2155,2139,2149,2171,2152,2097,2136,2125,2107,2148,2118,2163,2141,2169,2163,2118,2133,2143,2123,2177,2139,2095,2149,2129,2159
516.198,2150.6,2168,2142,2154,2141,2145,2144,2171,2130,2140,2146,2156,2173,2150,2137,2188,2123,2125,2164,2162,2147,2147,2128,2161,2161,2140,2167,2152,2123,2163,2169
516.540,2028.7,2065,2025,2057,2067,2019,2053,2045,2028,2022,2044,2046,1988,2028,2071,2002,2016,2031,2030,2033,2022,2045,2046,2003,2033,1994,1994,1995,2020,2010,2029
516.881,1907.8,1937,1899,1861,1935,1910,1886,1903,1885,1905,1887,1912,1928,1898,1917,1915,1896,1925,1912,1916,1907,1896,1914,1862,1908,1890,1919,1904,1946,1936,1926
517.223,2283.2,2270,2255,2313,2273,2270,2306,2284,2283,2250,2270,2276,2284,2310,2232,2306,2233,2308,2280,2297,2316,2305,2303,2305,2269,2276,2281,2319,2264,2299,2258
517.564,2150.3,2111,2107,2154,2160,2175,2143,2145,2133,2164,2200,2168,2154,2128,2160,2175,2176,2165,2172,2154,2155,2132,2152,2146,2169,2097,2100,2180,2133,2134,2168
517.906,2221.0,2214,2213,2222,2239,2230,2210,2240,2190,2230,2241,2204,2222,2222,2229,2214,2193,2233,2237,2193,2240,2235,2237,2228,2210,2200,2215,2203,2236,2232,2219
518.247,2196.3,2208,2217,2205,2204,2235,2197,2145,2188,2193,2224,2187,2179,2178,2227,2193,2166,2218,2189,2178,2195,2227,2181,2174,2203,2208,2202,2219,2212,2184,2153
518.589,2216.3,2206,2205,2206,2172,2196,2232,2198,2194,2239,2240,2193,2218,2204,2223,2232,2206,2227,2252,2220,2235,2233,2211,2195,2231,2238,2250,2182,2237,2209,2204
518.930,1991.0,1984,1995,2006,1984,2004,1988,1971,1965,1975,1975,1996,1953,1987,2004,1971,1984,1974,1994,2038,2012,1979,2000,1999,2018,1988,2015,1989,1953,2040,1988
519.272,2185.1,2177,2246,2202,2168,2158,2158,2205,2166,2170,2158,2214,2197,2205,2185,2166,2190,2202,2207,2178,2188,2186,2231,2139,2175,2180,2162,2171,2215,2175,2180
519.613,2193.8,2222,2205,2202,2221,2188,2186,2202,2204,2233,2177,2184,2171,2186,2211,2189,2204,2167,2195,2217,2183,2174,2203,2190,2166,2206,2205,2177,2200,2170,2176
519.955,2150.4,2106,2137,2164,2152,2175,2130,2131,2149,2138,2148,2160,2111,2141,2136,2184,2191,2164,2209,2173,2136,2158,2110,2144,2158,2142,2175,2114,2160,2187,2128
520.297,2129.7,2112,2178,2148,2144,2099,2099,2149,2130,2139,2126,2129,2121,2121,2154,2139,2113,2133,2157,2155,2148,2117,2108,2106,2094,2117,2119,2114,2125,2163,2133
520.639,2300.5,2285,2343,2294,2325,2269,2266,2293,2300,2314,2318,2329,2301,2319,2320,2313,2280,2278,2288,2314,2266,2275,2294,2307,2311,2290,2301,2290,2325,2316,2292
520.980,2073.6,2057,2075,2075,2076,2043,2075,2068,2063,2108,2066,2093,2045,2061,2107,2056,2074,2092,2066,2115,2056,2029,2086,2104,2074,2056,2124,2044,2060,2098,2062
521.322,2199.4,2222,2199,2182,2200,2154,2218,2206,2183,2232,2230,2172,2202,2220,2181,2164,2189,2233,2200,2171,2196,2199,2197,2202,2206,2168,2217,2175,2211,2206,2246
521.664,2176.7,2172,2241,2183,2200,2171,2168,2178,2144,2164,2205,2182,2158,2184,2222,2153,2166,2128,2184,2163,2176,2146,2193,2205,2160,2183,2185,2184,2174,2162,2166
522.006,2081.0,2102,2088,2076,2101,2078,2106,2087,2064,2072,2055,2051,2089,2088,2116,2097,2057,2105,2031,2128,2064,2086,2066,2070,2073,2101,2115,2058,2080,2053,2072
522.348,2201.0,2228,2200,2205,2182,2200,2203,2186,2204,2230,2168,2214,2184,2218,2179,2207,2184,2187,2223,2185,2213,2189,2208,2183,2210,2220,2197,2158,2218,2237,2210
522.690,2221.6,2209,2213,2223,2218,2215,2214,2213,2198,2230,2208,2215,2226,2233,2210,2257,2243,2213,2227,2232,2246,2175,2236,2205,2197,2217,2237,2217,2242,2241,2239
523.031,2106.6,2104,2088,2118,2102,2101,2133,2087,2086,2043,2109,2120,2128,2089,2127,2126,2129,2089,2088,2143,2079,2126,2098,2124,2106,2112,2134,2081,2124,2114,2090
523.373,2272.0,2265,2290,2242,2289,2286,2257,2268,2282,2277,2277,2294,2283,2246,2283,2259,2269,2269,2253,2265,2249,2255,2263,2308,2293,2267,2301,2255,2252,2271,2292
523.715,2473.6,2471,2465,2512,2499,2453,2432,2470,2482,2444,2474,2474,2451,2490,2494,2457,2467,2461,2493,2492,2458,2494,2482,2450,2490,2462,2516,2447,2483,2452,2493
524.057,2248.3,2230,2244,2262,2272,2215,2321,2248,2218,2265,2246,2182,2235,2249,2246,2218,2251,2242,2238,2255,2274,2250,2232,2209,2290,2263,2248,2288,2263,2261,2235
524.399,2400.7,2420,2393,2395,2413,2372,2354,2387,2393,2397,2408,2415,2402,2420,2440,2385,2378,2427,2371,2402,2414,2360,2392,2395,2441,2421,2424,2409,2405,2409,2379
524.742,2370.8,2319,2352,2365,2320,2399,2353,2382,2364,2396,2324,2376,2354,2389,2388,2351,2400,2361,2397,2424,2378,2335,2370,2383,2335,2380,2380,2379,2362,2431,2376
525.084,2291.9,2286,2286,2301,2308,2275,2309,2282,2272,2292,2293,2303,2272,2308,2306,2268,2331,2271,2310,2275,2253,2306,2296,2303,2245,2302,2273,2263,2342,2303,2322
525.426,2344.5,2338,2313,2358,2346,2360,2328,2346,2338,2321,2366,2349,2376,2372,2328,2319,2359,2364,2362,2358,2330,2359,2315,2328,2357,2323,2345,2345,2354,2353,2324
525.768,1846.9,1853,1804,1845,1869,1822,1855,1870,1862,1838,1846,1854,1876,1831,1860,1863,1831,1882,1849,1867,1808,1807,1839,1858,1838,1864,1828,1848,1864,1863,1814
526.110,2461.7,2426,2441,2444,2452,2433,2501,2441,2485,2454,2449,2505,2429,2473,2478,2516,2509,2445,2452,2446,2476,2433,2448,2488,2471,2476,2456,2419,2473,2479,2453
526.452,2319.4,2324,2353,2343,2333,2339,2331,2324,2310,2316,2284,2331,2309,2320,2306,2305,2246,2336,2291,2304,2328,2296,2344,2308,2327,2354,2317,2303,2349,2318,2333
526.795,2490.2,2479,2442,2520,2460,2499,2473,2492,2498,2488,2483,2467,2525,2536,2468,2517,2456,2510,2492,2501,2518,2503,2517,2513,2457,2475,2485,2488,2490,2477,2477
527.137,2093.4,2096,2091,2091,2128,2088,2095,2102,2049,2110,2110,2113,2099,2107,2082,2069,2073,2068,2134,2049,2122,2088,2057,2121,2077,2103,2093,2091,2108,2073,2115
527.479,2213.2,2220,2238,2198,2226,2202,2210,2220,2257,2240,2213,2216,2244,2216,2221,2218,2168,2207,2195,2214,2217,2178,2258,2203,2179,2197,2182,2229,2221,2229,2180
527.822,2313.7,2255,2321,2321,2280,2279,2317,2299,2326,2316,2338,2341,2286,2296,2296,2321,2316,2308,2313,2320,2350,2367,2336,2279,2301,2339,2363,2318,2296,2311,2302
528.164,2226.5,2224,2239,2228,2177,2216,2240,2222,2223,2233,2248,2245,2214,2209,2208,2233,2183,2255,2191,2222,2234,2226,2233,2239,2246,2196,2248,2255,2255,2237,2217
528.506,2270.6,2288,2255,2276,2271,2250,2284,2245,2258,2273,2260,2332,2312,2242,2278,2293,2244,2274,2289,2279,2258,2238,2270,2253,2279,2289,2226,2240,2308,2287,2267
528.849,2302.8,2305,2325,2254,2298,2261,2290,2277,2319,2336,2336,2289,2316,2305,2302,2296,2313,2297,2289,2318,2331,2310,2316,2279,2319,2325,2304,2291,2293,2308,2283
529.191,2071.5,2086,2100,2072,2074,2063,2092,2082,2101,2021,2042,2076,2061,2058,2092,2068,2039,2109,2055,2117,2072,2047,2041,2096,2068,2083,2081,2040,2053,2091,2064
529.534,2192.0,2159,2212,2177,2209,2200,2211,2172,2207,2226,2170,2184,2208,2163,2200,2221,2168,2204,2172,2184,2203,2198,2210,2181,2232,2171,2195,2213,2162,2205,2144
529.876,2475.8,2498,2463,2448,2456,2484,2481,2505,2466,2456,2502,2485,2482,2483,2439,2468,2457,2498,2461,2492,2495,2444,2479,2513,2472,2465,2451,2472,2513,2499,2446
530.219,2434.9,2395,2428,2419,2447,2429,2436,2440,2432,2462,2405,2436,2412,2423,2426,2416,2452,2418,2472,2458,2450,2444,2425,2448,2451,2443,2440,2484,2402,2434,2420
530.561,2323.6,2307,2322,2325,2377,2348,2325,2317,2350,2294,2328,2312,2300,2278,2318,2322,2307,2354,2282,2296,2314,2344,2280,2333,2330,2347,2329,2370,2333,2342,2325
530.904,2037.8,2052,2073,2043,2004,1978,2024,2025,2066,2029,2029,2053,2008,2042,2043,2031,2050,2065,2025,2027,2057,2059,2060,2045,2028,2017,2039,2043,2032,2013,2073
531.246,2147.0,2143,2147,2143,2126,2143,2113,2124,2150,2152,2152,2124,2171,2126,2159,2096,2159,2168,2150,2176,2169,2140,2127,2097,2159,2132,2163,2188,2210,2158,2145
531.589,2318.3,2323,2313,2305,2308,2339,2282,2317,2313,2318,2304,2299,2351,2296,2334,2309,2338,2350,2340,2330,2293,2326,2324,2328,2305,2286,2338,2329,2329,2313,2310
531.932,2484.0,2511,2446,2492,2521,2488,2468,2477,2486,2499,2521,2492,2473,2490,2499,2493,2493,2479,2486,2482,2506,2460,2469,2498,2460,2499,2479,2441,2484,2452,2476
532.274,2040.0,2061,2013,2082,2065,2041,2060,2037,2067,2015,2055,2050,2049,2028,2020,2060,2041,2017,1986,2022,2072,2071,2018,2034,1987,2004,2076,2034,2029,2052,2054
532.617,2512.1,2500,2505,2529,2526,2487,2497,2541,2542,2522,2506,2514,2561,2520,2530,2472,2490,2470,2547,2490,2498,2467,2507,2496,2501,2519,2530,2534,2519,2523,2521
532.960,2226.2,2239,2200,2200,2266,2250,2250,2229,2204,2186,2228,2221,2207,2254,2201,2237,2213,2240,2245,2177,2248,2221,2217,2205,2207,2225,2297,2216,2234,2224,2245
533.303,2345.8,2412,2311,2299,2323,2342,2350,2328,2355,2379,2352,2351,2362,2354,2359,2347,2347,2318,2323,2343,2365,2367,2344,2381,2318,2355,2337,2338,2349,2328,2336
533.645,2008.2,2014,2007,2005,2015,2015,2025,2011,2054,1990,1987,2014,2011,1992,1973,2024,2035,2006,2027,1991,2019,2003,2020,2015,1977,2031,1991,1988,2026,1983,1998
533.988,2239.0,2246,2235,2216,2256,2235,2261,2271,2213,2290,2249,2209,2234,2264,2220,2203,2251,2237,2255,2232,2273,2249,2236,2246,2249,2232,2200,2237,2241,2235,2194
534.331,2170.6,2178,2171,2201,2143,2203,2178,2126,2180,2144,2200,2148,2160,2215,2119,2186,2180,2177,2193,2152,2192,2171,2152,2146,2138,2136,2210,2176,2165,2206,2172
534.674,2284.0,2303,2269,2245,2249,2265,2282,2289,2273,2291,2291,2281,2290,2280,2262,2327,2252,2307,2278,2302,2318,2296,2276,2305,2288,2279,2282,2300,2298,2236,2307
535.017,2349.9,2311,2345,2306,2341,2392,2369,2368,2339,2375,2341,2367,2337,2382,2365,2307,2347,2329,2340,2309,2338,2353,2357,2368,2335,2335,2358,2395,2355,2361,2373
535.360,2151.0,2138,2138,2160,2180,2156,2147,2153,2178,2142,2138,2139,2140,2128,2134,2129,2154,2157,2143,2181,2142,2161,2143,2147,2168,2134,2147,2202,2139,2136,2176
535.703,2384.5,2369,2418,2418,2360,2392,2410,2354,2401,2348,2380,2404,2410,2395,2377,2396,2360,2373,2409,2376,2383,2424,2389,2383,2329,2392,2376,2377,2377,2399,2357
536.046,2340.6,2384,2311,2316,2360,2347,2335,2366,2359,2326,2338,2369,2337,2338,2344,2328,2333,2353,2344,2312,2350,2305,2321,2362,2325,2326,2324,2370,2350,2345,2339
536.389,2058.9,2092,2080,2089,2066,2051,2080,2074,2049,2033,2065,2032,2045,2066,2062,2065,2060,2037,2032,2062,2047,2055,2074,2081,2037,2090,2049,2048,2041,2050,2054
536.732,2291.8,2294,2299,2290,2269,2284,2299,2280,2280,2313,2268,2313,2312,2335,2314,2309,2303,2300,2267,2278,2259,2268,2245,2273,2300,2286,2292,2265,2318,2322,2318
537.075,2232.0,2260,2223,2196,2243,2207,2228,2271,2199,2218,2231,2227,2245,2245,2239,2253,2234,2257,2221,2232,2223,2226,2206,2250,2220,2252,2242,2223,2250,2204,2234
537.418,2147.4,2147,2124,2153,2136,2128,2159,2123,2159,2130,2170,2114,2175,2206,2127,2135,2141,2114,2134,2190,2146,2143,2147,2096,2157,2155,2179,2181,2161,2152,2140
537.761,2239.7,2260,2217,2239,2223,2243,2203,2250,2254,2238,2284,2234,2243,2239,2229,2222,2205,2271,2232,2204,2250,2210,2205,2276,2272,2269,2271,2238,2243,2249,2219
538.105,2437.5,2448,2482,2483,2442,2412,2465,2422,2437,2435,2441,2414,2426,2427,2454,2483,2413,2433,2415,2454,2427,2443,2445,2448,2397,2429,2430,2427,2446,2427,2420
538.448,2298.5,2278,2348,2316,2290,2327,2330,2274,2268,2256,2319,2320,2286,2279,2342,2318,2298,2322,2250,2279,2288,2255,2290,2276,2317,2284,2280,2332,2292,2322,2318
538.791,1998.8,1967,1988,1978,1980,1964,1985,2017,1987,1985,1999,1997,1975,2008,1966,2052,2018,2019,2006,1951,2000,2045,2017,2030,1988,1993,2012,1991,2037,1995,2014
539.134,2161.2,2170,2172,2165,2175,2187,2192,2205,2189,2134,2127,2128,2185,2152,2139,2136,2118,2106,2177,2181,2157,2161,2145,2160,2153,2139,2218,2164,2180,2166,2155
539.478,2333.6,2340,2360,2314,2324,2373,2328,2307,2356,2318,2338,2400,2324,2344,2311,2348,2329,2315,2323,2418,2367,2315,2273,2304,2328,2303,2308,2315,2337,2353,2336
539.821,2214.8,2219,2161,2190,2227,2221,2196,2205,2218,2259,2198,2202,2221,2228,2215,2252,2227,2216,2246,2202,2190,2240,2223,2234,2230,2197,2166,2208,2217,2186,2250
540.164,2129.5,2129,2113,2136,2097,2152,2134,2116,2098,2116,2139,2127,2137,2145,2145,2177,2136,2107,2129,2121,2136,2171,2143,2140,2058,2122,2156,2161,2110,2129,2106
540.508,2310.8,2325,2282,2306,2318,2306,2287,2337,2344,2293,2307,2296,2326,2324,2333,2343,2301,2308,2295,2314,2328,2298,2284,2278,2301,2282,2332,2329,2328,2306,2313
540.851,2386.4,2426,2349,2392,2437,2352,2388,2338,2368,2368,2405,2403,2414,2402,2349,2401,2401,2369,2412,2408,2386,2376,2392,2376,2380,2390,2364,2397,2366,2413,2369
541.194,2288.4,2287,2303,2279,2296,2248,2290,2301,2270,2266,2255,2302,2301,2293,2280,2296,2276,2285,2292,2243,2293,2330,2314,2303,2283,2258,2273,2299,2339,2297,2300
541.538,2235.2,2245,2253,2194,2252,2252,2253,2212,2213,2236,2235,2229,2212,2225,2242,2219,2201,2235,2241,2221,2228,2238,2230,2251,2265,2225,2285,2243,2264,2220,2236
541.881,2137.9,2136,2109,2176,2128,2153,2173,2111,2123,2107,2163,2161,2108,2110,2113,2147,2161,2136,2155,2161,2149,2132,2156,2139,2109,2133,2119,2101,2184,2140,2145
542.225,2180.2,2187,2178,2169,2177,2186,2178,2175,2206,2160,2201,2196,2206,2184,2168,2210,2171,2203,2164,2166,2116,2168,2202,2203,2154,2166,2159,2192,2187,2182,2191
542.568,2122.7,2114,2096,2162,2151,2121,2102,2147,2154,2113,2120,2125,2112,2152,2163,2128,2125,2126,2110,2141,2078,2105,2137,2113,2139,2084,2111,2139,2125,2102,2086
542.912,1895.4,1920,1896,1896,1917,1869,1865,1929,1836,1885,1919,1870,1903,1864,1887,1876,1893,1892,1909,1894,1909,1853,1919,1898,1914,1912,1893,1910,1893,1928,1914
543.256,1877.4,1882,1864,1890,1836,1904,1889,1877,1881,1901,1856,1892,1878,1893,1862,1841,1906,1872,1870,1872,1873,1876,1864,1910,1862,1868,1893,1892,1850,1887,1882
543.599,2353.4,2361,2338,2349,2346,2370,2325,2368,2356,2367,2382,2367,2362,2370,2361,2349,2332,2290,2348,2334,2363,2379,2368,2383,2360,2323,2341,2371,2350,2376,2312
543.943,2260.1,2266,2249,2244,2265,2285,2268,2241,2240,2249,2245,2226,2268,2237,2296,2251,2301,2298,2239,2242,2241,2257,2217,2312,2285,2229,2266,2290,2274,2297,2225
544.286,2137.1,2151,2123,2142,2180,2118,2147,2121,2104,2130,2144,2139,2170,2108,2124,2146,2136,2105,2125,2154,2143,2148,2149,2193,2121,2111,2153,2152,2107,2121,2149
544.630,2283.1,2274,2268,2281,2289,2288,2284,2316,2313,2262,2280,2272,2260,2244,2296,2333,2282,2289,2313,2252,2298,2271,2226,2292,2263,2270,2265,2321,2316,2294,2280
544.974,2511.7,2509,2531,2521,2511,2504,2530,2559,2514,2536,2464,2516,2528,2547,2506,2482,2495,2519,2510,2530,2486,2489,2506,2516,2498,2527,2504,2533,2473,2513,2494
545.318,2339.0,2329,2350,2315,2334,2329,2344,2338,2332,2329,2316,2342,2345,2357,2366,2312,2363,2337,2366,2353,2343,2312,2336,2377,2333,2312,2310,2351,2336,2345,2358
545.661,2466.7,2495,2495,2456,2482,2481,2504,2449,2467,2470,2414,2467,2465,2482,2447,2456,2472,2494,2488,2479,2485,2449,2412,2462,2446,2433,2460,2496,2491,2459,2446
546.005,2169.9,2169,2152,2149,2160,2167,2156,2136,2174,2196,2185,2191,2173,2163,2191,2140,2185,2180,2169,2182,2159,2161,2203,2163,2174,2133,2184,2161,2207,2179,2155
546.349,2196.8,2234,2213,2197,2188,2222,2177,2216,2168,2146,2173,2147,2193,2232,2216,2237,2173,2198,2188,2213,2223,2204,2210,2209,2149,2202,2184,2191,2193,2220,2189
546.693,2056.6,2057,2038,2019,2068,2044,2067,2031,2045,2050,2051,2056,2047,2057,2064,2080,2111,2056,2036,2037,2045,2115,2036,2037,2068,2033,2080,2078,2072,2047,2072
547.037,2254.6,2262,2258,2281,2219,2222,2303,2280,2303,2251,2270,2269,2253,2232,2231,2257,2265,2244,2246,2248,2257,2263,2281,2237,2261,2233,2229,2226,2253,2249,2254
547.381,2173.4,2160,2163,2197,2136,2209,2155,2194,2166,2198,2198,2204,2136,2154,2205,2096,2186,2171,2158,2168,2146,2156,2159,2161,2187,2184,2225,2205,2180,2203,2142
547.725,2078.0,2077,2104,2069,2075,2072,2063,2111,2063,2063,2068,2053,2095,2094,2066,2087,2090,2064,2073,2057,2064,2122,2123,2066,2056,2089,2072,2105,2079,2073,2046
548.069,2262.0,2270,2272,2232,2253,2267,2289,2253,2277,2239,2234,2259,2322,2252,2246,2266,2280,2281,2297,2258,2278,2221,2259,2222,2246,2265,2284,2276,2245,2274,2244
548.413,2236.1,2253,2234,2207,2220,2263,2282,2211,2222,2208,2225,2250,2259,2250,2225,2262,2248,2234,2241,2239,2243,2230,2254,2278,2237,2178,2217,2243,2170,2281,2218
548.757,1891.6,1877,1891,1882,1956,1931,1883,1886,1864,1880,1851,1870,1878,1879,1880,1881,1913,1901,1900,1887,1939,1869,1853,1890,1890,1906,1917,1905,1895,1896,1899
549.101,1924.1,1892,1898,1949,1916,1918,1911,1935,1912,1954,1901,1914,1899,1914,1957,1947,1916,1916,1913,1940,1903,1921,1936,1942,1894,1968,1924,1970,1945,1910,1909
549.445,2114.3,2094,2093,2125,2081,2160,2104,2117,2088,2150,2100,2102,2123,2114,2102,2112,2104,2126,2101,2141,2102,2128,2102,2110,2114,2139,2150,2131,2085,2118,2114
549.789,2321.6,2276,2305,2362,2280,2334,2328,2329,2324,2353,2322,2318,2319,2331,2303,2298,2303,2318,2319,2291,2309,2314,2307,2377,2355,2299,2346,2321,2355,2352,2299
550.133,2013.7,2007,1995,1987,2013,2025,2018,2031,1996,2007,2036,2010,2053,2028,2001,2028,2003,2006,1988,2021,2070,1965,2032,2034,1983,2000,2057,1993,2015,2005,2005
550.477,2074.4,2084,2071,2064,2099,2074,2079,2089,2069,2103,2063,2075,2084,2056,2088,2086,2034,2061,2067,2081,2059,2033,2048,2087,2119,2065,2062,2079,2092,2077,2085
550.822,2305.5,2308,2300,2284,2293,2287,2314,2319,2317,2335,2271,2257,2307,2330,2272,2297,2286,2328,2293,2298,2318,2306,2346,2321,2339,2335,2318,2287,2321,2287,2292
551.166,2147.1,2151,2132,2185,2130,2136,2157,2181,2134,2174,2149,2179,2123,2132,2134,2121,2104,2144,2145,2177,2162,2154,2184,2125,2155,2136,2139,2128,2143,2145,2154
551.510,2266.6,2268,2297,2257,2294,2276,2258,2283,2283,2275,2244,2226,2237,2291,2224,2287,2244,2293,2280,2321,2254,2262,2232,2268,2254,2233,2244,2252,2274,2286,2301
551.854,1975.9,1968,1971,1987,1974,1981,1976,1966,2024,2003,1940,1958,1938,1946,1989,1962,1976,1994,1937,1944,1998,1984,1952,1996,1969,1987,1962,1995,1993,2015,1992
552.199,2280.4,2264,2262,2299,2227,2244,2329,2275,2268,2255,2295,2286,2317,2288,2273,2312,2302,2286,2316,2265,2263,2297,2272,2298,2280,2274,2254,2288,2285,2285,2252
552.543,2080.9,2061,2046,2100,2115,2038,2058,2124,2104,2089,2055,2111,2079,2073,2063,2081,2056,2069,2060,2065,2045,2100,2084,2108,2078,2068,2123,2102,2067,2096,2108
552.887,2195.6,2203,2187,2221,2178,2170,2208,2196,2222,2153,2232,2190,2197,2201,2184,2218,2197,2220,2195,2214,2196,2188,2223,2150,2184,2184,2217,2158,2195,2230,2157
553.232,2204.5,2239,2206,2201,2246,2184,2207,2210,2203,2220,2209,2219,2155,2230,2230,2213,2208,2175,2197,2189,2194,2260,2193,2179,2187,2170,2210,2226,2158,2225,2193
553.576,2309.1,2303,2334,2336,2316,2337,2303,2274,2296,2314,2272,2286,2319,2313,2310,2313,2309,2333,2292,2293,2305,2344,2291,2310,2341,2329,2294,2312,2310,2279,2305
553.921,2244.8,2233,2234,2208,2236,2240,2245,2278,2255,2228,2257,2239,2255,2242,2224,2285,2235,2246,2246,2245,2216,2251,2283,2216,2243,2234,2219,2261,2253,2246,2290
554.265,2056.5,2054,2063,2029,2067,2084,2097,2053,2029,2070,2085,2058,2047,2020,2074,2079,2052,2010,2038,2056,2061,2060,2064,2076,2036,2067,2092,2034,2014,2030,2095
554.609,2123.0,2146,2120,2085,2127,2125,2091,2178,2115,2139,2139,2125,2104,2161,2100,2132,2161,2073,2143,2138,2136,2112,2117,2122,2094,2133,2094,2123,2112,2138,2107
554.954,2176.3,2189,2164,2209,2185,2175,2134,2161,2186,2207,2221,2146,2149,2178,2168,2179,2174,2178,2191,2178,2169,2200,2139,2159,2209,2166,2212,2155,2156,2168,2185
555.299,1892.8,1904,1879,1940,1865,1868,1925,1871,1908,1874,1864,1898,1887,1883,1869,1890,1881,1889,1862,1904,1907,1915,1918,1936,1909,1930,1880,1875,1862,1904,1886
555.643,2186.6,2202,2210,2200,2161,2177,2209,2150,2168,2190,2202,2169,2179,2153,2162,2195,2180,2169,2154,2186,2206,2196,2248,2210,2207,2193,2177,2184,2169,2214,2179
555.988,1987.1,1969,2015,1985,1963,1970,1999,2002,1968,1973,1976,1973,1995,1954,2007,1999,2008,1991,2002,2015,1975,2001,1980,1965,1970,2000,1970,2006,1982,1995,2004
556.332,2248.2,2262,2261,2250,2204,2240,2232,2246,2230,2256,2271,2238,2257,2237,2215,2261,2237,2251,2240,2254,2297,2265,2258,2223,2245,2242,2273,2264,2237,2259,2242
556.677,2441.4,2410,2475,2416,2447,2409,2431,2484,2460,2448,2463,2424,2438,2456,2446,2409,2429,2423,2469,2472,2435,2477,2426,2445,2416,2476,2438,2431,2403,2468,2419
557.022,2181.8,2204,2154,2207,2189,2156,2194,2177,2190,2161,2206,2127,2195,2187,2197,2205,2158,2208,2192,2212,2170,2185,2202,2145,2145,2176,2195,2193,2166,2178,2180
557.366,2310.2,2342,2309,2309,2327,2357,2303,2305,2316,2269,2284,2297,2302,2335,2336,2317,2317,2309,2337,2315,2310,2303,2282,2324,2307,2292,2280,2330,2304,2297,2290
557.711,2253.0,2246,2264,2248,2253,2272,2232,2232,2264,2231,2236,2264,2225,2264,2230,2279,2248,2274,2286,2303,2189,2197,2192,2267,2285,2273,2249,2283,2257,2289,2259
558.056,2183.5,2177,2211,2197,2181,2170,2183,2169,2213,2192,2200,2207,2206,2171,2176,2183,2210,2189,2174,2154,2165,2186,2190,2195,2156,2179,2196,2151,2159,2216,2149
558.401,2140.9,2123,2144,2131,2132,2159,2170,2149,2127,2156,2146,2117,2167,2139,2111,2154,2142,2134,2151,2125,2126,2121,2154,2156,2146,2124,2095,2163,2141,2188,2137
558.745,2042.3,2016,2037,2019,2056,2026,2068,2079,2072,2001,2027,2030,2050,2084,2041,2053,2070,2046,2029,2002,2027,2041,2042,2010,2069,2024,2046,2028,2050,2068,2057
559.090,2159.2,2133,2158,2176,2165,2186,2133,2154,2177,2184,2168,2141,2153,2168,2154,2131,2165,2187,2155,2159,2179,2132,2157,2146,2141,2184,2150,2161,2156,2181,2141
559.435,2089.6,2085,2092,2071,2084,2090,2090,2111,2111,2077,2086,2098,2109,2080,2047,2088,2079,2114,2108,2100,2088,2078,2075,2104,2091,2089,2091,2143,2049,2079,2082
559.780,2373.3,2410,2368,2381,2382,2363,2376,2377,2385,2382,2338,2358,2388,2375,2377,2363,2381,2367,2366,2371,2383,2393,2382,2364,2369,2360,2385,2388,2380,2342,2346
560.125,2148.3,2173,2181,2186,2126,2122,2116,2138,2186,2167,2178,2153,2139,2147,2128,2166,2134,2113,2144,2165,2113,2108,2146,2163,2136,2170,2117,2163,2160,2151,2161
560.470,2271.3,2236,2278,2244,2241,2275,2300,2277,2300,2293,2274,2250,2264,2276,2260,2298,2288,2245,2225,2264,2296,2244,2277,2283,2302,2264,2274,2278,2283,2261,2289
560.815,2232.6,2225,2222,2236,2237,2238,2228,2229,2222,2233,2252,2213,2259,2237,2238,2252,2256,2248,2250,2206,2160,2236,2268,2259,2226,2213,2237,2215,2221,2228,2235
561.160,2447.4,2411,2423,2467,2429,2426,2450,2489,2467,2430,2435,2384,2452,2462,2466,2500,2459,2484,2426,2446,2428,2448,2452,2474,2439,2451,2448,2434,2442,2464,2436
561.505,2410.0,2417,2374,2399,2377,2426,2402,2417,2422,2402,2420,2404,2411,2409,2409,2418,2363,2364,2413,2394,2427,2409,2382,2405,2393,2401,2445,2456,2443,2442,2457
561.850,2386.4,2363,2390,2399,2342,2393,2370,2362,2408,2428,2411,2382,2364,2386,2387,2354,2360,2390,2417,2395,2375,2368,2393,2387,2374,2374,2421,2380,2428,2375,2415
562.195,2235.6,2228,2264,2264,2227,2266,2259,2240,2202,2214,2244,2203,2267,2246,2231,2259,2237,2191,2215,2229,2201,2216,2212,2236,2243,2254,2255,2241,2240,2242,2243
562.540,2256.2,2252,2232,2226,2270,2270,2275,2254,2271,2265,2234,2234,2290,2256,2298,2263,2260,2244,2266,2228,2255,2262,2289,2262,2280,2248,2247,2232,2234,2259,2231
562.885,2220.3,2200,2217,2237,2199,2205,2195,2220,2209,2221,2245,2230,2226,2233,2177,2214,2185,2276,2230,2205,2226,2186,2229,2233,2228,2234,2245,2232,2214,2211,2248
563.231,2007.2,1996,1998,1989,1944,2024,2026,2026,2032,1997,1979,2027,2008,2002,1994,2007,2006,2017,2033,2013,1998,1974,2044,2047,2028,2008,2010,2006,1982,1988,2012
563.576,2589.0,2576,2580,2601,2568,2568,2615,2593,2584,2598,2567,2570,2595,2555,2598,2604,2577,2600,2614,2591,2583,2597,2607,2603,2548,2597,2586,2613,2565,2582,2635
563.921,1924.8,1917,1904,1917,1952,1937,1914,1942,1901,1892,1912,1954,1906,1924,1922,1926,1934,1948,1903,1895,1953,1919,1944,1930,1937,1937,1931,1907,1935,1929,1922
564.266,2401.7,2425,2392,2392,2375,2432,2416,2401,2393,2402,2383,2395,2363,2394,2414,2453,2367,2365,2396,2440,2414,2421,2406,2383,2408,2410,2405,2406,2397,2399,2404
564.611,2446.4,2435,2505,2458,2438,2469,2483,2470,2437,2437,2416,2413,2451,2441,2421,2472,2415,2428,2463,2451,2445,2457,2405,2454,2459,2431,2469,2465,2431,2424,2448
564.957,2239.8,2226,2216,2249,2255,2236,2225,2217,2215,2268,2210,2253,2259,2214,2253,2239,2269,2270,2233,2259,2208,2238,2253,2265,2244,2228,2228,2238,2259,2187,2280
565.302,2049.3,2046,2012,2073,2019,2016,2057,2022,2096,2052,2043,2047,2036,2068,2067,2020,2033,2057,2049,2028,2075,2047,2068,2035,2077,2030,2053,2057,2104,2030,2063
565.647,1934.3,1922,1945,1933,1880,1910,1943,1912,1918,1949,1948,1983,1934,1936,1926,1941,1906,1937,1930,1940,1962,1955,1941,1928,1976,1939,1908,1940,1964,1896,1926
565.993,2209.4,2205,2187,2185,2227,2207,2184,2197,2202,2213,2190,2230,2226,2180,2200,2204,2194,2193,2200,2217,2216,2196,2219,2208,2266,2180,2216,2243,2209,2255,2234
566.338,1973.8,1966,1942,1952,1979,1993,1975,1981,1950,1996,1974,1974,1966,1973,2002,1966,1984,1966,1976,1942,2001,1988,1992,1994,1972,1996,1963,1980,1970,1960,1940
566.684,2441.7,2440,2443,2440,2435,2477,2477,2409,2436,2446,2419,2430,2470,2454,2447,2453,2429,2427,2430,2427,2429,2474,2436,2421,2460,2438,2437,2489,2443,2419,2417
567.029,2332.2,2292,2342,2351,2381,2319,2330,2320,2343,2285,2353,2299,2369,2368,2335,2314,2365,2318,2381,2323,2344,2314,2347,2364,2331,2314,2321,2323,2340,2293,2288
567.375,2167.6,2146,2178,2177,2197,2177,2191,2200,2132,2200,2155,2181,2185,2152,2172,2191,2178,2149,2157,2168,2154,2155,2121,2169,2153,2179,2175,2178,2142,2137,2179
567.720,2111.3,2131,2105,2094,2123,2118,2117,2118,2137,2136,2118,2155,2078,2110,2075,2031,2083,2124,2123,2092,2145,2104,2116,2108,2124,2107,2098,2128,2157,2120,2064
568.066,2025.7,2040,2036,2032,2008,2048,2034,2058,2015,2062,2015,2051,2027,2056,2029,2019,2009,2006,2000,2018,1987,2040,2001,2040,2061,2012,2012,2031,1995,2019,2009
568.411,2184.3,2177,2198,2214,2150,2188,2213,2157,2155,2164,2223,2208,2200,2182,2187,2192,2208,2216,2168,2168,2181,2197,2170,2178,2160,2179,2221,2161,2206,2161,2148
568.757,2345.5,2307,2343,2309,2350,2339,2341,2328,2375,2371,2333,2355,2397,2327,2351,2348,2312,2349,2312,2326,2366,2356,2384,2304,2337,2341,2392,2367,2369,2340,2336
569.102,2122.7,2105,2156,2117,2098,2154,2153,2142,2145,2099,2107,2116,2125,2111,2125,2099,2133,2120,2160,2079,2132,2129,2108,2120,2168,2152,2137,2097,2101,2104,2088
569.448,1961.2,1968,1954,1923,1979,1984,1965,1990,1970,1959,1957,1954,1914,1956,1948,1942,1964,1995,1946,1926,1950,1979,1977,1937,1930,1984,1986,1962,1995,1950,1991
569.794,2254.4,2257,2245,2270,2258,2294,2249,2275,2249,2269,2220,2224,2218,2263,2263,2232,2253,2260,2254,2266,2270,2288,2267,2249,2246,2297,2240,2268,2249,2230,2208
570.139,2339.4,2308,2365,2369,2384,2319,2334,2337,2324,2305,2345,2360,2316,2331,2319,2361,2321,2360,2314,2381,2328,2362,2360,2314,2351,2337,2314,2355,2322,2359,2328
570.485,2043.0,2018,2035,2025,2024,2032,2038,2036,2065,2043,2060,2030,2082,2059,2024,2036,2064,2022,2040,2033,2015,2064,2011,2098,2037,2058,2049,2032,2047,2044,2069
570.831,2413.8,2418,2439,2393,2401,2402,2414,2387,2417,2426,2381,2437,2424,2402,2445,2387,2367,2405,2385,2412,2460,2404,2442,2443,2366,2438,2404,2421,2435,2450,2410
571.177,2384.3,2401,2332,2349,2399,2401,2352,2364,2364,2400,2378,2405,2422,2366,2402,2349,2388,2373,2381,2420,2379,2392,2431,2376,2366,2420,2366,2374,2410,2384,2385
571.522,2475.1,2485,2453,2474,2509,2452,2468,2474,2501,2493,2478,2471,2496,2484,2460,2482,2459,2472,2465,2470,2440,2481,2488,2483,2467,2474,2504,2499,2451,2457,2464
571.868,2051.1,2019,2035,2024,2022,2090,2046,2074,2065,2080,2044,2068,2014,2058,2075,2043,2016,2065,2061,2038,2051,2064,2047,2009,2034,2040,2074,2071,2076,2058,2072
572.214,2121.5,2109,2121,2109,2124,2140,2096,2114,2125,2111,2073,2104,2153,2116,2108,2136,2105,2121,2120,2116,2142,2180,2077,2131,2153,2136,2148,2096,2137,2104,2141
572.560,2198.6,2212,2158,2176,2190,2211,2170,2195,2171,2210,2204,2209,2222,2211,2218,2192,2217,2232,2201,2207,2187,2220,2189,2166,2182,2157,2206,2219,2229,2192,2205
572.906,2175.6,2182,2184,2169,2173,2171,2153,2162,2137,2166,2178,2144,2209,2139,2220,2128,2200,2198,2204,2176,2170,2201,2216,2142,2206,2163,2214,2199,2159,2158,2146
573.252,2239.0,2235,2220,2213,2212,2296,2222,2173,2211,2218,2239,2257,2231,2250,2240,2248,2217,2259,2256,2264,2250,2271,2233,2294,2283,2261,2230,2243,2207,2225,2213
573.598,2231.7,2265,2233,2202,2232,2294,2200,2259,2200,2209,2226,2248,2252,2218,2242,2249,2243,2237,2246,2230,2201,2250,2199,2243,2217,2233,2226,2194,2238,2250,2216
573.944,2303.2,2341,2269,2294,2265,2332,2309,2292,2312,2295,2334,2284,2315,2266,2315,2266,2355,2312,2316,2291,2288,2298,2282,2323,2291,2322,2259,2322,2320,2292,2337
574.290,2137.8,2125,2130,2149,2124,2132,2096,2157,2167,2140,2132,2113,2141,2136,2165,2150,2110,2146,2127,2176,2131,2112,2133,2177,2129,2132,2152,2148,2129,2118,2156
574.636,2334.3,2307,2327,2372,2360,2353,2327,2304,2296,2350,2313,2384,2351,2340,2307,2368,2344,2325,2296,2308,2339,2302,2358,2350,2328,2357,2308,2355,2353,2335,2313
574.982,2045.5,2044,2060,2040,2068,2042,2035,2019,2050,2010,2029,2069,2073,2047,2037,2073,2035,2072,2070,2028,2038,2053,2030,2058,2037,2038,2058,2039,2038,2031,2043
575.328,2381.8,2392,2358,2384,2398,2352,2396,2350,2382,2378,2341,2420,2349,2368,2366,2372,2405,2356,2405,2427,2323,2378,2382,2364,2390,2437,2393,2380,2382,2405,2421
575.674,2123.3,2129,2114,2140,2094,2137,2133,2104,2091,2107,2111,2177,2133,2137,2082,2141,2139,2101,2114,2111,2109,2132,2116,2127,2102,2125,2156,2125,2113,2158,2141
576.020,2248.0,2268,2239,2234,2265,2259,2213,2248,2252,2218,2226,2242,2244,2270,2264,2222,2237,2241,2287,2270,2272,2266,2255,2228,2238,2226,2294,2273,2257,2210,2223
576.366,2258.9,2226,2248,2262,2243,2251,2194,2259,2233,2254,2223,2255,2284,2253,2280,2292,2297,2235,2312,2260,2259,2215,2301,2259,2319,2264,2246,2251,2249,2273,2270
576.712,2561.9,2551,2566,2573,2574,2532,2537,2554,2515,2542,2581,2558,2569,2574,2607,2561,2572,2594,2563,2562,2553,2584,2581,2517,2565,2511,2599,2552,2532,2577,2600
577.058,2477.3,2488,2478,2456,2456,2509,2440,2453,2512,2482,2481,2453,2482,2479,2460,2469,2493,2489,2489,2533,2488,2449,2482,2448,2441,2495,2457,2490,2491,2489,2488
577.405,1976.2,1997,1949,1963,1973,1963,1975,1932,1994,1964,2009,1992,1955,2002,2019,1944,2020,1970,1957,1984,1984,1966,1973,2000,1985,1963,1983,1938,1950,1974,2008
577.751,2109.5,2101,2120,2096,2106,2063,2050,2096,2132,2067,2113,2083,2103,2116,2124,2123,2136,2122,2143,2110,2112,2131,2100,2152,2159,2117,2094,2075,2103,2131,2106
578.097,2348.1,2346,2339,2328,2347,2368,2367,2328,2291,2346,2369,2402,2332,2306,2321,2352,2360,2332,2351,2316,2362,2397,2332,2317,2344,2324,2367,2393,2355,2376,2376
578.444,2362.9,2327,2361,2344,2349,2334,2394,2370,2362,2363,2336,2355,2372,2373,2338,2367,2376,2374,2322,2381,2366,2398,2397,2392,2349,2378,2339,2371,2387,2357,2355
578.790,2109.7,2084,2130,2094,2078,2110,2130,2077,2106,2131,2115,2093,2097,2070,2151,2063,2088,2093,2143,2118,2126,2160,2132,2105,2121,2084,2093,2105,2143,2142,2108
579.136,2243.4,2242,2235,2232,2262,2279,2250,2230,2211,2223,2277,2250,2209,2206,2274,2251,2255,2224,2230,2243,2236,2264,2294,2246,2225,2217,2250,2267,2239,2262,2219
579.483,2373.0,2369,2378,2369,2392,2366,2392,2344,2406,2334,2365,2392,2412,2404,2372,2376,2347,2393,2407,2333,2347,2379,2321,2386,2379,2405,2355,2402,2362,2348,2355
579.829,2088.0,2104,2091,2092,2053,2080,2088,2088,2072,2115,2047,2069,2106,2072,2127,2093,2105,2085,2072,2066,2081,2116,2134,2074,2073,2124,2079,2102,2102,2065,2066
580.176,2186.4,2207,2192,2205,2207,2209,2170,2162,2148,2184,2136,2189,2210,2208,2235,2208,2164,2177,2219,2216,2198,2209,2190,2147,2172,2151,2145,2207,2151,2177,2200
580.522,2261.8,2292,2227,2258,2270,2241,2278,2260,2285,2241,2234,2283,2258,2282,2257,2266,2231,2272,2237,2249,2270,2260,2281,2249,2276,2302,2257,2287,2242,2220,2288
580.868,2215.6,2200,2209,2195,2198,2221,2210,2235,2188,2215,2267,2185,2229,2192,2196,2241,2234,2192,2255,2202,2234,2236,2210,2219,2226,2182,2199,2255,2224,2209,2209
581.215,2342.8,2341,2312,2345,2408,2327,2346,2344,2319,2349,2367,2333,2345,2337,2354,2317,2366,2351,2362,2379,2354,2362,2338,2305,2358,2332,2334,2365,2303,2296,2336
581.562,2178.5,2170,2192,2173,2159,2190,2183,2203,2185,2152,2173,2194,2177,2172,2187,2170,2180,2233,2136,2181,2155,2165,2216,2160,2163,2158,2185,2179,2145,2208,2210
581.908,2072.5,2123,2065,2112,2088,2071,2058,2053,2040,2121,2070,2088,2072,2077,2062,2049,2082,2075,2092,2068,2117,2068,2061,2012,2063,2041,2056,2052,2088,2081,2071
582.255,2186.4,2149,2185,2176,2211,2185,2124,2160,2146,2219,2208,2219,2180,2207,2214,2187,2169,2134,2172,2193,2217,2230,2176,2210,2189,2183,2188,2196,2179,2203,2182
582.601,2026.4,2018,2044,2028,2008,2041,2036,2018,2005,2021,2012,2027,2024,2036,2005,2026,2049,2020,2043,2045,1994,2041,2038,2049,2020,2061,2012,2042,2019,1999,2012
582.948,2148.2,2196,2150,2114,2187,2164,2152,2130,2086,2134,2137,2156,2137,2148,2172,2136,2158,2154,2164,2152,2126,2171,2171,2153,2135,2137,2116,2152,2158,2139,2162
583.295,2067.3,2081,2048,2056,2073,2059,2056,2051,2024,2069,2050,2098,2047,2061,2062,2055,2058,2085,2052,2089,2049,2065,2078,2072,2039,2093,2071,2062,2111,2126,2080
583.641,2093.3,2082,2086,2098,2114,2052,2075,2106,2088,2093,2108,2101,2133,2058,2086,2072,2100,2092,2074,2084,2088,2121,2117,2090,2101,2072,2110,2111,2108,2089,2089
583.988,2478.7,2483,2508,2465,2500,2501,2495,2458,2478,2440,2465,2464,2482,2480,2503,2480,2476,2459,2499,2475,2468,2509,2475,2458,2468,2495,2498,2460,2457,2481,2481
584.335,2143.1,2128,2182,2159,2147,2140,2104,2163,2107,2152,2149,2157,2175,2142,2141,2151,2109,2111,2142,2166,2147,2108,2102,2134,2149,2168,2164,2145,2137,2169,2144
584.681,2286.7,2326,2278,2283,2293,2290,2319,2284,2290,2303,2283,2269,2281,2312,2267,2300,2303,2272,2273,2304,2265,2305,2287,2253,2274,2294,2281,2290,2274,2276,2272
585.028,2081.5,2035,2090,2088,2111,2090,2098,2076,2042,2107,2077,2078,2089,2085,2075,2051,2088,2094,2102,2108,2077,2052,2074,2063,2081,2092,2090,2083,2110,2060,2078
585.375,2062.7,2016,2090,2041,2081,2079,2072,2051,2044,2056,2078,2047,2052,2040,2077,2070,2081,2029,2081,2068,2051,2070,2049,2095,2082,2073,2062,2056,2075,2091,2023
585.722,2229.5,2213,2237,2202,2216,2234,2227,2294,2190,2220,2209,2215,2224,2243,2248,2235,2222,2200,2254,2219,2245,2231,2244,2214,2232,2228,2225,2266,2245,2233,2220
586.069,2337.3,2342,2326,2292,2339,2347,2344,2336,2340,2304,2342,2349,2303,2323,2337,2379,2323,2350,2342,2311,2322,2324,2337,2344,2328,2328,2341,2356,2345,2371,2393
586.416,2146.8,2159,2164,2124,2161,2155,2176,2134,2144,2158,2139,2171,2140,2184,2152,2125,2140,2176,2133,2158,2111,2163,2145,2149,2142,2150,2123,2144,2109,2138,2136
586.763,2241.9,2246,2229,2239,2258,2277,2252,2245,2241,2238,2254,2233,2243,2263,2234,2243,2264,2259,2179,2226,2248,2243,2265,2225,2252,2218,2260,2224,2243,2227,2230
587.110,2414.9,2425,2428,2360,2458,2433,2439,2464,2397,2425,2388,2424,2405,2439,2418,2442,2445,2398,2385,2414,2412,2395,2408,2431,2387,2416,2421,2400,2398,2398,2395
587.457,2251.7,2273,2287,2232,2251,2237,2224,2251,2220,2253,2207,2271,2274,2204,2209,2264,2259,2230,2276,2233,2252,2265,2224,2232,2275,2325,2246,2289,2267,2276,2245
587.804,2062.3,2084,2054,2023,2038,2077,2077,2067,2047,2024,2062,2059,2043,2078,2072,2060,2054,2064,2058,2093,2068,2060,2084,2052,2067,2095,2060,2069,2064,2056,2060
588.151,1941.1,1947,1953,1956,1935,1929,1970,1980,1938,1938,1935,1932,1939,1948,1925,1952,1946,1926,1935,1940,1941,1972,1935,1937,1932,1951,1940,1920,1933,1929,1919
588.498,2442.7,2506,2451,2443,2457,2472,2462,2452,2447,2420,2436,2454,2405,2434,2408,2427,2464,2446,2422,2384,2437,2465,2415,2457,2458,2435,2426,2453,2479,2481,2386
588.845,2281.8,2302,2285,2262,2281,2256,2265,2283,2318,2314,2251,2281,2230,2248,2275,2272,2268,2292,2334,2312,2329,2270,2301,2271,2301,2255,2286,2270,2278,2237,2326
589.192,2262.2,2251,2283,2262,2266,2287,2278,2255,2258,2288,2263,2255,2250,2251,2252,2287,2209,2252,2206,2251,2253,2252,2260,2254,2291,2299,2280,2303,2253,2249,2267
589.539,1955.6,1971,1923,1981,1958,1958,1955,1988,1960,1964,1939,1947,1949,1940,1987,1919,1932,1932,1935,1953,1962,1931,2010,1939,1970,1952,1971,1977,1962,1958,1945
589.886,2215.2,2233,2200,2204,2254,2208,2209,2216,2227,2178,2208,2173,2233,2249,2214,2218,2248,2193,2187,2290,2195,2200,2224,2208,2231,2177,2233,2189,2250,2173,2233
590.233,2069.9,2083,2069,2113,2042,2059,2043,2057,2082,2062,2073,2090,2070,2096,2064,2037,2069,2045,2052,2061,2077,2108,2083,2075,2070,2041,2089,2064,2093,2070,2059
590.580,2082.9,2090,2086,2069,2088,2072,2090,2107,2047,2042,2052,2097,2083,2113,2101,2044,2066,2073,2080,2097,2072,2092,2097,2038,2122,2108,2072,2090,2087,2108,2104
590.928,1983.7,1984,2004,1950,1944,1986,1987,1999,1999,1978,1977,2017,1973,1983,1976,1966,1997,2005,1983,1970,1986,1978,2007,1990,2008,1998,1960,1951,1987,1974,1994
591.275,2134.6,2106,2136,2136,2121,2141,2144,2126,2146,2141,2097,2116,2171,2108,2105,2122,2153,2120,2186,2130,2088,2103,2146,2134,2146,2155,2133,2184,2143,2135,2167
591.622,2072.1,2068,2086,2055,2057,2068,2088,2091,2048,2074,2082,2099,2058,2098,2102,2065,2104,2066,2113,2075,2083,2069,2056,2047,2065,2038,2049,2040,2052,2068,2100
591.969,2280.1,2268,2289,2274,2310,2301,2247,2258,2310,2341,2285,2271,2245,2281,2276,2250,2281,2270,2258,2316,2304,2285,2285,2275,2290,2267,2283,2290,2288,2256,2248
592.317,1995.8,1946,1989,2021,1980,1963,1996,1961,2006,2017,1965,2048,1990,1994,1997,1948,1990,2037,1991,2010,2009,2003,1986,1976,1992,2023,1976,2024,2000,2032,2004
592.664,2233.7,2182,2224,2243,2234,2271,2267,2198,2250,2256,2206,2238,2224,2232,2264,2230,2211,2255,2246,2207,2251,2244,2269,2196,2230,2184,2223,2247,2245,2252,2233
593.011,2754.9,2818,2772,2760,2740,2738,2742,2777,2745,2767,2774,2765,2800,2771,2735,2728,2755,2721,2715,2761,2725,2754,2773,2790,2742,2750,2729,2726,2762,2784,2728
593.359,2237.7,2246,2202,2255,2244,2259,2250,2212,2261,2219,2247,2276,2213,2253,2241,2208,2240,2248,2204,2225,2270,2210,2258,2233,2238,2249,2247,2198,2241,2224,2260
593.706,2170.7,2141,2139,2196,2173,2171,2162,2147,2163,2161,2205,2176,2207,2165,2161,2162,2165,2170,2164,2170,2144,2188,2206,2176,2199,2188,2178,2156,2181,2142,2164
594.054,2246.2,2243,2270,2245,2238,2236,2242,2217,2226,2242,2276,2255,2277,2216,2218,2268,2222,2294,2250,2252,2236,2229,2238,2237,2245,2240,2230,2266,2278,2250,2251
594.401,2155.8,2165,2137,2135,2150,2138,2118,2130,2177,2129,2170,2137,2143,2180,2163,2169,2171,2160,2176,2173,2147,2164,2189,2140,2166,2136,2176,2100,2173,2171,2191
594.749,2229.3,2267,2215,2189,2208,2200,2243,2210,2230,2223,2206,2244,2249,2198,2267,2227,2207,2274,2227,2213,2277,2196,2232,2204,2247,2231,2240,2241,2284,2213,2217
595.096,2253.2,2274,2266,2238,2241,2273,2233,2250,2246,2278,2280,2235,2260,2230,2223,2249,2257,2262,2253,2305,2292,2254,2233,2236,2259,2224,2226,2264,2211,2268,2277
595.444,2342.0,2345,2341,2368,2328,2360,2333,2326,2313,2316,2322,2314,2329,2378,2379,2354,2335,2403,2348,2341,2351,2363,2283,2324,2340,2328,2353,2303,2335,2372,2375
595.791,2199.7,2200,2198,2217,2211,2212,2203,2174,2219,2213,2211,2170,2190,2186,2185,2186,2211,2179,2203,2217,2183,2188,2195,2192,2214,2208,2228,2162,2220,2216,2201
596.139,2527.9,2552,2541,2499,2527,2569,2523,2543,2513,2543,2529,2553,2510,2547,2511,2536,2513,2498,2538,2566,2518,2504,2524,2514,2508,2501,2570,2453,2554,2533,2547
596.486,2158.3,2172,2161,2153,2116,2168,2139,2187,2164,2162,2153,2184,2164,2148,2193,2145,2169,2162,2160,2168,2134,2158,2130,2159,2218,2127,2161,2132,2163,2157,2143
596.834,2086.9,2039,2056,2089,2093,2093,2110,2088,2101,2093,2120,2094,2106,2036,2097,2084,2085,2119,2095,2079,2110,2073,2085,2047,2078,2082,2119,2090,2085,2101,2060
597.182,1949.3,1944,1950,1968,1944,1956,1918,1973,1923,1969,1951,1954,1970,1902,1955,1951,1956,1961,1941,1963,1916,1970,1958,1942,1948,1979,1923,1967,1960,1970,1897
597.529,2301.5,2313,2303,2322,2292,2330,2303,2328,2291,2286,2324,2325,2259,2288,2277,2280,2323,2343,2273,2335,2330,2356,2288,2262,2308,2280,2272,2294,2296,2281,2283
597.877,2158.9,2176,2144,2143,2125,2173,2165,2148,2198,2162,2105,2146,2114,2159,2168,2208,2211,2152,2156,2134,2180,2182,2156,2125,2195,2143,2164,2170,2168,2145,2152
598.225,2150.5,2146,2139,2161,2198,2146,2116,2137,2133,2143,2132,2131,2093,2141,2124,2151,2185,2147,2155,2168,2154,2150,2187,2149,2192,2165,2143,2151,2142,2169,2166
598.573,1988.8,2035,1996,1968,1985,1957,1969,1971,1975,1976,1977,2015,1971,1972,1979,1993,1994,2011,2006,1979,2018,2007,1971,1992,1977,2025,1998,1967,1993,1992,1995
598.920,2431.6,2366,2468,2446,2402,2402,2393,2433,2446,2432,2404,2507,2428,2464,2428,2416,2403,2413,2484,2433,2413,2436,2426,2444,2409,2467,2408,2433,2470,2430,2443
599.268,2184.1,2181,2180,2193,2172,2146,2161,2216,2194,2173,2181,2186,2140,2209,2179,2216,2203,2209,2194,2172,2160,2163,2169,2239,2215,2165,2173,2205,2179,2173,2177
599.616,1990.2,1968,1963,2003,1988,2015,1997,1976,2013,2013,1989,1969,1977,1985,2004,2014,2013,1986,1968,2026,1993,2005,1993,1955,1970,1982,2007,1983,2001,1957,1992
599.964,2168.1,2175,2190,2136,2118,2175,2175,2169,2208,2181,2178,2189,2104,2176,2161,2163,2136,2181,2168,2154,2171,2181,2148,2174,2196,2187,2182,2175,2179,2172,2141
600.312,1960.5,1996,1949,1899,1933,1945,1963,1993,1964,1987,1960,1990,1951,1953,1969,2003,1944,1992,1890,1985,1956,1936,1974,1967,1997,1934,1967,1920,1947,1972,1979
600.660,2055.7,2081,2029,2098,2061,2023,2094,2057,2027,2046,2016,2071,2033,2029,2031,2046,2073,2101,2064,2054,2025,2036,2046,2081,2050,2076,2052,2037,2088,2065,2080
601.008,2115.2,2106,2154,2137,2079,2114,2094,2110,2113,2095,2111,2115,2092,2112,2120,2159,2126,2093,2150,2082,2116,2084,2101,2135,2149,2055,2115,2123,2121,2144,2151
601.356,2260.6,2245,2245,2275,2256,2255,2277,2255,2300,2288,2272,2265,2246,2264,2285,2272,2256,2244,2267,2270,2279,2237,2240,2213,2259,2283,2281,2232,2255,2229,2273
601.704,1827.2,1804,1828,1872,1821,1817,1835,1804,1816,1816,1837,1806,1810,1811,1873,1851,1792,1844,1833,1824,1830,1829,1800,1807,1860,1802,1885,1805,1866,1822,1817
602.052,2117.8,2117,2123,2110,2134,2103,2117,2110,2113,2155,2154,2125,2080,2124,2105,2120,2127,2121,2137,2112,2092,2123,2138,2120,2110,2134,2102,2102,2131,2081,2113
602.400,2143.5,2147,2180,2143,2125,2129,2137,2165,2123,2102,2141,2122,2110,2160,2153,2159,2147,2176,2179,2109,2132,2125,2154,2133,2137,2146,2180,2132,2141,2188,2130
602.748,2489.8,2464,2505,2470,2483,2467,2471,2468,2502,2529,2547,2455,2502,2497,2483,2528,2496,2476,2523,2496,2466,2527,2464,2530,2496,2461,2518,2468,2456,2450,2497
603.096,2056.9,2074,2014,2093,2079,2062,2047,2032,2031,2095,2037,2047,2110,2041,2080,2028,2070,2061,2087,2042,2044,2033,2024,2057,2061,2056,2074,2043,2050,2069,2065
603.444,2034.6,2038,2051,2021,2050,2014,2049,2051,2064,2012,2006,2016,1993,2084,2028,2019,2056,2036,2042,2017,2009,2006,2060,2066,2045,2013,2033,2020,2048,2037,2055
603.792,2293.5,2287,2274,2315,2328,2306,2307,2276,2301,2253,2320,2338,2299,2308,2268,2274,2262,2298,2286,2298,2291,2244,2328,2280,2296,2273,2320,2262,2347,2300,2265
604.140,2129.3,2111,2078,2128,2136,2147,2130,2132,2144,2134,2125,2145,2120,2116,2122,2132,2138,2141,2138,2139,2125,2150,2124,2120,2129,2115,2125,2170,2134,2104,2128
604.488,2229.8,2220,2229,2206,2248,2238,2248,2236,2216,2233,2233,2250,2237,2196,2246,2214,2252,2241,2202,2224,2258,2187,2253,2226,2223,2219,2227,2181,2254,2255,2243
604.836,2165.4,2152,2167,2208,2188,2196,2130,2164,2162,2148,2145,2144,2105,2193,2174,2164,2151,2232,2186,2184,2163,2149,2174,2166,2133,2168,2181,2154,2151,2177,2152
605.185,2147.2,2146,2131,2124,2171,2156,2150,2151,2182,2144,2114,2120,2149,2122,2171,2155,2145,2119,2139,2118,2145,2173,2161,2182,2144,2150,2182,2116,2159,2150,2146
605.533,2335.2,2323,2344,2339,2352,2308,2321,2310,2345,2322,2331,2344,2338,2350,2335,2347,2312,2360,2325,2321,2328,2353,2364,2338,2327,2314,2310,2332,2372,2337,2353
605.881,2111.8,2123,2126,2108,2107,2100,2092,2104,2125,2089,2113,2150,2093,2114,2080,2158,2130,2103,2090,2107,2104,2105,2141,2107,2082,2122,2124,2101,2136,2108,2113
606.230,2384.0,2384,2403,2407,2390,2407,2387,2364,2386,2377,2358,2362,2384,2368,2386,2376,2383,2374,2399,2383,2404,2395,2396,2387,2384,2390,2369,2373,2382,2375,2388
606.578,2344.7,2382,2304,2356,2346,2290,2327,2342,2377,2346,2344,2368,2325,2325,2355,2339,2364,2336,2368,2364,2367,2343,2390,2315,2333,2347,2297,2337,2333,2349,2371
606.926,2258.6,2273,2247,2303,2256,2252,2254,2312,2245,2258,2244,2287,2269,2267,2253,2245,2237,2241,2285,2250,2239,2248,2268,2269,2228,2263,2268,2264,2249,2228,2257
607.275,2350.6,2397,2369,2326,2362,2330,2351,2350,2343,2373,2319,2368,2354,2347,2337,2322,2300,2402,2379,2376,2334,2322,2361,2346,2348,2352,2349,2398,2334,2333,2336
607.623,2263.4,2237,2237,2283,2243,2273,2264,2281,2262,2290,2253,2265,2267,2261,2245,2254,2198,2284,2290,2252,2243,2253,2254,2285,2281,2234,2293,2261,2305,2260,2293
607.971,1955.2,1949,1960,1993,1921,1968,1952,1953,1972,1966,1992,1945,1961,1935,1941,1921,1958,1962,1949,1954,1977,1981,1957,1909,1914,1981,1960,1945,1944,1945,1990
608.320,2572.0,2563,2569,2579,2578,2587,2569,2531,2580,2582,2592,2572,2545,2551,2565,2541,2536,2627,2570,2559,2548,2600,2592,2573,2585,2517,2615,2590,2597,2598,2549
608.668,2223.3,2249,2222,2218,2219,2197,2207,2216,2228,2230,2225,2241,2210,2195,2211,2205,2232,2230,2238,2223,2219,2245,2226,2208,2209,2253,2256,2205,2270,2208,2204
609.017,2377.1,2389,2345,2368,2387,2412,2360,2342,2337,2365,2346,2353,2363,2390,2407,2355,2364,2434,2389,2428,2367,2372,2366,2335,2410,2433,2399,2393,2377,2379,2347
609.365,2363.7,2338,2356,2373,2397,2345,2361,2360,2392,2356,2368,2327,2357,2312,2418,2344,2373,2362,2401,2359,2334,2370,2372,2345,2389,2370,2378,2356,2380,2365,2353
609.714,1990.0,1972,1999,1976,1936,1926,1998,1967,1992,2024,2005,1975,2014,1948,1988,2012,1979,1989,2022,1996,2021,2006,1997,1990,2008,2025,1996,1994,1980,2027,1937
610.062,2222.5,2204,2223,2228,2203,2184,2194,2233,2222,2218,2223,2200,2248,2238,2267,2230,2233,2231,2216,2253,2200,2260,2199,2244,2230,2219,2232,2232,2200,2225,2187
610.411,1947.6,1924,1959,1920,1943,1955,1979,1947,1938,1958,1983,1953,1948,1911,1968,1935,1911,1964,1935,1931,1944,1964,1946,1935,1977,1963,1938,1961,1963,1937,1937
610.760,2129.7,2142,2139,2113,2152,2109,2163,2114,2120,2154,2136,2139,2151,2148,2170,2088,2141,2137,2116,2125,2138,2136,2109,2144,2149,2124,2115,2132,2114,2099,2074
611.108,2055.8,2038,2034,2078,2059,2018,2073,2070,2052,2053,2058,2071,2043,2066,2038,2084,2032,2055,2069,2058,2052,2030,2082,2068,2065,2063,2082,2012,2068,2036,2066
611.457,2167.3,2184,2137,2183,2130,2122,2169,2189,2170,2153,2164,2157,2153,2126,2153,2181,2168,2203,2164,2184,2188,2182,2165,2152,2143,2168,2166,2231,2175,2178,2181
611.805,2416.0,2410,2453,2403,2344,2407,2403,2388,2431,2424,2450,2383,2409,2445,2427,2436,2399,2429,2408,2445,2399,2390,2422,2464,2372,2410,2396,2425,2449,2422,2438
612.154,2252.3,2224,2249,2236,2232,2235,2254,2276,2302,2237,2275,2282,2233,2280,2227,2228,2221,2281,2281,2275,2247,2243,2221,2265,2256,2261,2245,2280,2232,2261,2230
612.503,2504.2,2495,2455,2486,2495,2492,2544,2500,2519,2508,2532,2497,2501,2506,2517,2514,2465,2489,2505,2519,2467,2549,2529,2524,2511,2470,2501,2480,2551,2528,2476
612.852,2311.2,2302,2303,2338,2328,2306,2266,2322,2317,2308,2303,2358,2285,2294,2360,2296,2315,2306,2261,2321,2311,2303,2341,2314,2305,2348,2338,2289,2297,2308,2292
613.200,2348.5,2392,2312,2371,2353,2322,2320,2354,2315,2381,2321,2350,2336,2379,2358,2376,2321,2331,2347,2346,2357,2336,2348,2308,2316,2360,2363,2359,2402,2398,2322
613.549,2351.5,2321,2347,2360,2337,2364,2344,2333,2348,2341,2355,2360,2362,2331,2365,2345,2354,2311,2345,2380,2351,2336,2373,2381,2332,2369,2334,2342,2375,2379,2369
613.898,2314.0,2328,2281,2305,2301,2331,2319,2281,2325,2310,2307,2330,2301,2311,2342,2313,2319,2351,2298,2375,2315,2277,2274,2308,2329,2325,2324,2274,2355,2322,2290
614.247,2393.1,2392,2390,2411,2357,2392,2408,2436,2360,2404,2401,2377,2373,2405,2416,2408,2373,2395,2390,2391,2393,2397,2412,2330,2384,2407,2413,2392,2410,2389,2386
614.596,2263.3,2305,2256,2261,2253,2284,2249,2247,2270,2249,2281,2275,2248,2242,2280,2261,2276,2227,2270,2245,2233,2285,2222,2230,2270,2300,2273,2268,2280,2272,2288
614.945,2303.3,2318,2296,2303,2319,2332,2313,2289,2250,2286,2311,2323,2296,2299,2270,2344,2267,2289,2333,2301,2331,2292,2300,2314,2247,2322,2305,2309,2307,2297,2336
615.294,2205.9,2199,2182,2198,2185,2217,2191,2182,2230,2214,2230,2181,2200,2224,2187,2201,2252,2224,2182,2197,2249,2256,2156,2197,2222,2218,2188,2213,2239,2178,2184
615.642,2270.9,2302,2245,2282,2301,2274,2286,2269,2246,2274,2271,2271,2226,2262,2243,2300,2262,2300,2257,2280,2251,2254,2277,2283,2277,2266,2277,2266,2321,2237,2268
615.991,2681.7,2673,2694,2658,2699,2639,2637,2691,2724,2672,2690,2658,2691,2724,2674,2693,2701,2658,2720,2706,2678,2659,2652,2675,2654,2638,2707,2665,2737,2698,2686
616.340,2178.6,2205,2155,2188,2142,2193,2190,2164,2206,2176,2191,2190,2174,2173,2196,2143,2155,2216,2175,2184,2160,2161,2179,2187,2181,2159,2232,2181,2139,2182,2180
616.689,2100.3,2093,2118,2115,2112,2129,2076,2086,2089,2097,2096,2123,2104,2093,2123,2092,2110,2109,2106,2089,2072,2092,2082,2121,2141,2090,2064,2092,2116,2090,2089
617.038,2399.6,2415,2386,2438,2415,2400,2410,2421,2422,2386,2424,2420,2332,2421,2399,2396,2363,2381,2386,2374,2382,2384,2417,2399,2382,2417,2402,2412,2420,2424,2360
617.387,2216.1,2200,2218,2193,2236,2188,2231,2222,2193,2215,2232,2227,2211,2204,2173,2252,2217,2210,2226,2232,2224,2184,2197,2239,2222,2169,2232,2259,2252,2211,2215
617.737,2377.9,2368,2349,2415,2401,2405,2380,2367,2367,2360,2375,2429,2403,2377,2366,2364,2382,2414,2356,2355,2382,2357,2376,2372,2357,2361,2360,2364,2398,2366,2412
618.086,2189.4,2204,2185,2204,2189,2213,2195,2189,2195,2196,2170,2211,2173,2200,2184,2173,2171,2205,2170,2185,2168,2185,2185,2170,2182,2188,2198,2215,2186,2214,2179
618.435,2366.6,2378,2366,2378,2354,2371,2344,2374,2346,2331,2376,2383,2362,2366,2360,2361,2355,2372,2401,2363,2332,2360,2337,2365,2395,2383,2410,2363,2363,2351,2399
618.784,2382.3,2424,2379,2386,2364,2381,2415,2410,2375,2394,2383,2409,2386,2365,2338,2380,2437,2370,2380,2360,2356,2391,2321,2388,2376,2394,2339,2382,2394,2408,2383
619.133,2102.3,2152,2058,2134,2056,2083,2105,2110,2138,2100,2100,2131,2147,2073,2106,2144,2081,2073,2122,2095,2107,2080,2071,2100,2084,2106,2092,2105,2092,2135,2088
619.482,2226.9,2230,2187,2236,2222,2203,2235,2218,2220,2222,2264,2227,2199,2273,2221,2246,2220,2256,2257,2253,2220,2221,2215,2248,2200,2156,2204,2259,2232,2206,2256
619.832,2084.1,2088,2064,2082,2080,2095,2085,2078,2084,2063,2063,2064,2095,2077,2072,2108,2099,2110,2084,2086,2129,2083,2095,2106,2085,2066,2060,2093,2085,2076,2069
620.181,2071.9,2068,2056,2054,2072,2084,2077,2084,2137,2077,2050,2089,2065,2085,2077,2107,2058,2086,2053,2091,2075,2051,2058,2064,2056,2066,2045,2064,2050,2101,2058
620.530,2427.7,2433,2440,2384,2433,2410,2432,2407,2416,2462,2433,2440,2434,2417,2435,2427,2430,2451,2453,2390,2431,2441,2429,2426,2408,2410,2416,2430,2446,2428,2438
620.879,2363.4,2386,2348,2369,2348,2357,2401,2349,2357,2344,2392,2350,2338,2345,2368,2365,2371,2354,2384,2379,2332,2361,2352,2361,2369,2377,2361,2371,2372,2364,2378
621.229,2121.2,2118,2124,2128,2140,2173,2110,2144,2111,2096,2114,2136,2117,2112,2114,2129,2136,2099,2153,2102,2131,2083,2114,2103,2141,2105,2116,2131,2136,2116,2103
621.578,2715.4,2752,2750,2720,2706,2675,2723,2715,2737,2717,2723,2690,2671,2778,2682,2719,2698,2700,2671,2732,2737,2743,2678,2737,2720,2669,2688,2705,2725,2771,2729
621.927,2404.8,2433,2402,2396,2413,2418,2424,2395,2430,2386,2400,2386,2440,2412,2377,2411,2399,2370,2428,2423,2421,2380,2384,2394,2438,2412,2392,2390,2408,2361,2420
622.277,2088.4,2091,2093,2091,2097,2059,2081,2124,2101,2085,2081,2081,2074,2088,2072,2073,2086,2046,2105,2072,2111,2077,2101,2114,2078,2064,2094,2096,2088,2138,2091
622.626,2167.8,2182,2171,2200,2156,2155,2168,2150,2185,2165,2180,2172,2156,2176,2182,2152,2154,2148,2152,2190,2181,2199,2125,2158,2162,2132,2172,2189,2138,2214,2169
622.975,2151.0,2155,2146,2134,2152,2148,2172,2129,2148,2169,2136,2172,2163,2145,2169,2162,2124,2158,2154,2150,2123,2142,2121,2165,2146,2154,2175,2111,2140,2147,2221
623.325,2199.2,2207,2165,2205,2158,2225,2170,2202,2166,2181,2229,2209,2241,2177,2209,2165,2198,2191,2193,2217,2234,2213,2179,2198,2194,2211,2185,2227,2212,2189,2226
623.674,2235.3,2200,2204,2217,2252,2207,2246,2212,2272,2215,2241,2211,2260,2246,2255,2234,2250,2240,2247,2273,2269,2239,2230,2235,2222,2200,2229,2183,2276,2250,2245
624.024,2586.7,2587,2649,2525,2612,2584,2578,2586,2610,2618,2605,2606,2598,2593,2556,2591,2609,2596,2552,2553,2566,2588,2550,2625,2619,2564,2554,2574,2550,2591,2612
624.373,2338.8,2351,2301,2361,2264,2353,2328,2347,2326,2358,2379,2328,2337,2326,2354,2345,2353,2319,2310,2376,2348,2326,2328,2313,2376,2300,2341,2361,2328,2356,2371
624.723,2351.8,2368,2343,2390,2336,2381,2377,2346,2327,2340,2377,2340,2366,2388,2350,2344,2376,2335,2367,2373,2370,2363,2328,2373,2322,2265,2351,2377,2292,2353,2336
625.072,2293.7,2285,2304,2284,2309,2279,2279,2302,2303,2268,2315,2344,2287,2324,2270,2256,2301,2295,2289,2323,2309,2314,2269,2310,2331,2292,2265,2322,2283,2252,2246
625.422,2055.4,2009,2047,2054,2051,2061,2054,2043,2088,2046,2065,2078,2067,2050,2052,2096,2062,2109,2036,2037,2042,2072,2045,2050,2088,2042,2051,2023,2048,2041,2054
625.772,2231.0,2228,2227,2254,2218,2218,2254,2220,2236,2263,2248,2229,2221,2191,2223,2214,2243,2298,2221,2237,2226,2183,2229,2186,2262,2199,2223,2218,2288,2243,2230
626.121,2168.4,2209,2163,2205,2189,2177,2151,2151,2186,2161,2155,2145,2162,2142,2188,2152,2177,2174,2157,2155,2175,2173,2156,2161,2171,2177,2164,2173,2167,2153,2183
626.471,2326.6,2316,2330,2330,2333,2309,2314,2340,2334,2322,2343,2298,2337,2350,2310,2331,2329,2352,2305,2323,2336,2327,2341,2369,2310,2312,2294,2328,2321,2351,2304
626.821,2319.1,2344,2316,2319,2307,2266,2317,2344,2356,2324,2302,2316,2337,2303,2326,2325,2346,2337,2345,2339,2337,2294,2338,2347,2328,2297,2290,2271,2305,2269,2327
627.170,2190.8,2194,2245,2191,2166,2195,2203,2182,2184,2171,2187,2211,2199,2153,2182,2178,2223,2174,2196,2200,2196,2177,2202,2212,2181,2175,2192,2187,2191,2198,2179
627.520,2094.0,2102,2097,2066,2133,2101,2100,2078,2093,2100,2082,2071,2093,2099,2137,2047,2087,2096,2096,2094,2080,2098,2041,2105,2133,2110,2059,2119,2095,2110,2099
627.870,2416.3,2415,2393,2463,2405,2429,2424,2411,2419,2439,2462,2403,2424,2395,2399,2413,2420,2458,2435,2427,2371,2408,2388,2403,2407,2387,2415,2411,2440,2406,2418
628.220,2195.2,2190,2216,2202,2212,2196,2217,2197,2176,2185,2231,2180,2177,2197,2190,2168,2184,2199,2218,2171,2171,2201,2200,2175,2202,2166,2226,2187,2206,2211,2205
628.569,2241.6,2259,2251,2259,2209,2213,2237,2264,2261,2255,2248,2257,2251,2241,2271,2250,2241,2218,2211,2236,2214,2243,2259,2268,2257,2200,2232,2233,2226,2253,2230
628.919,2343.4,2354,2323,2348,2327,2354,2364,2343,2312,2323,2354,2354,2355,2370,2369,2338,2359,2312,2352,2306,2321,2310,2382,2345,2357,2334,2349,2324,2328,2392,2344
629.269,2308.6,2294,2351,2309,2266,2329,2301,2312,2340,2275,2317,2283,2302,2270,2289,2302,2314,2272,2292,2325,2330,2341,2276,2334,2322,2298,2329,2344,2302,2331,2308
629.619,2307.4,2288,2328,2328,2307,2297,2321,2337,2332,2318,2325,2329,2289,2318,2344,2295,2306,2326,2311,2274,2301,2316,2297,2291,2311,2306,2296,2293,2257,2281,2301
629.969,2411.5,2390,2392,2422,2433,2400,2401,2392,2353,2437,2395,2436,2436,2441,2394,2412,2428,2403,2415,2411,2392,2431,2412,2415,2438,2402,2402,2411,2384,2443,2425
630.319,2297.6,2275,2275,2260,2312,2329,2286,2323,2317,2278,2329,2302,2304,2278,2265,2288,2309,2294,2273,2282,2270,2285,2309,2318,2312,2276,2337,2298,2324,2335,2285
630.669,2205.4,2242,2204,2201,2230,2174,2209,2206,2246,2249,2202,2236,2170,2178,2160,2237,2233,2180,2223,2222,2187,2204,2206,2227,2203,2225,2162,2184,2180,2162,2219
631.019,2109.8,2102,2116,2122,2098,2143,2102,2109,2108,2113,2094,2111,2127,2117,2110,2086,2131,2094,2075,2101,2076,2154,2085,2111,2079,2150,2142,2098,2108,2120,2111
631.368,2312.2,2259,2341,2322,2289,2302,2303,2313,2341,2332,2288,2277,2333,2309,2354,2304,2335,2341,2289,2278,2329,2335,2311,2263,2297,2323,2303,2325,2338,2327,2305
631.718,2464.6,2445,2444,2509,2449,2481,2472,2448,2451,2433,2444,2508,2494,2462,2459,2457,2473,2480,2491,2478,2436,2461,2417,2449,2473,2444,2472,2501,2497,2454,2455
632.068,2275.8,2276,2256,2301,2283,2271,2293,2289,2285,2253,2252,2309,2279,2277,2218,2291,2274,2290,2305,2293,2291,2260,2290,2250,2269,2248,2251,2248,2322,2294,2256
632.419,2384.6,2362,2389,2376,2384,2361,2398,2406,2387,2395,2358,2353,2400,2399,2409,2370,2398,2385,2393,2397,2385,2392,2394,2382,2402,2368,2372,2380,2403,2340,2401
632.769,2081.7,2056,2072,2064,2077,2065,2085,2123,2063,2075,2058,2105,2073,2086,2099,2081,2097,2073,2077,2062,2100,2078,2101,2115,2060,2069,2083,2076,2085,2089,2104
633.119,2234.4,2249,2232,2232,2238,2220,2192,2217,2210,2239,2250,2227,2224,2242,2259,2239,2231,2255,2217,2251,2238,2214,2251,2241,2244,2236,2218,2247,2245,2230,2243
633.469,2499.1,2491,2473,2501,2479,2465,2485,2462,2505,2525,2479,2490,2520,2521,2532,2509,2486,2484,2492,2524,2488,2484,2481,2479,2549,2525,2516,2526,2525,2453,2524
633.819,2259.2,2230,2276,2259,2255,2246,2288,2269,2211,2262,2275,2256,2225,2235,2247,2271,2257,2266,2232,2264,2293,2297,2246,2260,2267,2258,2275,2236,2242,2270,2307
634.169,2235.2,2205,2232,2246,2236,2259,2260,2248,2220,2257,2250,2220,2216,2228,2250,2172,2255,2267,2234,2221,2208,2252,2255,2220,2197,2243,2227,2280,2252,2214,2233
634.519,2485.0,2493,2465,2445,2501,2472,2523,2506,2497,2479,2456,2461,2468,2462,2437,2499,2498,2466,2474,2504,2467,2504,2486,2529,2477,2495,2477,2512,2499,2500,2499
634.869,2144.2,2128,2125,2132,2156,2132,2172,2128,2130,2131,2146,2116,2149,2131,2174,2164,2146,2110,2158,2176,2125,2162,2154,2138,2133,2140,2154,2172,2101,2185,2159
635.220,2503.9,2539,2546,2488,2472,2512,2490,2510,2497,2504,2497,2506,2508,2512,2509,2496,2488,2512,2502,2523,2480,2515,2499,2465,2514,2479,2544,2483,2528,2460,2539
635.570,2354.0,2328,2376,2345,2322,2342,2333,2348,2336,2388,2353,2345,2321,2378,2379,2363,2360,2400,2337,2377,2365,2332,2326,2341,2336,2371,2358,2376,2314,2402,2367
635.920,2090.3,2089,2055,2099,2085,2090,2086,2091,2070,2102,2094,2082,2096,2096,2126,2084,2121,2099,2055,2111,2056,2120,2048,2112,2093,2100,2072,2106,2101,2076,2095
636.270,2885.3,2879,2878,2846,2907,2891,2864,2875,2923,2893,2906,2888,2840,2865,2913,2905,2908,2862,2895,2850,2863,2906,2886,2873,2866,2936,2903,2877,2856,2902,2904
636.621,2497.5,2494,2518,2460,2492,2508,2515,2489,2519,2494,2497,2447,2475,2503,2441,2522,2493,2520,2486,2485,2517,2452,2539,2468,2507,2493,2517,2522,2504,2516,2533
636.971,2553.6,2560,2546,2538,2562,2572,2567,2572,2543,2561,2548,2532,2493,2506,2536,2574,2569,2552,2584,2593,2526,2537,2575,2529,2540,2561,2609,2571,2552,2577,2522
637.321,2325.3,2384,2331,2338,2328,2328,2341,2318,2335,2328,2291,2320,2333,2307,2317,2307,2357,2305,2348,2300,2343,2349,2331,2331,2314,2282,2346,2339,2288,2312,2309
637.672,2144.4,2159,2126,2136,2116,2158,2149,2126,2159,2157,2168,2143,2158,2113,2085,2167,2155,2132,2154,2165,2165,2133,2130,2145,2155,2142,2148,2160,2134,2110,2184
638.022,2115.2,2127,2091,2080,2095,2162,2112,2115,2108,2093,2114,2099,2138,2086,2113,2145,2129,2117,2117,2135,2108,2150,2117,2112,2104,2115,2103,2127,2079,2114,2152
638.373,2080.7,2096,2076,2129,2099,2097,2062,2046,2072,2098,2036,2090,2053,2108,2042,2050,2091,2111,2059,2085,2074,2082,2105,2090,2136,2081,2075,2052,2051,2093,2082
638.723,2363.7,2335,2349,2360,2382,2367,2387,2345,2344,2374,2354,2355,2338,2344,2353,2333,2316,2378,2369,2347,2347,2412,2362,2392,2393,2379,2360,2420,2330,2400,2386
639.073,2458.8,2476,2447,2456,2516,2431,2449,2467,2451,2478,2440,2453,2464,2483,2474,2472,2460,2472,2458,2438,2460,2475,2416,2441,2443,2450,2464,2459,2461,2438,2472
639.424,2640.4,2659,2630,2700,2594,2624,2648,2626,2639,2624,2619,2622,2648,2673,2626,2633,2645,2654,2621,2641,2648,2610,2655,2592,2663,2630,2669,2678,2648,2653,2640
639.774,2182.5,2205,2205,2191,2167,2198,2207,2153,2167,2166,2204,2158,2218,2174,2152,2200,2216,2180,2203,2191,2149,2179,2156,2175,2180,2178,2176,2182,2178,2186,2180
640.125,2382.1,2362,2396,2382,2418,2402,2377,2383,2394,2392,2367,2397,2372,2429,2344,2394,2338,2417,2380,2357,2402,2379,2396,2349,2376,2386,2376,2381,2363,2374,2381
640.476,2614.7,2629,2633,2591,2611,2656,2634,2613,2600,2643,2583,2648,2620,2619,2584,2637,2641,2591,2569,2601,2573,2615,2600,2638,2625,2608,2614,2666,2596,2574,2629
640.826,2312.1,2301,2341,2294,2286,2303,2333,2362,2336,2275,2313,2286,2338,2284,2325,2306,2306,2348,2328,2304,2281,2288,2290,2339,2336,2291,2324,2283,2302,2330,2331
641.177,2037.0,2027,2060,2042,2021,2034,2035,2075,2031,2060,2040,2022,2067,2040,2051,2016,2019,2038,2029,2024,2038,2045,2054,2011,2050,2021,2034,2071,1994,2020,2040
641.527,2414.3,2424,2408,2411,2370,2414,2426,2377,2447,2417,2394,2414,2450,2426,2419,2412,2456,2374,2413,2402,2402,2444,2417,2423,2370,2406,2407,2424,2422,2417,2444
641.878,2313.6,2324,2349,2286,2299,2320,2312,2293,2354,2309,2300,2298,2312,2345,2331,2305,2332,2326,2313,2319,2294,2264,2291,2315,2317,2333,2340,2280,2273,2341,2334
642.229,2359.0,2319,2392,2361,2344,2356,2317,2328,2396,2404,2362,2381,2364,2344,2349,2366,2348,2387,2378,2319,2358,2365,2361,2351,2328,2364,2383,2356,2377,2330,2381
642.579,2266.8,2265,2296,2279,2222,2266,2263,2292,2277,2262,2258,2267,2270,2239,2292,2236,2253,2204,2297,2264,2252,2252,2278,2255,2297,2278,2304,2302,2255,2255,2273
642.930,3014.9,3008,3019,3024,3001,3006,3014,3004,3020,3016,3058,2985,3059,3024,2999,3030,3019,3046,3002,2961,2964,3016,2989,2979,3045,3035,3023,2971,3046,3044,3039
643.281,2354.8,2365,2349,2372,2334,2379,2392,2391,2354,2347,2336,2373,2377,2349,2371,2346,2329,2384,2382,2394,2360,2346,2323,2280,2342,2372,2346,2373,2320,2340,2319
643.631,2428.2,2394,2414,2421,2421,2417,2406,2434,2429,2462,2430,2454,2430,2456,2435,2371,2418,2446,2454,2466,2411,2401,2399,2424,2401,2455,2433,2462,2453,2403,2446
643.982,2729.6,2717,2758,2747,2720,2729,2695,2742,2755,2676,2744,2767,2755,2697,2740,2731,2734,2699,2731,2747,2751,2756,2718,2699,2745,2724,2732,2725,2736,2690,2729
644.333,2609.7,2604,2616,2632,2593,2655,2586,2618,2583,2598,2635,2635,2639,2607,2603,2576,2638,2584,2605,2588,2596,2611,2600,2610,2598,2607,2605,2610,2636,2584,2639
644.684,2478.2,2522,2495,2446,2473,2497,2480,2502,2423,2466,2508,2465,2484,2481,2522,2475,2475,2460,2466,2503,2481,2450,2442,2490,2449,2479,2451,2511,2489,2484,2478
645.035,2808.7,2831,2828,2785,2801,2801,2803,2820,2816,2755,2835,2833,2819,2827,2834,2814,2792,2785,2799,2809,2759,2818,2808,2809,2804,2830,2817,2820,2812,2826,2772
645.385,2437.6,2468,2414,2390,2429,2404,2443,2407,2419,2452,2472,2459,2430,2442,2468,2417,2442,2480,2447,2417,2430,2447,2438,2434,2430,2435,2451,2465,2421,2460,2417
645.736,3160.3,3103,3168,3193,3179,3161,3203,3165,3159,3130,3139,3153,3161,3151,3145,3149,3154,3187,3159,3181,3139,3157,3208,3119,3148,3132,3173,3141,3163,3222,3166
646.087,2431.4,2456,2407,2463,2441,2421,2434,2473,2431,2452,2425,2446,2437,2441,2462,2431,2433,2399,2422,2403,2390,2412,2434,2371,2438,2419,2433,2438,2434,2440,2457
646.438,2924.0,2901,2939,2957,2896,2918,2868,2936,2953,2935,2953,2946,2944,2902,2904,2955,2954,2940,2920,2924,2876,2925,2909,2911,2942,2920,2948,2954,2879,2897,2915
646.789,2986.7,2974,2964,2956,2979,3021,2970,2957,2987,2926,3016,3054,2989,2998,3020,2952,2997,2954,2942,2971,2977,3018,3014,2985,2964,3053,2975,2982,3024,2961,3020
647.140,2927.4,2888,2921,2951,2934,2926,2914,2969,2876,2947,2952,3008,2904,2917,2922,2949,2948,2859,2927,2892,2913,2884,2925,2973,2969,2940,2926,2920,2931,2900,2938
647.491,2816.4,2809,2820,2853,2758,2823,2875,2835,2792,2810,2854,2832,2834,2825,2823,2838,2827,2822,2855,2794,2805,2789,2774,2835,2835,2787,2794,2848,2780,2750,2817
647.842,3064.0,3013,3034,3014,3031,3092,3064,3125,3110,3073,3070,3078,3088,3087,3089,3032,3056,3045,3051,3078,3050,3052,3053,3091,3053,3080,3047,3067,3092,3058,3048
648.193,2485.6,2441,2436,2459,2443,2528,2515,2481,2492,2520,2505,2471,2514,2465,2552,2493,2466,2468,2425,2464,2490,2480,2472,2497,2467,2497,2516,2494,2513,2495,2510
648.544,2536.2,2499,2519,2515,2545,2513,2513,2582,2527,2565,2555,2517,2543,2543,2594,2498,2525,2506,2561,2515,2542,2506,2507,2522,2572,2513,2525,2536,2730,2473,2524
648.895,2689.1,2662,2708,2726,2646,2676,2729,2664,2674,2703,2736,2635,2668,2660,2714,2720,2693,2669,2668,2684,2671,2699,2659,2662,2694,2706,2743,2688,2747,2669,2701
649.246,2615.3,2569,2632,2612,2585,2614,2616,2614,2652,2623,2600,2619,2659,2634,2629,2568,2633,2598,2556,2622,2617,2615,2579,2625,2603,2651,2637,2622,2651,2602,2622
649.597,2685.6,2664,2676,2686,2645,2712,2704,2698,2666,2717,2635,2691,2766,2709,2671,2702,2736,2669,2693,2657,2670,2639,2673,2688,2712,2678,2683,2658,2690,2675,2704
649.949,2737.7,2714,2758,2760,2776,2725,2752,2728,2771,2761,2761,2741,2702,2720,2703,2754,2744,2725,2734,2736,2733,2728,2744,2703,2723,2726,2709,2754,2768,2766,2713
650.300,2430.4,2416,2440,2394,2420,2474,2458,2445,2467,2454,2401,2447,2476,2456,2452,2416,2441,2445,2447,2432,2404,2424,2405,2414,2430,2432,2406,2410,2424,2391,2392
650.651,2669.3,2678,2671,2701,2641,2615,2666,2656,2694,2653,2688,2639,2600,2725,2681,2692,2660,2643,2697,2630,2676,2660,2660,2665,2747,2705,2618,2663,2668,2696,2690
651.002,2641.6,2624,2636,2648,2641,2628,2625,2648,2617,2672,2658,2680,2635,2657,2652,2640,2653,2614,2649,2644,2633,2627,2609,2672,2611,2637,2622,2682,2672,2638,2625
651.353,2647.0,2610,2672,2626,2640,2635,2649,2663,2635,2660,2632,2673,2624,2674,2687,2672,2666,2625,2620,2653,2659,2653,2643,2686,2640,2626,2629,2668,2623,2642,2626
651.705,3082.3,3062,3064,3068,3066,3105,3058,3115,3110,3110,3072,3080,3097,3118,3059,3089,3022,3071,3092,3048,3071,3073,3075,3064,3116,3126,3112,3101,3102,3050,3074
652.056,2837.2,2781,2861,2823,2847,2838,2864,2875,2828,2821,2868,2846,2875,2856,2867,2817,2825,2884,2835,2847,2819,2815,2829,2816,2831,2839,2834,2824,2816,2802,2832
652.407,3521.3,3539,3527,3540,3561,3537,3495,3563,3579,3522,3546,3546,3522,3570,3543,3471,3526,3508,3503,3447,3547,3484,3512,3531,3520,3513,3463,3535,3516,3489,3485
652.758,3155.9,3151,3169,3140,3189,3213,3124,3188,3130,3169,3192,3156,3091,3179,3230,3181,3124,3176,3126,3141,3145,3130,3153,3101,3144,3159,3187,3120,3180,3142,3147
653.110,2979.1,2981,2961,2986,2999,2964,2983,2937,2958,2961,2975,3032,2968,2951,2991,3034,3001,2979,2989,3004,2966,2947,2979,2986,2953,2990,2948,2991,2982,2998,2978
653.461,2959.3,2937,2954,2995,2959,2929,2956,2942,2975,2968,3014,2974,2954,2929,2994,2978,2949,2970,3002,2943,2895,2939,2943,2964,2976,2964,2913,2969,2929,2990,2976
653.812,2540.7,2530,2533,2548,2542,2545,2535,2516,2544,2535,2563,2617,2580,2553,2584,2576,2518,2559,2558,2530,2496,2496,2516,2541,2535,2535,2512,2484,2525,2548,2567
654.164,2817.5,2861,2836,2851,2842,2842,2808,2809,2803,2788,2857,2836,2795,2824,2854,2814,2845,2792,2829,2806,2763,2840,2820,2792,2776,2825,2781,2816,2803,2800,2816
654.515,2619.2,2554,2631,2609,2637,2618,2593,2587,2621,2660,2613,2650,2667,2629,2627,2621,2646,2624,2593,2590,2607,2602,2653,2624,2642,2573,2611,2655,2601,2623,2614
654.867,2619.3,2620,2626,2582,2620,2615,2624,2604,2623,2643,2633,2627,2652,2662,2594,2658,2608,2592,2628,2619,2602,2614,2595,2640,2622,2657,2584,2603,2617,2580,2634
655.218,2669.9,2699,2690,2675,2656,2712,2680,2691,2641,2713,2669,2683,2668,2662,2647,2648,2635,2653,2623,2659,2664,2688,2685,2652,2648,2662,2695,2685,2681,2664,2669
655.570,2462.1,2443,2447,2452,2450,2479,2434,2483,2445,2456,2496,2498,2470,2465,2474,2486,2444,2452,2466,2371,2434,2467,2453,2478,2464,2453,2463,2501,2478,2484,2476
655.921,2496.6,2484,2495,2537,2485,2507,2476,2475,2540,2542,2445,2492,2484,2509,2500,2488,2500,2521,2495,2417,2513,2522,2504,2491,2520,2501,2482,2503,2490,2478,2503
656.273,2715.1,2707,2739,2664,2736,2740,2715,2667,2685,2725,2723,2712,2751,2703,2678,2709,2725,2723,2722,2736,2677,2735,2736,2702,2768,2725,2708,2693,2683,2749,2716
656.624,2776.1,2766,2747,2795,2762,2774,2812,2763,2793,2796,2775,2782,2811,2814,2766,2752,2789,2735,2773,2726,2774,2814,2748,2753,2797,2776,2765,2808,2744,2766,2806
656.976,2815.6,2789,2837,2787,2824,2795,2842,2794,2808,2845,2846,2816,2853,2863,2816,2841,2820,2829,2805,2785,2834,2789,2769,2830,2789,2832,2778,2838,2826,2769,2819
657.327,2866.3,2867,2886,2853,2916,2848,2861,2880,2875,2848,2866,2864,2904,2851,2875,2820,2846,2915,2845,2852,2820,2863,2862,2860,2871,2893,2899,2864,2818,2882,2885
657.679,2577.0,2548,2589,2572,2568,2561,2600,2547,2558,2602,2579,2618,2612,2584,2614,2573,2557,2613,2586,2559,2534,2576,2568,2561,2599,2538,2598,2572,2578,2550,2595
658.030,2559.8,2571,2588,2562,2549,2586,2563,2568,2538,2564,2562,2602,2547,2572,2589,2585,2519,2533,2550,2511,2566,2573,2541,2555,2555,2532,2573,2553,2585,2543,2559
658.382,3023.4,2994,3017,3019,3017,3023,3026,3025,3071,3065,2989,3006,3047,3054,3082,3000,3036,3018,2960,2977,3028,3026,3037,2971,2997,3049,3029,3066,3020,3016,3037
658.734,2987.7,3000,2943,2983,2976,2973,3004,2965,3023,2992,2996,3029,3006,2968,2977,2991,2994,2979,2987,2955,2962,3006,2982,2942,2982,2987,3039,2996,2988,3007,3000
659.085,2600.3,2598,2635,2639,2551,2590,2553,2629,2600,2625,2601,2618,2646,2585,2600,2639,2543,2562,2624,2616,2577,2591,2561,2572,2605,2578,2611,2600,2602,2626,2632
659.437,2876.3,2888,2874,2876,2869,2907,2890,2883,2889,2875,2882,2914,2842,2825,2887,2878,2894,2856,2866,2835,2811,2890,2909,2872,2892,2874,2850,2861,2931,2911,2859
659.789,2778.4,2767,2788,2800,2796,2754,2785,2742,2769,2758,2844,2777,2763,2806,2764,2780,2793,2741,2810,2778,2788,2767,2802,2768,2777,2765,2760,2802,2792,2747,2768
660.141,2719.7,2708,2730,2755,2721,2734,2688,2779,2764,2756,2722,2717,2773,2725,2727,2710,2732,2679,2697,2700,2718,2641,2690,2702,2725,2687,2720,2745,2708,2725,2713
660.492,2711.7,2714,2700,2678,2715,2715,2752,2708,2792,2717,2747,2722,2709,2720,2704,2737,2664,2704,2721,2665,2714,2702,2713,2680,2708,2675,2657,2739,2739,2715,2726
660.844,2556.1,2542,2586,2553,2553,2562,2592,2579,2569,2618,2563,2565,2538,2575,2577,2607,2522,2521,2569,2525,2548,2512,2549,2543,2533,2544,2564,2554,2496,2563,2560
661.196,2680.2,2652,2678,2699,2683,2708,2686,2706,2674,2694,2659,2712,2680,2700,2731,2630,2682,2676,2702,2658,2716,2665,2650,2705,2653,2669,2659,2651,2632,2704,2693
661.548,2568.4,2569,2562,2587,2601,2537,2592,2600,2633,2571,2552,2586,2571,2602,2607,2528,2554,2511,2560,2587,2514,2573,2575,2550,2547,2590,2501,2602,2577,2560,2552
661.900,2881.6,2853,2854,2886,2835,2907,2852,2872,2876,2857,2925,2890,2969,2926,2899,2910,2898,2878,2872,2834,2873,2892,2867,2923,2828,2827,2860,2917,2942,2824,2901
662.252,2902.5,2884,2863,2963,2873,2895,2891,2908,2952,2910,2917,2929,2908,2938,2968,2906,2844,2905,2867,2868,2868,2892,2883,2886,2945,2924,2904,2936,2913,2876,2858
662.603,2606.8,2588,2616,2635,2610,2606,2635,2607,2587,2597,2541,2613,2643,2605,2691,2648,2630,2523,2573,2617,2616,2623,2597,2569,2632,2587,2587,2645,2549,2622,2611
662.955,2863.8,2857,2877,2833,2883,2876,2875,2835,2862,2856,2854,2885,2890,2853,2887,2888,2861,2825,2898,2817,2903,2831,2853,2828,2871,2879,2875,2856,2860,2882,2863
663.307,3003.2,3010,3010,2968,3008,3002,2992,3024,3022,3001,3034,3019,3061,3005,3050,3026,2936,2991,3004,2988,2987,3006,2978,2992,3016,3041,2971,2988,2952,3002,3011
663.659,2466.7,2465,2472,2454,2491,2435,2485,2506,2462,2488,2451,2478,2474,2504,2459,2481,2469,2458,2415,2431,2447,2455,2418,2438,2503,2491,2461,2454,2468,2468,2520
664.011,2897.7,2924,2924,2878,2962,2883,2974,2883,2864,2947,2907,2920,2867,2931,2878,2894,2861,2897,2879,2922,2821,2931,2881,2951,2898,2920,2831,2881,2902,2876,2843
664.363,2454.6,2476,2467,2427,2486,2469,2415,2467,2430,2530,2455,2468,2442,2421,2441,2474,2433,2429,2478,2458,2443,2482,2455,2428,2469,2451,2460,2440,2464,2447,2432
664.715,2425.4,2424,2420,2408,2438,2450,2426,2424,2430,2457,2452,2434,2450,2444,2472,2377,2403,2397,2404,2406,2402,2424,2401,2435,2409,2443,2416,2449,2431,2425,2412
665.067,2905.6,2896,2904,2923,2909,2890,2924,2890,2833,2952,2946,2967,2931,2913,2910,2866,2945,2897,2878,2862,2873,2883,2868,2959,2880,2893,2901,2922,2880,2948,2924
665.419,3346.4,3347,3375,3346,3346,3334,3426,3327,3316,3336,3357,3393,3337,3353,3349,3327,3304,3321,3365,3402,3308,3358,3351,3310,3364,3388,3308,3309,3375,3321,3339
665.771,2556.2,2554,2554,2562,2576,2538,2548,2566,2612,2562,2567,2604,2565,2539,2574,2575,2549,2520,2516,2550,2581,2568,2555,2538,2532,2515,2597,2501,2558,2566,2545
666.123,2691.7,2649,2677,2724,2697,2675,2693,2712,2697,2702,2660,2725,2725,2684,2728,2726,2749,2734,2697,2699,2704,2669,2642,2632,2701,2683,2701,2686,2670,2670,2640
666.476,2852.5,2842,2798,2869,2861,2870,2845,2856,2881,2859,2840,2895,2876,2896,2854,2796,2824,2845,2817,2835,2863,2837,2849,2837,2869,2857,2872,2860,2868,2850,2853
666.828,2712.2,2746,2717,2723,2683,2718,2695,2692,2741,2700,2730,2782,2724,2728,2748,2648,2677,2722,2691,2644,2718,2672,2747,2721,2703,2712,2728,2734,2691,2711,2720
667.180,2837.4,2831,2833,2862,2829,2846,2830,2763,2808,2855,2869,2853,2846,2820,2805,2843,2824,2852,2816,2898,2805,2833,2857,2866,2832,2831,2872,2861,2859,2803,2820
667.532,2678.3,2638,2700,2696,2665,2670,2699,2679,2699,2682,2665,2681,2642,2708,2721,2651,2699,2683,2676,2685,2639,2677,2700,2678,2674,2683,2682,2704,2692,2627,2655
667.884,2606.2,2601,2629,2618,2626,2672,2606,2632,2601,2581,2637,2588,2567,2628,2618,2601,2566,2565,2600,2605,2596,2615,2645,2630,2582,2582,2601,2621,2641,2554,2578
668.236,2982.6,3002,2968,2958,2993,3000,2937,3011,3007,2971,2982,2990,2975,2975,2974,2993,2985,3037,3032,2981,3040,2989,2961,2940,2963,2952,2947,2988,3000,2963,2965
668.589,2970.3,2975,2992,2971,2929,2968,2948,3006,2997,2979,2987,2973,2971,2998,3012,2977,2965,2947,2933,2949,2975,3014,2920,2938,2990,2968,2953,2966,2975,2929,3004
668.941,2477.4,2474,2466,2444,2487,2482,2465,2515,2449,2489,2482,2478,2442,2463,2524,2507,2449,2457,2461,2456,2439,2511,2474,2505,2490,2489,2521,2462,2499,2451,2490
669.293,2838.1,2835,2801,2845,2828,2847,2841,2820,2870,2841,2810,2885,2900,2857,2883,2827,2781,2813,2809,2874,2849,2821,2795,2873,2780,2815,2831,2841,2829,2847,2895
669.646,2902.3,2912,2923,2846,2910,2920,2892,2882,2902,2942,2901,2902,2877,2925,2917,2896,2936,2879,2852,2881,2924,2890,2874,2920,2888,2913,2923,2901,2901,2903,2936
669.998,2884.5,2874,2880,2866,2930,2856,2845,2878,2898,2907,2918,2844,2898,2909,2883,2889,2887,2888,2850,2866,2932,2873,2846,2864,2905,2852,2899,2897,2913,2900,2889
670.350,2765.8,2771,2737,2711,2748,2784,2820,2797,2760,2782,2764,2782,2792,2747,2780,2743,2767,2745,2783,2773,2744,2745,2774,2754,2740,2781,2739,2755,2774,2799,2784
670.703,2766.2,2789,2765,2753,2812,2771,2781,2766,2757,2766,2751,2779,2774,2737,2778,2744,2780,2737,2756,2778,2716,2722,2726,2766,2735,2799,2812,2793,2770,2766,2808
671.055,2498.5,2487,2476,2468,2482,2509,2492,2474,2509,2516,2508,2540,2512,2568,2511,2452,2518,2501,2493,2498,2502,2504,2510,2465,2466,2501,2506,2524,2499,2454,2511
671.407,2412.0,2400,2410,2404,2424,2369,2403,2427,2402,2416,2459,2421,2433,2400,2469,2383,2411,2423,2395,2377,2390,2435,2386,2406,2428,2427,2427,2458,2412,2413,2352
671.760,2579.8,2577,2605,2593,2579,2584,2570,2592,2626,2576,2586,2556,2611,2593,2594,2584,2573,2605,2583,2622,2587,2517,2552,2548,2579,2589,2563,2545,2582,2543,2579
672.112,2877.5,2880,2881,2884,2876,2883,2860,2859,2890,2865,2897,2917,2913,2862,2911,2877,2891,2881,2830,2882,2915,2924,2852,2818,2885,2859,2902,2873,2876,2819,2863
672.465,2745.9,2766,2756,2700,2744,2768,2780,2735,2757,2702,2774,2750,2730,2738,2755,2694,2728,2764,2713,2747,2713,2761,2713,2728,2788,2728,2814,2757,2792,2740,2743
672.817,2640.2,2609,2670,2622,2623,2641,2657,2655,2630,2651,2659,2630,2616,2684,2642,2631,2632,2687,2628,2657,2601,2607,2596,2652,2660,2689,2650,2581,2638,2637,2670
673.170,2265.6,2244,2292,2289,2243,2245,2280,2292,2265,2297,2267,2266,2289,2280,2269,2244,2277,2239,2240,2246,2255,2236,2258,2273,2258,2273,2262,2249,2300,2269,2271
673.522,2518.1,2539,2483,2522,2524,2515,2520,2520,2560,2548,2476,2525,2467,2511,2510,2493,2516,2491,2529,2495,2462,2512,2517,2544,2538,2545,2505,2532,2539,2552,2554
673.875,2582.8,2613,2616,2606,2588,2542,2596,2635,2590,2625,2579,2612,2638,2555,2597,2526,2576,2561,2578,2601,2544,2545,2563,2582,2581,2569,2546,2596,2572,2542,2609
674.227,2769.6,2734,2797,2698,2803,2749,2728,2813,2753,2790,2790,2824,2819,2796,2789,2749,2740,2784,2722,2763,2773,2795,2750,2760,2768,2772,2722,2772,2781,2796,2758
674.580,2621.3,2644,2596,2660,2638,2612,2632,2615,2588,2622,2621,2601,2601,2692,2637,2600,2610,2630,2579,2612,2642,2616,2632,2629,2585,2629,2679,2627,2614,2605,2592
674.932,2756.4,2730,2782,2772,2787,2740,2766,2762,2766,2778,2785,2759,2762,2776,2774,2697,2732,2713,2767,2790,2723,2745,2767,2790,2761,2707,2750,2750,2778,2739,2743
675.285,2857.8,2816,2858,2864,2892,2884,2906,2832,2864,2852,2837,2890,2942,2881,2850,2872,2822,2809,2864,2872,2855,2849,2825,2863,2853,2820,2868,2852,2890,2818,2833
675.638,2765.7,2784,2827,2740,2739,2730,2738,2800,2745,2776,2806,2813,2813,2820,2780,2785,2740,2756,2788,2733,2745,2748,2732,2772,2759,2754,2764,2777,2748,2741,2718
675.990,2810.9,2824,2809,2809,2804,2792,2848,2805,2793,2805,2842,2803,2826,2768,2819,2799,2818,2829,2759,2808,2788,2852,2804,2784,2806,2810,2816,2840,2810,2840,2816
676.343,2961.6,2965,3024,2977,2963,2935,2999,2980,2963,2998,2971,3001,2964,2981,2964,2925,2963,2892,2955,2963,2980,2899,2928,2944,2972,2931,2938,2973,2951,2961,2988
676.696,2675.0,2661,2687,2676,2698,2690,2702,2685,2707,2669,2676,2687,2696,2691,2672,2660,2673,2688,2685,2651,2669,2657,2694,2609,2685,2682,2718,2686,2639,2648,2609
677.048,2878.5,2866,2870,2843,2899,2866,2911,2879,2836,2929,2843,2952,2938,2879,2860,2841,2882,2931,2881,2893,2878,2842,2909,2831,2836,2882,2876,2876,2848,2887,2890
677.401,2830.1,2830,2833,2823,2847,2800,2816,2815,2840,2841,2821,2830,2849,2851,2864,2815,2749,2849,2864,2808,2828,2837,2833,2808,2843,2888,2827,2850,2818,2796,2830
677.754,2571.2,2568,2569,2559,2584,2569,2635,2554,2571,2591,2563,2581,2574,2564,2591,2562,2564,2538,2585,2599,2598,2548,2524,2544,2584,2583,2540,2590,2519,2592,2593
678.107,2555.9,2559,2562,2544,2522,2558,2576,2529,2541,2590,2578,2593,2578,2581,2605,2561,2547,2545,2550,2571,2554,2535,2561,2586,2562,2543,2540,2517,2556,2537,2495
678.459,2811.2,2786,2807,2792,2828,2819,2814,2876,2821,2827,2787,2835,2825,2841,2824,2869,2792,2794,2784,2784,2816,2831,2806,2747,2778,2788,2817,2791,2810,2837,2809
678.812,2760.6,2755,2758,2765,2790,2787,2751,2777,2764,2758,2759,2782,2729,2779,2771,2753,2746,2719,2751,2781,2744,2754,2768,2754,2742,2764,2788,2758,2767,2754,2750
679.165,2263.7,2273,2303,2264,2278,2290,2268,2249,2303,2286,2232,2265,2267,2271,2276,2261,2235,2261,2299,2232,2238,2243,2240,2288,2263,2255,2238,2254,2303,2256,2220
679.518,2526.3,2528,2565,2536,2506,2512,2525,2553,2489,2567,2536,2545,2568,2517,2528,2519,2551,2521,2527,2547,2494,2525,2485,2509,2504,2541,2508,2545,2512,2523,2502
679.871,2750.2,2735,2734,2802,2717,2721,2778,2746,2733,2771,2744,2794,2740,2764,2776,2791,2715,2734,2767,2754,2729,2764,2701,2763,2794,2757,2724,2746,2774,2683,2756
680.224,2848.6,2869,2856,2841,2819,2852,2860,2854,2868,2860,2881,2856,2821,2893,2834,2831,2856,2891,2870,2866,2868,2835,2843,2859,2808,2835,2844,2799,2820,2856,2813
680.577,2604.9,2586,2581,2634,2625,2601,2608,2573,2609,2567,2671,2608,2600,2633,2642,2607,2560,2593,2581,2604,2596,2588,2600,2618,2604,2530,2654,2617,2632,2573,2652
680.930,2284.0,2236,2297,2268,2295,2307,2263,2284,2295,2300,2250,2314,2253,2303,2265,2295,2242,2290,2285,2287,2316,2280,2261,2269,2292,2310,2273,2319,2324,2265,2281
681.283,2536.5,2552,2509,2588,2546,2548,2563,2569,2502,2558,2536,2514,2545,2559,2549,2509,2553,2519,2526,2512,2528,2510,2568,2521,2523,2530,2501,2545,2531,2542,2540
681.636,2378.4,2337,2373,2410,2345,2372,2392,2333,2398,2421,2388,2386,2409,2408,2384,2377,2355,2350,2412,2376,2331,2369,2387,2363,2381,2329,2389,2393,2389,2428,2368
681.989,2625.0,2632,2635,2597,2625,2617,2599,2619,2609,2595,2642,2644,2625,2658,2620,2652,2603,2624,2608,2630,2642,2585,2654,2652,2646,2598,2607,2616,2632,2622,2662
682.342,2772.1,2769,2735,2732,2801,2749,2756,2784,2753,2826,2750,2825,2762,2767,2776,2760,2792,2774,2734,2793,2772,2754,2800,2774,2799,2761,2776,2751,2801,2802,2735
682.695,2761.4,2760,2768,2802,2784,2704,2767,2784,2744,2839,2752,2769,2735,2776,2769,2788,2751,2731,2773,2720,2808,2709,2756,2760,2785,2774,2707,2792,2745,2777,2712
683.048,2421.7,2434,2448,2437,2388,2483,2437,2409,2431,2430,2458,2476,2449,2445,2441,2388,2403,2390,2419,2386,2470,2361,2380,2415,2426,2400,2416,2364,2439,2387,2440
683.401,2381.8,2408,2385,2361,2408,2360,2380,2399,2419,2401,2394,2440,2428,2357,2382,2386,2328,2361,2389,2388,2360,2374,2375,2382,2377,2357,2370,2359,2386,2372,2368
683.754,2842.7,2846,2848,2848,2811,2820,2851,2872,2831,2890,2843,2852,2852,2848,2866,2873,2816,2826,2857,2837,2834,2817,2827,2877,2862,2789,2817,2872,2820,2846,2833
684.107,2658.2,2683,2642,2603,2666,2697,2666,2618,2680,2632,2683,2671,2680,2665,2696,2644,2634,2622,2693,2633,2638,2667,2712,2680,2649,2651,2617,2678,2632,2641,2672
684.460,2716.2,2759,2722,2707,2755,2727,2721,2743,2720,2781,2700,2717,2709,2734,2707,2732,2719,2708,2687,2716,2734,2690,2704,2689,2716,2693,2665,2701,2680,2744,2705
684.813,2633.5,2609,2641,2606,2609,2616,2680,2653,2618,2696,2641,2674,2625,2675,2652,2605,2599,2600,2659,2598,2613,2635,2616,2638,2630,2637,2679,2591,2640,2625,2645
685.166,2605.8,2594,2590,2556,2607,2622,2617,2566,2538,2600,2667,2623,2620,2608,2659,2593,2617,2632,2631,2587,2561,2621,2619,2608,2596,2581,2668,2586,2610,2611,2587
685.520,2753.3,2744,2778,2760,2736,2771,2770,2771,2782,2769,2758,2763,2750,2787,2750,2760,2716,2792,2757,2717,2796,2707,2732,2709,2734,2746,2744,2740,2761,2730,2770
685.873,2699.2,2698,2718,2678,2701,2674,2693,2671,2697,2723,2728,2762,2730,2718,2697,2664,2668,2706,2694,2674,2694,2676,2667,2734,2701,2664,2707,2680,2732,2724,2704
686.226,2930.8,2887,2922,2896,2936,2959,2964,2983,2907,2936,2952,2897,2972,2949,2953,2902,2943,2936,2892,2874,2995,2920,2852,2944,2915,2972,2944,2931,2925,2945,2920
686.579,2691.3,2668,2671,2638,2691,2695,2711,2677,2727,2728,2746,2732,2664,2688,2729,2692,2675,2681,2683,2668,2693,2648,2655,2703,2688,2675,2713,2701,2713,2687,2699
686.932,2813.1,2755,2788,2785,2832,2873,2832,2836,2817,2834,2798,2834,2846,2796,2854,2812,2774,2770,2835,2826,2853,2795,2774,2816,2770,2830,2798,2808,2837,2804,2812
687.286,2589.2,2635,2586,2600,2587,2622,2573,2591,2637,2585,2621,2575,2595,2565,2598,2601,2568,2609,2593,2571,2549,2585,2568,2561,2596,2565,2588,2578,2606,2560,2608
687.639,2826.0,2779,2797,2848,2873,2821,2802,2829,2796,2843,2852,2820,2893,2862,2824,2805,2847,2822,2821,2782,2830,2821,2813,2839,2809,2830,2845,2806,2830,2829,2811
687.992,2517.5,2500,2514,2533,2531,2524,2475,2532,2557,2552,2533,2534,2525,2530,2516,2511,2507,2518,2483,2542,2527,2458,2440,2553,2544,2536,2527,2507,2509,2468,2538
688.346,2772.8,2740,2714,2776,2755,2749,2744,2778,2784,2808,2792,2825,2758,2827,2802,2824,2772,2772,2782,2741,2778,2758,2741,2751,2782,2769,2780,2805,2777,2756,2744
688.699,3068.3,3064,3053,3044,3125,3043,3084,3062,3110,3089,3077,3023,3058,3042,3113,3071,3013,3107,3060,3057,3038,3099,3062,3058,3053,3096,3118,3061,3064,3061,3043
689.052,2531.4,2497,2534,2501,2513,2542,2526,2549,2526,2513,2585,2578,2569,2550,2608,2534,2505,2548,2514,2493,2546,2542,2538,2514,2489,2539,2547,2502,2536,2516,2487
689.406,2673.1,2707,2643,2670,2671,2638,2736,2679,2651,2682,2718,2717,2682,2697,2704,2659,2678,2627,2632,2661,2655,2694,2665,2693,2645,2662,2686,2654,2641,2676,2669
689.759,2791.5,2779,2769,2803,2829,2792,2786,2784,2809,2853,2798,2796,2804,2813,2791,2766,2777,2771,2757,2838,2812,2765,2748,2753,2779,2788,2786,2836,2793,2800,2769
690.113,2807.7,2813,2798,2789,2766,2799,2794,2829,2815,2778,2822,2856,2819,2837,2788,2829,2742,2787,2811,2809,2846,2782,2795,2819,2843,2802,2821,2815,2819,2785,2824
690.466,3070.3,3092,3020,3086,3086,3082,3094,3080,3135,3074,3065,3094,3063,3037,3090,3080,3021,3089,3055,3070,3040,3034,3089,3017,3112,3048,3029,3071,3087,3084,3086
690.820,3227.5,3181,3226,3206,3263,3221,3146,3278,3256,3288,3248,3200,3262,3277,3260,3237,3191,3244,3224,3195,3239,3214,3230,3200,3231,3230,3196,3245,3228,3203,3205
691.173,2958.2,2941,2957,2993,2987,2943,2944,2963,2986,2944,2940,3050,3027,2982,2951,2957,2934,2952,2949,2969,2938,2936,2944,2950,2991,2929,2963,2946,2950,2933,2897
691.527,3172.3,3206,3197,3181,3204,3113,3222,3197,3197,3215,3204,3176,3189,3172,3204,3189,3084,3132,3164,3182,3139,3142,3120,3152,3189,3160,3175,3169,3166,3178,3150
691.880,3220.2,3167,3236,3193,3239,3190,3267,3265,3198,3226,3216,3263,3256,3226,3256,3161,3166,3222,3190,3151,3228,3205,3217,3212,3248,3189,3256,3257,3228,3277,3202
692.234,3018.5,3062,3021,3032,3031,2982,3032,3098,3010,3062,3072,3071,3046,3002,3041,3014,2956,2979,3012,2997,3000,2984,2970,2987,3006,3088,2975,2993,3014,3032,2986
692.587,3018.9,2998,3010,3072,3006,3024,3065,3064,3044,3023,3062,3041,3053,3026,3032,3038,2933,3011,2989,2987,3001,2984,2985,2953,3020,3006,3013,3056,3025,3043,3004
692.941,3346.4,3290,3296,3365,3383,3337,3361,3380,3416,3359,3380,3359,3404,3381,3331,3304,3317,3328,3333,3342,3350,3305,3369,3322,3336,3322,3345,3374,3315,3336,3352
693.294,3096.6,3086,3022,3108,3095,3055,3069,3092,3087,3185,3091,3107,3124,3145,3123,3089,3071,3055,3135,3081,3110,3073,3097,3108,3116,3101,3057,3093,3086,3122,3116
693.648,3128.4,3106,3122,3111,3121,3144,3135,3136,3183,3149,3123,3171,3142,3177,3189,3070,3070,3080,3072,3117,3155,3133,3173,3101,3089,3117,3155,3121,3084,3128,3179
694.002,3726.1,3774,3689,3660,3738,3725,3750,3756,3723,3733,3760,3761,3747,3755,3738,3741,3721,3663,3729,3705,3704,3762,3701,3721,3748,3730,3693,3702,3714,3711,3729
694.355,3546.5,3575,3531,3552,3573,3589,3554,3566,3562,3580,3589,3548,3569,3592,3615,3566,3463,3504,3524,3517,3503,3531,3528,3518,3474,3556,3547,3534,3588,3514,3532
694.709,3421.1,3411,3391,3477,3457,3448,3416,3436,3467,3466,3406,3428,3455,3442,3479,3356,3329,3307,3430,3428,3447,3412,3395,3369,3405,3371,3432,3512,3437,3416,3407
695.063,3349.1,3357,3333,3339,3377,3295,3401,3382,3358,3358,3407,3337,3332,3360,3411,3395,3294,3332,3317,3342,3348,3331,3328,3388,3302,3340,3307,3351,3340,3330,3381
695.416,3372.6,3384,3340,3388,3351,3393,3413,3384,3379,3404,3397,3441,3376,3412,3386,3357,3337,3353,3361,3326,3335,3336,3384,3384,3340,3386,3318,3354,3403,3382,3373
695.770,3585.8,3608,3561,3577,3616,3590,3593,3685,3560,3657,3640,3566,3679,3624,3637,3637,3544,3544,3563,3571,3507,3518,3577,3557,3568,3567,3542,3574,3551,3598,3563
696.124,3989.6,3994,4005,4021,4005,3976,4018,4070,3944,4045,3960,4064,4027,3990,4039,3966,3925,4016,3949,3992,3967,3952,3973,3971,3945,3978,3992,3949,3999,3945,4010
696.478,3537.7,3552,3564,3591,3585,3552,3585,3577,3578,3484,3544,3587,3522,3530,3609,3579,3541,3516,3514,3488,3483,3510,3528,3482,3478,3516,3539,3582,3482,3513,3521
696.831,3973.9,3994,4003,3974,3953,3968,4008,4025,4040,3998,4010,4025,4046,4023,4032,3965,3907,3920,3964,3928,3925,3931,3976,3923,3974,3878,3966,3976,3962,3984,3940
697.185,4290.1,4248,4301,4274,4279,4293,4274,4303,4285,4319,4338,4312,4342,4335,4340,4272,4249,4318,4297,4287,4303,4211,4308,4260,4326,4282,4251,4283,4265,4310,4239
697.539,4341.5,4348,4351,4394,4384,4339,4370,4373,4387,4355,4393,4430,4389,4418,4344,4371,4324,4368,4295,4246,4329,4321,4228,4302,4284,4345,4355,4350,4300,4317,4236
697.893,4573.5,4628,4604,4584,4606,4599,4611,4613,4571,4576,4640,4573,4618,4612,4649,4520,4522,4532,4536,4544,4604,4548,4547,4530,4512,4550,4573,4619,4519,4549,4516
698.247,3953.2,3953,3989,3921,3987,3932,3955,3997,3906,3993,4030,4006,3998,4054,3997,3917,3854,3932,3917,3955,3911,3945,3935,3939,3963,3968,3903,3940,3949,3956,3893
698.601,3728.7,3734,3704,3774,3774,3741,3719,3770,3741,3722,3795,3762,3771,3784,3706,3739,3701,3699,3681,3729,3709,3664,3690,3746,3679,3717,3715,3734,3692,3743,3726
698.955,3746.7,3718,3735,3788,3769,3789,3750,3696,3800,3760,3740,3764,3839,3795,3796,3704,3752,3692,3703,3705,3712,3700,3721,3786,3685,3777,3775,3704,3799,3718,3729
699.309,3261.2,3236,3256,3228,3247,3257,3264,3298,3288,3257,3247,3283,3302,3288,3300,3217,3249,3313,3289,3231,3247,3279,3262,3232,3234,3261,3276,3241,3227,3214,3313
699.662,3228.8,3255,3224,3224,3281,3259,3218,3298,3253,3251,3243,3243,3279,3242,3257,3207,3182,3194,3187,3209,3198,3193,3194,3216,3216,3251,3182,3220,3202,3268,3217
700.016,2977.3,2917,2998,2954,3001,3017,2994,2973,3057,3003,2948,2997,2998,3004,3019,2992,2891,2940,2992,2962,2936,2971,2921,2979,2990,2931,2989,3043,2982,2956,2964
700.370,3010.4,3022,2977,2988,3055,2982,2999,3016,3041,3022,3029,2996,2998,3019,3023,2990,3026,3027,2987,2971,2986,3063,2984,3043,2978,3005,3018,2990,2998,3013,3066
700.724,2622.7,2610,2668,2664,2619,2675,2633,2638,2595,2611,2590,2640,2672,2638,2609,2638,2629,2622,2585,2608,2594,2596,2552,2628,2644,2612,2621,2641,2596,2626,2627
701.078,2766.3,2773,2740,2776,2792,2808,2772,2750,2768,2762,2787,2774,2771,2787,2794,2768,2787,2773,2749,2781,2700,2745,2755,2744,2800,2747,2758,2794,2732,2716,2786
701.432,3221.8,3214,3215,3257,3210,3225,3234,3206,3246,3274,3241,3242,3274,3204,3189,3224,3260,3203,3228,3192,3168,3242,3226,3217,3167,3221,3240,3197,3232,3215,3192
701.786,2826.1,2854,2800,2881,2800,2847,2881,2842,2799,2854,2880,2862,2855,2870,2883,2821,2803,2805,2800,2751,2797,2809,2744,2822,2822,2825,2824,2793,2826,2827,2807
702.141,3003.5,2988,2997,2992,3033,3022,3040,3008,3014,3015,3001,3048,3050,3104,3073,3028,2943,2956,2984,3014,3005,2958,2985,2972,2920,3007,2995,2990,2993,3016,2953
702.495,2837.0,2802,2804,2873,2835,2799,2826,2878,2818,2857,2835,2846,2843,2810,2885,2900,2788,2821,2796,2894,2796,2877,2795,2796,2892,2829,2839,2840,2849,2834,2853
702.849,3008.2,2996,2988,3036,3045,3066,3045,3037,3021,3024,3030,3000,3012,3040,3047,2985,3004,2971,2944,2996,2998,2922,2971,2997,3012,2971,2995,3020,3024,3041,3009
703.203,2950.7,2955,3007,2941,2956,2932,2962,2987,2994,2983,2969,2936,3029,2979,2973,2922,2920,2952,2938,2920,2904,2965,2904,2933,2948,2900,2957,2959,2938,2948,2911
703.557,3009.2,3030,3035,2975,3002,3017,3079,3013,3014,3037,3024,2996,3051,3066,3073,3012,2987,2991,2985,2993,3007,2971,2946,2967,2988,2986,3014,2998,2992,3030,2998
703.911,2679.6,2652,2673,2674,2710,2683,2694,2682,2687,2702,2697,2700,2733,2701,2699,2668,2677,2658,2614,2700,2613,2681,2686,2653,2665,2667,2699,2639,2727,2695,2658
704.265,2816.5,2830,2805,2785,2783,2862,2809,2786,2837,2799,2832,2836,2878,2863,2781,2824,2832,2827,2816,2785,2797,2845,2771,2807,2832,2765,2804,2817,2850,2819,2818
704.619,2794.8,2839,2817,2764,2802,2787,2830,2760,2810,2826,2798,2787,2849,2839,2839,2787,2761,2756,2800,2777,2764,2776,2791,2783,2750,2813,2796,2767,2787,2793,2797
704.974,2903.1,2872,2921,2878,2915,2920,2938,2872,2924,2920,2920,2890,2938,2957,2952,2856,2878,2888,2928,2889,2907,2906,2924,2860,2876,2859,2922,2906,2892,2892,2894
705.328,2842.3,2861,2794,2820,2845,2846,2853,2856,2863,2842,2869,2863,2859,2884,2855,2817,2810,2791,2801,2857,2788,2850,2869,2827,2845,2862,2870,2873,2839,2836,2825
705.682,2675.5,2699,2716,2690,2701,2650,2696,2666,2664,2712,2697,2697,2680,2662,2692,2677,2687,2646,2666,2638,2692,2653,2654,2646,2691,2675,2674,2642,2694,2657,2652
706.036,2705.2,2697,2694,2648,2696,2749,2704,2678,2751,2717,2697,2741,2710,2761,2725,2719,2665,2737,2703,2657,2678,2688,2710,2671,2702,2701,2697,2743,2705,2705,2706
706.391,2658.7,2661,2664,2688,2677,2653,2668,2641,2685,2675,2639,2676,2694,2686,2722,2643,2656,2641,2653,2631,2624,2656,2618,2641,2634,2659,2640,2624,2628,2734,2650
706.745,2902.6,2913,2889,2928,2909,2882,2885,2904,2897,2906,2928,2910,2960,2917,2907,2889,2871,2872,2911,2882,2873,2871,2952,2850,2942,2870,2897,2941,2918,2893,2911
707.099,2741.8,2728,2771,2756,2766,2761,2765,2755,2737,2758,2758,2765,2712,2700,2792,2714,2707,2739,2722,2730,2761,2769,2740,2744,2749,2686,2767,2736,2750,2720,2696
707.454,2653.6,2657,2629,2625,2693,2612,2619,2678,2654,2674,2677,2691,2700,2678,2667,2649,2704,2688,2611,2639,2613,2658,2668,2635,2660,2607,2648,2624,2647,2677,2626
707.808,2787.5,2754,2788,2762,2770,2796,2776,2821,2788,2812,2816,2792,2810,2793,2850,2750,2765,2791,2780,2780,2796,2780,2801,2798,2773,2753,2779,2776,2796,2769,2810
708.162,2727.2,2757,2697,2712,2717,2735,2704,2739,2776,2742,2769,2720,2760,2764,2727,2704,2662,2739,2723,2726,2685,2766,2718,2745,2731,2662,2737,2762,2703,2727,2707
708.517,2841.7,2808,2843,2888,2798,2835,2846,2878,2831,2882,2848,2849,2848,2854,2863,2837,2816,2813,2825,2837,2838,2805,2834,2908,2850,2833,2808,2833,2810,2862,2871
708.871,2638.3,2657,2580,2670,2660,2657,2607,2644,2680,2645,2672,2630,2686,2631,2627,2630,2636,2638,2643,2628,2635,2585,2634,2636,2638,2644,2656,2584,2646,2620,2651
709.226,2699.9,2706,2683,2715,2631,2727,2726,2756,2693,2690,2693,2765,2673,2732,2682,2716,2664,2704,2685,2696,2704,2678,2660,2686,2717,2711,2696,2705,2712,2697,2693
709.580,2698.4,2698,2717,2745,2671,2709,2710,2689,2717,2682,2685,2694,2732,2731,2662,2683,2694,2705,2745,2686,2675,2696,2715,2691,2677,2700,2700,2694,2708,2692,2648
709.934,2586.2,2603,2600,2595,2544,2602,2628,2540,2603,2550,2584,2630,2601,2602,2604,2590,2592,2589,2558,2554,2593,2580,2595,2585,2588,2541,2596,2596,2581,2574,2589
710.289,3016.5,3012,3057,2978,3010,3009,2990,3008,3017,3008,3024,3054,3017,3025,3045,2996,2986,2993,3026,3001,2949,3043,2995,2989,3001,3034,3010,3018,3078,3037,3086
710.643,2897.8,2877,2890,2931,2895,2912,2890,2882,2884,2893,2909,2928,2903,2932,2896,2876,2919,2872,2884,2884,2888,2876,2878,2912,2936,2869,2857,2891,2975,2935,2861
710.998,2449.8,2425,2462,2425,2477,2458,2441,2458,2448,2464,2412,2522,2485,2468,2507,2414,2408,2421,2433,2440,2446,2478,2430,2473,2464,2402,2480,2410,2451,2445,2446
711.353,2840.7,2860,2869,2850,2814,2860,2853,2816,2834,2841,2849,2865,2879,2822,2874,2821,2850,2795,2825,2815,2836,2836,2855,2830,2820,2862,2809,2844,2836,2864,2838
711.707,3209.2,3229,3183,3192,3208,3210,3205,3217,3149,3190,3274,3245,3246,3257,3216,3200,3193,3181,3186,3187,3228,3171,3163,3236,3221,3224,3211,3234,3213,3198,3208
712.062,2583.3,2550,2580,2580,2581,2593,2610,2595,2594,2589,2626,2635,2611,2570,2616,2576,2552,2602,2595,2606,2504,2582,2578,2557,2578,2571,2538,2593,2550,2593,2594
712.416,2561.0,2562,2544,2562,2573,2579,2616,2523,2574,2584,2598,2572,2563,2550,2561,2550,2553,2561,2548,2591,2521,2530,2518,2577,2585,2550,2515,2562,2555,2580,2573
712.771,2612.6,2594,2593,2626,2594,2618,2637,2614,2653,2622,2614,2628,2608,2629,2642,2617,2584,2562,2599,2639,2573,2598,2606,2666,2602,2613,2627,2600,2574,2646,2600
713.125,2936.0,2930,2958,2949,2955,2898,2907,2953,2956,2913,2940,2989,2960,2953,2952,2905,2937,2907,2906,2929,2940,2945,2897,2906,2930,2946,2925,2928,2924,2995,2948
713.480,2673.9,2668,2648,2614,2728,2687,2655,2659,2668,2689,2721,2649,2635,2681,2656,2650,2692,2685,2666,2646,2687,2660,2689,2676,2652,2697,2676,2700,2699,2685,2699
713.835,2665.2,2686,2668,2676,2642,2646,2702,2698,2699,2709,2624,2677,2709,2706,2646,2661,2624,2692,2608,2619,2689,2646,2652,2658,2646,2640,2700,2690,2667,2620,2655
714.189,2299.3,2323,2290,2340,2304,2305,2325,2274,2315,2323,2296,2296,2327,2307,2318,2275,2278,2293,2301,2307,2321,2276,2283,2351,2289,2271,2264,2304,2330,2269,2224
714.544,2480.9,2501,2446,2488,2510,2505,2482,2503,2500,2478,2430,2482,2519,2481,2491,2478,2452,2444,2456,2488,2504,2492,2492,2454,2465,2473,2465,2467,2476,2493,2512
714.899,2830.3,2806,2829,2811,2875,2800,2820,2844,2856,2808,2812,2851,2879,2836,2844,2820,2849,2829,2821,2795,2792,2818,2818,2821,2842,2788,2853,2833,2864,2858,2838
715.253,2973.3,2971,2981,2991,2966,2979,3008,2994,2974,2974,2962,2985,2973,2950,2935,2979,2944,3001,2948,2993,2954,2976,2972,2959,2980,2946,2968,2978,2950,2984,3025
715.608,2424.3,2406,2377,2429,2395,2419,2404,2462,2409,2449,2462,2427,2444,2386,2405,2396,2411,2461,2415,2403,2412,2413,2429,2405,2446,2433,2472,2436,2453,2469,2402
715.963,2755.2,2761,2696,2771,2724,2719,2755,2745,2768,2724,2766,2749,2794,2769,2735,2769,2763,2734,2753,2765,2770,2749,2732,2764,2746,2780,2741,2801,2758,2747,2809
716.318,2643.6,2613,2638,2635,2646,2659,2662,2648,2630,2653,2657,2700,2679,2638,2670,2642,2634,2660,2650,2609,2638,2689,2638,2631,2635,2638,2644,2618,2593,2645,2616
716.673,2598.1,2581,2595,2606,2612,2634,2602,2585,2627,2584,2595,2596,2603,2637,2594,2590,2578,2546,2616,2621,2592,2649,2532,2591,2650,2587,2619,2574,2561,2595,2590
717.027,2678.7,2691,2689,2638,2664,2685,2681,2680,2648,2690,2712,2704,2662,2662,2732,2669,2660,2689,2635,2662,2666,2660,2677,2639,2680,2688,2681,2706,2688,2702,2720
717.382,2539.2,2505,2539,2528,2515,2524,2570,2526,2557,2562,2547,2538,2550,2549,2560,2543,2517,2520,2513,2522,2529,2528,2527,2571,2540,2539,2550,2499,2547,2602,2559
717.737,2741.3,2704,2801,2757,2768,2780,2746,2721,2743,2719,2742,2734,2734,2757,2727,2743,2750,2726,2760,2726,2742,2752,2692,2698,2732,2712,2769,2777,2703,2770,2754
718.092,2868.7,2869,2863,2901,2849,2876,2902,2914,2851,2861,2882,2849,2911,2858,2866,2843,2860,2884,2852,2841,2879,2855,2872,2831,2883,2862,2882,2862,2827,2904,2873
718.447,2576.1,2587,2537,2613,2566,2580,2542,2598,2590,2563,2562,2568,2621,2608,2533,2585,2581,2554,2581,2542,2581,2586,2601,2602,2569,2566,2565,2621,2534,2597,2549
718.802,2889.6,2916,2857,2880,2907,2878,2894,2899,2950,2884,2865,2886,2919,2952,2826,2850,2891,2915,2900,2875,2894,2872,2874,2872,2899,2900,2888,2905,2889,2867,2884
719.157,2802.2,2820,2824,2800,2829,2724,2754,2867,2784,2822,2794,2821,2807,2824,2811,2799,2810,2774,2800,2793,2746,2803,2817,2782,2807,2790,2836,2824,2815,2781,2809
719.511,2985.3,2973,2996,2984,2984,2962,3004,3058,3004,2991,2974,2990,3014,3010,2980,2994,2968,2997,2975,2940,2979,2978,2981,2977,2973,2980,3001,2910,2988,2969,3024
719.866,2718.5,2687,2713,2753,2711,2693,2777,2702,2730,2724,2703,2712,2724,2746,2714,2705,2678,2717,2687,2750,2723,2728,2722,2709,2694,2725,2703,2745,2732,2718,2730
720.221,2628.3,2660,2653,2617,2644,2628,2665,2639,2618,2630,2655,2626,2652,2631,2649,2645,2630,2612,2563,2609,2636,2584,2584,2640,2596,2649,2606,2620,2629,2639,2640
720.576,3050.5,3007,3026,3069,3094,3021,3051,3058,3061,3113,3078,3009,3078,3084,3062,3030,3068,3025,3067,2979,3068,3005,3078,3029,3046,3094,3004,3060,3050,3047,3055
720.931,2653.5,2634,2663,2669,2630,2644,2708,2648,2654,2698,2664,2625,2638,2643,2646,2703,2616,2651,2622,2628,2666,2626,2663,2651,2638,2672,2681,2649,2682,2655,2637
721.286,2420.0,2423,2432,2442,2453,2426,2423,2371,2478,2367,2386,2383,2441,2454,2399,2438,2391,2422,2403,2398,2386,2408,2435,2394,2439,2469,2465,2460,2387,2401,2425
721.641,2623.0,2640,2615,2639,2690,2639,2614,2639,2641,2656,2629,2581,2685,2621,2579,2599,2613,2619,2591,2613,2585,2590,2577,2624,2664,2586,2605,2645,2601,2652,2657
721.996,2948.1,2911,2933,2979,2938,2939,2964,2945,3016,2951,2969,2945,2940,2941,2938,2946,2950,2953,2961,2931,2907,2942,2935,2947,3003,2942,2936,2940,2948,2921,2971
722.352,2829.1,2840,2828,2796,2806,2811,2874,2831,2823,2819,2846,2808,2868,2854,2827,2814,2865,2864,2775,2808,2799,2799,2835,2870,2817,2865,2834,2827,2801,2842,2828
722.707,2565.2,2556,2569,2574,2534,2603,2615,2564,2553,2529,2621,2583,2575,2564,2545,2568,2517,2577,2540,2578,2525,2574,2577,2581,2569,2543,2565,2543,2596,2532,2585
723.062,3204.4,3210,3193,3189,3202,3173,3179,3228,3233,3240,3260,3216,3187,3228,3230,3210,3246,3169,3168,3213,3170,3166,3200,3232,3213,3199,3211,3171,3164,3237,3196
723.417,2867.5,2871,2890,2876,2870,2815,2899,2858,2869,2861,2878,2840,2895,2825,2866,2888,2888,2865,2870,2834,2850,2878,2872,2825,2873,2850,2898,2880,2890,2854,2897
723.772,2710.1,2655,2693,2742,2714,2680,2709,2708,2741,2715,2681,2787,2763,2674,2730,2739,2690,2702,2691,2694,2709,2702,2723,2707,2681,2664,2736,2719,2730,2753,2670
724.127,3140.5,3123,3122,3176,3120,3187,3166,3152,3169,3064,3175,3123,3128,3146,3168,3134,3140,3108,3176,3128,3121,3145,3120,3145,3138,3152,3152,3098,3128,3140,3170
724.482,2913.2,2918,2895,2892,2886,2926,2969,2953,2879,2926,2921,2886,2940,2925,2938,2878,2905,2914,2939,2927,2841,2913,2893,2934,2867,2921,2911,2968,2912,2940,2879
724.837,2847.8,2877,2847,2830,2837,2885,2805,2884,2915,2823,2862,2886,2799,2846,2859,2830,2840,2832,2802,2818,2827,2894,2859,2845,2821,2878,2856,2853,2840,2831,2853
725.193,2829.1,2766,2844,2818,2821,2882,2835,2800,2851,2849,2874,2884,2871,2860,2838,2834,2843,2801,2813,2813,2802,2767,2861,2848,2827,2853,2776,2786,2835,2826,2794
725.548,2766.9,2782,2750,2750,2750,2789,2743,2779,2734,2792,2717,2776,2778,2728,2766,2756,2748,2808,2772,2750,2759,2822,2762,2831,2766,2805,2754,2765,2738,2769,2767
725.903,2961.6,2933,2951,2980,2922,2972,2988,2957,2947,2991,2948,2986,2990,2980,2959,2943,2941,2966,2970,2952,2965,2952,3016,2949,2944,2939,2961,2988,2921,2988,2949
726.258,2714.2,2709,2750,2702,2652,2711,2701,2716,2719,2692,2750,2731,2738,2746,2728,2748,2703,2712,2738,2711,2751,2705,2701,2694,2746,2748,2698,2710,2670,2678,2669
726.614,2692.6,2699,2673,2696,2693,2646,2659,2715,2720,2723,2667,2687,2712,2713,2690,2722,2700,2673,2667,2679,2680,2683,2690,2700,2691,2747,2668,2694,2699,2719,2674
726.969,2820.7,2799,2825,2796,2803,2843,2785,2760,2790,2809,2851,2811,2824,2849,2863,2808,2813,2843,2834,2798,2784,2832,2853,2821,2823,2794,2858,2837,2843,2813,2858
727.324,2901.8,2878,2911,2907,2897,2887,2907,2941,2900,2871,2883,2923,2923,2973,2914,2899,2897,2874,2920,2884,2923,2946,2930,2857,2911,2930,2848,2926,2831,2875,2888
727.680,2970.3,2989,2940,3038,2971,2936,2964,2979,2996,2955,2971,2959,2986,2970,2995,2944,2956,2946,2955,2984,2996,2958,2952,3007,2993,2964,2975,2975,2965,2933,2958
728.035,3239.1,3232,3263,3233,3240,3252,3212,3208,3242,3224,3266,3252,3235,3208,3256,3266,3233,3247,3196,3239,3241,3269,3255,3225,3250,3209,3214,3252,3234,3257,3262
728.390,2671.5,2666,2690,2630,2671,2675,2685,2680,2715,2726,2678,2721,2685,2648,2666,2683,2668,2670,2641,2667,2661,2603,2681,2671,2671,2690,2651,2685,2654,2642,2671
728.746,2882.2,2836,2852,2883,2911,2914,2872,2868,2908,2927,2873,2890,2974,2900,2872,2858,2896,2882,2883,2865,2870,2902,2885,2910,2864,2886,2829,2844,2863,2872,2876
729.101,2629.4,2578,2637,2614,2619,2601,2603,2668,2651,2638,2664,2648,2656,2673,2646,2612,2630,2644,2606,2601,2599,2635,2595,2610,2628,2681,2627,2645,2600,2637,2637
729.456,2803.5,2787,2809,2808,2824,2820,2801,2797,2753,2811,2789,2845,2826,2791,2835,2806,2767,2806,2772,2798,2810,2781,2861,2771,2792,2799,2819,2780,2782,2824,2842
729.812,2826.7,2778,2802,2777,2820,2870,2867,2804,2817,2821,2827,2876,2831,2865,2848,2825,2850,2840,2834,2802,2823,2811,2784,2813,2860,2786,2863,2836,2848,2788,2835
730.167,2750.5,2716,2785,2757,2706,2772,2808,2736,2726,2692,2786,2779,2758,2787,2736,2795,2759,2766,2736,2723,2737,2709,2737,2749,2762,2773,2718,2779,2760,2747,2721
730.523,2850.0,2794,2858,2823,2848,2837,2820,2890,2834,2852,2866,2865,2838,2844,2881,2893,2873,2829,2848,2804,2850,2847,2841,2882,2843,2846,2902,2884,2857,2820,2831
730.878,2885.0,2903,2870,2875,2866,2905,2929,2883,2904,2906,2877,2881,2873,2886,2904,2900,2874,2873,2874,2909,2870,2859,2889,2823,2821,2885,2894,2925,2856,2901,2936
731.234,2774.9,2758,2792,2755,2753,2792,2776,2774,2745,2826,2797,2826,2785,2773,2757,2739,2764,2761,2759,2765,2766,2760,2718,2797,2779,2798,2792,2810,2797,2744,2789
731.589,2703.9,2679,2710,2712,2719,2704,2700,2739,2686,2696,2731,2709,2715,2687,2665,2703,2690,2744,2677,2697,2675,2723,2706,2712,2738,2712,2672,2727,2680,2704,2705
731.945,2954.7,2974,2937,2931,2903,2962,2961,2992,2951,3016,2979,3020,2943,2953,2945,2957,2902,3000,2926,2912,2944,2918,2929,2965,2951,2964,2936,2982,2952,2969,2966
732.300,2595.7,2590,2612,2633,2584,2557,2607,2600,2595,2580,2591,2634,2621,2632,2617,2581,2587,2564,2587,2567,2606,2603,2576,2590,2578,2601,2650,2587,2581,2560,2601
732.656,2690.1,2724,2703,2709,2696,2728,2671,2701,2674,2692,2707,2702,2697,2725,2728,2722,2657,2682,2669,2664,2622,2698,2703,2672,2680,2645,2688,2669,2690,2707,2677
733.011,2647.8,2598,2677,2640,2647,2639,2635,2675,2633,2676,2642,2678,2673,2670,2682,2618,2625,2618,2658,2617,2641,2639,2648,2636,2625,2694,2676,2570,2680,2649,2675
733.367,2958.3,2931,2937,2993,2962,2948,2974,2926,2971,2955,3018,2961,2983,2983,2943,2978,2929,2988,2891,2955,2940,2943,2969,2948,2962,2994,2959,2936,2931,2993,2947
733.722,2868.0,2814,2860,2941,2878,2828,2860,2872,2899,2863,2886,2882,2854,2857,2920,2829,2883,2895,2848,2870,2843,2883,2848,2829,2889,2877,2846,2850,2856,2933,2847
734.078,2800.2,2785,2833,2795,2779,2811,2828,2800,2780,2747,2814,2832,2805,2799,2827,2833,2802,2812,2772,2746,2780,2779,2788,2790,2778,2851,2794,2867,2804,2790,2786
734.434,2868.0,2805,2882,2875,2942,2898,2867,2907,2887,2894,2894,2905,2902,2868,2886,2840,2828,2825,2867,2876,2872,2833,2832,2816,2901,2860,2831,2834,2907,2877,2829
734.789,2387.3,2422,2337,2415,2381,2414,2378,2350,2422,2374,2386,2388,2366,2430,2415,2343,2364,2366,2368,2379,2372,2376,2373,2382,2421,2382,2408,2417,2412,2401,2378
735.145,3030.9,3004,3012,3070,3034,3005,3025,3057,3033,3075,3011,2998,3019,3043,3027,3038,3002,3046,3008,3029,3039,3031,3054,3027,3001,3064,3020,3061,3019,3047,3029
735.501,2815.7,2829,2793,2776,2783,2816,2806,2840,2832,2801,2874,2839,2794,2805,2862,2802,2792,2844,2826,2808,2831,2847,2821,2799,2799,2817,2798,2770,2845,2821,2800
735.856,2642.6,2633,2639,2676,2644,2620,2637,2631,2634,2620,2649,2613,2635,2670,2623,2641,2663,2617,2638,2612,2678,2676,2649,2655,2629,2666,2633,2653,2617,2645,2681
736.212,2599.9,2613,2594,2595,2577,2598,2561,2582,2585,2641,2580,2609,2588,2625,2660,2593,2591,2602,2603,2573,2607,2629,2554,2610,2585,2583,2591,2625,2589,2628,2625
736.568,2646.3,2686,2678,2637,2654,2672,2642,2617,2655,2649,2652,2647,2684,2661,2624,2646,2570,2658,2653,2616,2639,2624,2637,2668,2650,2646,2609,2662,2651,2642,2660
736.923,2875.0,2900,2887,2834,2895,2834,2863,2868,2859,2897,2888,2854,2854,2853,2887,2881,2830,2842,2909,2875,2904,2865,2863,2874,2910,2884,2879,2880,2898,2904,2880
737.279,2799.1,2771,2750,2783,2805,2807,2765,2789,2774,2777,2814,2772,2790,2786,2838,2827,2801,2803,2802,2835,2784,2792,2835,2840,2830,2787,2765,2826,2797,2804,2823
737.635,2725.5,2733,2718,2735,2713,2744,2768,2706,2728,2759,2683,2763,2749,2734,2710,2744,2693,2706,2706,2712,2688,2714,2721,2677,2717,2781,2733,2761,2726,2745,2698
737.991,2747.3,2720,2770,2738,2789,2784,2712,2712,2769,2765,2760,2758,2735,2754,2761,2697,2767,2713,2769,2761,2736,2766,2760,2730,2748,2762,2736,2720,2743,2760,2725
738.347,2348.9,2343,2343,2313,2350,2361,2318,2347,2368,2344,2351,2365,2366,2384,2354,2351,2354,2345,2324,2328,2328,2345,2391,2342,2326,2312,2372,2368,2387,2350,2337
738.702,2846.8,2838,2872,2814,2853,2858,2881,2806,2838,2844,2844,2840,2867,2812,2883,2796,2812,2878,2860,2883,2855,2880,2844,2837,2844,2839,2860,2863,2835,2827,2842
739.058,2213.6,2219,2216,2197,2196,2199,2222,2216,2221,2188,2207,2218,2226,2258,2218,2216,2210,2223,2209,2201,2185,2241,2212,2182,2242,2193,2214,2191,2198,2269,2221
739.414,2587.4,2593,2587,2597,2525,2625,2619,2593,2559,2567,2598,2572,2580,2605,2573,2595,2613,2556,2594,2606,2547,2548,2585,2575,2618,2582,2556,2597,2604,2622,2632
739.770,2467.0,2436,2472,2454,2456,2480,2485,2472,2481,2484,2469,2472,2484,2462,2450,2457,2467,2474,2486,2449,2472,2456,2434,2447,2518,2437,2480,2440,2504,2473,2458
740.126,2679.1,2701,2671,2651,2680,2704,2667,2640,2682,2690,2679,2660,2676,2731,2740,2656,2693,2694,2671,2652,2681,2677,2670,2665,2640,2715,2676,2691,2676,2666,2677
740.482,2667.7,2624,2641,2648,2696,2689,2667,2648,2710,2681,2686,2650,2680,2656,2667,2632,2677,2670,2650,2601,2657,2641,2674,2693,2700,2657,2682,2672,2720,2660,2703
740.838,2656.1,2626,2668,2687,2623,2648,2644,2669,2646,2662,2656,2653,2653,2648,2704,2683,2653,2656,2634,2642,2658,2671,2683,2675,2639,2662,2626,2657,2639,2621,2697
741.194,2798.2,2815,2794,2811,2782,2775,2785,2824,2826,2744,2767,2789,2812,2790,2866,2842,2782,2830,2807,2779,2816,2785,2829,2764,2785,2795,2800,2789,2763,2792,2809
741.550,2783.5,2835,2781,2801,2806,2782,2788,2760,2760,2847,2813,2748,2749,2777,2809,2836,2754,2799,2758,2731,2781,2771,2778,2780,2805,2738,2768,2765,2809,2779,2796
741.905,2535.0,2542,2519,2546,2505,2528,2543,2504,2492,2554,2526,2520,2525,2557,2558,2525,2561,2529,2511,2563,2541,2506,2528,2518,2556,2573,2511,2522,2519,2582,2587
742.261,2749.5,2743,2803,2741,2739,2746,2740,2767,2732,2809,2749,2756,2746,2737,2753,2763,2730,2722,2771,2776,2732,2744,2776,2730,2766,2710,2748,2731,2751,2745,2729
742.617,2633.2,2617,2645,2627,2612,2638,2656,2649,2628,2661,2643,2635,2608,2660,2649,2632,2632,2603,2620,2616,2669,2584,2602,2617,2645,2647,2620,2622,2618,2673,2669
742.973,2665.8,2649,2667,2621,2651,2664,2664,2726,2692,2695,2651,2668,2684,2648,2660,2673,2682,2604,2620,2652,2691,2707,2664,2671,2660,2692,2642,2688,2660,2675,2654
743.329,2739.2,2738,2742,2719,2747,2729,2750,2745,2758,2756,2797,2768,2790,2764,2708,2739,2709,2721,2731,2722,2721,2726,2741,2719,2770,2765,2704,2713,2703,2771,2711
743.686,2589.6,2611,2533,2550,2626,2595,2593,2601,2609,2597,2604,2629,2539,2675,2594,2609,2589,2577,2565,2580,2543,2576,2587,2609,2587,2589,2572,2600,2583,2551,2616
744.042,2799.6,2833,2785,2794,2770,2791,2797,2808,2842,2799,2759,2833,2790,2819,2792,2826,2776,2747,2769,2792,2784,2805,2824,2806,2813,2794,2812,2797,2853,2779,2800
744.398,2529.9,2502,2504,2539,2574,2552,2517,2554,2574,2501,2566,2501,2565,2557,2543,2538,2514,2525,2509,2506,2490,2534,2540,2550,2537,2530,2480,2536,2538,2463,2558
744.754,2770.5,2747,2773,2769,2716,2776,2776,2787,2791,2800,2784,2807,2766,2794,2820,2751,2811,2740,2766,2736,2784,2765,2768,2796,2723,2772,2738,2768,2754,2765,2771
745.110,2511.1,2522,2525,2477,2525,2486,2522,2461,2496,2507,2516,2511,2518,2528,2514,2519,2491,2523,2502,2508,2495,2530,2511,2504,2515,2513,2578,2493,2509,2497,2538
745.466,2735.2,2704,2740,2730,2756,2718,2755,2731,2736,2740,2753,2723,2712,2796,2773,2713,2750,2724,2722,2711,2751,2716,2760,2719,2739,2685,2706,2758,2723,2751,2762
745.822,2528.5,2566,2523,2526,2526,2514,2561,2504,2536,2488,2568,2532,2550,2562,2491,2563,2470,2511,2552,2495,2569,2538,2488,2542,2522,2549,2543,2533,2525,2486,2523
746.178,2833.6,2830,2844,2833,2831,2813,2849,2884,2833,2807,2808,2838,2893,2830,2802,2825,2811,2795,2829,2853,2855,2792,2854,2848,2824,2815,2843,2795,2840,2883,2852
746.534,2340.6,2308,2362,2365,2310,2311,2342,2336,2317,2328,2336,2369,2378,2331,2383,2344,2320,2370,2340,2348,2333,2330,2347,2348,2305,2344,2339,2402,2313,2317,2341
746.891,2638.4,2647,2641,2637,2659,2638,2616,2598,2617,2604,2645,2669,2672,2643,2643,2643,2579,2633,2640,2668,2636,2619,2666,2636,2655,2661,2667,2669,2613,2610,2629
747.247,2873.7,2832,2845,2878,2845,2873,2904,2856,2854,2849,2916,2901,2918,2869,2872,2889,2906,2851,2882,2874,2876,2871,2890,2883,2874,2867,2872,2876,2872,2866,2850
747.603,2385.9,2397,2402,2376,2355,2403,2374,2367,2367,2412,2392,2389,2380,2401,2391,2376,2388,2413,2420,2351,2366,2397,2387,2383,2417,2368,2431,2346,2370,2387,2371
747.959,2700.4,2692,2660,2726,2674,2717,2742,2680,2685,2708,2675,2688,2733,2690,2711,2669,2690,2734,2630,2728,2705,2688,2680,2694,2750,2700,2715,2687,2742,2723,2696
748.315,2525.5,2482,2543,2513,2526,2494,2545,2524,2549,2504,2562,2570,2552,2541,2512,2517,2486,2554,2518,2508,2519,2486,2500,2506,2545,2492,2536,2520,2546,2552,2563
748.672,2775.6,2781,2738,2795,2752,2804,2795,2782,2794,2751,2794,2782,2797,2765,2776,2797,2747,2747,2773,2782,2756,2777,2789,2751,2819,2738,2799,2747,2790,2788,2762
749.028,2858.7,2897,2895,2855,2856,2809,2849,2869,2863,2867,2850,2901,2894,2864,2854,2851,2821,2856,2847,2880,2872,2878,2836,2825,2843,2852,2865,2830,2882,2885,2814
749.384,2358.7,2367,2357,2366,2365,2348,2368,2355,2323,2337,2353,2354,2379,2365,2377,2394,2342,2326,2339,2363,2351,2353,2343,2386,2343,2386,2356,2331,2387,2379,2367
749.741,2307.2,2284,2334,2300,2279,2351,2336,2331,2280,2306,2307,2335,2301,2305,2307,2320,2289,2299,2271,2319,2319,2300,2307,2305,2289,2296,2331,2308,2308,2285,2315
750.097,2725.2,2748,2750,2690,2699,2717,2737,2701,2672,2763,2765,2714,2748,2785,2728,2699,2732,2725,2739,2687,2722,2683,2753,2738,2720,2745,2735,2745,2683,2724,2710
750.453,2616.9,2599,2602,2636,2646,2592,2598,2621,2632,2639,2603,2582,2628,2635,2622,2629,2564,2622,2624,2611,2614,2621,2608,2607,2596,2656,2629,2609,2643,2611,2628
750.809,2610.8,2620,2614,2546,2619,2624,2648,2639,2592,2624,2661,2640,2676,2588,2630,2591,2624,2629,2590,2627,2598,2587,2606,2538,2550,2601,2634,2632,2605,2596,2596
751.166,2651.5,2643,2640,2616,2677,2698,2635,2644,2634,2641,2670,2691,2667,2612,2680,2616,2652,2656,2641,2654,2656,2617,2641,2630,2664,2633,2655,2664,2698,2634,2687
751.522,2729.0,2676,2717,2707,2742,2722,2762,2742,2758,2719,2700,2736,2762,2754,2734,2740,2738,2739,2675,2732,2710,2748,2719,2700,2744,2743,2772,2701,2697,2767,2713
751.879,2828.1,2823,2830,2775,2849,2845,2812,2807,2834,2850,2811,2848,2840,2804,2911,2793,2853,2804,2831,2809,2815,2818,2794,2830,2830,2886,2844,2834,2812,2816,2834
752.235,2364.2,2347,2361,2393,2392,2362,2399,2367,2345,2392,2344,2372,2372,2354,2373,2370,2332,2336,2338,2379,2359,2382,2351,2351,2380,2387,2372,2361,2376,2299,2380
752.591,2657.3,2638,2635,2621,2634,2640,2656,2644,2695,2677,2648,2692,2646,2676,2695,2648,2656,2638,2602,2598,2655,2651,2657,2674,2670,2685,2682,2670,2685,2655,2697
752.948,2481.4,2497,2479,2470,2488,2475,2536,2508,2524,2442,2513,2473,2475,2484,2482,2457,2488,2440,2456,2489,2470,2450,2467,2482,2506,2455,2479,2477,2516,2504,2461
753.304,2506.7,2505,2549,2484,2492,2519,2521,2529,2541,2529,2487,2480,2553,2484,2533,2490,2507,2489,2477,2494,2522,2510,2500,2505,2522,2496,2493,2503,2473,2538,2477
753.661,2691.3,2672,2707,2668,2680,2690,2727,2701,2672,2656,2696,2702,2704,2696,2690,2653,2661,2689,2690,2713,2704,2703,2706,2711,2703,2702,2698,2698,2687,2693,2668
754.017,2573.8,2545,2574,2575,2579,2547,2578,2546,2602,2587,2578,2569,2587,2529,2611,2557,2594,2552,2580,2598,2584,2593,2582,2526,2564,2578,2584,2595,2579,2569,2571
754.374,2580.0,2595,2607,2588,2579,2552,2600,2645,2572,2547,2529,2581,2586,2611,2591,2566,2590,2553,2547,2586,2549,2592,2576,2574,2561,2592,2537,2600,2625,2587,2581
754.730,2417.4,2394,2431,2414,2411,2456,2419,2427,2390,2438,2453,2447,2403,2476,2433,2381,2394,2426,2381,2396,2379,2417,2434,2420,2416,2424,2445,2389,2413,2392,2422
755.087,2557.0,2544,2578,2520,2573,2552,2562,2557,2555,2560,2544,2526,2591,2544,2572,2556,2560,2530,2550,2555,2538,2568,2556,2584,2527,2548,2570,2584,2554,2574,2577
755.443,2558.6,2529,2580,2538,2528,2521,2558,2532,2581,2567,2547,2549,2560,2639,2560,2563,2552,2527,2569,2531,2568,2568,2537,2541,2581,2547,2588,2609,2538,2560,2590
755.800,2592.4,2602,2563,2598,2596,2589,2580,2575,2591,2620,2577,2593,2602,2607,2602,2595,2561,2626,2561,2607,2539,2584,2605,2580,2568,2633,2599,2585,2621,2578,2634
756.156,2645.7,2657,2636,2657,2621,2675,2634,2620,2671,2637,2655,2696,2650,2654,2641,2651,2640,2615,2607,2640,2645,2675,2649,2655,2658,2640,2661,2664,2652,2604,2611
756.513,2395.1,2379,2393,2406,2398,2416,2403,2426,2380,2358,2440,2359,2421,2370,2425,2367,2341,2372,2389,2399,2393,2413,2397,2372,2426,2383,2397,2393,2393,2433,2411
756.870,2478.6,2480,2484,2462,2505,2463,2491,2509,2474,2468,2474,2496,2471,2453,2511,2462,2499,2445,2494,2448,2449,2485,2502,2473,2491,2465,2480,2482,2472,2474,2496
757.226,2771.0,2749,2765,2771,2766,2766,2808,2792,2747,2751,2771,2761,2814,2798,2803,2792,2763,2754,2813,2741,2725,2769,2784,2786,2752,2772,2718,2739,2798,2787,2775
757.583,2537.9,2523,2536,2562,2520,2545,2528,2544,2556,2563,2578,2528,2549,2562,2565,2505,2547,2534,2525,2568,2505,2518,2523,2514,2537,2530,2535,2540,2532,2525,2539
757.939,2761.5,2762,2754,2748,2773,2791,2790,2783,2767,2817,2785,2745,2756,2785,2758,2720,2734,2728,2728,2800,2766,2724,2755,2742,2741,2778,2784,2792,2748,2727,2763
758.296,2514.7,2533,2524,2515,2523,2547,2558,2537,2501,2500,2545,2501,2487,2524,2523,2481,2541,2456,2538,2511,2511,2521,2488,2476,2533,2526,2518,2490,2538,2504,2490
758.653,2678.0,2668,2668,2663,2697,2698,2696,2650,2671,2710,2686,2694,2719,2693,2702,2711,2645,2667,2655,2648,2661,2660,2673,2637,2708,2702,2655,2688,2718,2633,2664
759.010,2427.2,2427,2446,2420,2395,2452,2436,2446,2413,2453,2447,2440,2440,2470,2422,2410,2388,2410,2436,2392,2417,2431,2455,2403,2416,2390,2420,2438,2452,2416,2435
759.366,2490.0,2489,2495,2502,2436,2431,2535,2506,2491,2462,2508,2535,2532,2547,2478,2512,2431,2484,2472,2447,2475,2473,2484,2490,2473,2475,2495,2488,2488,2532,2533
759.723,2625.7,2670,2627,2621,2649,2598,2626,2610,2635,2613,2628,2649,2613,2629,2640,2603,2630,2628,2644,2601,2637,2629,2605,2631,2605,2639,2632,2658,2593,2593,2635
760.080,2719.5,2740,2690,2682,2712,2736,2678,2730,2772,2717,2728,2781,2734,2770,2728,2666,2688,2700,2695,2737,2756,2708,2733,2709,2721,2690,2729,2673,2703,2737,2741
760.436,2545.0,2554,2484,2522,2536,2531,2538,2554,2572,2555,2515,2554,2577,2563,2518,2553,2536,2517,2600,2579,2536,2558,2534,2523,2543,2546,2533,2557,2562,2538,2562
760.793,2610.8,2596,2605,2625,2608,2589,2650,2578,2604,2612,2609,2648,2616,2591,2643,2576,2591,2635,2579,2567,2601,2626,2601,2639,2597,2628,2569,2609,2645,2634,2652
761.150,2736.1,2753,2699,2764,2728,2750,2767,2732,2734,2728,2751,2730,2716,2745,2749,2739,2713,2716,2721,2708,2734,2734,2737,2755,2728,2718,2792,2752,2732,2755,2702
761.507,2659.0,2672,2684,2699,2660,2676,2683,2660,2668,2654,2635,2671,2677,2657,2655,2682,2640,2625,2652,2648,2664,2682,2652,2650,2609,2646,2653,2637,2654,2643,2682
761.864,2545.8,2539,2531,2595,2523,2529,2550,2589,2547,2554,2563,2605,2608,2557,2590,2484,2500,2496,2564,2531,2573,2508,2547,2519,2544,2555,2506,2521,2539,2576,2532
762.220,2590.4,2576,2607,2557,2594,2576,2563,2620,2586,2604,2580,2608,2579,2603,2580,2568,2591,2546,2603,2619,2584,2594,2608,2559,2600,2604,2584,2607,2593,2634,2584
762.577,2600.2,2618,2559,2622,2591,2593,2577,2617,2615,2579,2600,2602,2596,2611,2632,2592,2627,2617,2611,2581,2625,2597,2610,2600,2620,2616,2598,2609,2554,2592,2545
762.934,2680.1,2618,2686,2683,2670,2646,2678,2677,2661,2721,2682,2676,2700,2695,2737,2661,2694,2658,2681,2611,2687,2664,2662,2656,2716,2694,2699,2669,2693,2724,2705
763.291,2716.2,2680,2736,2703,2672,2716,2760,2716,2729,2725,2722,2732,2696,2719,2718,2744,2729,2719,2753,2722,2713,2682,2722,2706,2700,2741,2664,2728,2703,2708,2729
763.648,2856.0,2875,2860,2865,2830,2802,2849,2878,2873,2860,2853,2858,2894,2866,2881,2817,2867,2817,2884,2815,2888,2833,2842,2864,2843,2868,2796,2863,2893,2875,2872
764.005,2335.4,2325,2359,2364,2324,2316,2364,2290,2356,2354,2302,2334,2307,2313,2320,2330,2374,2328,2303,2352,2324,2331,2319,2321,2320,2304,2352,2355,2394,2350,2376
764.362,2946.5,2928,2931,2948,2985,2973,2959,2907,2965,2934,3008,2936,2955,2948,2915,2961,2976,2872,2865,2923,2958,2913,2970,2942,2993,2909,3025,2941,2962,2928,2964
764.718,2522.1,2518,2526,2530,2533,2526,2512,2544,2586,2489,2523,2505,2498,2561,2569,2510,2494,2511,2537,2466,2537,2508,2527,2491,2535,2489,2512,2576,2534,2497,2520
765.075,2943.5,2925,2960,2918,2927,2922,2958,2940,2945,2943,2952,2973,2920,3002,2915,2925,2908,2945,2978,2971,2908,2916,2984,2969,2943,2959,2931,2940,2965,2888,2976
765.432,2529.7,2522,2500,2518,2501,2488,2531,2545,2506,2565,2540,2567,2533,2550,2573,2491,2571,2464,2524,2531,2547,2489,2504,2526,2536,2602,2559,2540,2539,2491,2538
765.789,2933.2,2921,2924,2839,2962,2987,2917,2887,2964,2979,2937,2940,2950,2931,2944,2953,2888,2968,2896,2923,2924,2909,2921,2944,2947,2990,2920,2934,2909,2942,2945
766.146,2799.3,2789,2765,2808,2753,2832,2828,2795,2840,2821,2831,2815,2767,2804,2789,2767,2786,2758,2849,2826,2802,2748,2787,2788,2797,2825,2824,2778,2782,2781,2844
766.503,2579.4,2573,2575,2552,2602,2590,2576,2547,2619,2609,2602,2603,2605,2599,2569,2528,2568,2554,2586,2590,2611,2594,2567,2539,2578,2528,2612,2564,2549,2608,2585
766.860,2844.7,2853,2817,2848,2831,2854,2836,2861,2877,2843,2907,2821,2850,2848,2850,2836,2851,2814,2794,2824,2850,2843,2837,2869,2856,2867,2851,2808,2848,2864,2832
767.217,2801.3,2781,2803,2819,2824,2820,2769,2782,2825,2832,2786,2851,2743,2829,2832,2761,2847,2826,2816,2803,2788,2777,2830,2784,2763,2823,2844,2756,2800,2773,2752
767.574,3107.0,3152,3100,3102,3106,3126,3120,3103,3133,3123,3147,3098,3137,3130,3152,3116,3059,3080,3135,3117,3068,3070,3105,3098,3097,3083,3079,3057,3135,3097,3084
767.931,2595.3,2556,2572,2591,2600,2615,2591,2540,2602,2637,2603,2598,2598,2607,2666,2613,2600,2581,2557,2574,2589,2608,2598,2579,2565,2624,2623,2612,2576,2615,2569
768.288,2845.3,2840,2842,2873,2863,2811,2845,2867,2865,2853,2826,2873,2822,2888,2886,2789,2782,2813,2835,2798,2814,2848,2838,2843,2876,2863,2850,2875,2813,2864,2903
768.645,2504.6,2485,2514,2512,2506,2484,2493,2505,2461,2544,2548,2532,2534,2552,2549,2497,2469,2527,2473,2505,2489,2470,2478,2453,2533,2498,2476,2533,2512,2476,2531
769.002,2551.0,2523,2532,2556,2534,2557,2561,2590,2557,2555,2609,2567,2529,2594,2571,2573,2480,2562,2571,2530,2546,2535,2575,2536,2549,2536,2555,2492,2576,2553,2527
769.360,2655.9,2632,2641,2691,2605,2665,2656,2639,2661,2684,2652,2659,2671,2702,2629,2655,2600,2613,2628,2672,2649,2667,2675,2646,2664,2694,2667,2681,2687,2656,2636
769.717,2585.0,2586,2603,2585,2623,2599,2616,2600,2536,2641,2595,2623,2591,2601,2579,2565,2551,2580,2560,2593,2561,2587,2589,2564,2627,2552,2569,2550,2585,2587,2553
770.074,2565.7,2526,2554,2551,2581,2534,2588,2541,2544,2578,2585,2572,2612,2571,2597,2594,2574,2545,2546,2569,2579,2580,2540,2550,2559,2583,2557,2582,2549,2563,2567
770.431,2668.5,2649,2667,2654,2680,2728,2666,2695,2688,2686,2699,2648,2677,2666,2678,2667,2666,2608,2669,2675,2630,2616,2702,2666,2665,2672,2660,2662,2669,2685,2662
770.788,2499.8,2507,2513,2491,2483,2491,2531,2483,2475,2504,2517,2490,2501,2521,2524,2529,2487,2521,2495,2509,2491,2468,2497,2508,2514,2508,2528,2448,2486,2487,2486
771.145,2600.5,2656,2586,2600,2616,2597,2576,2631,2622,2598,2614,2548,2637,2590,2614,2557,2584,2558,2566,2584,2611,2600,2590,2594,2608,2631,2605,2614,2634,2605,2588
771.502,2652.3,2605,2659,2605,2640,2660,2681,2716,2704,2691,2659,2675,2607,2658,2653,2629,2642,2619,2639,2697,2628,2627,2612,2648,2632,2689,2684,2677,2675,2639,2620
771.860,2551.0,2537,2501,2577,2551,2582,2524,2541,2532,2549,2552,2570,2597,2563,2571,2574,2539,2464,2556,2571,2590,2533,2589,2515,2515,2559,2600,2548,2534,2526,2570
772.217,2585.0,2553,2598,2593,2627,2558,2596,2591,2602,2594,2595,2597,2586,2627,2610,2594,2528,2597,2618,2554,2546,2570,2594,2575,2553,2545,2601,2619,2590,2542,2597
772.574,2570.3,2595,2596,2574,2602,2545,2561,2569,2601,2570,2614,2572,2629,2568,2561,2605,2536,2534,2581,2581,2551,2549,2495,2564,2589,2566,2522,2580,2596,2581,2523
772.931,2673.8,2660,2707,2706,2688,2674,2648,2676,2688,2693,2649,2715,2738,2666,2693,2674,2633,2657,2678,2688,2681,2658,2704,2639,2673,2680,2640,2668,2655,2659,2625
773.289,2488.4,2463,2488,2512,2524,2470,2469,2457,2553,2523,2455,2557,2452,2476,2540,2498,2491,2481,2479,2446,2468,2550,2465,2448,2476,2470,2481,2494,2474,2472,2520
773.646,2492.6,2451,2530,2464,2484,2461,2509,2519,2526,2510,2494,2484,2458,2509,2471,2498,2478,2477,2476,2555,2502,2469,2527,2499,2494,2487,2466,2536,2481,2473,2491
774.003,2718.3,2720,2659,2760,2717,2709,2761,2729,2701,2752,2764,2734,2719,2740,2793,2698,2668,2724,2732,2690,2707,2696,2691,2745,2747,2699,2712,2678,2721,2699,2684
774.360,2514.8,2485,2518,2505,2569,2520,2542,2501,2552,2493,2540,2516,2530,2483,2530,2494,2528,2521,2552,2492,2529,2524,2527,2470,2504,2534,2474,2493,2494,2517,2506
774.718,2467.7,2456,2444,2484,2468,2473,2470,2504,2486,2546,2460,2467,2509,2427,2483,2465,2436,2463,2461,2452,2481,2416,2484,2442,2449,2426,2477,2446,2500,2493,2464
775.075,2552.5,2517,2541,2585,2560,2532,2578,2566,2561,2562,2553,2586,2597,2555,2592,2562,2502,2536,2584,2517,2578,2540,2583,2482,2521,2555,2579,2518,2557,2518,2557
775.432,2765.0,2729,2772,2783,2749,2751,2780,2792,2780,2764,2746,2759,2782,2785,2756,2770,2764,2743,2791,2782,2782,2761,2773,2754,2790,2756,2751,2739,2788,2728,2749
775.790,2554.7,2558,2550,2561,2578,2550,2546,2556,2532,2568,2580,2561,2560,2573,2593,2564,2558,2564,2553,2578,2568,2551,2495,2567,2538,2520,2566,2536,2536,2529,2553
776.147,2621.3,2656,2607,2589,2625,2648,2641,2600,2633,2644,2675,2598,2627,2656,2638,2626,2633,2628,2568,2562,2594,2592,2625,2598,2590,2615,2633,2637,2616,2684,2601
776.504,2439.3,2435,2421,2436,2429,2465,2479,2445,2444,2423,2431,2393,2482,2440,2450,2432,2401,2427,2397,2442,2468,2446,2502,2474,2414,2470,2474,2421,2399,2415,2425
776.862,2572.9,2620,2574,2568,2536,2533,2524,2556,2528,2577,2563,2572,2596,2552,2628,2569,2601,2560,2592,2589,2539,2576,2598,2566,2582,2569,2584,2583,2563,2612,2576
777.219,2521.4,2499,2527,2554,2510,2526,2541,2490,2529,2586,2536,2547,2520,2561,2534,2529,2497,2513,2513,2524,2451,2552,2528,2521,2470,2519,2493,2538,2523,2490,2520
777.577,3045.1,3048,2984,3040,3078,3034,3055,3038,3064,3055,3084,3062,3061,3006,3050,3005,3083,3023,3029,3033,3059,3042,3039,3074,3016,3007,3070,3018,3070,3059,3066
777.934,2945.4,2980,2966,2927,2982,2976,2952,2925,2970,2966,2959,2932,2971,2921,2934,2946,2940,2928,2895,2976,2906,2929,2945,2891,2946,2939,2913,2898,2987,2999,2964
778.291,2515.4,2510,2477,2495,2515,2480,2540,2523,2530,2531,2524,2526,2557,2506,2493,2539,2509,2498,2512,2515,2491,2510,2554,2514,2491,2476,2550,2498,2509,2541,2548
778.649,2428.7,2399,2454,2406,2446,2432,2474,2447,2433,2421,2472,2405,2467,2404,2442,2418,2421,2395,2395,2421,2440,2426,2366,2462,2456,2431,2405,2403,2417,2472,2431
779.006,2382.1,2367,2397,2384,2360,2420,2422,2424,2406,2343,2381,2411,2355,2357,2414,2387,2361,2393,2404,2373,2355,2348,2399,2368,2362,2360,2412,2380,2377,2373,2370
779.364,2432.5,2423,2394,2445,2467,2410,2417,2431,2420,2410,2416,2480,2446,2471,2409,2445,2449,2405,2396,2425,2447,2419,2427,2460,2438,2413,2434,2449,2456,2417,2456
779.721,2246.4,2271,2223,2247,2230,2249,2254,2257,2239,2216,2223,2268,2230,2270,2242,2240,2251,2232,2234,2253,2233,2266,2243,2222,2271,2214,2262,2275,2250,2244,2284
780.079,2302.4,2276,2286,2280,2302,2305,2276,2303,2286,2280,2312,2328,2292,2301,2323,2329,2308,2323,2331,2316,2341,2349,2274,2244,2274,2338,2339,2255,2289,2290,2322
780.436,2686.6,2682,2695,2703,2676,2667,2685,2680,2665,2691,2670,2706,2723,2680,2721,2697,2659,2698,2681,2676,2696,2666,2685,2679,2689,2664,2661,2693,2728,2706,2675
780.794,2388.2,2376,2394,2360,2428,2354,2406,2401,2407,2380,2389,2402,2420,2405,2391,2381,2386,2407,2392,2350,2372,2368,2370,2350,2352,2408,2365,2412,2430,2397,2393
781.151,2479.6,2437,2500,2518,2507,2491,2485,2477,2489,2462,2479,2450,2479,2504,2499,2465,2435,2486,2479,2504,2456,2499,2449,2502,2455,2487,2501,2457,2493,2467,2477
781.509,2411.8,2440,2386,2428,2419,2456,2422,2405,2398,2360,2385,2423,2399,2443,2428,2417,2399,2426,2412,2355,2452,2428,2392,2430,2392,2429,2375,2384,2427,2418,2427
781.867,2590.4,2573,2615,2612,2600,2574,2582,2608,2622,2546,2591,2598,2594,2586,2613,2574,2546,2576,2580,2550,2570,2587,2576,2592,2614,2613,2620,2548,2610,2622,2619
782.224,2717.0,2719,2701,2697,2725,2693,2746,2738,2699,2756,2776,2720,2751,2735,2752,2685,2698,2687,2721,2684,2692,2706,2664,2753,2677,2726,2711,2701,2738,2720,2740
782.582,2615.0,2627,2606,2578,2616,2627,2585,2633,2659,2592,2593,2615,2603,2605,2639,2659,2635,2653,2622,2652,2612,2618,2630,2601,2587,2630,2581,2591,2600,2558,2644
782.939,2486.5,2524,2517,2509,2468,2475,2478,2484,2498,2501,2495,2482,2456,2482,2478,2474,2531,2461,2490,2481,2536,2465,2486,2477,2437,2468,2496,2472,2472,2508,2494
783.297,2670.0,2668,2676,2677,2708,2635,2657,2649,2648,2713,2674,2650,2646,2628,2696,2692,2659,2671,2715,2694,2673,2691,2668,2639,2651,2667,2638,2692,2671,2683,2670
783.655,2290.1,2268,2290,2283,2276,2288,2298,2269,2262,2301,2307,2312,2333,2314,2265,2298,2310,2294,2296,2288,2269,2280,2303,2309,2290,2280,2289,2298,2275,2260,2298
784.012,2520.5,2520,2552,2557,2491,2494,2518,2470,2524,2524,2521,2537,2522,2516,2508,2527,2516,2573,2486,2543,2523,2504,2520,2542,2496,2508,2514,2538,2543,2471,2558
784.370,2495.5,2457,2486,2507,2457,2488,2506,2465,2478,2518,2514,2511,2456,2505,2498,2484,2493,2496,2484,2557,2504,2516,2477,2480,2491,2524,2450,2505,2524,2517,2518
784.728,2237.5,2252,2229,2237,2262,2221,2237,2252,2269,2220,2243,2217,2217,2268,2259,2240,2216,2261,2201,2232,2219,2234,2193,2249,2239,2232,2220,2228,2239,2277,2261
785.085,2601.8,2622,2602,2604,2608,2622,2584,2575,2600,2639,2565,2655,2576,2608,2620,2613,2558,2563,2606,2568,2611,2592,2613,2621,2564,2566,2617,2616,2578,2639,2649
785.443,2490.6,2488,2526,2485,2495,2504,2493,2519,2471,2501,2472,2477,2475,2484,2531,2478,2507,2520,2499,2472,2458,2502,2502,2434,2487,2467,2460,2472,2494,2516,2528
785.801,2554.8,2558,2565,2556,2544,2547,2539,2549,2571,2582,2536,2580,2564,2578,2537,2541,2565,2559,2547,2564,2513,2527,2545,2539,2584,2572,2574,2555,2576,2542,2536
786.158,2450.5,2432,2426,2440,2451,2455,2499,2431,2459,2491,2462,2493,2458,2487,2464,2436,2444,2442,2438,2418,2479,2430,2431,2455,2415,2433,2481,2406,2454,2438,2466
786.516,2485.7,2477,2488,2449,2504,2460,2426,2473,2537,2479,2486,2498,2476,2498,2487,2482,2498,2531,2507,2526,2499,2454,2476,2476,2466,2507,2494,2434,2501,2467,2514
786.874,2217.9,2210,2227,2191,2244,2218,2241,2220,2188,2228,2248,2238,2205,2230,2258,2233,2199,2185,2194,2216,2230,2200,2226,2213,2264,2237,2202,2164,2219,2176,2232
787.232,2143.2,2118,2156,2123,2140,2153,2131,2164,2113,2127,2216,2165,2173,2136,2131,2142,2126,2134,2123,2117,2136,2122,2143,2126,2160,2174,2130,2168,2143,2126,2181
787.589,2476.4,2465,2459,2475,2469,2476,2476,2448,2485,2530,2486,2469,2476,2502,2485,2480,2502,2465,2462,2504,2438,2490,2476,2453,2457,2483,2461,2508,2468,2469,2476
787.947,2606.8,2621,2602,2618,2662,2627,2617,2601,2611,2566,2632,2596,2621,2584,2610,2607,2598,2613,2572,2596,2582,2607,2636,2596,2561,2639,2634,2545,2601,2576,2674
788.305,2810.6,2811,2808,2820,2776,2826,2741,2802,2791,2843,2826,2826,2867,2779,2838,2846,2782,2752,2776,2800,2822,2814,2858,2834,2834,2790,2857,2793,2790,2792,2824
788.663,2140.3,2144,2151,2145,2106,2163,2144,2127,2159,2161,2170,2140,2134,2149,2112,2120,2120,2151,2157,2157,2119,2112,2186,2082,2138,2138,2129,2141,2129,2165,2161
789.021,2426.9,2406,2425,2463,2414,2463,2416,2448,2415,2441,2389,2444,2472,2426,2427,2399,2435,2440,2386,2436,2431,2434,2461,2449,2395,2406,2412,2428,2405,2429,2411
789.378,2518.3,2515,2532,2506,2534,2557,2529,2550,2495,2505,2522,2535,2506,2491,2527,2507,2490,2504,2552,2534,2516,2492,2486,2498,2554,2489,2501,2546,2548,2543,2486
789.736,2450.1,2465,2493,2437,2421,2427,2486,2487,2432,2464,2498,2459,2486,2453,2461,2390,2418,2452,2486,2470,2436,2471,2463,2450,2411,2393,2441,2432,2438,2435,2447
790.094,2581.1,2607,2537,2576,2554,2580,2595,2547,2602,2562,2593,2603,2629,2631,2600,2596,2573,2552,2591,2593,2536,2570,2626,2558,2573,2607,2585,2565,2577,2529,2587
790.452,2165.8,2191,2199,2135,2156,2151,2188,2139,2198,2184,2158,2162,2161,2201,2132,2188,2154,2203,2149,2185,2174,2168,2165,2136,2182,2106,2164,2141,2172,2170,2162
790.810,2357.0,2369,2373,2366,2367,2337,2388,2365,2358,2345,2379,2325,2360,2370,2380,2327,2355,2341,2354,2321,2357,2325,2354,2367,2321,2343,2364,2364,2380,2360,2395
791.168,2456.5,2408,2458,2399,2419,2482,2491,2528,2456,2431,2467,2458,2447,2484,2510,2464,2491,2462,2443,2462,2419,2459,2453,2506,2400,2405,2405,2479,2474,2464,2470
791.526,2187.6,2137,2161,2181,2216,2219,2170,2218,2179,2202,2192,2200,2158,2185,2181,2201,2223,2164,2180,2210,2194,2168,2191,2163,2201,2198,2184,2188,2171,2212,2182
791.884,2360.1,2381,2335,2358,2326,2327,2386,2412,2356,2360,2379,2363,2347,2341,2317,2381,2418,2370,2356,2368,2403,2355,2360,2340,2344,2322,2338,2351,2371,2393,2344
792.242,2223.6,2239,2209,2222,2257,2208,2229,2227,2186,2230,2157,2196,2228,2232,2214,2235,2225,2248,2232,2208,2215,2247,2250,2224,2224,2206,2256,2215,2239,2241,2210
792.600,2276.7,2251,2304,2292,2294,2248,2260,2242,2290,2235,2244,2309,2319,2230,2300,2282,2280,2253,2247,2268,2307,2241,2250,2281,2292,2248,2279,2273,2324,2326,2332
792.957,2443.8,2412,2476,2458,2414,2453,2487,2414,2432,2478,2465,2485,2416,2438,2427,2451,2414,2424,2410,2443,2473,2439,2414,2497,2450,2454,2412,2469,2476,2413,2421
793.315,2356.1,2347,2344,2313,2328,2371,2349,2379,2368,2357,2355,2361,2352,2408,2395,2394,2361,2381,2340,2323,2328,2350,2360,2364,2357,2344,2361,2324,2346,2392,2330
793.673,2444.0,2449,2423,2427,2446,2462,2456,2484,2408,2484,2452,2409,2491,2444,2475,2415,2416,2443,2448,2447,2450,2433,2467,2477,2434,2382,2457,2414,2457,2454,2417
794.031,2569.5,2575,2578,2532,2572,2554,2592,2555,2580,2593,2570,2570,2591,2607,2569,2553,2571,2544,2537,2598,2582,2526,2543,2590,2552,2531,2600,2593,2549,2587,2592
794.389,2454.0,2441,2434,2405,2478,2457,2407,2416,2462,2473,2472,2477,2440,2494,2436,2459,2478,2488,2435,2459,2411,2427,2484,2493,2486,2453,2504,2445,2426,2429,2450
794.747,1984.9,1972,1949,2008,1991,1989,1990,1935,1988,1984,2002,1994,1980,1983,1981,1958,2003,1962,1977,1987,1962,1987,1992,1983,1980,1979,1989,2044,1998,2022,1977
795.105,2424.5,2374,2377,2426,2442,2483,2429,2377,2426,2439,2427,2444,2440,2456,2405,2419,2410,2406,2397,2424,2395,2360,2432,2428,2442,2461,2481,2441,2427,2396,2470
795.464,2259.7,2286,2284,2236,2261,2279,2206,2262,2284,2289,2286,2271,2243,2280,2275,2180,2268,2216,2216,2261,2212,2270,2282,2267,2254,2305,2273,2281,2257,2240,2267
795.822,2366.4,2386,2396,2326,2333,2402,2376,2401,2346,2302,2374,2363,2340,2377,2368,2394,2381,2377,2378,2388,2370,2321,2324,2436,2358,2335,2392,2374,2378,2368,2328
796.180,2330.9,2296,2342,2328,2315,2333,2354,2365,2341,2314,2312,2366,2336,2299,2366,2348,2325,2331,2316,2360,2328,2317,2337,2354,2333,2288,2337,2333,2320,2333,2300
796.538,2473.4,2488,2449,2477,2455,2460,2447,2513,2442,2512,2464,2517,2508,2453,2509,2476,2481,2445,2444,2477,2499,2467,2432,2473,2472,2499,2472,2498,2485,2422,2466
796.896,2398.5,2397,2404,2408,2416,2443,2370,2413,2399,2375,2401,2389,2381,2380,2428,2423,2423,2415,2382,2354,2372,2389,2400,2396,2372,2410,2402,2395,2402,2406,2409
797.254,2341.7,2328,2376,2314,2347,2345,2364,2358,2336,2337,2333,2336,2349,2302,2380,2335,2280,2324,2321,2377,2310,2281,2321,2376,2358,2363,2397,2332,2365,2355,2352
797.612,2416.8,2400,2429,2430,2421,2364,2402,2466,2415,2406,2414,2376,2430,2421,2431,2412,2411,2454,2410,2417,2416,2458,2376,2433,2447,2373,2410,2407,2432,2410,2433
797.970,2259.9,2211,2322,2224,2256,2239,2251,2292,2288,2256,2268,2264,2321,2277,2261,2277,2276,2295,2231,2243,2203,2234,2243,2214,2260,2280,2266,2225,2227,2330,2264
798.328,2278.1,2276,2306,2274,2339,2260,2256,2301,2292,2269,2268,2298,2296,2287,2267,2274,2259,2279,2253,2276,2259,2250,2282,2317,2275,2263,2303,2270,2289,2237,2269
798.686,2401.2,2409,2402,2387,2393,2397,2411,2422,2393,2424,2418,2434,2401,2384,2373,2378,2424,2398,2346,2403,2408,2385,2397,2388,2415,2385,2407,2411,2402,2426,2414
799.045,2374.8,2355,2383,2383,2392,2406,2350,2360,2355,2370,2384,2370,2393,2378,2367,2374,2358,2387,2389,2362,2383,2390,2394,2404,2344,2388,2336,2363,2369,2385,2373
799.403,2267.8,2291,2242,2256,2282,2288,2268,2291,2257,2285,2241,2288,2273,2289,2261,2330,2239,2237,2249,2230,2270,2260,2274,2303,2244,2254,2275,2274,2258,2253,2272
799.761,2621.9,2601,2605,2614,2608,2677,2659,2593,2615,2630,2661,2611,2612,2594,2618,2634,2600,2619,2657,2624,2609,2600,2662,2647,2597,2641,2600,2638,2599,2602,2629
800.119,2561.0,2563,2512,2572,2522,2587,2545,2620,2549,2515,2543,2566,2590,2582,2528,2627,2575,2555,2562,2596,2552,2573,2540,2541,2568,2563,2589,2601,2552,2520,2523
800.477,3141.6,3198,3130,3097,3168,3118,3144,3169,3148,3144,3133,3115,3127,3118,3174,3170,3124,3140,3116,3118,3106,3117,3176,3144,3119,3160,3194,3178,3121,3111,3170
800.836,2589.7,2605,2532,2564,2583,2571,2589,2646,2571,2613,2630,2603,2576,2599,2620,2580,2630,2548,2559,2571,2619,2594,2589,2584,2601,2581,2580,2592,2587,2586,2589
801.194,2402.3,2382,2358,2444,2394,2379,2466,2401,2408,2418,2403,2396,2381,2454,2438,2461,2374,2413,2399,2383,2403,2388,2409,2415,2411,2360,2397,2373,2392,2339,2430
801.552,2657.1,2645,2669,2633,2664,2659,2633,2650,2715,2644,2664,2639,2648,2692,2664,2661,2662,2671,2618,2664,2632,2662,2660,2636,2643,2609,2672,2673,2698,2659,2675
801.910,2620.4,2576,2619,2643,2643,2611,2632,2620,2603,2610,2628,2625,2636,2642,2657,2616,2585,2640,2615,2620,2596,2616,2588,2626,2625,2640,2616,2621,2598,2631,2633
802.269,2459.0,2455,2410,2441,2483,2452,2462,2474,2452,2453,2489,2486,2429,2419,2426,2434,2483,2485,2469,2463,2478,2479,2428,2469,2451,2477,2473,2472,2451,2459,2467
802.627,2610.9,2618,2571,2609,2610,2572,2623,2597,2630,2604,2623,2611,2614,2644,2601,2637,2609,2640,2599,2586,2617,2607,2607,2604,2612,2621,2629,2616,2576,2619,2622
802.985,2347.0,2346,2377,2349,2318,2362,2334,2366,2346,2363,2318,2342,2372,2375,2289,2350,2341,2355,2337,2340,2355,2308,2381,2340,2341,2333,2399,2332,2331,2356,2353
803.344,2222.9,2218,2215,2220,2191,2201,2299,2230,2254,2236,2261,2179,2255,2244,2226,2213,2214,2216,2208,2200,2189,2237,2217,2240,2197,2242,2242,2212,2168,2250,2212
803.702,2269.8,2333,2280,2253,2304,2274,2257,2274,2285,2297,2275,2270,2278,2255,2232,2299,2249,2252,2289,2248,2281,2281,2267,2248,2244,2296,2260,2247,2255,2291,2221
804.060,2370.4,2325,2368,2406,2370,2372,2398,2379,2353,2335,2343,2367,2380,2371,2386,2349,2365,2354,2397,2376,2373,2385,2376,2329,2324,2370,2414,2384,2397,2372,2393
804.419,2355.2,2373,2379,2355,2347,2347,2365,2400,2316,2347,2347,2351,2364,2345,2317,2388,2327,2347,2313,2340,2379,2348,2375,2348,2374,2354,2365,2435,2377,2333,2301
804.777,2642.1,2688,2629,2644,2650,2670,2662,2625,2676,2643,2617,2575,2622,2641,2655,2649,2632,2612,2616,2624,2678,2601,2636,2655,2591,2656,2652,2664,2676,2656,2668
805.135,2207.2,2184,2201,2205,2208,2201,2190,2211,2205,2242,2208,2187,2212,2200,2190,2230,2235,2214,2199,2228,2224,2206,2222,2200,2183,2207,2227,2210,2210,2191,2187
805.494,2508.4,2474,2493,2516,2518,2516,2494,2534,2526,2524,2530,2509,2562,2529,2487,2493,2499,2529,2482,2537,2474,2498,2535,2516,2542,2482,2474,2469,2495,2504,2511
805.852,2397.6,2390,2392,2387,2349,2401,2379,2403,2382,2459,2419,2392,2397,2412,2396,2408,2387,2346,2372,2385,2392,2422,2408,2419,2413,2370,2337,2468,2420,2404,2420
806.210,2489.7,2497,2481,2472,2496,2526,2494,2484,2482,2524,2524,2480,2476,2521,2448,2509,2474,2506,2454,2469,2472,2501,2488,2521,2524,2460,2535,2476,2458,2473,2467
806.569,2617.6,2673,2613,2608,2579,2593,2558,2619,2629,2642,2613,2610,2626,2629,2635,2650,2630,2586,2610,2640,2574,2623,2600,2644,2641,2589,2646,2627,2593,2655,2594
806.927,2402.4,2415,2373,2393,2351,2392,2473,2405,2399,2398,2390,2401,2427,2397,2410,2392,2428,2389,2421,2429,2356,2388,2403,2394,2419,2409,2427,2415,2416,2386,2377
807.286,2125.5,2145,2117,2136,2129,2101,2103,2104,2120,2147,2155,2116,2105,2115,2110,2100,2121,2124,2133,2162,2137,2110,2147,2156,2109,2081,2117,2130,2123,2154,2159
807.644,2335.4,2331,2341,2358,2322,2337,2366,2336,2382,2349,2335,2312,2335,2367,2323,2353,2300,2316,2345,2340,2306,2289,2335,2322,2371,2330,2350,2329,2352,2329,2302
808.003,2355.3,2367,2326,2349,2311,2362,2389,2382,2345,2321,2378,2384,2344,2329,2353,2361,2352,2336,2356,2348,2359,2338,2354,2357,2378,2350,2348,2363,2392,2367,2361
808.361,2846.6,2806,2869,2863,2838,2809,2878,2816,2809,2866,2862,2840,2835,2842,2845,2895,2861,2888,2836,2857,2846,2822,2824,2841,2874,2864,2814,2874,2811,2856,2857
808.720,2072.3,2081,2080,2065,2072,2054,2078,2055,2110,2052,2072,2047,2078,2074,2052,2069,2061,2049,2091,2079,2090,2111,2073,2082,2092,2071,2019,2080,2074,2085,2072
809.078,2205.4,2174,2185,2223,2180,2220,2208,2236,2237,2212,2225,2226,2200,2228,2240,2220,2181,2193,2208,2206,2164,2200,2173,2139,2246,2212,2217,2210,2210,2184,2206
809.437,2302.2,2268,2321,2262,2298,2324,2286,2275,2298,2358,2314,2302,2301,2339,2320,2289,2320,2297,2304,2298,2259,2292,2326,2321,2338,2309,2255,2304,2279,2327,2283
809.795,2344.7,2301,2285,2322,2362,2325,2322,2339,2316,2335,2337,2346,2369,2376,2366,2326,2349,2357,2379,2357,2331,2387,2348,2316,2352,2377,2345,2332,2376,2348,2360
810.154,2601.4,2609,2565,2581,2585,2581,2617,2634,2601,2597,2594,2614,2572,2656,2602,2588,2597,2624,2595,2604,2609,2604,2579,2618,2606,2601,2618,2633,2539,2628,2592
810.512,2306.6,2318,2320,2283,2280,2264,2256,2331,2321,2298,2293,2323,2302,2345,2289,2331,2288,2287,2312,2298,2286,2308,2334,2320,2344,2344,2295,2326,2274,2293,2335
810.871,2332.8,2335,2348,2334,2329,2354,2331,2326,2315,2313,2362,2355,2283,2335,2343,2312,2317,2307,2303,2331,2302,2376,2337,2354,2335,2336,2343,2350,2345,2317,2357
811.229,2355.0,2348,2331,2332,2317,2360,2325,2365,2354,2338,2380,2361,2394,2345,2357,2372,2363,2367,2364,2343,2366,2340,2371,2381,2316,2388,2331,2349,2366,2355,2371
811.588,2318.9,2317,2331,2337,2328,2292,2356,2317,2342,2312,2325,2340,2328,2338,2303,2287,2321,2336,2296,2292,2286,2268,2306,2337,2312,2300,2347,2333,2318,2305,2358
811.946,2540.7,2538,2552,2533,2539,2526,2545,2595,2525,2546,2538,2578,2559,2569,2517,2543,2516,2520,2568,2506,2516,2518,2536,2537,2529,2504,2546,2578,2565,2497,2583
812.305,2452.0,2449,2497,2497,2461,2415,2480,2439,2456,2423,2486,2479,2438,2484,2415,2415,2439,2432,2424,2461,2459,2456,2468,2428,2423,2456,2511,2444,2437,2443,2445
812.664,2223.1,2228,2212,2217,2236,2210,2227,2185,2212,2213,2240,2260,2225,2232,2244,2203,2221,2203,2220,2222,2227,2240,2228,2233,2223,2233,2215,2200,2265,2212,2207
813.022,2354.5,2304,2347,2341,2342,2366,2348,2408,2382,2378,2342,2366,2347,2366,2383,2341,2320,2367,2365,2344,2359,2327,2349,2366,2345,2386,2350,2327,2371,2338,2360
813.381,2258.0,2251,2284,2222,2239,2257,2242,2262,2253,2224,2272,2299,2275,2305,2250,2291,2256,2275,2204,2221,2264,2228,2232,2257,2293,2266,2282,2270,2275,2202,2288
813.739,2510.5,2511,2568,2509,2521,2543,2520,2507,2492,2511,2510,2508,2516,2519,2483,2542,2526,2541,2478,2513,2469,2492,2494,2522,2508,2511,2561,2514,2498,2468,2459
814.098,2424.5,2367,2421,2410,2440,2405,2409,2428,2383,2416,2440,2464,2486,2443,2375,2464,2423,2426,2409,2401,2403,2431,2440,2417,2397,2446,2452,2413,2448,2463,2416
814.457,2459.9,2414,2438,2454,2493,2474,2438,2491,2502,2409,2484,2436,2482,2427,2500,2437,2486,2449,2483,2473,2488,2458,2441,2424,2500,2463,2456,2460,2430,2468,2440
814.815,2239.0,2216,2221,2254,2209,2271,2218,2248,2258,2232,2233,2225,2233,2224,2215,2242,2267,2282,2210,2215,2216,2271,2213,2259,2259,2274,2304,2234,2217,2200,2251
815.174,2372.6,2426,2350,2372,2341,2399,2392,2332,2395,2367,2384,2363,2388,2358,2371,2365,2352,2377,2342,2368,2366,2382,2370,2330,2413,2380,2368,2360,2390,2392,2384
815.533,2383.8,2334,2385,2404,2347,2397,2394,2377,2385,2376,2398,2398,2387,2400,2435,2376,2383,2340,2379,2367,2409,2349,2425,2388,2360,2373,2411,2379,2378,2362,2417
815.891,2414.3,2390,2414,2389,2415,2459,2425,2408,2419,2417,2445,2400,2412,2423,2418,2418,2397,2401,2397,2388,2402,2412,2453,2433,2409,2460,2396,2427,2401,2391,2409
816.250,2513.2,2492,2525,2509,2495,2525,2541,2482,2521,2467,2518,2490,2509,2524,2496,2514,2533,2578,2558,2529,2506,2512,2524,2510,2474,2515,2536,2506,2499,2490,2517
816.609,2219.2,2189,2255,2219,2213,2235,2184,2266,2231,2201,2259,2217,2244,2196,2215,2253,2205,2255,2263,2191,2204,2224,2189,2193,2219,2198,2249,2191,2219,2224,2176
816.968,2619.6,2607,2588,2640,2616,2602,2577,2598,2637,2600,2655,2608,2610,2618,2619,2635,2617,2587,2633,2631,2561,2635,2632,2651,2632,2652,2612,2684,2602,2623,2626
817.326,2517.2,2459,2542,2548,2481,2531,2504,2532,2520,2501,2498,2566,2525,2578,2499,2544,2514,2507,2469,2514,2532,2521,2539,2496,2505,2483,2530,2489,2552,2506,2531
817.685,2070.0,2081,2056,2088,2079,2072,2051,2072,2059,2104,2056,2069,2091,2093,2063,2097,2068,2074,2015,2062,2099,2052,2065,2094,2089,2089,2042,2058,2048,2060,2053
818.044,2645.9,2648,2625,2680,2644,2625,2645,2665,2634,2662,2620,2683,2672,2674,2698,2626,2630,2609,2594,2606,2628,2602,2692,2656,2674,2661,2612,2640,2616,2664,2693
818.403,2463.4,2445,2458,2473,2454,2451,2421,2440,2494,2484,2470,2447,2505,2441,2442,2470,2441,2494,2485,2443,2485,2463,2477,2449,2461,2486,2480,2453,2463,2473,2453
818.761,1958.1,1938,1980,1962,1996,1936,1976,1952,1950,1919,1975,1964,1952,1971,1958,1942,1961,1997,1963,1971,1956,1946,1941,1938,1949,1948,1984,1928,1971,1986,1933
819.120,2332.7,2319,2316,2347,2358,2342,2262,2350,2346,2323,2312,2347,2324,2348,2335,2354,2332,2326,2304,2310,2354,2332,2330,2341,2328,2326,2345,2328,2356,2335,2351
819.479,2410.9,2420,2392,2417,2392,2424,2401,2392,2418,2373,2411,2418,2421,2420,2407,2395,2389,2433,2413,2433,2424,2397,2398,2427,2412,2375,2426,2412,2388,2426,2473
819.838,2370.6,2395,2376,2370,2355,2366,2357,2342,2349,2377,2378,2383,2388,2378,2385,2329,2354,2361,2382,2351,2418,2372,2357,2376,2374,2363,2396,2385,2342,2368,2392
820.197,2316.4,2286,2335,2306,2326,2328,2302,2295,2308,2325,2310,2325,2317,2357,2351,2296,2294,2281,2328,2306,2315,2332,2323,2306,2330,2359,2312,2301,2342,2280,2316
820.556,2429.7,2462,2453,2454,2440,2397,2435,2412,2422,2428,2416,2462,2413,2355,2403,2418,2440,2421,2438,2443,2442,2409,2446,2449,2443,2407,2453,2398,2418,2440,2475
820.914,2378.5,2377,2374,2341,2366,2377,2382,2392,2408,2371,2353,2365,2374,2384,2384,2410,2372,2400,2386,2413,2372,2386,2345,2395,2338,2365,2390,2360,2413,2386,2376
821.273,2192.0,2208,2217,2159,2210,2197,2228,2172,2209,2187,2174,2194,2171,2176,2187,2173,2197,2223,2202,2174,2209,2168,2230,2177,2160,2178,2187,2195,2188,2220,2191
821.632,2259.8,2242,2241,2253,2278,2251,2245,2248,2242,2248,2214,2225,2266,2246,2233,2323,2273,2257,2294,2247,2276,2265,2232,2240,2285,2283,2246,2293,2280,2287,2281
821.991,2321.0,2284,2325,2287,2338,2346,2299,2320,2321,2355,2315,2300,2374,2322,2324,2356,2317,2306,2328,2289,2316,2338,2309,2335,2289,2325,2340,2300,2304,2299,2368
822.350,2188.7,2193,2189,2212,2192,2198,2192,2201,2199,2182,2160,2209,2172,2130,2228,2211,2169,2184,2176,2198,2219,2185,2181,2173,2184,2173,2227,2202,2168,2204,2150
822.709,2363.6,2348,2390,2401,2345,2369,2369,2381,2374,2398,2362,2348,2376,2336,2345,2395,2360,2358,2374,2383,2380,2376,2378,2409,2355,2316,2343,2307,2360,2325,2346
823.068,2763.0,2746,2763,2784,2755,2753,2735,2806,2731,2794,2767,2802,2802,2802,2772,2747,2745,2767,2749,2750,2767,2784,2793,2757,2732,2706,2751,2754,2757,2767,2751
823.427,2269.7,2296,2225,2323,2241,2264,2212,2267,2264,2286,2298,2258,2279,2292,2258,2292,2280,2293,2233,2253,2268,2288,2299,2318,2238,2247,2239,2287,2268,2269,2255
823.786,2724.6,2760,2668,2735,2741,2710,2744,2696,2734,2752,2734,2718,2730,2728,2717,2696,2719,2729,2765,2706,2730,2666,2728,2736,2749,2722,2696,2705,2726,2769,2730
824.144,2376.7,2399,2376,2378,2381,2316,2370,2368,2400,2379,2392,2353,2405,2370,2354,2408,2362,2408,2377,2360,2382,2354,2414,2384,2392,2372,2355,2366,2396,2356,2375
824.503,2582.4,2620,2549,2590,2590,2572,2630,2552,2568,2593,2592,2570,2575,2589,2609,2520,2614,2578,2552,2532,2574,2616,2600,2602,2594,2600,2577,2582,2584,2577,2572
824.862,2258.9,2248,2262,2274,2261,2249,2268,2260,2250,2297,2266,2227,2255,2246,2299,2230,2241,2226,2241,2264,2272,2254,2278,2287,2296,2270,2232,2264,2264,2260,2226
825.221,2761.2,2817,2740,2754,2811,2748,2716,2731,2791,2766,2751,2782,2751,2776,2758,2742,2766,2764,2752,2779,2743,2765,2770,2776,2794,2762,2750,2758,2739,2744,2739
825.580,2428.0,2423,2462,2466,2405,2456,2419,2426,2417,2438,2406,2419,2426,2439,2460,2403,2435,2426,2457,2435,2438,2420,2420,2422,2407,2389,2409,2467,2398,2445,2406
825.939,2539.3,2534,2507,2517,2529,2521,2579,2572,2559,2559,2515,2524,2544,2501,2565,2571,2555,2522,2572,2513,2493,2506,2515,2570,2605,2510,2524,2548,2536,2547,2566
826.298,2599.2,2606,2606,2591,2626,2584,2616,2570,2552,2622,2574,2592,2577,2650,2617,2639,2611,2606,2629,2558,2608,2565,2609,2574,2600,2619,2581,2596,2620,2603,2574
826.657,2783.3,2773,2818,2792,2828,2800,2788,2812,2808,2791,2738,2752,2742,2783,2788,2784,2891,2747,2749,2749,2781,2774,2764,2799,2757,2784,2759,2777,2792,2815,2764
827.016,2364.7,2372,2372,2405,2346,2352,2367,2360,2360,2368,2351,2373,2378,2355,2348,2349,2367,2411,2367,2377,2328,2368,2383,2368,2329,2340,2353,2385,2350,2370,2390
827.375,2513.6,2568,2511,2512,2540,2481,2520,2533,2527,2505,2565,2520,2465,2515,2510,2529,2496,2476,2520,2541,2536,2493,2490,2517,2515,2479,2532,2499,2495,2514,2505
827.734,2355.5,2321,2339,2337,2383,2374,2368,2363,2357,2378,2356,2318,2392,2355,2397,2380,2324,2322,2376,2368,2356,2378,2320,2351,2364,2342,2330,2345,2344,2394,2334
828.093,2332.0,2317,2285,2335,2344,2330,2362,2320,2305,2348,2332,2341,2313,2322,2355,2328,2316,2347,2349,2329,2287,2371,2349,2292,2392,2367,2298,2325,2328,2350,2324
828.453,2382.3,2398,2367,2406,2415,2364,2388,2359,2405,2412,2381,2400,2392,2349,2357,2417,2366,2357,2378,2418,2377,2360,2361,2346,2377,2400,2380,2341,2399,2385,2413
828.812,2364.9,2370,2363,2354,2374,2355,2408,2380,2318,2375,2382,2380,2374,2382,2376,2376,2320,2345,2379,2355,2335,2409,2309,2362,2324,2384,2338,2358,2397,2389,2376
829.171,2600.6,2600,2587,2590,2605,2605,2608,2605,2571,2603,2622,2614,2613,2611,2620,2593,2602,2590,2582,2634,2601,2620,2608,2581,2611,2581,2616,2601,2597,2582,2565
829.530,2134.9,2119,2150,2186,2117,2148,2127,2143,2131,2113,2143,2101,2148,2161,2126,2133,2095,2152,2185,2126,2136,2152,2153,2143,2135,2113,2128,2122,2143,2105,2112
829.889,2384.5,2372,2364,2360,2413,2358,2391,2415,2361,2399,2384,2385,2385,2424,2358,2379,2396,2380,2373,2376,2412,2392,2397,2385,2371,2380,2395,2379,2402,2367,2381
830.248,2229.4,2222,2236,2204,2213,2235,2208,2242,2224,2217,2306,2255,2241,2238,2236,2205,2230,2202,2220,2247,2221,2255,2225,2207,2225,2251,2229,2248,2243,2212,2186
830.607,2164.0,2169,2153,2141,2195,2132,2173,2189,2147,2174,2184,2222,2164,2104,2165,2149,2152,2127,2156,2190,2161,2153,2179,2177,2147,2179,2133,2179,2145,2164,2218
830.966,2239.2,2228,2233,2253,2236,2241,2218,2235,2245,2233,2281,2265,2232,2256,2267,2215,2223,2223,2229,2257,2229,2256,2221,2238,2205,2263,2226,2241,2234,2258,2236
831.325,1873.6,1864,1919,1844,1862,1884,1882,1868,1860,1881,1872,1873,1859,1889,1866,1866,1887,1827,1855,1877,1886,1878,1866,1867,1890,1880,1863,1868,1900,1885,1889
831.685,2591.3,2592,2581,2571,2587,2573,2609,2589,2586,2617,2615,2563,2629,2566,2552,2598,2613,2601,2598,2569,2582,2575,2597,2610,2594,2561,2569,2622,2596,2603,2621
832.044,2451.2,2444,2451,2423,2440,2425,2428,2470,2464,2449,2459,2462,2414,2441,2506,2442,2473,2457,2448,2444,2470,2407,2466,2500,2466,2419,2452,2456,2440,2483,2438
832.403,2862.4,2888,2854,2845,2918,2868,2831,2863,2809,2872,2843,2872,2863,2838,2884,2860,2870,2893,2831,2841,2918,2858,2822,2868,2877,2894,2856,2836,2868,2866,2865
832.762,2408.9,2427,2376,2398,2412,2404,2416,2421,2437,2409,2426,2397,2444,2409,2385,2424,2399,2413,2395,2394,2443,2390,2400,2376,2392,2416,2422,2447,2397,2427,2371
833.121,2381.1,2385,2362,2346,2364,2355,2385,2387,2386,2390,2416,2403,2421,2361,2373,2408,2420,2365,2395,2373,2347,2392,2369,2373,2384,2315,2362,2403,2357,2438,2398
833.480,2156.5,2144,2178,2089,2157,2184,2161,2182,2105,2109,2146,2170,2175,2166,2168,2133,2149,2182,2211,2158,2137,2149,2159,2148,2150,2145,2161,2160,2184,2176,2158
833.840,2236.0,2276,2203,2232,2239,2260,2163,2227,2224,2246,2240,2251,2249,2272,2256,2234,2250,2223,2238,2233,2241,2205,2261,2226,2205,2232,2196,2248,2280,2230,2239
834.199,2217.6,2221,2240,2185,2237,2208,2204,2256,2216,2235,2256,2177,2252,2194,2218,2251,2220,2184,2219,2206,2186,2212,2239,2217,2194,2191,2224,2248,2241,2202,2195
834.558,2303.4,2309,2297,2288,2323,2310,2305,2299,2292,2294,2271,2328,2328,2319,2327,2275,2345,2293,2272,2287,2268,2301,2330,2337,2299,2268,2280,2324,2305,2318,2311
834.917,2243.7,2255,2239,2241,2245,2232,2223,2238,2208,2266,2242,2276,2203,2233,2248,2262,2234,2242,2243,2235,2233,2270,2239,2255,2238,2277,2280,2242,2235,2232,2245
835.277,2504.5,2512,2534,2499,2518,2512,2518,2484,2521,2507,2499,2482,2474,2463,2528,2473,2485,2522,2514,2520,2502,2511,2470,2517,2518,2525,2529,2482,2504,2522,2490
835.636,2218.2,2226,2208,2180,2212,2222,2243,2230,2214,2200,2196,2226,2213,2216,2228,2235,2254,2226,2237,2244,2182,2215,2206,2210,2244,2176,2222,2198,2211,2220,2251
835.995,2384.3,2352,2377,2366,2389,2392,2386,2385,2342,2363,2402,2389,2378,2400,2407,2364,2363,2351,2399,2408,2395,2381,2389,2390,2405,2388,2368,2406,2425,2392,2376
836.354,2184.1,2169,2174,2178,2198,2188,2200,2218,2187,2216,2138,2197,2197,2174,2209,2154,2198,2143,2192,2216,2156,2178,2184,2212,2201,2145,2162,2184,2189,2161,2206
836.714,2187.6,2201,2200,2171,2202,2200,2170,2187,2178,2206,2201,2165,2207,2174,2186,2178,2178,2209,2189,2205,2181,2162,2204,2213,2191,2169,2172,2177,2184,2154,2214
837.073,2150.5,2136,2162,2114,2141,2147,2165,2124,2142,2164,2142,2132,2098,2207,2173,2157,2213,2129,2147,2091,2172,2166,2145,2176,2167,2186,2156,2138,2132,2129,2165
837.432,2407.2,2416,2397,2388,2388,2386,2402,2413,2403,2390,2406,2414,2383,2388,2431,2394,2405,2379,2393,2423,2391,2443,2428,2454,2385,2431,2408,2459,2395,2424,2400
837.792,2505.8,2493,2541,2481,2540,2511,2570,2510,2509,2513,2489,2529,2504,2498,2519,2501,2477,2494,2517,2500,2465,2479,2528,2520,2484,2490,2502,2515,2505,2483,2507
838.151,2073.0,2096,2085,2066,2110,2034,2104,2098,2089,2074,2043,2080,2094,2095,2050,2049,2054,2033,2078,2109,2055,2077,2088,2065,2103,2049,2049,2075,2053,2067,2069
838.510,2255.8,2228,2235,2271,2216,2270,2268,2258,2303,2270,2255,2295,2258,2296,2294,2224,2267,2237,2247,2246,2255,2273,2257,2219,2269,2251,2252,2217,2234,2281,2228
838.870,2346.2,2366,2337,2339,2359,2344,2331,2350,2369,2328,2345,2386,2347,2320,2369,2320,2327,2311,2354,2333,2366,2379,2377,2305,2328,2330,2346,2349,2349,2355,2368
839.229,2231.7,2208,2256,2210,2212,2272,2221,2187,2219,2237,2254,2286,2215,2210,2221,2224,2229,2244,2229,2259,2246,2244,2264,2190,2222,2246,2232,2224,2250,2197,2244
839.588,2235.0,2285,2264,2217,2232,2230,2208,2220,2232,2244,2271,2218,2248,2251,2276,2240,2270,2230,2218,2209,2216,2251,2188,2205,2232,2265,2235,2222,2222,2215,2237
839.948,2303.5,2294,2279,2316,2357,2344,2242,2281,2329,2273,2309,2316,2333,2308,2340,2315,2294,2301,2280,2319,2315,2287,2292,2305,2299,2298,2309,2264,2268,2309,2328
840.307,2176.1,2203,2155,2184,2134,2191,2174,2160,2188,2233,2156,2204,2199,2192,2160,2210,2140,2175,2176,2162,2141,2159,2188,2139,2190,2175,2172,2168,2164,2206,2185
840.666,2172.7,2165,2219,2159,2172,2152,2144,2185,2178,2173,2200,2210,2173,2176,2218,2141,2166,2184,2200,2137,2168,2195,2164,2131,2177,2136,2177,2172,2184,2148,2177
841.026,2058.2,2069,2069,2035,2085,2060,2088,2051,2033,2055,2046,2058,2063,2057,2087,2004,2058,2057,2049,2080,2073,2056,2061,2019,2077,2072,2069,2076,2062,2027,2050
841.385,2151.1,2147,2190,2140,2148,2139,2206,2184,2156,2116,2143,2132,2194,2163,2117,2136,2174,2149,2158,2166,2174,2175,2121,2140,2118,2140,2131,2134,2163,2136,2142
841.745,2322.5,2323,2298,2341,2306,2324,2324,2292,2313,2298,2334,2304,2332,2307,2321,2299,2360,2312,2332,2300,2360,2310,2335,2296,2342,2354,2332,2293,2336,2377,2320
842.104,2305.3,2341,2291,2276,2294,2251,2339,2329,2318,2298,2278,2323,2297,2291,2345,2284,2316,2297,2319,2312,2296,2329,2317,2306,2310,2297,2287,2315,2331,2292,2280
842.463,2167.4,2180,2160,2160,2142,2142,2154,2177,2190,2168,2166,2156,2173,2177,2152,2189,2172,2160,2197,2158,2179,2151,2194,2133,2173,2175,2175,2143,2173,2192,2162
842.823,1902.9,1891,1860,1891,1900,1904,1880,1885,1895,1913,1924,1878,1896,1934,1920,1914,1943,1932,1901,1909,1900,1896,1907,1888,1929,1888,1933,1896,1902,1906,1872
843.182,2305.3,2300,2287,2292,2291,2302,2288,2319,2289,2291,2309,2331,2353,2318,2351,2268,2289,2290,2306,2310,2313,2281,2313,2278,2328,2308,2318,2318,2317,2270,2332
843.542,2199.9,2168,2200,2192,2241,2217,2200,2186,2196,2192,2216,2183,2222,2209,2175,2239,2177,2176,2199,2192,2225,2186,2197,2229,2213,2200,2198,2181,2189,2193,2205
843.901,2156.8,2154,2179,2158,2139,2166,2160,2182,2176,2143,2179,2126,2169,2180,2174,2122,2164,2110,2173,2163,2141,2176,2136,2130,2156,2182,2139,2145,2135,2164,2182
844.261,2069.4,2032,2065,2103,2057,2084,2091,2060,2045,2080,2062,2063,2061,2046,2075,2077,2071,2081,2085,2081,2086,2035,2100,2032,2036,2066,2056,2106,2083,2062,2102
844.620,2032.4,2027,2036,2031,2012,2028,2045,2019,2030,2031,2040,2026,2014,1995,2011,2021,2047,2002,2028,2077,2078,2050,2016,2041,2035,2092,2037,2033,2040,1997,2034
844.980,2121.0,2129,2132,2093,2096,2136,2142,2111,2123,2132,2130,2116,2092,2127,2121,2151,2090,2149,2125,2117,2142,2138,2146,2098,2083,2114,2116,2175,2120,2108,2078
845.339,2620.6,2614,2628,2655,2621,2606,2639,2610,2633,2580,2641,2604,2596,2622,2663,2619,2645,2629,2616,2637,2649,2573,2578,2639,2581,2634,2641,2613,2636,2597,2619
845.699,1843.7,1834,1830,1866,1889,1844,1833,1856,1848,1856,1841,1832,1827,1819,1821,1848,1826,1845,1829,1816,1802,1857,1868,1845,1839,1879,1822,1857,1865,1840,1877
846.058,2061.7,2071,2042,2056,2050,2063,2049,2038,2056,2060,2043,2057,2061,2068,2040,2082,2062,2063,2034,2065,2083,2074,2071,2062,2095,2082,2066,2073,2044,2066,2076
846.418,1832.6,1840,1816,1841,1803,1858,1823,1835,1814,1818,1798,1835,1822,1831,1861,1858,1830,1841,1862,1825,1831,1836,1800,1850,1849,1812,1817,1839,1841,1822,1869
846.777,2120.7,2122,2131,2141,2127,2119,2134,2130,2151,2122,2131,2097,2110,2134,2112,2117,2120,2140,2090,2096,2148,2121,2104,2125,2114,2104,2136,2114,2117,2115,2098
847.137,1863.6,1889,1831,1867,1883,1842,1864,1860,1861,1867,1860,1872,1848,1907,1848,1863,1868,1869,1871,1855,1851,1881,1839,1868,1868,1858,1862,1849,1853,1884,1871
847.496,1889.8,1884,1924,1898,1917,1871,1900,1912,1878,1870,1872,1904,1880,1905,1904,1892,1893,1916,1866,1891,1868,1857,1899,1903,1912,1901,1887,1862,1871,1893,1864
847.856,1711.6,1684,1694,1714,1731,1697,1718,1738,1679,1713,1723,1713,1704,1763,1692,1729,1721,1701,1699,1696,1709,1698,1734,1713,1741,1685,1753,1663,1682,1710,1751
ExternalTrigger,,,,,,,,,,,,,,,,,,,,,,,,,,,,,,,
